image_path,mask_path,split,class_name,source_sha256,review_status,reviewed_by
train/bacterial_leaf_blight/bacterial_leaf_blight (1).JPG,masks/train/bacterial_leaf_blight/bacterial_leaf_blight (1).JPG.png,train,bacterial_leaf_blight,4c26c0e7607ec51bae6715e1c8e2fdc2c552a57850ef421bb87183fc2248d0fc,unreviewed,
train/bacterial_leaf_blight/bacterial_leaf_blight (101).JPG,masks/train/bacterial_leaf_blight/bacterial_leaf_blight (101).JPG.png,train,bacterial_leaf_blight,b3e8338ae9bf7511d50c3cdfaef2855f42788aea700cf548873a0204a6530fc1,unreviewed,
train/bacterial_leaf_blight/bacterial_leaf_blight (102).JPG,masks/train/bacterial_leaf_blight/bacterial_leaf_blight (102).JPG.png,train,bacterial_leaf_blight,c8f7368d7dfcedde752c40f21f5b2f77e35932f8053b91d5146364b32d8c5be9,unreviewed,
train/bacterial_leaf_blight/bacterial_leaf_blight (103).JPG,masks/train/bacterial_leaf_blight/bacterial_leaf_blight (103).JPG.png,train,bacterial_leaf_blight,ee5063705458f3a3b89a12071f79862498915f51e995af7541a718c86083464a,unreviewed,
train/bacterial_leaf_blight/bacterial_leaf_blight (104).JPG,masks/train/bacterial_leaf_blight/bacterial_leaf_blight (104).JPG.png,train,bacterial_leaf_blight,d05b5d4c04ea2f2b2b35c0ec836e07dada4ac30d8d440e6f3a937ac454fe4b28,unreviewed,
train/bacterial_leaf_blight/bacterial_leaf_blight (105).JPG,masks/train/bacterial_leaf_blight/bacterial_leaf_blight (105).JPG.png,train,bacterial_leaf_blight,f49e8c5e2383f30d367c18cf227a204781a4c00056a99a5fc7ed0abf3465c887,unreviewed,
train/bacterial_leaf_blight/bacterial_leaf_blight (106).JPG,masks/train/bacterial_leaf_blight/bacterial_leaf_blight (106).JPG.png,train,bacterial_leaf_blight,e8304408147ce86c617913708d6d1c7c6399baf5c5c5d5b826b4362e78fedb18,unreviewed,
train/bacterial_leaf_blight/bacterial_leaf_blight (107).JPG,masks/train/bacterial_leaf_blight/bacterial_leaf_blight (107).JPG.png,train,bacterial_leaf_blight,77b7027c8586ef8ea8ac514d03891cdf872c1a51cfff8f091b474c36bb2319d8,unreviewed,
train/bacterial_leaf_blight/bacterial_leaf_blight (108).jpg,masks/train/bacterial_leaf_blight/bacterial_leaf_blight (108).jpg.png,train,bacterial_leaf_blight,bb1256557059b1ec481632a8f2191adc9016e10a7f1bb640adfdbceb96f0b7e0,unreviewed,
train/bacterial_leaf_blight/bacterial_leaf_blight (109).jpg,masks/train/bacterial_leaf_blight/bacterial_leaf_blight (109).jpg.png,train,bacterial_leaf_blight,d3644e8f25a8472ef0a8c9208b0ad8b63f1bbb478aecaa5b353d51f5cfa60ded,unreviewed,
train/bacterial_leaf_blight/bacterial_leaf_blight (11).JPG,masks/train/bacterial_leaf_blight/bacterial_leaf_blight (11).JPG.png,train,bacterial_leaf_blight,ea870216d832741514613ccc7109f0663d910ad73d64911a41a0bf09aeeef976,unreviewed,
train/bacterial_leaf_blight/bacterial_leaf_blight (110).jpg,masks/train/bacterial_leaf_blight/bacterial_leaf_blight (110).jpg.png,train,bacterial_leaf_blight,5d51008a7c4c45169dd7a43105da8a7cba484c4d53ce0ea9736add6bf14d1c33,unreviewed,
train/bacterial_leaf_blight/bacterial_leaf_blight (111).JPG,masks/train/bacterial_leaf_blight/bacterial_leaf_blight (111).JPG.png,train,bacterial_leaf_blight,90edc39e4d08c6296e56a1f765fdfdae06049aca7341b4ef5cdabe66122f3f5e,unreviewed,
train/bacterial_leaf_blight/bacterial_leaf_blight (113).jpg,masks/train/bacterial_leaf_blight/bacterial_leaf_blight (113).jpg.png,train,bacterial_leaf_blight,4f88d7936dd9c392dc4d71f72ad5d6eabb9a1a34cf6adb8eab87db2942127163,unreviewed,
train/bacterial_leaf_blight/bacterial_leaf_blight (114).JPG,masks/train/bacterial_leaf_blight/bacterial_leaf_blight (114).JPG.png,train,bacterial_leaf_blight,2a3ed315de36bf466710d1e1d183de803e3fbb0be01800e1a3b7a2ebc706162b,unreviewed,
train/bacterial_leaf_blight/bacterial_leaf_blight (116).JPG,masks/train/bacterial_leaf_blight/bacterial_leaf_blight (116).JPG.png,train,bacterial_leaf_blight,194658a706fd227e3f3cf0808bdb233c7cb67a0a2ded4fafa46dc0926c90fa29,unreviewed,
train/bacterial_leaf_blight/bacterial_leaf_blight (117).JPG,masks/train/bacterial_leaf_blight/bacterial_leaf_blight (117).JPG.png,train,bacterial_leaf_blight,92e81d0fc3568eb16dd42301c6b14c8194988f5feafb0a62a96d97ef9c77d404,unreviewed,
train/bacterial_leaf_blight/bacterial_leaf_blight (118).JPG,masks/train/bacterial_leaf_blight/bacterial_leaf_blight (118).JPG.png,train,bacterial_leaf_blight,516cc71965fd509568c0be24b915ae84e327600ba42607ca18b1755590625526,unreviewed,
train/bacterial_leaf_blight/bacterial_leaf_blight (120).JPG,masks/train/bacterial_leaf_blight/bacterial_leaf_blight (120).JPG.png,train,bacterial_leaf_blight,20f6fc6179c845756f037e808465dd342a0cb28dcec7219359b6924b6e9ab0f7,unreviewed,
train/bacterial_leaf_blight/bacterial_leaf_blight (121).JPG,masks/train/bacterial_leaf_blight/bacterial_leaf_blight (121).JPG.png,train,bacterial_leaf_blight,121bc59392a8e6ea60a210d007526ecb35251a11a58a7814ed88a673af99f8ff,unreviewed,
train/bacterial_leaf_blight/bacterial_leaf_blight (122).JPG,masks/train/bacterial_leaf_blight/bacterial_leaf_blight (122).JPG.png,train,bacterial_leaf_blight,83b6ea4a229249502b962a42d4db8511e366c0a3929d9e0c88a1bf1f4297846b,unreviewed,
train/bacterial_leaf_blight/bacterial_leaf_blight (123).JPG,masks/train/bacterial_leaf_blight/bacterial_leaf_blight (123).JPG.png,train,bacterial_leaf_blight,5ea8a45d167f673be170f27c4097feb87583685790955d58c7d1ca9e5d2565a6,unreviewed,
train/bacterial_leaf_blight/bacterial_leaf_blight (124).jpg,masks/train/bacterial_leaf_blight/bacterial_leaf_blight (124).jpg.png,train,bacterial_leaf_blight,6ed086829f039ba45c9ae4b74f6d6982350cb956b12786345883dd1c1cb55305,unreviewed,
train/bacterial_leaf_blight/bacterial_leaf_blight (126).JPG,masks/train/bacterial_leaf_blight/bacterial_leaf_blight (126).JPG.png,train,bacterial_leaf_blight,f33dae3190e7cd277cdef7d62ccd18023828638428d1d0570baec837fcaa3fae,unreviewed,
train/bacterial_leaf_blight/bacterial_leaf_blight (127).JPG,masks/train/bacterial_leaf_blight/bacterial_leaf_blight (127).JPG.png,train,bacterial_leaf_blight,a3e216996a28fc577fe3b3e7b3f2d850951b8fbc03180e80814b52ad96cd6fba,unreviewed,
train/bacterial_leaf_blight/bacterial_leaf_blight (128).JPG,masks/train/bacterial_leaf_blight/bacterial_leaf_blight (128).JPG.png,train,bacterial_leaf_blight,3bf52bd891bcbcf9048c0be7b2882def49e5f05eec21f5bac949dc74670f871f,unreviewed,
train/bacterial_leaf_blight/bacterial_leaf_blight (13).JPG,masks/train/bacterial_leaf_blight/bacterial_leaf_blight (13).JPG.png,train,bacterial_leaf_blight,bd170db3f9a89afc656a88c730d46cdcc67a18bc4a992db50b588e2386cfc0b8,unreviewed,
train/bacterial_leaf_blight/bacterial_leaf_blight (130).JPG,masks/train/bacterial_leaf_blight/bacterial_leaf_blight (130).JPG.png,train,bacterial_leaf_blight,1f710e20568322e82370e46e5b7662c64887c4133342391617fd38c295b43320,unreviewed,
train/bacterial_leaf_blight/bacterial_leaf_blight (131).JPG,masks/train/bacterial_leaf_blight/bacterial_leaf_blight (131).JPG.png,train,bacterial_leaf_blight,e7369597747c35bd562a05250c59581eadf07d8c6bf4d5ba76479d05b6c5200f,unreviewed,
train/bacterial_leaf_blight/bacterial_leaf_blight (132).JPG,masks/train/bacterial_leaf_blight/bacterial_leaf_blight (132).JPG.png,train,bacterial_leaf_blight,8e8ab7bae85e01fe3607aa9faf49f14e4ad7cfa2d1db7f7c39322f4911acb80f,unreviewed,
train/bacterial_leaf_blight/bacterial_leaf_blight (135).JPG,masks/train/bacterial_leaf_blight/bacterial_leaf_blight (135).JPG.png,train,bacterial_leaf_blight,d17b16aa7b212ae57166a4d5ba8a46b0593ccb44bfadc74f0ce5e3b08de09e9b,unreviewed,
train/bacterial_leaf_blight/bacterial_leaf_blight (138).JPG,masks/train/bacterial_leaf_blight/bacterial_leaf_blight (138).JPG.png,train,bacterial_leaf_blight,0564796cbe72344a64b27569912438b5ea0488ea4f54a7f72659cfc6fba822fd,unreviewed,
train/bacterial_leaf_blight/bacterial_leaf_blight (139).JPG,masks/train/bacterial_leaf_blight/bacterial_leaf_blight (139).JPG.png,train,bacterial_leaf_blight,05e0a5967f7c811ecc6513ea21bfb8379c39b097d5ed67ec35211402ad63c058,unreviewed,
train/bacterial_leaf_blight/bacterial_leaf_blight (140).JPG,masks/train/bacterial_leaf_blight/bacterial_leaf_blight (140).JPG.png,train,bacterial_leaf_blight,dc1e9aa0c1d54c2d05fdffc88d23ff2a026caab54ff61de791f21c8ccc7693e9,unreviewed,
train/bacterial_leaf_blight/bacterial_leaf_blight (141).JPG,masks/train/bacterial_leaf_blight/bacterial_leaf_blight (141).JPG.png,train,bacterial_leaf_blight,30fcc4352b683b99a1a2d384e40c61d15a4d5c53e6486ecbd9ee794130fb7ea9,unreviewed,
train/bacterial_leaf_blight/bacterial_leaf_blight (143).JPG,masks/train/bacterial_leaf_blight/bacterial_leaf_blight (143).JPG.png,train,bacterial_leaf_blight,3b5ba3ec5f2fe06d6be6f8794b1177970a36a571dc503f885e38d271afbe70bc,unreviewed,
train/bacterial_leaf_blight/bacterial_leaf_blight (144).JPG,masks/train/bacterial_leaf_blight/bacterial_leaf_blight (144).JPG.png,train,bacterial_leaf_blight,1df3bf1a8960f41b8a6615aa3404a2db2974ea599efde4d76a1aba60c940dc1a,unreviewed,
train/bacterial_leaf_blight/bacterial_leaf_blight (145).JPG,masks/train/bacterial_leaf_blight/bacterial_leaf_blight (145).JPG.png,train,bacterial_leaf_blight,538201673ec307cfeda32f9abee8aa35a5dc22de52f5a841387509d069753dc7,unreviewed,
train/bacterial_leaf_blight/bacterial_leaf_blight (146).JPG,masks/train/bacterial_leaf_blight/bacterial_leaf_blight (146).JPG.png,train,bacterial_leaf_blight,b076e7e1ade8bc80bd1c0e59d5ba9124c915c788e2364b7ce8801d3490e7b025,unreviewed,
train/bacterial_leaf_blight/bacterial_leaf_blight (148).JPG,masks/train/bacterial_leaf_blight/bacterial_leaf_blight (148).JPG.png,train,bacterial_leaf_blight,53c2559801826f623b60f3a2036896b3a12a3c58442eaaae97bd6637b140e104,unreviewed,
train/bacterial_leaf_blight/bacterial_leaf_blight (149).JPG,masks/train/bacterial_leaf_blight/bacterial_leaf_blight (149).JPG.png,train,bacterial_leaf_blight,b6531748b00715154cd1e29dbdd3f0755c5f8cbabb986bc825a10715646de280,unreviewed,
train/bacterial_leaf_blight/bacterial_leaf_blight (15).JPG,masks/train/bacterial_leaf_blight/bacterial_leaf_blight (15).JPG.png,train,bacterial_leaf_blight,1e57d9bc852f11da5f370b86547ae516645a636b2994c0d55860b21d53498abf,unreviewed,
train/bacterial_leaf_blight/bacterial_leaf_blight (150).JPG,masks/train/bacterial_leaf_blight/bacterial_leaf_blight (150).JPG.png,train,bacterial_leaf_blight,0db242a0706a7e1ff1c893dce662e998f488ee07105fce8832ea0624b688397c,unreviewed,
train/bacterial_leaf_blight/bacterial_leaf_blight (152).JPG,masks/train/bacterial_leaf_blight/bacterial_leaf_blight (152).JPG.png,train,bacterial_leaf_blight,b203847694018e890a83cc757b5c0d5330f9455d35ce995066cf2a0a0ef449e0,unreviewed,
train/bacterial_leaf_blight/bacterial_leaf_blight (156).JPG,masks/train/bacterial_leaf_blight/bacterial_leaf_blight (156).JPG.png,train,bacterial_leaf_blight,0fc3ca70ce7c56f403c9def5b6ff8b797c85f2c16c21d3e38c7c40b07f1fbbf6,unreviewed,
train/bacterial_leaf_blight/bacterial_leaf_blight (159).jpg,masks/train/bacterial_leaf_blight/bacterial_leaf_blight (159).jpg.png,train,bacterial_leaf_blight,c214ec3aaff6ea4abc7e4d4df3d1e8578ce084035570bb6f6922d7da96b7d002,unreviewed,
train/bacterial_leaf_blight/bacterial_leaf_blight (160).JPG,masks/train/bacterial_leaf_blight/bacterial_leaf_blight (160).JPG.png,train,bacterial_leaf_blight,2fff43cf020b874e3e84e9cdc1638e26f6cd0e794fbb9dd0f67932e5d3b52644,unreviewed,
train/bacterial_leaf_blight/bacterial_leaf_blight (161).jpg,masks/train/bacterial_leaf_blight/bacterial_leaf_blight (161).jpg.png,train,bacterial_leaf_blight,e9f61d1ce12a9b713f9efe3ae39e23ee857fe579da3f6aad503402e882f10279,unreviewed,
train/bacterial_leaf_blight/bacterial_leaf_blight (164).JPG,masks/train/bacterial_leaf_blight/bacterial_leaf_blight (164).JPG.png,train,bacterial_leaf_blight,4b5c1704287bec4c6409aa44475e77c7e94681ac666066ea24648b9bbc9ec7cc,unreviewed,
train/bacterial_leaf_blight/bacterial_leaf_blight (165).jpg,masks/train/bacterial_leaf_blight/bacterial_leaf_blight (165).jpg.png,train,bacterial_leaf_blight,e9e623aa0d6a345400343a189afa82a26a7e1d0037913eefdd4a52ef48f4b9e4,unreviewed,
train/bacterial_leaf_blight/bacterial_leaf_blight (166).JPG,masks/train/bacterial_leaf_blight/bacterial_leaf_blight (166).JPG.png,train,bacterial_leaf_blight,aa8047efb5c68e063e7389bd81a0c757d6b3c94a36e14924a75527d40c305693,unreviewed,
train/bacterial_leaf_blight/bacterial_leaf_blight (167).jpg,masks/train/bacterial_leaf_blight/bacterial_leaf_blight (167).jpg.png,train,bacterial_leaf_blight,be9f839694a08c176bcfd5230996b482d1ccf951d823537261c6cb708d6bec42,unreviewed,
train/bacterial_leaf_blight/bacterial_leaf_blight (169).JPG,masks/train/bacterial_leaf_blight/bacterial_leaf_blight (169).JPG.png,train,bacterial_leaf_blight,f904b1718c771cdc9e89180566f95347edeb43875499491d958d354a4aa33733,unreviewed,
train/bacterial_leaf_blight/bacterial_leaf_blight (17).JPG,masks/train/bacterial_leaf_blight/bacterial_leaf_blight (17).JPG.png,train,bacterial_leaf_blight,4664a9152ef04076d18d16feef0a2bbf9f6c1ea45e56cab35603b9bb0f7d6893,unreviewed,
train/bacterial_leaf_blight/bacterial_leaf_blight (170).jpg,masks/train/bacterial_leaf_blight/bacterial_leaf_blight (170).jpg.png,train,bacterial_leaf_blight,c901c6a19f70fb54d7bde225e6cba982ca846bbd941f4241e8f11e6ad33664c8,unreviewed,
train/bacterial_leaf_blight/bacterial_leaf_blight (171).jpg,masks/train/bacterial_leaf_blight/bacterial_leaf_blight (171).jpg.png,train,bacterial_leaf_blight,7a6f92e7b4154e9efec83fad3d1f3731e89c54e7bb2f7135c8e10bc8e5eb008d,unreviewed,
train/bacterial_leaf_blight/bacterial_leaf_blight (172).jpg,masks/train/bacterial_leaf_blight/bacterial_leaf_blight (172).jpg.png,train,bacterial_leaf_blight,e2f155e0509c5a9b2085ec02533206842dc1f22c7b2f0c12b732dc719c49cbda,unreviewed,
train/bacterial_leaf_blight/bacterial_leaf_blight (173).JPG,masks/train/bacterial_leaf_blight/bacterial_leaf_blight (173).JPG.png,train,bacterial_leaf_blight,63bf1aae967f6b9f13c3bbc906b7017c126a2216bf716a74a35f6ee77d3038e7,unreviewed,
train/bacterial_leaf_blight/bacterial_leaf_blight (174).JPG,masks/train/bacterial_leaf_blight/bacterial_leaf_blight (174).JPG.png,train,bacterial_leaf_blight,3d5cb28c1a0d375e6358e773d89926e5e43cd46bebfb0d80e30fb4be075116e4,unreviewed,
train/bacterial_leaf_blight/bacterial_leaf_blight (179).JPG,masks/train/bacterial_leaf_blight/bacterial_leaf_blight (179).JPG.png,train,bacterial_leaf_blight,68093edf0fdb64dbb76079377fb5fb806b2ea0b73654df7af7a7d029aa01c75a,unreviewed,
train/bacterial_leaf_blight/bacterial_leaf_blight (18).JPG,masks/train/bacterial_leaf_blight/bacterial_leaf_blight (18).JPG.png,train,bacterial_leaf_blight,ec6cd45adbc66bdddd6e3d5d3b09cc18cecc9b5d040cfa20dc88b72b5924db74,unreviewed,
train/bacterial_leaf_blight/bacterial_leaf_blight (184).jpg,masks/train/bacterial_leaf_blight/bacterial_leaf_blight (184).jpg.png,train,bacterial_leaf_blight,ce4bf364ce3e6f3220731342a725764c62f2ea7539f454acf32039c042fc2b56,unreviewed,
train/bacterial_leaf_blight/bacterial_leaf_blight (185).JPG,masks/train/bacterial_leaf_blight/bacterial_leaf_blight (185).JPG.png,train,bacterial_leaf_blight,b386e60b8af10e73b6d3a11a2283d4d3a40653ff5993f38dc30e4c3c74c132fb,unreviewed,
train/bacterial_leaf_blight/bacterial_leaf_blight (186).jpg,masks/train/bacterial_leaf_blight/bacterial_leaf_blight (186).jpg.png,train,bacterial_leaf_blight,5d2053e869261f4885fa4df40ce6c6937336aec22d384c6034da8aa87d4a955e,unreviewed,
train/bacterial_leaf_blight/bacterial_leaf_blight (187).JPG,masks/train/bacterial_leaf_blight/bacterial_leaf_blight (187).JPG.png,train,bacterial_leaf_blight,88fd1969b4441c8d93a977f00677eab8c9331bc3a01f74c8887a4497f50425ab,unreviewed,
train/bacterial_leaf_blight/bacterial_leaf_blight (188).jpg,masks/train/bacterial_leaf_blight/bacterial_leaf_blight (188).jpg.png,train,bacterial_leaf_blight,38ddd76a8df9d14aedbe43e56393d61952e5e19b953763a65ce2ccf98b7f683a,unreviewed,
train/bacterial_leaf_blight/bacterial_leaf_blight (189).JPG,masks/train/bacterial_leaf_blight/bacterial_leaf_blight (189).JPG.png,train,bacterial_leaf_blight,e07f7084c3b3c53b0e51edef5742a473780bcd553fba912e05b9e93f66da2211,unreviewed,
train/bacterial_leaf_blight/bacterial_leaf_blight (19).JPG,masks/train/bacterial_leaf_blight/bacterial_leaf_blight (19).JPG.png,train,bacterial_leaf_blight,ada18c9728cf084fba8af77debfabd6e6fb99c5e2113cabeca5f5481953fcb6c,unreviewed,
train/bacterial_leaf_blight/bacterial_leaf_blight (191).jpg,masks/train/bacterial_leaf_blight/bacterial_leaf_blight (191).jpg.png,train,bacterial_leaf_blight,2c9cb8a75a51b85568c3875d4057cd847d2ce407e9738f4902f024019d29de65,unreviewed,
train/bacterial_leaf_blight/bacterial_leaf_blight (192).JPG,masks/train/bacterial_leaf_blight/bacterial_leaf_blight (192).JPG.png,train,bacterial_leaf_blight,082cbf8f60ec78a7ca5d880ed165ded7a7a1943f50765a3fee91329519a30b10,unreviewed,
train/bacterial_leaf_blight/bacterial_leaf_blight (195).jpg,masks/train/bacterial_leaf_blight/bacterial_leaf_blight (195).jpg.png,train,bacterial_leaf_blight,f3718411e194f433d1816c8aefaeb79a8f1a87b985b8b978ccfc56fb1a30ca69,unreviewed,
train/bacterial_leaf_blight/bacterial_leaf_blight (196).jpg,masks/train/bacterial_leaf_blight/bacterial_leaf_blight (196).jpg.png,train,bacterial_leaf_blight,8aa251af582dca0bb6c9254a72a886abdba6be7c70e404f4f80dc4b5bc96c7d1,unreviewed,
train/bacterial_leaf_blight/bacterial_leaf_blight (197).jpg,masks/train/bacterial_leaf_blight/bacterial_leaf_blight (197).jpg.png,train,bacterial_leaf_blight,f649473995756576f8af224cbfb16246a36769e0f59a4731b42859b0cb0d3930,unreviewed,
train/bacterial_leaf_blight/bacterial_leaf_blight (2).JPG,masks/train/bacterial_leaf_blight/bacterial_leaf_blight (2).JPG.png,train,bacterial_leaf_blight,5a39a817df4430f377fb3c72c9a111cbf5f1303c7f2f8ddac1ffda30d0c7cdab,unreviewed,
train/bacterial_leaf_blight/bacterial_leaf_blight (20).JPG,masks/train/bacterial_leaf_blight/bacterial_leaf_blight (20).JPG.png,train,bacterial_leaf_blight,e0f284277f54bbc4041bd98bfe1ae71ebb7ef116b16a36c20356d8f8034955cc,unreviewed,
train/bacterial_leaf_blight/bacterial_leaf_blight (200).JPG,masks/train/bacterial_leaf_blight/bacterial_leaf_blight (200).JPG.png,train,bacterial_leaf_blight,1e572ed086dd41a553f3166edb7369a099e9ce0ad1a8d756d0a818a20818df36,unreviewed,
train/bacterial_leaf_blight/bacterial_leaf_blight (202).JPG,masks/train/bacterial_leaf_blight/bacterial_leaf_blight (202).JPG.png,train,bacterial_leaf_blight,228e7d6da96eb189ba03ba843475d883c5f523a084050214681ab68db8d0d7a5,unreviewed,
train/bacterial_leaf_blight/bacterial_leaf_blight (203).JPG,masks/train/bacterial_leaf_blight/bacterial_leaf_blight (203).JPG.png,train,bacterial_leaf_blight,7715c88048869452fbedd289227801f0555cef25ad8866e2f1897a0ed428e5d0,unreviewed,
train/bacterial_leaf_blight/bacterial_leaf_blight (205).JPG,masks/train/bacterial_leaf_blight/bacterial_leaf_blight (205).JPG.png,train,bacterial_leaf_blight,0fac467a6f564f3dad19315419437756762bd64063c78c003860b0d642693a45,unreviewed,
train/bacterial_leaf_blight/bacterial_leaf_blight (206).JPG,masks/train/bacterial_leaf_blight/bacterial_leaf_blight (206).JPG.png,train,bacterial_leaf_blight,c03df35665b7c66b2242d1627431307e7bba389aba64091b81cfd2754c7607ba,unreviewed,
train/bacterial_leaf_blight/bacterial_leaf_blight (207).JPG,masks/train/bacterial_leaf_blight/bacterial_leaf_blight (207).JPG.png,train,bacterial_leaf_blight,83084914b498632d6c067e580b08002ff9a5ba4de86aae424377cc5c25f60bb2,unreviewed,
train/bacterial_leaf_blight/bacterial_leaf_blight (208).jpg,masks/train/bacterial_leaf_blight/bacterial_leaf_blight (208).jpg.png,train,bacterial_leaf_blight,0ca0920cec930a81ca3eac671ec487e3dcf509f3a6c4e57d9e9433e93c4ce987,unreviewed,
train/bacterial_leaf_blight/bacterial_leaf_blight (21).JPG,masks/train/bacterial_leaf_blight/bacterial_leaf_blight (21).JPG.png,train,bacterial_leaf_blight,391c5b9edb8d04ddfc38eea55ef54fe6cb202c9f593dcf1cf8724688a43b3726,unreviewed,
train/bacterial_leaf_blight/bacterial_leaf_blight (211).JPG,masks/train/bacterial_leaf_blight/bacterial_leaf_blight (211).JPG.png,train,bacterial_leaf_blight,5fbae5026c0a9d585d6034f93bd7fd90116f2c1fe7b035fc8364f99ebeb53d8c,unreviewed,
train/bacterial_leaf_blight/bacterial_leaf_blight (214).JPG,masks/train/bacterial_leaf_blight/bacterial_leaf_blight (214).JPG.png,train,bacterial_leaf_blight,52722f5de9118be4dc2da036eb8e13a86d4e43fdc5c8aa912ff6e0a63950e4a7,unreviewed,
train/bacterial_leaf_blight/bacterial_leaf_blight (215).JPG,masks/train/bacterial_leaf_blight/bacterial_leaf_blight (215).JPG.png,train,bacterial_leaf_blight,ead28a736e9f3db1fa3c6de09f5cc415cf24193d4a3b762b7548a46268138c22,unreviewed,
train/bacterial_leaf_blight/bacterial_leaf_blight (22).JPG,masks/train/bacterial_leaf_blight/bacterial_leaf_blight (22).JPG.png,train,bacterial_leaf_blight,21fc63ac285883b7c22879ce7fd77afdf4a441c3c0dcab3d88374cfc11db00df,unreviewed,
train/bacterial_leaf_blight/bacterial_leaf_blight (220).jpg,masks/train/bacterial_leaf_blight/bacterial_leaf_blight (220).jpg.png,train,bacterial_leaf_blight,3a428807d6eb9341226b18bb208be8060d43446a921a61350ba63f9199b90e62,unreviewed,
train/bacterial_leaf_blight/bacterial_leaf_blight (221).JPG,masks/train/bacterial_leaf_blight/bacterial_leaf_blight (221).JPG.png,train,bacterial_leaf_blight,74069584e55cbb1608cf2cefab32cb8dee8f7550b98e902b823e6f2b60183ffe,unreviewed,
train/bacterial_leaf_blight/bacterial_leaf_blight (222).JPG,masks/train/bacterial_leaf_blight/bacterial_leaf_blight (222).JPG.png,train,bacterial_leaf_blight,4d8e9549e1263c2fa94356c331f25ded77e76e2abeca5ca3ab2ed9fd99630fd7,unreviewed,
train/bacterial_leaf_blight/bacterial_leaf_blight (225).JPG,masks/train/bacterial_leaf_blight/bacterial_leaf_blight (225).JPG.png,train,bacterial_leaf_blight,9a01ea56f5d25a9d9a456b22589b069479f0cf721cf7a91b1d8c5737e7bd25c7,unreviewed,
train/bacterial_leaf_blight/bacterial_leaf_blight (226).jpg,masks/train/bacterial_leaf_blight/bacterial_leaf_blight (226).jpg.png,train,bacterial_leaf_blight,8b1546c1ecfc036f6c6d1b7adc28a8c7197536951982f7c656f39dce1eda4efe,unreviewed,
train/bacterial_leaf_blight/bacterial_leaf_blight (227).jpg,masks/train/bacterial_leaf_blight/bacterial_leaf_blight (227).jpg.png,train,bacterial_leaf_blight,c7516ccc67f3bb1634dcd955ed72b27383bba2be477973a6eb50df30b7dc83aa,unreviewed,
train/bacterial_leaf_blight/bacterial_leaf_blight (228).JPG,masks/train/bacterial_leaf_blight/bacterial_leaf_blight (228).JPG.png,train,bacterial_leaf_blight,fff15b78ec98cfc2acd3f4b8240fb6dab905595f0b37fd4cb9b3d6f82066930f,unreviewed,
train/bacterial_leaf_blight/bacterial_leaf_blight (230).JPG,masks/train/bacterial_leaf_blight/bacterial_leaf_blight (230).JPG.png,train,bacterial_leaf_blight,e1e9c0b05f1c3da3a2c3ddb4d13ff4ff3b6ad939b8a2453cc640c96b54fe07bd,unreviewed,
train/bacterial_leaf_blight/bacterial_leaf_blight (231).JPG,masks/train/bacterial_leaf_blight/bacterial_leaf_blight (231).JPG.png,train,bacterial_leaf_blight,aca4761f937c36a01112a79eb4ecb3f7ce50fc79f657b1a0c5fcc47e90849b5d,unreviewed,
train/bacterial_leaf_blight/bacterial_leaf_blight (233).JPG,masks/train/bacterial_leaf_blight/bacterial_leaf_blight (233).JPG.png,train,bacterial_leaf_blight,8616847c875c186ea67d04ae0254f74f675d784b5802a99174dff670266c85ce,unreviewed,
train/bacterial_leaf_blight/bacterial_leaf_blight (234).JPG,masks/train/bacterial_leaf_blight/bacterial_leaf_blight (234).JPG.png,train,bacterial_leaf_blight,f9da495bf9679b388255f768c56cf33328dcb7592126616c2b45eb4ce77e01f8,unreviewed,
train/bacterial_leaf_blight/bacterial_leaf_blight (237).JPG,masks/train/bacterial_leaf_blight/bacterial_leaf_blight (237).JPG.png,train,bacterial_leaf_blight,cf78d430319e2d529d965ff5b7b9a969ca57e852fcd17778ab9352973f7255c6,unreviewed,
train/bacterial_leaf_blight/bacterial_leaf_blight (238).JPG,masks/train/bacterial_leaf_blight/bacterial_leaf_blight (238).JPG.png,train,bacterial_leaf_blight,73a5e0fb2056509d89e012e46c4f85b26885935293b7c1c856fb18a166fa0739,unreviewed,
train/bacterial_leaf_blight/bacterial_leaf_blight (24).jpg,masks/train/bacterial_leaf_blight/bacterial_leaf_blight (24).jpg.png,train,bacterial_leaf_blight,1e2259579c1e5e2755faead0d25fbcd51250034ed5de162f129e6473dc9830a5,unreviewed,
train/bacterial_leaf_blight/bacterial_leaf_blight (240).JPG,masks/train/bacterial_leaf_blight/bacterial_leaf_blight (240).JPG.png,train,bacterial_leaf_blight,8c6e481123c95f81d946affc47977b612b9c2c5c93668e466c1f11310984d90f,unreviewed,
train/bacterial_leaf_blight/bacterial_leaf_blight (242).JPG,masks/train/bacterial_leaf_blight/bacterial_leaf_blight (242).JPG.png,train,bacterial_leaf_blight,af5a597c1bd1895554a0958cbdcfba524dedc13cb3a96c7f0b17da3c699baa77,unreviewed,
train/bacterial_leaf_blight/bacterial_leaf_blight (244).JPG,masks/train/bacterial_leaf_blight/bacterial_leaf_blight (244).JPG.png,train,bacterial_leaf_blight,9938815a56105aaae94c6ee31477af39464e88e886c868273d0e8251ce0646ef,unreviewed,
train/bacterial_leaf_blight/bacterial_leaf_blight (245).JPG,masks/train/bacterial_leaf_blight/bacterial_leaf_blight (245).JPG.png,train,bacterial_leaf_blight,e065387d0b630bf3a284eae6f5f6f8f76286d1b0d5fdec49a099ce6be47766bb,unreviewed,
train/bacterial_leaf_blight/bacterial_leaf_blight (251).JPG,masks/train/bacterial_leaf_blight/bacterial_leaf_blight (251).JPG.png,train,bacterial_leaf_blight,95d8637146c4e8ab4e0cb33fe5d533389a9368a1921a1fc665f3f7f3295e08f8,unreviewed,
train/bacterial_leaf_blight/bacterial_leaf_blight (252).JPG,masks/train/bacterial_leaf_blight/bacterial_leaf_blight (252).JPG.png,train,bacterial_leaf_blight,6ffd7a38e945e8896277041eefa27ace23c9d47289c9e69fae5f1efd866216c1,unreviewed,
train/bacterial_leaf_blight/bacterial_leaf_blight (253).JPG,masks/train/bacterial_leaf_blight/bacterial_leaf_blight (253).JPG.png,train,bacterial_leaf_blight,abf06b69c4d903a42c4dee9cc771e23722eea53a0e54884439aef0e1b3ca7320,unreviewed,
train/bacterial_leaf_blight/bacterial_leaf_blight (254).JPG,masks/train/bacterial_leaf_blight/bacterial_leaf_blight (254).JPG.png,train,bacterial_leaf_blight,4b5890f8005f6318eed545be78dfa5a57b0806e70771f609031fd90a625784c3,unreviewed,
train/bacterial_leaf_blight/bacterial_leaf_blight (255).JPG,masks/train/bacterial_leaf_blight/bacterial_leaf_blight (255).JPG.png,train,bacterial_leaf_blight,40e3bf7ac94f2ad96e8f1bef2555a6fbfa176af718d27377f07a8d8fa0971314,unreviewed,
train/bacterial_leaf_blight/bacterial_leaf_blight (256).JPG,masks/train/bacterial_leaf_blight/bacterial_leaf_blight (256).JPG.png,train,bacterial_leaf_blight,22a601b01e791a6a90f945a73a01c54bf7f57113b399bf281aacb468ae50d8ce,unreviewed,
train/bacterial_leaf_blight/bacterial_leaf_blight (257).JPG,masks/train/bacterial_leaf_blight/bacterial_leaf_blight (257).JPG.png,train,bacterial_leaf_blight,0c71f5a13c980a5d26c93c917b30e1a26828055cb1c06b916f33607d3c30803c,unreviewed,
train/bacterial_leaf_blight/bacterial_leaf_blight (259).JPG,masks/train/bacterial_leaf_blight/bacterial_leaf_blight (259).JPG.png,train,bacterial_leaf_blight,84994b7700b0e557905d4577a414f44925c8b645f17610f1e77891caf21437e7,unreviewed,
train/bacterial_leaf_blight/bacterial_leaf_blight (26).JPG,masks/train/bacterial_leaf_blight/bacterial_leaf_blight (26).JPG.png,train,bacterial_leaf_blight,a1b11423337570a8f856811bdd96327f85bda6eef0a2512865456173a9605d27,unreviewed,
train/bacterial_leaf_blight/bacterial_leaf_blight (260).JPG,masks/train/bacterial_leaf_blight/bacterial_leaf_blight (260).JPG.png,train,bacterial_leaf_blight,5d814b4a695d6a6fd4b22190047f67e730a8bc9b2510ef324ba4b47124fb5672,unreviewed,
train/bacterial_leaf_blight/bacterial_leaf_blight (261).JPG,masks/train/bacterial_leaf_blight/bacterial_leaf_blight (261).JPG.png,train,bacterial_leaf_blight,6da079b6a526e26440e269d17763034b44503fa68ced56bd2290654f4440ca72,unreviewed,
train/bacterial_leaf_blight/bacterial_leaf_blight (262).JPG,masks/train/bacterial_leaf_blight/bacterial_leaf_blight (262).JPG.png,train,bacterial_leaf_blight,dc5e1484a7f757905b9e41d543d88985495b6b9810ecb1086a90aca440227e34,unreviewed,
train/bacterial_leaf_blight/bacterial_leaf_blight (263).JPG,masks/train/bacterial_leaf_blight/bacterial_leaf_blight (263).JPG.png,train,bacterial_leaf_blight,8298bfe97ad77fb73926280fbaf7f2439f5c73046ec55cfbc97d89d42c5e0701,unreviewed,
train/bacterial_leaf_blight/bacterial_leaf_blight (264).JPG,masks/train/bacterial_leaf_blight/bacterial_leaf_blight (264).JPG.png,train,bacterial_leaf_blight,27e9eb7f3faac0b402eaf61d2676269ccde6175d01fb8090c9abbc791e4149ca,unreviewed,
train/bacterial_leaf_blight/bacterial_leaf_blight (265).JPG,masks/train/bacterial_leaf_blight/bacterial_leaf_blight (265).JPG.png,train,bacterial_leaf_blight,d72237728b4b11aae54483277e871f0ac21a92edbbd7cf83bd72c5190f578782,unreviewed,
train/bacterial_leaf_blight/bacterial_leaf_blight (266).JPG,masks/train/bacterial_leaf_blight/bacterial_leaf_blight (266).JPG.png,train,bacterial_leaf_blight,39f14112dd5440c0205185f6369e919390bc2b31e6ac41497a8da7fa8f735a49,unreviewed,
train/bacterial_leaf_blight/bacterial_leaf_blight (267).JPG,masks/train/bacterial_leaf_blight/bacterial_leaf_blight (267).JPG.png,train,bacterial_leaf_blight,3e715a9753e93e137bab033efee95f7b3ceed0339fa4d418d9d4b6fddb275063,unreviewed,
train/bacterial_leaf_blight/bacterial_leaf_blight (268).JPG,masks/train/bacterial_leaf_blight/bacterial_leaf_blight (268).JPG.png,train,bacterial_leaf_blight,691c91b59287ca3efe738bc459f0fa31b9b8b5d5b085ff3c42740b54820d034a,unreviewed,
train/bacterial_leaf_blight/bacterial_leaf_blight (27).JPG,masks/train/bacterial_leaf_blight/bacterial_leaf_blight (27).JPG.png,train,bacterial_leaf_blight,917ad06a1ba893e566cbf3ac096116076f7bc3631d35067f4853fd4431f2a4e5,unreviewed,
train/bacterial_leaf_blight/bacterial_leaf_blight (271).jpg,masks/train/bacterial_leaf_blight/bacterial_leaf_blight (271).jpg.png,train,bacterial_leaf_blight,faadd989182d79eb0df2f06238ce5bd4cf4245c4b334e7ab234d219713e7696d,unreviewed,
train/bacterial_leaf_blight/bacterial_leaf_blight (272).JPG,masks/train/bacterial_leaf_blight/bacterial_leaf_blight (272).JPG.png,train,bacterial_leaf_blight,3644729a48a1189257e62668ae2a0d935879e325039f5b5b5ad936816a18b4cc,unreviewed,
train/bacterial_leaf_blight/bacterial_leaf_blight (273).JPG,masks/train/bacterial_leaf_blight/bacterial_leaf_blight (273).JPG.png,train,bacterial_leaf_blight,ca1c2bc9b92853b9d3f15abcef4c3b2651c1f6f0a3ef0d842f64aa326436aa23,unreviewed,
train/bacterial_leaf_blight/bacterial_leaf_blight (274).JPG,masks/train/bacterial_leaf_blight/bacterial_leaf_blight (274).JPG.png,train,bacterial_leaf_blight,cff47b2c3b420aa868c8c5aa12ecf2aeafa0b55dbc68999c8245d9f76de0c2e6,unreviewed,
train/bacterial_leaf_blight/bacterial_leaf_blight (276).JPG,masks/train/bacterial_leaf_blight/bacterial_leaf_blight (276).JPG.png,train,bacterial_leaf_blight,6cd1e51a95110e23d471e77ce4b4ef265c3c5f1ae67e6715ad3ceb993ba45979,unreviewed,
train/bacterial_leaf_blight/bacterial_leaf_blight (279).JPG,masks/train/bacterial_leaf_blight/bacterial_leaf_blight (279).JPG.png,train,bacterial_leaf_blight,dfd88aaf53e7a7eafedead0f25d2d2acc56cd5f1a5b10bd743c3e3de1b6096f4,unreviewed,
train/bacterial_leaf_blight/bacterial_leaf_blight (28).JPG,masks/train/bacterial_leaf_blight/bacterial_leaf_blight (28).JPG.png,train,bacterial_leaf_blight,c84b13044ce0030ffab2a44dd68e5dbd240b86add9ddb32814acecc4f8e2425b,unreviewed,
train/bacterial_leaf_blight/bacterial_leaf_blight (281).JPG,masks/train/bacterial_leaf_blight/bacterial_leaf_blight (281).JPG.png,train,bacterial_leaf_blight,fbb873a15dfbb34a845c57f0f7171dccf422df531fd6c776088cc2bdb12c1a8f,unreviewed,
train/bacterial_leaf_blight/bacterial_leaf_blight (282).JPG,masks/train/bacterial_leaf_blight/bacterial_leaf_blight (282).JPG.png,train,bacterial_leaf_blight,64d8a502921109d966a91fefa81a706bbb6917e47e8b06e1c9a1d6dd1548fc76,unreviewed,
train/bacterial_leaf_blight/bacterial_leaf_blight (283).JPG,masks/train/bacterial_leaf_blight/bacterial_leaf_blight (283).JPG.png,train,bacterial_leaf_blight,f3bf4202d87593e0a1a31c889e46e241e317ea463d26d7bf07ef254440829dbb,unreviewed,
train/bacterial_leaf_blight/bacterial_leaf_blight (285).JPG,masks/train/bacterial_leaf_blight/bacterial_leaf_blight (285).JPG.png,train,bacterial_leaf_blight,82b84a943ec9527dc6e15d6225889c28bcd828f48a0eec23a225b10eb2f1eddc,unreviewed,
train/bacterial_leaf_blight/bacterial_leaf_blight (286).JPG,masks/train/bacterial_leaf_blight/bacterial_leaf_blight (286).JPG.png,train,bacterial_leaf_blight,2f2fe4e2b1e329dda8c032dc336c0ec3057d0a1f7154142a11a9b3cd28e37bf6,unreviewed,
train/bacterial_leaf_blight/bacterial_leaf_blight (287).JPG,masks/train/bacterial_leaf_blight/bacterial_leaf_blight (287).JPG.png,train,bacterial_leaf_blight,3df72a8501bf987ac6bc4f65eda7396c8847e47e5340df22e937652339ddd8cc,unreviewed,
train/bacterial_leaf_blight/bacterial_leaf_blight (288).JPG,masks/train/bacterial_leaf_blight/bacterial_leaf_blight (288).JPG.png,train,bacterial_leaf_blight,8061ed6812fd6abf993f4f2004079c9b73e9849f180cb2be61cdcd234972b566,unreviewed,
train/bacterial_leaf_blight/bacterial_leaf_blight (289).JPG,masks/train/bacterial_leaf_blight/bacterial_leaf_blight (289).JPG.png,train,bacterial_leaf_blight,285df4a2f097e7a372dc062c05790504a52d5c4f0108769d1b95ae0aa4ae39d4,unreviewed,
train/bacterial_leaf_blight/bacterial_leaf_blight (290).JPG,masks/train/bacterial_leaf_blight/bacterial_leaf_blight (290).JPG.png,train,bacterial_leaf_blight,d93ab819b6b791ff7d99110edc3f741ca2e56b2a0dbd19d8a7a3269e6077aea2,unreviewed,
train/bacterial_leaf_blight/bacterial_leaf_blight (292).jpg,masks/train/bacterial_leaf_blight/bacterial_leaf_blight (292).jpg.png,train,bacterial_leaf_blight,b25e675a8fec53a484351d4faaa9449a02e9e9460004cfc6413ae00d2b97356b,unreviewed,
train/bacterial_leaf_blight/bacterial_leaf_blight (294).JPG,masks/train/bacterial_leaf_blight/bacterial_leaf_blight (294).JPG.png,train,bacterial_leaf_blight,788ce17ab5b4ff92beaba61890394d2b86545eafd4c799a9bc984808281cfca9,unreviewed,
train/bacterial_leaf_blight/bacterial_leaf_blight (295).JPG,masks/train/bacterial_leaf_blight/bacterial_leaf_blight (295).JPG.png,train,bacterial_leaf_blight,e69ef32fdb7094e178b5c55a018e65eced3c78161ed67acd1e7a793a38039133,unreviewed,
train/bacterial_leaf_blight/bacterial_leaf_blight (298).JPG,masks/train/bacterial_leaf_blight/bacterial_leaf_blight (298).JPG.png,train,bacterial_leaf_blight,9349f4e7569fff426dae7a75ef00bac0468aec8c72ea4fbe4390f878b355413f,unreviewed,
train/bacterial_leaf_blight/bacterial_leaf_blight (30).JPG,masks/train/bacterial_leaf_blight/bacterial_leaf_blight (30).JPG.png,train,bacterial_leaf_blight,1b9dc316a12d635abf57127d3267962c94930b8ff08351e28f3eafee7641f73a,unreviewed,
train/bacterial_leaf_blight/bacterial_leaf_blight (302).jpg,masks/train/bacterial_leaf_blight/bacterial_leaf_blight (302).jpg.png,train,bacterial_leaf_blight,42a720ff4e95aea03f924c51fc93ebd9b31b316bae4d1ab7d8c1bb3a25362985,unreviewed,
train/bacterial_leaf_blight/bacterial_leaf_blight (303).jpg,masks/train/bacterial_leaf_blight/bacterial_leaf_blight (303).jpg.png,train,bacterial_leaf_blight,0e9fadf4e92ac3344ceecd9b247cf34e25c4b2e8f7c94f87bec5e0f177809a6e,unreviewed,
train/bacterial_leaf_blight/bacterial_leaf_blight (305).JPG,masks/train/bacterial_leaf_blight/bacterial_leaf_blight (305).JPG.png,train,bacterial_leaf_blight,25103585baec285dfdcd69909fd41cdae525e02d19667f7cd5e99a021cfda3fe,unreviewed,
train/bacterial_leaf_blight/bacterial_leaf_blight (306).JPG,masks/train/bacterial_leaf_blight/bacterial_leaf_blight (306).JPG.png,train,bacterial_leaf_blight,96a9129a6f64e3b9079a80ee1fca68640b584fbaaa37058c1933c2ba410c5b35,unreviewed,
train/bacterial_leaf_blight/bacterial_leaf_blight (307).JPG,masks/train/bacterial_leaf_blight/bacterial_leaf_blight (307).JPG.png,train,bacterial_leaf_blight,c175f7b8e7cccbd7871f0b382e44b2d48f98d5de16f057cc989169acf7045d2c,unreviewed,
train/bacterial_leaf_blight/bacterial_leaf_blight (308).JPG,masks/train/bacterial_leaf_blight/bacterial_leaf_blight (308).JPG.png,train,bacterial_leaf_blight,2b9781bdcb9584ae510336b788d7e6af0b37fa42aaa29c468827faea3c6330d5,unreviewed,
train/bacterial_leaf_blight/bacterial_leaf_blight (309).JPG,masks/train/bacterial_leaf_blight/bacterial_leaf_blight (309).JPG.png,train,bacterial_leaf_blight,d966d6ad4abaea32c0cb4598208426ec97a14ebab879c26dba1ac1cdbaed9215,unreviewed,
train/bacterial_leaf_blight/bacterial_leaf_blight (31).JPG,masks/train/bacterial_leaf_blight/bacterial_leaf_blight (31).JPG.png,train,bacterial_leaf_blight,0b8363ee74e2c5addb8d4b1b86b32d50f965d49ab6ae98d1f143ff865cf4111b,unreviewed,
train/bacterial_leaf_blight/bacterial_leaf_blight (311).JPG,masks/train/bacterial_leaf_blight/bacterial_leaf_blight (311).JPG.png,train,bacterial_leaf_blight,f75743741300049b6ce0fb9c400efefa5d0a198715d91fab30260bd9d9747a71,unreviewed,
train/bacterial_leaf_blight/bacterial_leaf_blight (316).JPG,masks/train/bacterial_leaf_blight/bacterial_leaf_blight (316).JPG.png,train,bacterial_leaf_blight,4cccff22672cf3bddf9e422beea6799bccfae6028e9a50f1817884275f2e51da,unreviewed,
train/bacterial_leaf_blight/bacterial_leaf_blight (321).JPG,masks/train/bacterial_leaf_blight/bacterial_leaf_blight (321).JPG.png,train,bacterial_leaf_blight,eb9b4eb13d1ea2aaba2d85ff2291b5ba47bd7acab89f0f9c3c11908dfc30acbd,unreviewed,
train/bacterial_leaf_blight/bacterial_leaf_blight (322).JPG,masks/train/bacterial_leaf_blight/bacterial_leaf_blight (322).JPG.png,train,bacterial_leaf_blight,e997e0cf46727fa6ba70c21216bf9c6fb5afe7b8b0c25e4fae8a37fca68a7e19,unreviewed,
train/bacterial_leaf_blight/bacterial_leaf_blight (324).JPG,masks/train/bacterial_leaf_blight/bacterial_leaf_blight (324).JPG.png,train,bacterial_leaf_blight,5a5ad53e590a959be7d5a51ad0e80093b7d8468fca76635a6f6680423aef86d8,unreviewed,
train/bacterial_leaf_blight/bacterial_leaf_blight (328).JPG,masks/train/bacterial_leaf_blight/bacterial_leaf_blight (328).JPG.png,train,bacterial_leaf_blight,b9f2dc40d0ff4170d1b3fd578ef483d389a9b9e3bc9dc2e3b2f4e7b64113bcd2,unreviewed,
train/bacterial_leaf_blight/bacterial_leaf_blight (333).JPG,masks/train/bacterial_leaf_blight/bacterial_leaf_blight (333).JPG.png,train,bacterial_leaf_blight,638f776ebd39e4cacae9a097a2728f26866a9d4898b62efc1a4d9cc56165c0d3,unreviewed,
train/bacterial_leaf_blight/bacterial_leaf_blight (34).jpg,masks/train/bacterial_leaf_blight/bacterial_leaf_blight (34).jpg.png,train,bacterial_leaf_blight,bfd5fa5232c699cfa1e498c338cd06a679cce65fd21469752cb671deabbba3d7,unreviewed,
train/bacterial_leaf_blight/bacterial_leaf_blight (342).JPG,masks/train/bacterial_leaf_blight/bacterial_leaf_blight (342).JPG.png,train,bacterial_leaf_blight,08372cc786ded0aac877c30388312c19c5cad85a598b42c54422d0696cadfd93,unreviewed,
train/bacterial_leaf_blight/bacterial_leaf_blight (35).JPG,masks/train/bacterial_leaf_blight/bacterial_leaf_blight (35).JPG.png,train,bacterial_leaf_blight,d9530340687481dd4f0e89434a7cbce8770642a96e2a95848248a94443bc6e8f,unreviewed,
train/bacterial_leaf_blight/bacterial_leaf_blight (38).JPG,masks/train/bacterial_leaf_blight/bacterial_leaf_blight (38).JPG.png,train,bacterial_leaf_blight,a69ea0c89187aed62d6c9b3322b19e9f7816f84339ea9cb47455fd682f9a91fe,unreviewed,
train/bacterial_leaf_blight/bacterial_leaf_blight (39).JPG,masks/train/bacterial_leaf_blight/bacterial_leaf_blight (39).JPG.png,train,bacterial_leaf_blight,07f5bc12d2058998098ed7a66eb28e9a37299c0d4fb38ab7e44a02aba3a43270,unreviewed,
train/bacterial_leaf_blight/bacterial_leaf_blight (40).JPG,masks/train/bacterial_leaf_blight/bacterial_leaf_blight (40).JPG.png,train,bacterial_leaf_blight,904f55414e1af8ba6e160301b16c5f765b55b70e6682da6e8e278bc395821ffc,unreviewed,
train/bacterial_leaf_blight/bacterial_leaf_blight (41).JPG,masks/train/bacterial_leaf_blight/bacterial_leaf_blight (41).JPG.png,train,bacterial_leaf_blight,22f863f67ea93d26c809bfe99d08150e007d6343decd2fc9e606c2076026f992,unreviewed,
train/bacterial_leaf_blight/bacterial_leaf_blight (43).JPG,masks/train/bacterial_leaf_blight/bacterial_leaf_blight (43).JPG.png,train,bacterial_leaf_blight,caeb77780fcaf90f658cfa156ca3ec394b1ad15c450b2ebd17b27a5ffc28ba4c,unreviewed,
train/bacterial_leaf_blight/bacterial_leaf_blight (46).JPG,masks/train/bacterial_leaf_blight/bacterial_leaf_blight (46).JPG.png,train,bacterial_leaf_blight,776925e135dcc3790a45b791131416a1801180a56cf8472089336d59d3b82198,unreviewed,
train/bacterial_leaf_blight/bacterial_leaf_blight (48).JPG,masks/train/bacterial_leaf_blight/bacterial_leaf_blight (48).JPG.png,train,bacterial_leaf_blight,4c16af96ff769534f9e07ebc0ba2177436e775c031b6bf3f73c23388f282e59d,unreviewed,
train/bacterial_leaf_blight/bacterial_leaf_blight (50).JPG,masks/train/bacterial_leaf_blight/bacterial_leaf_blight (50).JPG.png,train,bacterial_leaf_blight,7f7c4d040de16e4ffab5614e2d3371dfbbe775c2554ef6b592d0b2aa6c76363c,unreviewed,
train/bacterial_leaf_blight/bacterial_leaf_blight (52).JPG,masks/train/bacterial_leaf_blight/bacterial_leaf_blight (52).JPG.png,train,bacterial_leaf_blight,e844c2c1c05ff44a45ded4a9d1f97c22acda4e6c367bd39867b0f3b7031e2d75,unreviewed,
train/bacterial_leaf_blight/bacterial_leaf_blight (53).JPG,masks/train/bacterial_leaf_blight/bacterial_leaf_blight (53).JPG.png,train,bacterial_leaf_blight,2a9a1606fafb8e7dd8253f5f747725db028aee1e750dc5fb778355ba025e55c4,unreviewed,
train/bacterial_leaf_blight/bacterial_leaf_blight (54).JPG,masks/train/bacterial_leaf_blight/bacterial_leaf_blight (54).JPG.png,train,bacterial_leaf_blight,5316bb4fa6ce51a46aca1304afc2c681477bb6b11b03cdf3d773a6bdbd2e9af6,unreviewed,
train/bacterial_leaf_blight/bacterial_leaf_blight (55).JPG,masks/train/bacterial_leaf_blight/bacterial_leaf_blight (55).JPG.png,train,bacterial_leaf_blight,a20b0e5f9a09fcb939c83cd31709eb4af74dc1cf9291d58b03066542b37753ff,unreviewed,
train/bacterial_leaf_blight/bacterial_leaf_blight (56).JPG,masks/train/bacterial_leaf_blight/bacterial_leaf_blight (56).JPG.png,train,bacterial_leaf_blight,85bbcfed21049842d35e1035b2d3360f479293e75d19dfb40b14f95881e51597,unreviewed,
train/bacterial_leaf_blight/bacterial_leaf_blight (57).JPG,masks/train/bacterial_leaf_blight/bacterial_leaf_blight (57).JPG.png,train,bacterial_leaf_blight,3d1bfc33cf72f859805832a6b813dc0a139bb75bed4b2f0ce9dda6b222868006,unreviewed,
train/bacterial_leaf_blight/bacterial_leaf_blight (59).JPG,masks/train/bacterial_leaf_blight/bacterial_leaf_blight (59).JPG.png,train,bacterial_leaf_blight,7a0745aa4ec20d03729ae8718bbb028deb71bcce5bcb9c0abfa410790ae8a3bd,unreviewed,
train/bacterial_leaf_blight/bacterial_leaf_blight (60).JPG,masks/train/bacterial_leaf_blight/bacterial_leaf_blight (60).JPG.png,train,bacterial_leaf_blight,eb36994f967ebcf7127e191b754372fd90d66a327bdb6c0c16ad4d1d1574b840,unreviewed,
train/bacterial_leaf_blight/bacterial_leaf_blight (62).JPG,masks/train/bacterial_leaf_blight/bacterial_leaf_blight (62).JPG.png,train,bacterial_leaf_blight,9c327d8542bee5d468e6e045bddd736f181528baef1e803002a7275d5598182d,unreviewed,
train/bacterial_leaf_blight/bacterial_leaf_blight (65).JPG,masks/train/bacterial_leaf_blight/bacterial_leaf_blight (65).JPG.png,train,bacterial_leaf_blight,878733e7e1a74ccfbc72cd349f78aa6cdeec2ff55ac64ab5ae64fb14d74c634b,unreviewed,
train/bacterial_leaf_blight/bacterial_leaf_blight (67).JPG,masks/train/bacterial_leaf_blight/bacterial_leaf_blight (67).JPG.png,train,bacterial_leaf_blight,ab1a33a59418ecba6bc3e6a3c916f0284add73d552939b1cb2745bb3dd86d211,unreviewed,
train/bacterial_leaf_blight/bacterial_leaf_blight (72).JPG,masks/train/bacterial_leaf_blight/bacterial_leaf_blight (72).JPG.png,train,bacterial_leaf_blight,39385106e3dc96a60dab9d6d8bd7460995f45c48c48dd8ef82503747fa78b50a,unreviewed,
train/bacterial_leaf_blight/bacterial_leaf_blight (74).JPG,masks/train/bacterial_leaf_blight/bacterial_leaf_blight (74).JPG.png,train,bacterial_leaf_blight,c9775262aacb971473025c557b83b93cbffdf8523eefe64f84b8dc42a7736b4d,unreviewed,
train/bacterial_leaf_blight/bacterial_leaf_blight (76).jpg,masks/train/bacterial_leaf_blight/bacterial_leaf_blight (76).jpg.png,train,bacterial_leaf_blight,49363749b360370a9d1dfba515cdce2bbecee822c5c03284380d5cdd38265d95,unreviewed,
train/bacterial_leaf_blight/bacterial_leaf_blight (82).JPG,masks/train/bacterial_leaf_blight/bacterial_leaf_blight (82).JPG.png,train,bacterial_leaf_blight,0996b3c08a27ce9ed9933524a011678fe1f16b17afec2e430aa75910a77b83a2,unreviewed,
train/bacterial_leaf_blight/bacterial_leaf_blight (87).JPG,masks/train/bacterial_leaf_blight/bacterial_leaf_blight (87).JPG.png,train,bacterial_leaf_blight,400a26dc815cffda8d0753571993c55f43945546610037457f0fa0023c8c7984,unreviewed,
train/bacterial_leaf_blight/bacterial_leaf_blight (9).JPG,masks/train/bacterial_leaf_blight/bacterial_leaf_blight (9).JPG.png,train,bacterial_leaf_blight,5424348a96f0e1c86e76146053203dc8cc11734d72579c58b499bd11a43b9aab,unreviewed,
train/bacterial_leaf_blight/bacterial_leaf_blight (94).JPG,masks/train/bacterial_leaf_blight/bacterial_leaf_blight (94).JPG.png,train,bacterial_leaf_blight,0a7a8b69bfc5369f5d94b77cdc1e95d9635fc45a7f19f8c8cf187a0e3ac12dc5,unreviewed,
train/bacterial_leaf_blight/bacterial_leaf_blight (97).JPG,masks/train/bacterial_leaf_blight/bacterial_leaf_blight (97).JPG.png,train,bacterial_leaf_blight,87bc71a8f20c9c6ec8769814cb3e979dd7a06fff75fa9920baa36d87aae83b35,unreviewed,
train/brown_spot/brown_spot (1).jpg,masks/train/brown_spot/brown_spot (1).jpg.png,train,brown_spot,415124a34d2386576935ade7b208a25a2a72f0ae1e6b1b4fa33f102cdb247c25,unreviewed,
train/brown_spot/brown_spot (100).JPG,masks/train/brown_spot/brown_spot (100).JPG.png,train,brown_spot,5893088db30d45b8c4428c2e3d4225e6a65d67c8b558763ed5477a51ebac3c7f,unreviewed,
train/brown_spot/brown_spot (101).jpg,masks/train/brown_spot/brown_spot (101).jpg.png,train,brown_spot,2e4577324f588e04feb03fdf6794578ab5c1b8687d386a14350c707af3314b99,unreviewed,
train/brown_spot/brown_spot (103).jpg,masks/train/brown_spot/brown_spot (103).jpg.png,train,brown_spot,ababdd6e2beefe000b674184251643d3513dfd8ab22537b05975776c4db11b49,unreviewed,
train/brown_spot/brown_spot (104).jpg,masks/train/brown_spot/brown_spot (104).jpg.png,train,brown_spot,842061f4705cc3541f7e5fb077d10408bdec9b57947b780457520d5bd3cd9fcf,unreviewed,
train/brown_spot/brown_spot (106).jpg,masks/train/brown_spot/brown_spot (106).jpg.png,train,brown_spot,5e91ba489244ac9cb185ed93bd2278dd51b177f00e03fb138af1ab18488bb871,unreviewed,
train/brown_spot/brown_spot (108).jpg,masks/train/brown_spot/brown_spot (108).jpg.png,train,brown_spot,68c49cccb88f21e03f569d95f344d68765a3c6b33e7da73552100bfb5952e525,unreviewed,
train/brown_spot/brown_spot (111).jpg,masks/train/brown_spot/brown_spot (111).jpg.png,train,brown_spot,6dcdfa9d8c73bb4a7a9aaa5db46000c676fc1272a97456b049e034ef589ec686,unreviewed,
train/brown_spot/brown_spot (112).jpg,masks/train/brown_spot/brown_spot (112).jpg.png,train,brown_spot,ea7b777a0f418f7c6424933e9dd5a9ecc6eee9d87198cf958b74dde962bd0b78,unreviewed,
train/brown_spot/brown_spot (114).jpg,masks/train/brown_spot/brown_spot (114).jpg.png,train,brown_spot,b1bddb793db08992280158fa86e5baa5b228968c2d98c888660eaba3beaecba7,unreviewed,
train/brown_spot/brown_spot (116).jpg,masks/train/brown_spot/brown_spot (116).jpg.png,train,brown_spot,2d32dda279f1bc40a15068debf48748789bd5ccda42b91ceaa6c6b5cb493c34b,unreviewed,
train/brown_spot/brown_spot (117).jpg,masks/train/brown_spot/brown_spot (117).jpg.png,train,brown_spot,0f70e2ab26442b5d0810d1bb47617749dd34d43988453023e6c09c9a00c5d96c,unreviewed,
train/brown_spot/brown_spot (119).jpg,masks/train/brown_spot/brown_spot (119).jpg.png,train,brown_spot,be1cdbd94eccc63803d240f4e271b8fa3d255eef48a1506c18f48ae0643096f8,unreviewed,
train/brown_spot/brown_spot (12).jpg,masks/train/brown_spot/brown_spot (12).jpg.png,train,brown_spot,49f81fb63c2e97af427ac39090c393de60c4a9d8d09714d4567c922d2a56a394,unreviewed,
train/brown_spot/brown_spot (121).jpg,masks/train/brown_spot/brown_spot (121).jpg.png,train,brown_spot,e7ea64b6d72ae851d110f5c4c55f6013c1a5aa63fde6776e7d74df4530248578,unreviewed,
train/brown_spot/brown_spot (122).jpg,masks/train/brown_spot/brown_spot (122).jpg.png,train,brown_spot,ef9438b4cbb68053e62e124b941e3856d69a1710dbf7ceb2eedb7d53d1eaf7dd,unreviewed,
train/brown_spot/brown_spot (123).jpg,masks/train/brown_spot/brown_spot (123).jpg.png,train,brown_spot,a52262adb439f868f3057154e982be16de0a34a10d3181f8c70c0efeb4b5784d,unreviewed,
train/brown_spot/brown_spot (125).jpg,masks/train/brown_spot/brown_spot (125).jpg.png,train,brown_spot,8e54b7209d9d1f9f52c258e7c57b63d7a4e1cd0a24b2cf21da8f57db6b55eaa5,unreviewed,
train/brown_spot/brown_spot (126).jpg,masks/train/brown_spot/brown_spot (126).jpg.png,train,brown_spot,615a8d6e4fe9164f6e9b8e96c492c711488659cd1b4a04db8699d573f2c89301,unreviewed,
train/brown_spot/brown_spot (128).jpg,masks/train/brown_spot/brown_spot (128).jpg.png,train,brown_spot,536de792de2ee621eafb8fc8efd8f1d4e07ed6059527ae347f6f8a5491640575,unreviewed,
train/brown_spot/brown_spot (129).jpg,masks/train/brown_spot/brown_spot (129).jpg.png,train,brown_spot,002ea74bd091778886b33d50aa6d46d2f330a451c511e43754b01d447e81aa20,unreviewed,
train/brown_spot/brown_spot (133).jpg,masks/train/brown_spot/brown_spot (133).jpg.png,train,brown_spot,77dcd654aac5107bef2acc14ae507c810e8f62e4221f3f4cc8f9dc0aaceba064,unreviewed,
train/brown_spot/brown_spot (134).jpg,masks/train/brown_spot/brown_spot (134).jpg.png,train,brown_spot,643008c57d5bdace96b011976e31f28d014c2f74871b2214693c1257e33f3bed,unreviewed,
train/brown_spot/brown_spot (135).jpg,masks/train/brown_spot/brown_spot (135).jpg.png,train,brown_spot,ecb768a471243315187446bf809c953f902702bc0fc9aafe65373572b85dc542,unreviewed,
train/brown_spot/brown_spot (136).jpg,masks/train/brown_spot/brown_spot (136).jpg.png,train,brown_spot,4e8845679ec0623adf3eee0b3654ae310462ecb1c0f1876e3e29c99da68a1dac,unreviewed,
train/brown_spot/brown_spot (137).jpg,masks/train/brown_spot/brown_spot (137).jpg.png,train,brown_spot,c2d807aa2e20ab970097bedb094bbaa2004a2623c32964ca045ebde8f92956ac,unreviewed,
train/brown_spot/brown_spot (14).jpg,masks/train/brown_spot/brown_spot (14).jpg.png,train,brown_spot,d63a522c2b1438297db8eb729c097c402df168e2ecc2e1f1e933b84883d88900,unreviewed,
train/brown_spot/brown_spot (140).jpg,masks/train/brown_spot/brown_spot (140).jpg.png,train,brown_spot,4d1a75ae1921bab4946678249874b5f5adb1e92710631d07a68f5ca21dc2d46e,unreviewed,
train/brown_spot/brown_spot (141).jpg,masks/train/brown_spot/brown_spot (141).jpg.png,train,brown_spot,fab6ab7e828809e10d39807b665d564e4093b6bef15d91a6cad542cb4fb42bee,unreviewed,
train/brown_spot/brown_spot (142).jpg,masks/train/brown_spot/brown_spot (142).jpg.png,train,brown_spot,721b176ac873a1783cc7af1a09c68be27fecce6b381772742f0cb613ae625a42,unreviewed,
train/brown_spot/brown_spot (143).jpg,masks/train/brown_spot/brown_spot (143).jpg.png,train,brown_spot,0c94627eee88188b6a54573b2f5c4abda88c5d76ff32e0ce3143157df10f1493,unreviewed,
train/brown_spot/brown_spot (144).jpg,masks/train/brown_spot/brown_spot (144).jpg.png,train,brown_spot,69696ef649a14dc6dac2b1b20ed7296059ab1f06a5d07c6b71f4ee33b06027b9,unreviewed,
train/brown_spot/brown_spot (147).jpg,masks/train/brown_spot/brown_spot (147).jpg.png,train,brown_spot,4a54c26fb999df740e8b8ea3895114094274b79d2bc10c557a185a350d789c8b,unreviewed,
train/brown_spot/brown_spot (149).jpg,masks/train/brown_spot/brown_spot (149).jpg.png,train,brown_spot,51411729fcb10fb9ed381c44b26faf0eaa8c520cfdf9a8ec3eed37c62a86349b,unreviewed,
train/brown_spot/brown_spot (15).jpg,masks/train/brown_spot/brown_spot (15).jpg.png,train,brown_spot,4faa161cceed0b5a00c3debcd6af50896db5e6dc2c46c3fb73c0cb442e8fc749,unreviewed,
train/brown_spot/brown_spot (151).JPG,masks/train/brown_spot/brown_spot (151).JPG.png,train,brown_spot,0fe476807e018f0cc5b39ec79c4bd3b0b4bde1a62f7a6a31fde89ab9dee2be0d,unreviewed,
train/brown_spot/brown_spot (152).jpg,masks/train/brown_spot/brown_spot (152).jpg.png,train,brown_spot,281625b1216d954c04c339bed02480cb5f5360ff03e2e0d37fed5f69f92269a8,unreviewed,
train/brown_spot/brown_spot (154).jpg,masks/train/brown_spot/brown_spot (154).jpg.png,train,brown_spot,3a1284273e4679c2e0b8f34d27f565fe8af859bc876295371ae523c795503551,unreviewed,
train/brown_spot/brown_spot (155).jpg,masks/train/brown_spot/brown_spot (155).jpg.png,train,brown_spot,4522c83eed440be692ba0530b074665bb565dd34edec301d2d4273765741b45a,unreviewed,
train/brown_spot/brown_spot (156).jpg,masks/train/brown_spot/brown_spot (156).jpg.png,train,brown_spot,ab0320be45993e1700a9958a1d550a2076ff33dedd373636e5fab6d253093d79,unreviewed,
train/brown_spot/brown_spot (158).jpg,masks/train/brown_spot/brown_spot (158).jpg.png,train,brown_spot,1039905a6d7bc91aa490b6f84525a8ad8e531904c5ec0cf320332048e8735513,unreviewed,
train/brown_spot/brown_spot (159).jpg,masks/train/brown_spot/brown_spot (159).jpg.png,train,brown_spot,03afc1fef6927b6adf3e3fbade702a9c3f1401440a5bcdef5bc7e7ebc92091c4,unreviewed,
train/brown_spot/brown_spot (16).jpg,masks/train/brown_spot/brown_spot (16).jpg.png,train,brown_spot,8bf84ec46dc0ea65c594c2bb0cbe16be5fc3ed485fb0545d5bf216656f82963c,unreviewed,
train/brown_spot/brown_spot (162).jpg,masks/train/brown_spot/brown_spot (162).jpg.png,train,brown_spot,18a3b664619064ebc62bbfab7eecbc7cb41dcea4cd1644923fb7e70ade483986,unreviewed,
train/brown_spot/brown_spot (164).jpg,masks/train/brown_spot/brown_spot (164).jpg.png,train,brown_spot,a74f325aaaaaf0ac7308be3942faf0dd369240075ed85dc5e433d1350edb4f8e,unreviewed,
train/brown_spot/brown_spot (165).jpg,masks/train/brown_spot/brown_spot (165).jpg.png,train,brown_spot,78439ca5b42a5635d3eff020d8db35e0c2229092a290a14fdf0d3d778e053153,unreviewed,
train/brown_spot/brown_spot (166).jpg,masks/train/brown_spot/brown_spot (166).jpg.png,train,brown_spot,976803cbf797169d1cbce924b514b891c15e2f0631c2853f128e24ff887c25e8,unreviewed,
train/brown_spot/brown_spot (167).JPG,masks/train/brown_spot/brown_spot (167).JPG.png,train,brown_spot,a693f788e0951f896e960bb9ac9551d11770c43cf9a5332112baf1c6ccab86e4,unreviewed,
train/brown_spot/brown_spot (168).JPG,masks/train/brown_spot/brown_spot (168).JPG.png,train,brown_spot,71433e6c15802d73db7fe5af3553eb46e6a0de0262e293d26837b0852ed259d7,unreviewed,
train/brown_spot/brown_spot (17).jpg,masks/train/brown_spot/brown_spot (17).jpg.png,train,brown_spot,8b3f7c4ba90aa8e9c22cb00acf2cbc74e23c8fe052d82adadc41e8425a71b2ce,unreviewed,
train/brown_spot/brown_spot (172).jpg,masks/train/brown_spot/brown_spot (172).jpg.png,train,brown_spot,30ece333537772f4a6d0e99715a3299574300443926e27628761e1ab0412d83a,unreviewed,
train/brown_spot/brown_spot (173).jpg,masks/train/brown_spot/brown_spot (173).jpg.png,train,brown_spot,6d0174a39f82c9ca277df35dd11d61a98a3ca438afff767b4e97e5e36dfa7a20,unreviewed,
train/brown_spot/brown_spot (174).jpg,masks/train/brown_spot/brown_spot (174).jpg.png,train,brown_spot,f328e5eac9617cf58d00ea2df1b0c6a79352555dce45a716b227570ad33118c9,unreviewed,
train/brown_spot/brown_spot (175).jpg,masks/train/brown_spot/brown_spot (175).jpg.png,train,brown_spot,05f2e480befbbcf61f4d776571c123361973ff42aa6bd670a92b21388feb4f2a,unreviewed,
train/brown_spot/brown_spot (176).jpg,masks/train/brown_spot/brown_spot (176).jpg.png,train,brown_spot,564b89245f49865abb82b338d5e76f0c654c0df68f5a4abe90399c96e1696126,unreviewed,
train/brown_spot/brown_spot (178).jpg,masks/train/brown_spot/brown_spot (178).jpg.png,train,brown_spot,d8e8764675b1b227839f2b67f262f185012da9e67969409dc4166cd7e23c2015,unreviewed,
train/brown_spot/brown_spot (179).jpg,masks/train/brown_spot/brown_spot (179).jpg.png,train,brown_spot,f80ff8c51e0e4b3d36430c3883e0d2065543d32f3e8cc55818d49cddd896d4a0,unreviewed,
train/brown_spot/brown_spot (18).jpg,masks/train/brown_spot/brown_spot (18).jpg.png,train,brown_spot,5520cdf85b07e526d175127e40e28b075bc2e1b6f5ca0ea6cb88933de4b120c8,unreviewed,
train/brown_spot/brown_spot (180).jpg,masks/train/brown_spot/brown_spot (180).jpg.png,train,brown_spot,025e9aec105ed86441a0f48ce75a7a3c69416bdf064fa354613eb2993a46e885,unreviewed,
train/brown_spot/brown_spot (181).jpg,masks/train/brown_spot/brown_spot (181).jpg.png,train,brown_spot,b7677b36e4b09c9bcdd63bcd5f3bb07993820de57dc5050117804bf56da84920,unreviewed,
train/brown_spot/brown_spot (183).jpg,masks/train/brown_spot/brown_spot (183).jpg.png,train,brown_spot,4a12b2297b945c87a6ef52633f0e46eceddd5f18f6a94edd5b765dafce534868,unreviewed,
train/brown_spot/brown_spot (184).jpg,masks/train/brown_spot/brown_spot (184).jpg.png,train,brown_spot,cbd7cdb36b0a4c0a7a8d04e534e7bab025e1708c9136f2e68c6afdbeb7013728,unreviewed,
train/brown_spot/brown_spot (185).jpg,masks/train/brown_spot/brown_spot (185).jpg.png,train,brown_spot,41cc890cdf049fd21d8c50d5e1e794f4f91163f8c7d80a8f26085459d2cf475a,unreviewed,
train/brown_spot/brown_spot (187).jpg,masks/train/brown_spot/brown_spot (187).jpg.png,train,brown_spot,a609434eb908e287de563ae0ef80f098cdcc521da4025ec27aedff343b96ca75,unreviewed,
train/brown_spot/brown_spot (188).jpg,masks/train/brown_spot/brown_spot (188).jpg.png,train,brown_spot,3330b6f082d260a47b0b462183c9c9eb4b3c461263e00830ad58309a55475221,unreviewed,
train/brown_spot/brown_spot (19).jpg,masks/train/brown_spot/brown_spot (19).jpg.png,train,brown_spot,2c6948327eb6b524cdf862986021c63a22090e69f960951c79476e8836ffc12e,unreviewed,
train/brown_spot/brown_spot (190).jpg,masks/train/brown_spot/brown_spot (190).jpg.png,train,brown_spot,54fb9d01028772dce354d6552e5c33d2af49f21b294fedd4f26f43dc87d4ecf8,unreviewed,
train/brown_spot/brown_spot (193).jpg,masks/train/brown_spot/brown_spot (193).jpg.png,train,brown_spot,eb3970ab2131391ad0cbc51b13cb3654947fe026a308d51a45b9d5bb38e597fc,unreviewed,
train/brown_spot/brown_spot (194).jpg,masks/train/brown_spot/brown_spot (194).jpg.png,train,brown_spot,81162656ffa9d32daac4a7df8fac28a3dec96288d7c186da53c63d5e523cf4ee,unreviewed,
train/brown_spot/brown_spot (197).jpg,masks/train/brown_spot/brown_spot (197).jpg.png,train,brown_spot,d5b43ee94dafe28cbc4e14e7e890f5ed9f95e37d346719f0fa38279db7654f4c,unreviewed,
train/brown_spot/brown_spot (2).jpg,masks/train/brown_spot/brown_spot (2).jpg.png,train,brown_spot,2dc86df3f48cc65ba7b237dedda456de87a4a4556a01fb50a2bee17fa618488b,unreviewed,
train/brown_spot/brown_spot (201).jpg,masks/train/brown_spot/brown_spot (201).jpg.png,train,brown_spot,c1d122069e0459e17fa8c7d322cde01cd411109e277dd5db94488420d774a3bf,unreviewed,
train/brown_spot/brown_spot (202).jpg,masks/train/brown_spot/brown_spot (202).jpg.png,train,brown_spot,aeac81292a4e0f6e82a42cdef0f1dfdc62cd7e652619ec1ed9214a9ba331e302,unreviewed,
train/brown_spot/brown_spot (203).jpg,masks/train/brown_spot/brown_spot (203).jpg.png,train,brown_spot,2337d5a50ce4cd5c9ea0e85198f566dfd1ae18436202f57aa456e805612f6b53,unreviewed,
train/brown_spot/brown_spot (204).jpg,masks/train/brown_spot/brown_spot (204).jpg.png,train,brown_spot,55ce0ec10aa576c24135a54c6b73b626edf2ffb64c2eaf57ebbd69c8617b9192,unreviewed,
train/brown_spot/brown_spot (205).jpg,masks/train/brown_spot/brown_spot (205).jpg.png,train,brown_spot,72be0d0c5b58b7d83eb91824448771f728905687246a4e8d32818d7ce58d3890,unreviewed,
train/brown_spot/brown_spot (208).jpg,masks/train/brown_spot/brown_spot (208).jpg.png,train,brown_spot,4129962b61e2b9736fc7447608a51260ba435fccd3eedb1a8af53b2ebde67d7a,unreviewed,
train/brown_spot/brown_spot (209).jpg,masks/train/brown_spot/brown_spot (209).jpg.png,train,brown_spot,cae59f53f00761a9332f01e2fdd7001341893b9dc29b62553b048f48b77b354d,unreviewed,
train/brown_spot/brown_spot (21).jpg,masks/train/brown_spot/brown_spot (21).jpg.png,train,brown_spot,f0ff01d3b290a6ba8eea4d3d08bbce5a8c9fa8badcc5b3c805063014c762bc87,unreviewed,
train/brown_spot/brown_spot (210).jpg,masks/train/brown_spot/brown_spot (210).jpg.png,train,brown_spot,751c001faf1250e574cea9a740f268bdad0a37a0cec746a07b26b0c7e2e09203,unreviewed,
train/brown_spot/brown_spot (211).JPG,masks/train/brown_spot/brown_spot (211).JPG.png,train,brown_spot,3b5c37dcb2a210278e86de4eb3a7b79bd38271cb0b1f181c7c7278a1aba3d5d5,unreviewed,
train/brown_spot/brown_spot (214).jpg,masks/train/brown_spot/brown_spot (214).jpg.png,train,brown_spot,601e25f72ad57ff0e943ad1487848af498d76e1e9895334e73648cf4ab1e0c5e,unreviewed,
train/brown_spot/brown_spot (215).jpg,masks/train/brown_spot/brown_spot (215).jpg.png,train,brown_spot,be3df55b016a64b7eb9ab394068706bb685230c226d57796bb456fc4109cf832,unreviewed,
train/brown_spot/brown_spot (217).JPG,masks/train/brown_spot/brown_spot (217).JPG.png,train,brown_spot,77cfc6cdbe7ad495b899bbb6b08071b55cacf7f0adb5433d5200d5e54fbda3c1,unreviewed,
train/brown_spot/brown_spot (218).JPG,masks/train/brown_spot/brown_spot (218).JPG.png,train,brown_spot,61fc654b1d4ac1e9d053dfefa17c308eaa690b292e0fff1cabab829d5cfe3960,unreviewed,
train/brown_spot/brown_spot (219).JPG,masks/train/brown_spot/brown_spot (219).JPG.png,train,brown_spot,3076dee65b8db07efa07b1be62853b23218adbcb028a8445d439315532004301,unreviewed,
train/brown_spot/brown_spot (22).jpg,masks/train/brown_spot/brown_spot (22).jpg.png,train,brown_spot,7876952473e79255c2ba77938c7bb0841f9f12e9080984f3aafaaf6e5139ce71,unreviewed,
train/brown_spot/brown_spot (221).JPG,masks/train/brown_spot/brown_spot (221).JPG.png,train,brown_spot,3c25f5f9a4a68c76ab9f2311844f1fb744037182f1e57974d0b102979b09a46d,unreviewed,
train/brown_spot/brown_spot (222).JPG,masks/train/brown_spot/brown_spot (222).JPG.png,train,brown_spot,c3a77a7729294b83609cc0ef12bd7b4d050bdad1dd57cd6f054152875f876b4b,unreviewed,
train/brown_spot/brown_spot (223).JPG,masks/train/brown_spot/brown_spot (223).JPG.png,train,brown_spot,8b38d2c34812fccd708f5bf7d0abb1a7277e93247bc5cd5445de886db29105ab,unreviewed,
train/brown_spot/brown_spot (226).JPG,masks/train/brown_spot/brown_spot (226).JPG.png,train,brown_spot,2f364b0280cd2a509cf2be7ea50899ca4a994d84f9318baac9e8abb85d10f847,unreviewed,
train/brown_spot/brown_spot (228).JPG,masks/train/brown_spot/brown_spot (228).JPG.png,train,brown_spot,60310d26cb7c91a314ad53b0e8e85290168a1a8a7a0d2665a1a60484aabf4dff,unreviewed,
train/brown_spot/brown_spot (229).JPG,masks/train/brown_spot/brown_spot (229).JPG.png,train,brown_spot,fc621e8619844435e2575d5d5f12194c3878733765325bdbe2ab394eff36cebb,unreviewed,
train/brown_spot/brown_spot (23).jpg,masks/train/brown_spot/brown_spot (23).jpg.png,train,brown_spot,61c446d8baa57a77594fa2d2f9f449d823eb832a31a3b42ff8d9b3d187929e2d,unreviewed,
train/brown_spot/brown_spot (232).JPG,masks/train/brown_spot/brown_spot (232).JPG.png,train,brown_spot,02171c84aaa296d7c993ced0df02703daae29df34501519469437276ce79bfc3,unreviewed,
train/brown_spot/brown_spot (233).JPG,masks/train/brown_spot/brown_spot (233).JPG.png,train,brown_spot,f4ae0e17074d77e33a1f41cea0d5054be97360f05148bc0257befb73b3366523,unreviewed,
train/brown_spot/brown_spot (235).jpg,masks/train/brown_spot/brown_spot (235).jpg.png,train,brown_spot,969080d2f037178e76bf9a9c0d0ce055db0d43e59ddeb8e59c962b9076ba42eb,unreviewed,
train/brown_spot/brown_spot (236).jpg,masks/train/brown_spot/brown_spot (236).jpg.png,train,brown_spot,5d135ccb182d8d1d8ced5c61d7e23eab653022e8d4d5472dc37220e3dc03c70f,unreviewed,
train/brown_spot/brown_spot (237).jpg,masks/train/brown_spot/brown_spot (237).jpg.png,train,brown_spot,c8a307ce0c3223769006064195d1c84a04f53f5c86a391c8729f2bcff9e52cfa,unreviewed,
train/brown_spot/brown_spot (239).jpg,masks/train/brown_spot/brown_spot (239).jpg.png,train,brown_spot,db41e9f5ecbcc248471243120efdd8316eaa575b2a0e6f4f4a13e85bcd57cece,unreviewed,
train/brown_spot/brown_spot (24).jpg,masks/train/brown_spot/brown_spot (24).jpg.png,train,brown_spot,5307afbfe2976a5cb16a66d0d79901bd1894936b6d8c25fecede81bac185a99a,unreviewed,
train/brown_spot/brown_spot (240).jpg,masks/train/brown_spot/brown_spot (240).jpg.png,train,brown_spot,e7f978a4fb270f0a916447e2ee3f69d8f7ee4b39a5c8672476f32f96fd9a0f09,unreviewed,
train/brown_spot/brown_spot (241).jpg,masks/train/brown_spot/brown_spot (241).jpg.png,train,brown_spot,2467b16e97685b4259213a6fe3c4265760bebfe63e83b802ba5ca39813ae160b,unreviewed,
train/brown_spot/brown_spot (242).jpg,masks/train/brown_spot/brown_spot (242).jpg.png,train,brown_spot,df7cd469956036b06aae620df356ea13ee6e05126704927dfe61c7d00b1e158a,unreviewed,
train/brown_spot/brown_spot (243).jpg,masks/train/brown_spot/brown_spot (243).jpg.png,train,brown_spot,4d8501cfddd4c3eeba9a078976e009f9c8f1ef35a3f8d9258bafa2836f80acec,unreviewed,
train/brown_spot/brown_spot (246).jpg,masks/train/brown_spot/brown_spot (246).jpg.png,train,brown_spot,adac3dc7361aab40cb96438c1a771de64644208e606d86d23ec6cc05f4d34824,unreviewed,
train/brown_spot/brown_spot (256).jpg,masks/train/brown_spot/brown_spot (256).jpg.png,train,brown_spot,45b7903a9908a89f06b3a3bf1c6ceca77fb5f98393125cd219ff4854e3c0566d,unreviewed,
train/brown_spot/brown_spot (259).jpg,masks/train/brown_spot/brown_spot (259).jpg.png,train,brown_spot,f83a7f50696a6f7853fb400e7b4edc808f2869054ad9da9eb6ba3d07218ebbbf,unreviewed,
train/brown_spot/brown_spot (26).jpg,masks/train/brown_spot/brown_spot (26).jpg.png,train,brown_spot,cbfe0e4d264038b82140da35ff8a8f1a9602d9ae456d54d1b4330d64d8cf76fd,unreviewed,
train/brown_spot/brown_spot (260).jpg,masks/train/brown_spot/brown_spot (260).jpg.png,train,brown_spot,5ac1858136a55f3d085cd41c7f09ee9d49af8dd327ed377265530663d004ba69,unreviewed,
train/brown_spot/brown_spot (261).jpg,masks/train/brown_spot/brown_spot (261).jpg.png,train,brown_spot,55b5ea3925ed266fbf9d3439bc52a677216c581683f4c130515f321ace78e9a2,unreviewed,
train/brown_spot/brown_spot (262).jpg,masks/train/brown_spot/brown_spot (262).jpg.png,train,brown_spot,2d69213a1158119c2d82cb8f0a319a1bdbb278683f229c8de7c4f53ad04a89c3,unreviewed,
train/brown_spot/brown_spot (263).jpg,masks/train/brown_spot/brown_spot (263).jpg.png,train,brown_spot,9ea7fefd22415fedf492fbe859264c016df83c203808d4d9b037fbb50715a595,unreviewed,
train/brown_spot/brown_spot (264).jpg,masks/train/brown_spot/brown_spot (264).jpg.png,train,brown_spot,607c0f480a711af3bb05df5a29678191c1eb1ce255ee3fd64cf584284b6151e9,unreviewed,
train/brown_spot/brown_spot (265).jpg,masks/train/brown_spot/brown_spot (265).jpg.png,train,brown_spot,503c4b62deef2d4976f113c12361bc6ee8ec892f30e8139a53f9a5d343ccb82d,unreviewed,
train/brown_spot/brown_spot (267).jpg,masks/train/brown_spot/brown_spot (267).jpg.png,train,brown_spot,5b70f1293a763550a5673d48f0ef48910b736bf12f697af845998b41d908522e,unreviewed,
train/brown_spot/brown_spot (268).jpg,masks/train/brown_spot/brown_spot (268).jpg.png,train,brown_spot,8c07992f12b94c4a426788977d90646690102088ad0a585be0597b8e03ca04c1,unreviewed,
train/brown_spot/brown_spot (269).jpg,masks/train/brown_spot/brown_spot (269).jpg.png,train,brown_spot,1c85e07ba3663bc478ae95632ea54590325abbf80057552fa2716849f73cff86,unreviewed,
train/brown_spot/brown_spot (270).jpg,masks/train/brown_spot/brown_spot (270).jpg.png,train,brown_spot,f8eba0226830a8a35323af3d2583976a67b57004caa3786c9210cdbe25f04a2e,unreviewed,
train/brown_spot/brown_spot (271).jpg,masks/train/brown_spot/brown_spot (271).jpg.png,train,brown_spot,a0084f0e0b5e612b0b0d1e2735d19001749c76bb9b033a2c261327ada49c1b85,unreviewed,
train/brown_spot/brown_spot (274).jpg,masks/train/brown_spot/brown_spot (274).jpg.png,train,brown_spot,c0142d3b4e186021b3f691ccc183e2e48c72872bf4e178480da94e78dba573e7,unreviewed,
train/brown_spot/brown_spot (275).jpg,masks/train/brown_spot/brown_spot (275).jpg.png,train,brown_spot,8e095a632a2062d8400e802f8882a2f8d0018ea507d870feefd512a669d0e968,unreviewed,
train/brown_spot/brown_spot (28).jpg,masks/train/brown_spot/brown_spot (28).jpg.png,train,brown_spot,a5886c7db194fe09d39658d0e4b02df08ef9d141a0f911e2170989d54a8ca7b4,unreviewed,
train/brown_spot/brown_spot (280).jpg,masks/train/brown_spot/brown_spot (280).jpg.png,train,brown_spot,351151314680db5d3bad877961145fd29bf3e9c793f9ae005773a4110ff30fa3,unreviewed,
train/brown_spot/brown_spot (281).jpg,masks/train/brown_spot/brown_spot (281).jpg.png,train,brown_spot,95461a81119bd1e6131b006912c51f6a365499a843e2a29ba3f6958244444828,unreviewed,
train/brown_spot/brown_spot (282).jpg,masks/train/brown_spot/brown_spot (282).jpg.png,train,brown_spot,c6bf7fcc0969a7c4f3e253f760f43410b39665af7bdd6872bec392f05a2251a7,unreviewed,
train/brown_spot/brown_spot (283).jpg,masks/train/brown_spot/brown_spot (283).jpg.png,train,brown_spot,f4baa3f6424f303ef531488816e7994b43219666dd59d2c1bc702bd97f153b2d,unreviewed,
train/brown_spot/brown_spot (284).jpg,masks/train/brown_spot/brown_spot (284).jpg.png,train,brown_spot,3bed36fb77b7c9a5a2fe8c387489696946674c073da9e2acfe253fa4fdc4cf5f,unreviewed,
train/brown_spot/brown_spot (293).jpg,masks/train/brown_spot/brown_spot (293).jpg.png,train,brown_spot,d5899b2b95175de400109cdcbaca7ae93c26781ba926075f165137b2f05c028c,unreviewed,
train/brown_spot/brown_spot (295).jpg,masks/train/brown_spot/brown_spot (295).jpg.png,train,brown_spot,18bb2a3200df0c29747df3bd685bfc9ed98a2c6901ee5aeba0659109d19a3c12,unreviewed,
train/brown_spot/brown_spot (299).jpg,masks/train/brown_spot/brown_spot (299).jpg.png,train,brown_spot,16eaa9b4c589df3bd3d590e562e9de30578db875548a404df6a2e792bba8ddbd,unreviewed,
train/brown_spot/brown_spot (300).jpg,masks/train/brown_spot/brown_spot (300).jpg.png,train,brown_spot,2e8ecf313e16e976cb8de6a39fbc9529943bd1909b22180ece913cc1deae0f8c,unreviewed,
train/brown_spot/brown_spot (301).jpg,masks/train/brown_spot/brown_spot (301).jpg.png,train,brown_spot,dc31bd40dd35556067d025d2a32dd6b80159887d25155ae8e1e0ac5b42946f64,unreviewed,
train/brown_spot/brown_spot (302).jpg,masks/train/brown_spot/brown_spot (302).jpg.png,train,brown_spot,0911924b1a69e9876a05b5fd8fdaba37285adec9c63373402e7e1f98ed5aa3a8,unreviewed,
train/brown_spot/brown_spot (304).jpg,masks/train/brown_spot/brown_spot (304).jpg.png,train,brown_spot,156c3ef3ceb4c6d1221041e4abdd2090171f5ab6227e3d32a6c2dc9f8881376c,unreviewed,
train/brown_spot/brown_spot (305).jpg,masks/train/brown_spot/brown_spot (305).jpg.png,train,brown_spot,ee8838f754686b85bdf8fcd40ead6abf58b6434deee1c60da076f2af988003fb,unreviewed,
train/brown_spot/brown_spot (307).jpg,masks/train/brown_spot/brown_spot (307).jpg.png,train,brown_spot,9d5d682a1591dd5b25a929276a8818bab7724796fa2b455db11caac68e534505,unreviewed,
train/brown_spot/brown_spot (308).jpg,masks/train/brown_spot/brown_spot (308).jpg.png,train,brown_spot,1210872855caf3cece8f5cfa74aae42251ff545d5258ca9123f2621659bd45fd,unreviewed,
train/brown_spot/brown_spot (309).jpg,masks/train/brown_spot/brown_spot (309).jpg.png,train,brown_spot,82dbe2524986bf7d695ad08f4441ab4a3f13a80d6f57f18a5a51004c86715739,unreviewed,
train/brown_spot/brown_spot (311).jpg,masks/train/brown_spot/brown_spot (311).jpg.png,train,brown_spot,4734b7e516277e3ece5bb184c40a8e2aea686740b6224b2928c6db5a5f4b30ab,unreviewed,
train/brown_spot/brown_spot (313).jpg,masks/train/brown_spot/brown_spot (313).jpg.png,train,brown_spot,9c6574d8a1346c86334d42ad41fd48c8799a3b9dd93983752812eb598ec75c27,unreviewed,
train/brown_spot/brown_spot (314).jpg,masks/train/brown_spot/brown_spot (314).jpg.png,train,brown_spot,cc3e39239d935038441a5a5027ca83287d1385274da56ecbf82c083e343a45bd,unreviewed,
train/brown_spot/brown_spot (315).jpg,masks/train/brown_spot/brown_spot (315).jpg.png,train,brown_spot,4dfc0addc88877e2188983d441ae058a5d74a04fd222fceda1e9f985917354f1,unreviewed,
train/brown_spot/brown_spot (317).jpg,masks/train/brown_spot/brown_spot (317).jpg.png,train,brown_spot,a54488ab0eb404d0a18b3dfa54032ab018340a1dcad2e958545363b3768039e1,unreviewed,
train/brown_spot/brown_spot (32).jpg,masks/train/brown_spot/brown_spot (32).jpg.png,train,brown_spot,1247ba641023b77f6817c20fff115fee1589fde3ac884524cc9f076b0462931e,unreviewed,
train/brown_spot/brown_spot (321).jpg,masks/train/brown_spot/brown_spot (321).jpg.png,train,brown_spot,1a155d34b230097c71dcf5b75f62bfa8c57bd1805acc0367c1da2ab1d105eb13,unreviewed,
train/brown_spot/brown_spot (322).jpg,masks/train/brown_spot/brown_spot (322).jpg.png,train,brown_spot,b7c26cf6d26d1070fbaca3fc73899dff73edab7e5b5b403569d07167e477698c,unreviewed,
train/brown_spot/brown_spot (325).jpg,masks/train/brown_spot/brown_spot (325).jpg.png,train,brown_spot,8a73cdb1edb7e131924fabe2a32e433b1f7da5ac783b36d8cc8394617acf0b6e,unreviewed,
train/brown_spot/brown_spot (327).jpg,masks/train/brown_spot/brown_spot (327).jpg.png,train,brown_spot,8e6413f7ab329747ef1716aad028d233f873595a497951ff003dd20b72dacc15,unreviewed,
train/brown_spot/brown_spot (329).jpg,masks/train/brown_spot/brown_spot (329).jpg.png,train,brown_spot,cfc8b6912f3ac37ecf8d32bad0aa17729e83a04ff33620b8356a8745509d9ee8,unreviewed,
train/brown_spot/brown_spot (33).jpg,masks/train/brown_spot/brown_spot (33).jpg.png,train,brown_spot,6383d1acc88200311579229f29c4c69858bd27c231606ebc022034f1bc1567ba,unreviewed,
train/brown_spot/brown_spot (330).jpg,masks/train/brown_spot/brown_spot (330).jpg.png,train,brown_spot,6a2349569683c098290141e3890796e77cb0b7666c57bf08f7fa50e7ed0b577c,unreviewed,
train/brown_spot/brown_spot (331).jpg,masks/train/brown_spot/brown_spot (331).jpg.png,train,brown_spot,a21a7e7423e7685964a67c408c8759bdab7e79e98b3c0d73a527312c4c2b55e7,unreviewed,
train/brown_spot/brown_spot (332).jpg,masks/train/brown_spot/brown_spot (332).jpg.png,train,brown_spot,ba6780b2aecedd4941b1a875075de862bbfb97226346b89300b341590789fc9e,unreviewed,
train/brown_spot/brown_spot (334).jpg,masks/train/brown_spot/brown_spot (334).jpg.png,train,brown_spot,0a604e91af2ded9765731f37b7a670eda8fff5454b483a6e957c330a9c47fc4e,unreviewed,
train/brown_spot/brown_spot (335).jpg,masks/train/brown_spot/brown_spot (335).jpg.png,train,brown_spot,2d7619132c7ba51651131b414eb3051e115c0d0066c7b60ef9fdb5afea374c7d,unreviewed,
train/brown_spot/brown_spot (339).jpg,masks/train/brown_spot/brown_spot (339).jpg.png,train,brown_spot,2f1bff0871ed9f6ce2a5dbb958d4a9530df1aeb2173dffab94f9a6bd3135716a,unreviewed,
train/brown_spot/brown_spot (340).jpg,masks/train/brown_spot/brown_spot (340).jpg.png,train,brown_spot,5cd7e4c425ef21f28964b5abd246571ce546d4eb1fc2fef3d356dbaaf882f619,unreviewed,
train/brown_spot/brown_spot (341).JPG,masks/train/brown_spot/brown_spot (341).JPG.png,train,brown_spot,9cb54763e5994214f26953f1944c73da071e2416becb489d8388f4053535edf7,unreviewed,
train/brown_spot/brown_spot (342).JPG,masks/train/brown_spot/brown_spot (342).JPG.png,train,brown_spot,f1490d880560a51f349480fcf6d837593fc95ec0205de43502b57d287d24433b,unreviewed,
train/brown_spot/brown_spot (344).JPG,masks/train/brown_spot/brown_spot (344).JPG.png,train,brown_spot,43e0d259c9b6b1bed4164b6fde8e9d61f5d990c7783f37b0aea99806e465116c,unreviewed,
train/brown_spot/brown_spot (346).JPG,masks/train/brown_spot/brown_spot (346).JPG.png,train,brown_spot,883545498d345dc812896081fb5c6b4fc3348a61a888e3f07696b394d4903c15,unreviewed,
train/brown_spot/brown_spot (347).JPG,masks/train/brown_spot/brown_spot (347).JPG.png,train,brown_spot,8218cb8d9ae416b95ae6977f580049a8893c0471d20209d2bbe733a271d3d52e,unreviewed,
train/brown_spot/brown_spot (348).JPG,masks/train/brown_spot/brown_spot (348).JPG.png,train,brown_spot,0f10129452ce89471bcea6cbe9ba4608795b52572888c642c377fae90a8d30d2,unreviewed,
train/brown_spot/brown_spot (349).JPG,masks/train/brown_spot/brown_spot (349).JPG.png,train,brown_spot,616d2773e33013eedee49c0a78ef5f4242d4e33203e77f5e1c34a0f685574167,unreviewed,
train/brown_spot/brown_spot (35).jpg,masks/train/brown_spot/brown_spot (35).jpg.png,train,brown_spot,4f3694bb4567dcb460b29080712b1d281ce7cea453d90979fd131e5f24300656,unreviewed,
train/brown_spot/brown_spot (350).jpg,masks/train/brown_spot/brown_spot (350).jpg.png,train,brown_spot,3e3b5da2601b43c80ba0b6bad75a414f5f90f58dd5fface619fb6ed8db1ebf3a,unreviewed,
train/brown_spot/brown_spot (36).jpg,masks/train/brown_spot/brown_spot (36).jpg.png,train,brown_spot,aafce5341518f30bd1d5917148378d277147f26b5926337f6d2ca18f216c8469,unreviewed,
train/brown_spot/brown_spot (37).jpg,masks/train/brown_spot/brown_spot (37).jpg.png,train,brown_spot,0105b8e584b7fe134bef95a2af0b72067bc50821f153788d5db85b28803a82bb,unreviewed,
train/brown_spot/brown_spot (4).jpg,masks/train/brown_spot/brown_spot (4).jpg.png,train,brown_spot,86c1909a6ae8d2ccf5c26dc10edf9c87fe6aa1ce74000c83aa27d9f6c856d601,unreviewed,
train/brown_spot/brown_spot (40).jpg,masks/train/brown_spot/brown_spot (40).jpg.png,train,brown_spot,b3593a03735894b318418cc43ea3dc5d47254266bd564af37940c46f9b5fd46f,unreviewed,
train/brown_spot/brown_spot (41).jpg,masks/train/brown_spot/brown_spot (41).jpg.png,train,brown_spot,635f496d1c2dc6e062829b381110cb90fd2f2d83216a737df3a564bc6b831117,unreviewed,
train/brown_spot/brown_spot (43).jpg,masks/train/brown_spot/brown_spot (43).jpg.png,train,brown_spot,4de5b183e80f8140a7af0190fda7596053a1360cc71978810020897851869519,unreviewed,
train/brown_spot/brown_spot (47).jpg,masks/train/brown_spot/brown_spot (47).jpg.png,train,brown_spot,ce2acbbb0eb85bfdf93e3d6a304d9f3eae3beffdf524b69d425f3afdfeb95268,unreviewed,
train/brown_spot/brown_spot (48).jpg,masks/train/brown_spot/brown_spot (48).jpg.png,train,brown_spot,7ba56893312f8c938a917b05f1594abb42bf40ae45d84101afff960f113002a6,unreviewed,
train/brown_spot/brown_spot (50).jpg,masks/train/brown_spot/brown_spot (50).jpg.png,train,brown_spot,8382428d26239b8526aeedc4a3e7f8e0e870a86dc289adfc3a7745c194595d74,unreviewed,
train/brown_spot/brown_spot (53).jpg,masks/train/brown_spot/brown_spot (53).jpg.png,train,brown_spot,2ef9e5ae7143c974a9d34bed2841fef7895038e40c73f421f780e140a5d64f81,unreviewed,
train/brown_spot/brown_spot (54).jpg,masks/train/brown_spot/brown_spot (54).jpg.png,train,brown_spot,f6f59513842d7ca791080bfec55f3d577423d242ecb40f1239faf99f3be587e7,unreviewed,
train/brown_spot/brown_spot (56).jpg,masks/train/brown_spot/brown_spot (56).jpg.png,train,brown_spot,ea7e7836ea0c0550b2a93ed5ff13029088a96ea8971cab9481bd1b30bce8a2c1,unreviewed,
train/brown_spot/brown_spot (58).jpg,masks/train/brown_spot/brown_spot (58).jpg.png,train,brown_spot,0e1c3ae4211f3690228a5a430836b9a52b60f2af321140e9c852f8ee8d38737d,unreviewed,
train/brown_spot/brown_spot (59).jpg,masks/train/brown_spot/brown_spot (59).jpg.png,train,brown_spot,8ced9bda126be3ed31e672988ebdd4ec0feb589988715f1d129435d69813fcef,unreviewed,
train/brown_spot/brown_spot (60).jpg,masks/train/brown_spot/brown_spot (60).jpg.png,train,brown_spot,2c7fad301ce72af1553afd8327461c309795da0c0f0769952f2a34eca8fa0ce2,unreviewed,
train/brown_spot/brown_spot (63).jpg,masks/train/brown_spot/brown_spot (63).jpg.png,train,brown_spot,300471198ff95b3c61ecbb2b001deaff6a0cd5f71aa7c5fc5b4ac3296fe8fbe0,unreviewed,
train/brown_spot/brown_spot (65).jpg,masks/train/brown_spot/brown_spot (65).jpg.png,train,brown_spot,f7e6935aa16655976bca93799b1ffa7ed54d9be442571eb1bfe2b338eb322163,unreviewed,
train/brown_spot/brown_spot (67).jpg,masks/train/brown_spot/brown_spot (67).jpg.png,train,brown_spot,4ba26661ac29a21ca8754ccafdd468f9e716eeef8f7159a11ee73902c21d05b5,unreviewed,
train/brown_spot/brown_spot (68).jpg,masks/train/brown_spot/brown_spot (68).jpg.png,train,brown_spot,ceaeb06903d3c7b3f6f515e0c2c173839d34f2afb7f3cdc3158ee4535e04009b,unreviewed,
train/brown_spot/brown_spot (69).jpg,masks/train/brown_spot/brown_spot (69).jpg.png,train,brown_spot,828b47f11fac790e877f030defb8464ec716799082ec9cdd7ee82049d346b99b,unreviewed,
train/brown_spot/brown_spot (72).jpg,masks/train/brown_spot/brown_spot (72).jpg.png,train,brown_spot,5c33be980bdead25b70a2b2051d09a13d5a4a8ce2a044d860b30905e55cb3923,unreviewed,
train/brown_spot/brown_spot (73).jpg,masks/train/brown_spot/brown_spot (73).jpg.png,train,brown_spot,1f794c428ea62682a83375ab39dc3f845c44da2a0af6ea498a7a892633acf101,unreviewed,
train/brown_spot/brown_spot (75).jpg,masks/train/brown_spot/brown_spot (75).jpg.png,train,brown_spot,72b785c4d27978f29a35f0e36cdeb283e1d8704307ed91640d2561861aa4c9c3,unreviewed,
train/brown_spot/brown_spot (76).jpg,masks/train/brown_spot/brown_spot (76).jpg.png,train,brown_spot,5340c23853514ccf32f49059af576e56889646eeb60433145581e97be5498ffc,unreviewed,
train/brown_spot/brown_spot (77).jpg,masks/train/brown_spot/brown_spot (77).jpg.png,train,brown_spot,f867fc73394e5a155a39566b565c7cff1fa79fc41481b7f7cbdbeba8853b280d,unreviewed,
train/brown_spot/brown_spot (78).jpg,masks/train/brown_spot/brown_spot (78).jpg.png,train,brown_spot,acb85865af36399099d7dc5a5cb66c05d8bea3def0a26133eaa1e472395c66e5,unreviewed,
train/brown_spot/brown_spot (79).jpg,masks/train/brown_spot/brown_spot (79).jpg.png,train,brown_spot,6ddfbc0404a22b47751b3d5f4f9be8b2ad1721e363ede3946a675ead86f36c92,unreviewed,
train/brown_spot/brown_spot (80).jpg,masks/train/brown_spot/brown_spot (80).jpg.png,train,brown_spot,99efc95bbc19ae06a541631b48b81f5ee820e52fe769d1552779591e94d3e737,unreviewed,
train/brown_spot/brown_spot (81).jpg,masks/train/brown_spot/brown_spot (81).jpg.png,train,brown_spot,b4503b003cfebea5360b1473badf7d936ab99aedd0002224eb8dd6c794deb401,unreviewed,
train/brown_spot/brown_spot (84).jpg,masks/train/brown_spot/brown_spot (84).jpg.png,train,brown_spot,8173f02d2f827b03716b07cbc1277a8e0943db99f492dea70f219a557116d13d,unreviewed,
train/brown_spot/brown_spot (85).jpg,masks/train/brown_spot/brown_spot (85).jpg.png,train,brown_spot,b1cf17972668b0422d06f822cb459a73ac7475b685911b8601421be7213528a3,unreviewed,
train/brown_spot/brown_spot (86).jpg,masks/train/brown_spot/brown_spot (86).jpg.png,train,brown_spot,df99c6a33b51e635085acf0da6aa759814b61ea606bfec60b08acc9f602a75e8,unreviewed,
train/brown_spot/brown_spot (87).jpg,masks/train/brown_spot/brown_spot (87).jpg.png,train,brown_spot,0abf4c80fff04f3b211691c2edc1a6a9bb5db7caaa2cf182d9f8e026d248a115,unreviewed,
train/brown_spot/brown_spot (88).jpg,masks/train/brown_spot/brown_spot (88).jpg.png,train,brown_spot,e2ce8c366b99c47da7d3b1319d36db206f0590005886f221085c05c304857ef3,unreviewed,
train/brown_spot/brown_spot (9).jpg,masks/train/brown_spot/brown_spot (9).jpg.png,train,brown_spot,9677f7152681a9f235d47db70049a0f3403d5569307a0f7c35c68703956fc3ad,unreviewed,
train/brown_spot/brown_spot (90).jpg,masks/train/brown_spot/brown_spot (90).jpg.png,train,brown_spot,3774f9cd3ad8efb8e63dc75bcada4ce6875a528c0c19ca733141bbd1bf30134e,unreviewed,
train/brown_spot/brown_spot (91).jpg,masks/train/brown_spot/brown_spot (91).jpg.png,train,brown_spot,14ba1f9ee20c7f74aa9987cc8c3cfcba4be56e29bd7572f3294197d3cb559dfd,unreviewed,
train/brown_spot/brown_spot (97).jpg,masks/train/brown_spot/brown_spot (97).jpg.png,train,brown_spot,858b4f7a780c9a27bef809a8e2cae42fd3fd8d92b01300ae6a227b1ab255c131,unreviewed,
train/healthy/healthy (100).jpg,masks/train/healthy/healthy (100).jpg.png,train,healthy,196f02f33e7cb36d1480054bbf1d98a82e9814b3bd761894dd78a336f41f340d,unreviewed,
train/healthy/healthy (101).jpg,masks/train/healthy/healthy (101).jpg.png,train,healthy,08028afb4567cac2c53ac844b3a8f280c5e982cff632f8347a285b5014083bdd,unreviewed,
train/healthy/healthy (102).jpg,masks/train/healthy/healthy (102).jpg.png,train,healthy,48e7a8820a27611c6bd5b7e99015b514be51350db28bcd13e4adad14795dea86,unreviewed,
train/healthy/healthy (105).jpg,masks/train/healthy/healthy (105).jpg.png,train,healthy,337142f8f67c2b39c1f1e9a514a6401d373d28a10234d81c48271352381f11b9,unreviewed,
train/healthy/healthy (106).jpg,masks/train/healthy/healthy (106).jpg.png,train,healthy,3df72294a3c11b43d51b2c2b02a98b40daffe97bea2af5ce9a2fb103f2c986af,unreviewed,
train/healthy/healthy (107).jpg,masks/train/healthy/healthy (107).jpg.png,train,healthy,503330b764a29164c4be2f3bbf5d2a0b1fb0cdce59f6b0decd275c8cc6c8c069,unreviewed,
train/healthy/healthy (11).jpg,masks/train/healthy/healthy (11).jpg.png,train,healthy,5750fe70042ac57af2e9ca79469054ba0cb26812ea1f10fe70d741fe4d44c30a,unreviewed,
train/healthy/healthy (110).jpg,masks/train/healthy/healthy (110).jpg.png,train,healthy,5ec75cbafa40c721e39f87932cbf55e000dda491f1142d2df60595a0e7d538da,unreviewed,
train/healthy/healthy (111).jpg,masks/train/healthy/healthy (111).jpg.png,train,healthy,3f2a29b5676f28d92b5753e5c711ec4b293321a359969bcf08cf49b731e03a93,unreviewed,
train/healthy/healthy (113).jpg,masks/train/healthy/healthy (113).jpg.png,train,healthy,863aec1b2a9f942d5dd70b7fc8e0be726165d965670f0d103f2a182a7274f2e6,unreviewed,
train/healthy/healthy (114).jpg,masks/train/healthy/healthy (114).jpg.png,train,healthy,a870e6900fb1e0bbc357f2cd0b8455e475675a9ce00ad2dbf8775c8f0656b273,unreviewed,
train/healthy/healthy (115).jpg,masks/train/healthy/healthy (115).jpg.png,train,healthy,5fb3db4b91a71b117d2dd7e2ad607575b0f51becb4b493e961e14460ad8102e8,unreviewed,
train/healthy/healthy (118).jpg,masks/train/healthy/healthy (118).jpg.png,train,healthy,84804ef0ad5144943aebb73d146665742a59cdc88331be962009bfd61d355dca,unreviewed,
train/healthy/healthy (119).jpg,masks/train/healthy/healthy (119).jpg.png,train,healthy,02c55615a264deba3ad8e038b857f4c34b790e8eed7847be6c5b512bb78d8663,unreviewed,
train/healthy/healthy (12).jpg,masks/train/healthy/healthy (12).jpg.png,train,healthy,1cd0b9d492ba9b23c198123e2636ef3037ee72e991155836ec3344155400276a,unreviewed,
train/healthy/healthy (120).jpg,masks/train/healthy/healthy (120).jpg.png,train,healthy,ed0fa97caa6442bd8e9abc882ed6b49e8935ddf074bd5c877e1cfef26ba70ffd,unreviewed,
train/healthy/healthy (122).jpg,masks/train/healthy/healthy (122).jpg.png,train,healthy,5949868270ee3a611e89f4050473c369798c5185984889bb86701d87f3ba6c57,unreviewed,
train/healthy/healthy (123).jpg,masks/train/healthy/healthy (123).jpg.png,train,healthy,08aef2e8bab6cf6f19953dbea02c082bd0cb68cebb7fce238f7bd9060c293fae,unreviewed,
train/healthy/healthy (124).jpg,masks/train/healthy/healthy (124).jpg.png,train,healthy,55a4cf6c717b536ed7ec9d1ffc9f1979ea3d7f5024f8ced0f9111d08c879ab5e,unreviewed,
train/healthy/healthy (125).jpg,masks/train/healthy/healthy (125).jpg.png,train,healthy,406081d88c34524996c50cb9f4832af57046c074a61fde3573ea12b62d8dcc34,unreviewed,
train/healthy/healthy (126).jpg,masks/train/healthy/healthy (126).jpg.png,train,healthy,e67f265143ec7d4ea7b7cd2d49afaa3e0b9bd2ca6cdaa509370b1cf1db072693,unreviewed,
train/healthy/healthy (127).jpg,masks/train/healthy/healthy (127).jpg.png,train,healthy,a082ce55490b8dda185e4932d7d5b9f2247fe14c1370bc258e1f3ace6e7cf4a5,unreviewed,
train/healthy/healthy (128).jpg,masks/train/healthy/healthy (128).jpg.png,train,healthy,41cc79b7b32c3dbe73f1c02c33113adb35b1525de5b0739749fe2d6416656212,unreviewed,
train/healthy/healthy (129).jpg,masks/train/healthy/healthy (129).jpg.png,train,healthy,f626a5ae1a6f13d5eb712852d59ea44be9d6a4f6a5992e82f8aab7f1b89e6074,unreviewed,
train/healthy/healthy (13).jpg,masks/train/healthy/healthy (13).jpg.png,train,healthy,c4332e4c340c5be8ab2c5bf6566da99c12aafb1535022652609da2f6bb113537,unreviewed,
train/healthy/healthy (130).jpg,masks/train/healthy/healthy (130).jpg.png,train,healthy,d48dce5d8435f7212d8c9aa90bf8c8fa809395f2032ddcb75c404f7a70f1f9e5,unreviewed,
train/healthy/healthy (133).jpg,masks/train/healthy/healthy (133).jpg.png,train,healthy,29e182ed1609a535fd6792f793dcfaa750a75399caf8c20530ce40b5f1236c30,unreviewed,
train/healthy/healthy (135).jpg,masks/train/healthy/healthy (135).jpg.png,train,healthy,5ccae3ea1a7bb28c7b7ecfa668367053f0747976134f501bb54c30ecd8b5dfb7,unreviewed,
train/healthy/healthy (138).jpg,masks/train/healthy/healthy (138).jpg.png,train,healthy,be1c0943e5c1323437005d7d5d3b96affe23acfaf67461f0e57502245224322c,unreviewed,
train/healthy/healthy (139).jpg,masks/train/healthy/healthy (139).jpg.png,train,healthy,c519b7198be4f30dea5700f3a2c4715a0980f50e53f5cae2296aa62d53ecdab8,unreviewed,
train/healthy/healthy (14).jpg,masks/train/healthy/healthy (14).jpg.png,train,healthy,50c7ad6b26ce27016ecdf0883b096d44efc8ddda3c06dcdf2b3cd122a9194289,unreviewed,
train/healthy/healthy (140).jpg,masks/train/healthy/healthy (140).jpg.png,train,healthy,5c614e3323dfdc2ee6c4dc6e9dd7c72ffe9f945d3df179425c3a8ad160d33fe4,unreviewed,
train/healthy/healthy (141).jpg,masks/train/healthy/healthy (141).jpg.png,train,healthy,38af90c85e5e9344981ffef920d491eeb8c86a033eb6650b7d4e83a0a314b2b7,unreviewed,
train/healthy/healthy (144).jpg,masks/train/healthy/healthy (144).jpg.png,train,healthy,8699122c6c3926a4ec6407b7388cb049a42917904f05d3dcd0bbe78eb550d8d2,unreviewed,
train/healthy/healthy (148).jpg,masks/train/healthy/healthy (148).jpg.png,train,healthy,46032e68a2cadfc98083982d8525ad2cebd2697091514e3831624191e1d354b8,unreviewed,
train/healthy/healthy (149).jpg,masks/train/healthy/healthy (149).jpg.png,train,healthy,5233946b26d5bf3bc0f742d145b8ddfdecbbe4402e03039c6c3ec240e9ce274e,unreviewed,
train/healthy/healthy (15).jpg,masks/train/healthy/healthy (15).jpg.png,train,healthy,bfc6c05167a0064ed8da6d0bf50915cf0d5ab19f42478d3ff2ad358163e8b0f8,unreviewed,
train/healthy/healthy (151).jpg,masks/train/healthy/healthy (151).jpg.png,train,healthy,74c5844a94dddf93e97cf57351770e4213f5bfbadf3509b9af56c011bede585d,unreviewed,
train/healthy/healthy (153).jpg,masks/train/healthy/healthy (153).jpg.png,train,healthy,647e4be737328f2238a3480b5334864fb58ec052e87c8b9c8b660a011fb2123d,unreviewed,
train/healthy/healthy (155).jpg,masks/train/healthy/healthy (155).jpg.png,train,healthy,ccf1a3edb6fe28b5f192dd641af8e9b5bef19c0d7698a2d9523969b18139faaf,unreviewed,
train/healthy/healthy (156).jpg,masks/train/healthy/healthy (156).jpg.png,train,healthy,d907f2c42e7a6b952eabda63a48655bba1c370fc746a3d28d66facf0b88abac0,unreviewed,
train/healthy/healthy (157).jpg,masks/train/healthy/healthy (157).jpg.png,train,healthy,f7a710b26a876ce41003eba2f0e7a3dc884177fc778422c149e2c0c4d0b97266,unreviewed,
train/healthy/healthy (158).jpg,masks/train/healthy/healthy (158).jpg.png,train,healthy,686053acb30d90445ef8d5838f2ed20726d44697fdfa84de4b24b12ac264ae0f,unreviewed,
train/healthy/healthy (16).jpg,masks/train/healthy/healthy (16).jpg.png,train,healthy,4a0e92b15c78227e4f641ec25c5b22c34537ef1bf2a55484cf4bd15e0f712f0d,unreviewed,
train/healthy/healthy (160).jpg,masks/train/healthy/healthy (160).jpg.png,train,healthy,adf5cdd6dab9f562e9cee54b0836a93bfb5946f5b257633bbe5203397c61281e,unreviewed,
train/healthy/healthy (161).jpg,masks/train/healthy/healthy (161).jpg.png,train,healthy,fbf8ff6a08884450c9b49564573420aeff624002c29435d2f385d5592f4ad124,unreviewed,
train/healthy/healthy (162).jpg,masks/train/healthy/healthy (162).jpg.png,train,healthy,d3d7ec32762214d82d788964a1fbdebe4549c2cec633a980e33a46f51c6ce525,unreviewed,
train/healthy/healthy (164).jpg,masks/train/healthy/healthy (164).jpg.png,train,healthy,0aa7189cc5a85e7b40e1390d5666b510dfd13a904a5bcea713118fdc08e4fbcb,unreviewed,
train/healthy/healthy (166).jpg,masks/train/healthy/healthy (166).jpg.png,train,healthy,be4e650d4bd18f60efe583cf8d70596c9025856a4a8935da25f0b9e9591e04f7,unreviewed,
train/healthy/healthy (167).jpg,masks/train/healthy/healthy (167).jpg.png,train,healthy,3be4f13bf5d95743732efac4ab293e8d30dc376108fdd416a15343642994bfac,unreviewed,
train/healthy/healthy (168).jpg,masks/train/healthy/healthy (168).jpg.png,train,healthy,d768d9290b71e06e35c21a5b89dc7146365ed4fda269ee8295f67d86e1ccebfb,unreviewed,
train/healthy/healthy (169).jpg,masks/train/healthy/healthy (169).jpg.png,train,healthy,f372a05714454659ccfa827c198dc69556ca776a966176a4d7c84733a4b202dc,unreviewed,
train/healthy/healthy (17).jpg,masks/train/healthy/healthy (17).jpg.png,train,healthy,8cc3f9a61a7a4b5cde275547d19c346a3d66cb2cbba5acdb5650db9b5bbd8b81,unreviewed,
train/healthy/healthy (171).jpg,masks/train/healthy/healthy (171).jpg.png,train,healthy,11587f233bbf56c7c07d7ee255663f40e191210a49a45f4c41cb4a5036dd3afd,unreviewed,
train/healthy/healthy (172).jpg,masks/train/healthy/healthy (172).jpg.png,train,healthy,856bf59192e081e59ea4777f167bdda2bff0df2c0aaba7a97c54e53f0df89055,unreviewed,
train/healthy/healthy (173).jpg,masks/train/healthy/healthy (173).jpg.png,train,healthy,066bd095cc6232bb822de6c69e77a4bb4c86092e21c1715878d431f2a7d9cd92,unreviewed,
train/healthy/healthy (174).jpg,masks/train/healthy/healthy (174).jpg.png,train,healthy,bd8a1f818e5d9b8ca681193f2e551832a388c3a485ac7001703b2e2e1cbe3d4f,unreviewed,
train/healthy/healthy (176).jpg,masks/train/healthy/healthy (176).jpg.png,train,healthy,ed5379857975aec63ec666bcf43bad7fe0dd8c45436332d56199802694436ae5,unreviewed,
train/healthy/healthy (177).jpg,masks/train/healthy/healthy (177).jpg.png,train,healthy,8e970de95426dff220437d112291c9a901567a8e0faaf7415b24f7526725916b,unreviewed,
train/healthy/healthy (178).jpg,masks/train/healthy/healthy (178).jpg.png,train,healthy,8cb7f23360073ae99d103527344f3dbc48fee876bca5a91897c8fcede8b2f08e,unreviewed,
train/healthy/healthy (18).jpg,masks/train/healthy/healthy (18).jpg.png,train,healthy,28088e7d84f2eb3ee2def76f4aa31935312c65342bb9d391dea06fbdbfd35640,unreviewed,
train/healthy/healthy (181).jpg,masks/train/healthy/healthy (181).jpg.png,train,healthy,7313556adf71c629211c1d6e7158c901649e23f2118cb98e879a11075f38971c,unreviewed,
train/healthy/healthy (183).jpg,masks/train/healthy/healthy (183).jpg.png,train,healthy,bf1fce57d4bb2f517e75ab64269f09420966cabad0d28c9b0b051e3cad8e268a,unreviewed,
train/healthy/healthy (184).jpg,masks/train/healthy/healthy (184).jpg.png,train,healthy,a5813392a7cdb0dc86ecd7334b88c46642334bed7a32cd8fcfac6c5c938c30d4,unreviewed,
train/healthy/healthy (185).jpg,masks/train/healthy/healthy (185).jpg.png,train,healthy,4c0eeff8908316dfc210f87476df73ed4a0b55c53b4ba66d2a6867e28a914f2c,unreviewed,
train/healthy/healthy (186).jpg,masks/train/healthy/healthy (186).jpg.png,train,healthy,60621d58995efd6d4dc2f155953e40870155b2eaee3757d0b147bf4031e79f63,unreviewed,
train/healthy/healthy (187).jpg,masks/train/healthy/healthy (187).jpg.png,train,healthy,15a8ba74ea4fafdd8d56be520039e039d6deb4a015fc7371015ebdb636f41cdf,unreviewed,
train/healthy/healthy (189).jpg,masks/train/healthy/healthy (189).jpg.png,train,healthy,fdbd8cb7263b2042936d29103bf9bd441fe49a71b2eb46da9e5d79b3bb58dc5d,unreviewed,
train/healthy/healthy (19).jpg,masks/train/healthy/healthy (19).jpg.png,train,healthy,31cf19160aaf351d7165e988613e6ad881c145d0320be05b9d8949cfc21e6fe5,unreviewed,
train/healthy/healthy (190).jpg,masks/train/healthy/healthy (190).jpg.png,train,healthy,e00a5eb4c80d7d68f74f5d3604eb20d8d6e9db0e67df54bf1e01338ff83dbb2b,unreviewed,
train/healthy/healthy (193).jpg,masks/train/healthy/healthy (193).jpg.png,train,healthy,cdb002b636dc7ba14ca5bc1f09fdcdec59d12d41894fb632b14559febd1f6a95,unreviewed,
train/healthy/healthy (194).jpg,masks/train/healthy/healthy (194).jpg.png,train,healthy,b526ae4fd8dd32c50e0d1e3705f2660c570c2080fb5d5b23f8d26ea84254f366,unreviewed,
train/healthy/healthy (195).jpg,masks/train/healthy/healthy (195).jpg.png,train,healthy,542f19ec7e8b181255f686ec1c8f08b3fd88f9d953f5ca4310b79566740480fa,unreviewed,
train/healthy/healthy (196).jpg,masks/train/healthy/healthy (196).jpg.png,train,healthy,8509b547486d87c3e1acb9f7a577a18e0bdc2f652e71402344a4ebbe9c0b65ab,unreviewed,
train/healthy/healthy (197).jpg,masks/train/healthy/healthy (197).jpg.png,train,healthy,8c2be5df25a00267aa4f50fa34ca61796c76c49cf656b1e78450d564b3d6dfbf,unreviewed,
train/healthy/healthy (199).jpg,masks/train/healthy/healthy (199).jpg.png,train,healthy,1be6d40c87203ebd761218ce9a4aa09e16307d9796f085c80094ad837073ba47,unreviewed,
train/healthy/healthy (2).jpg,masks/train/healthy/healthy (2).jpg.png,train,healthy,58f0a4b0d780cda98c94f9987bc0f5dfa18a85d3b6d8060da95da27455f33b70,unreviewed,
train/healthy/healthy (200).jpg,masks/train/healthy/healthy (200).jpg.png,train,healthy,f60e2fb4a61d80c5797a9eecca08c12b44be7af9185cb7439668415acf1f3eee,unreviewed,
train/healthy/healthy (205).jpg,masks/train/healthy/healthy (205).jpg.png,train,healthy,b2191b2d3a5d7a640f9d0961316281acc56d4a6132431c5a431ee8cd3646ca45,unreviewed,
train/healthy/healthy (207).jpg,masks/train/healthy/healthy (207).jpg.png,train,healthy,7f5ba5c4d16cc45b8abed727d087044a9189eb4138d98e2868432095caf84b06,unreviewed,
train/healthy/healthy (209).jpg,masks/train/healthy/healthy (209).jpg.png,train,healthy,c273c9377ac92edb040009ee27df4bbedb921b06d9b6e7324a276fda0c1cf4a7,unreviewed,
train/healthy/healthy (210).jpg,masks/train/healthy/healthy (210).jpg.png,train,healthy,dbf9953382e01b93a8f4e2b0bcd026ea3c25705e753d3f9e6895ab6d90a3e318,unreviewed,
train/healthy/healthy (211).jpg,masks/train/healthy/healthy (211).jpg.png,train,healthy,4ce11a8d0b8e5b2c41c7d50afa88fcbbcbac5048e50ce2c61bf9eb522be578b6,unreviewed,
train/healthy/healthy (212).jpg,masks/train/healthy/healthy (212).jpg.png,train,healthy,1de3d20fba2dc017a6e66b6dfbe4820998a00f29d4f1b1e89b41e95cff17e8b1,unreviewed,
train/healthy/healthy (216).jpg,masks/train/healthy/healthy (216).jpg.png,train,healthy,89f3b594895ec8076e4d1c35321f481703d9b1bc0b81c8c406a4dba35b789c30,unreviewed,
train/healthy/healthy (217).jpg,masks/train/healthy/healthy (217).jpg.png,train,healthy,a5f4be84ceceef01ebc5faf8f0833e4dc10a6b1da1652ead9473432f6f2d1ff0,unreviewed,
train/healthy/healthy (218).jpg,masks/train/healthy/healthy (218).jpg.png,train,healthy,b3ee59957491c7fd5ea75c64b2c615272cdbaf08845d759c6b849bec7bca96c0,unreviewed,
train/healthy/healthy (219).jpg,masks/train/healthy/healthy (219).jpg.png,train,healthy,9b2a76a99c1c7ca3044aa9d97d2b54b58eb460f8d1b4a199568de7b39be651f0,unreviewed,
train/healthy/healthy (22).jpg,masks/train/healthy/healthy (22).jpg.png,train,healthy,3d7739cd7a67affd08206807333648142c1ed7d4700e58f6c3277598fc5c7480,unreviewed,
train/healthy/healthy (220).jpg,masks/train/healthy/healthy (220).jpg.png,train,healthy,67ac15ab63a57af5bb75068267cc5dee1dc2e89423210830efb6b032ea2d5739,unreviewed,
train/healthy/healthy (221).jpg,masks/train/healthy/healthy (221).jpg.png,train,healthy,46b5502011495e05ce8170124aeb3c5690940f41342f0b08cc58de8450dbb513,unreviewed,
train/healthy/healthy (222).jpg,masks/train/healthy/healthy (222).jpg.png,train,healthy,c851379afb943f12d1907b54ff2506bc7338516c258b1f4a81269bcf5598b67e,unreviewed,
train/healthy/healthy (225).jpg,masks/train/healthy/healthy (225).jpg.png,train,healthy,713ecb5dd0424b8724c274e3c975978064ac5631ff0bc4f08f1f6625e79795c1,unreviewed,
train/healthy/healthy (226).jpg,masks/train/healthy/healthy (226).jpg.png,train,healthy,c6ad5ac1e616cfa0b423cae0142ff1ee95ba0e7bae24f23885ddc06e240b8619,unreviewed,
train/healthy/healthy (227).jpg,masks/train/healthy/healthy (227).jpg.png,train,healthy,7e7d79722d9e9c9d61320a393ae7a095d69f89981cd394bd986fd64d5525074e,unreviewed,
train/healthy/healthy (228).jpg,masks/train/healthy/healthy (228).jpg.png,train,healthy,83e0f2bfdc6ae7743c5b4205e9f1d443c9d0a706a0736d96ea7428a2d26b796d,unreviewed,
train/healthy/healthy (23).jpg,masks/train/healthy/healthy (23).jpg.png,train,healthy,71c89f3cf681206e4f2ca30fd0ca6cd8299c765c97c8c08c31dcd64c4cf51434,unreviewed,
train/healthy/healthy (230).jpg,masks/train/healthy/healthy (230).jpg.png,train,healthy,1826616884b14b2852c72729dec3c115b985d59581f006542fcc7574a81cea8a,unreviewed,
train/healthy/healthy (232).jpg,masks/train/healthy/healthy (232).jpg.png,train,healthy,dc44d9ba3b5b52d81f37642d35f1a269a7ac24e62c286c3bf1fd01aef87e6f92,unreviewed,
train/healthy/healthy (235).jpg,masks/train/healthy/healthy (235).jpg.png,train,healthy,7cff460daff0660ec285a82a119a376f9b9c638e6539536c433fc0e878ee351f,unreviewed,
train/healthy/healthy (236).jpg,masks/train/healthy/healthy (236).jpg.png,train,healthy,bb95b9c8b7698047e413d4954abe018c34a6dd05dd52150b44471cab18a731f5,unreviewed,
train/healthy/healthy (237).jpg,masks/train/healthy/healthy (237).jpg.png,train,healthy,d7ae8d3660189e467097bfd8e63727f6376389f01e7b2ae5765c5e8cc9eb4065,unreviewed,
train/healthy/healthy (238).jpg,masks/train/healthy/healthy (238).jpg.png,train,healthy,722c61696c8e33f977f34dfefdba861b1af1857748ddb2c13269c2942224d71e,unreviewed,
train/healthy/healthy (239).jpg,masks/train/healthy/healthy (239).jpg.png,train,healthy,6bd0d8622f2e40e2506ddd06969a1259802a0e4a133e2c92005a13a63eb55c1f,unreviewed,
train/healthy/healthy (240).jpg,masks/train/healthy/healthy (240).jpg.png,train,healthy,e22b77e069a04eb301d2be8ca7e19ca752ad394b087f7381e5d6d9263c2e9832,unreviewed,
train/healthy/healthy (241).jpg,masks/train/healthy/healthy (241).jpg.png,train,healthy,bffe4dde085238e3a9ba83e9b8583465f5bf0ffbb220084e993ebef1b2a4391f,unreviewed,
train/healthy/healthy (242).jpg,masks/train/healthy/healthy (242).jpg.png,train,healthy,e847f5ec4e5c7c6a918d0d63b0f5723f1f3b09e42b95f415d58583e902dd3142,unreviewed,
train/healthy/healthy (244).jpg,masks/train/healthy/healthy (244).jpg.png,train,healthy,7a8bbfed3ee625719fc8ba8060c75b0a9a8053c3eabd7e45f930418e9b9a6f93,unreviewed,
train/healthy/healthy (245).jpg,masks/train/healthy/healthy (245).jpg.png,train,healthy,6d6d7ca06f0a0d41180de711088ed73c8d11e3a5cf6ae26724a7b49144ed7168,unreviewed,
train/healthy/healthy (246).jpg,masks/train/healthy/healthy (246).jpg.png,train,healthy,7da0f860de9cfd3c9cfe4e29e39ded337a5313d8cf11e597815739266c8dd8f4,unreviewed,
train/healthy/healthy (250).jpg,masks/train/healthy/healthy (250).jpg.png,train,healthy,be8f318d467938fe129450fe533683b2e0e128e19384d1504b1c160e769fa1ff,unreviewed,
train/healthy/healthy (251).jpg,masks/train/healthy/healthy (251).jpg.png,train,healthy,3b1ed167a3789553427fe2b0dd9b736e1a6e8ac83b2a10b9a903fea75d1694aa,unreviewed,
train/healthy/healthy (253).jpg,masks/train/healthy/healthy (253).jpg.png,train,healthy,3db72154e7a10bcee4b8132edc6c84226bb54481d9fde7d25daa6715f7763602,unreviewed,
train/healthy/healthy (257).jpg,masks/train/healthy/healthy (257).jpg.png,train,healthy,9b22c48967574be47c719ca98cf03cb001b24f6c8bb0940803a5f01ecd315a84,unreviewed,
train/healthy/healthy (258).jpg,masks/train/healthy/healthy (258).jpg.png,train,healthy,45db808278d0f86b13c404b487a1f4b294b1c99cd15723258e79e6a88a49e7f2,unreviewed,
train/healthy/healthy (259).jpg,masks/train/healthy/healthy (259).jpg.png,train,healthy,8b35b1e9b4b1452d741ca2a31477fd579202885867c0ffa233056098a8c0d6c1,unreviewed,
train/healthy/healthy (26).jpg,masks/train/healthy/healthy (26).jpg.png,train,healthy,7636fa31f72f579f38b3738841604f63122f5f929d18d0b9ecbf57eb0de280c0,unreviewed,
train/healthy/healthy (260).jpg,masks/train/healthy/healthy (260).jpg.png,train,healthy,4751fe6d462b03101ba1672d624fc048fe5cbc5a60d2e6ee5042e69f9e85e90e,unreviewed,
train/healthy/healthy (261).jpg,masks/train/healthy/healthy (261).jpg.png,train,healthy,cf26403cb3f926047f68e7ac74cf2fe0b57822afd5aeaf94f49dc62df842ce9e,unreviewed,
train/healthy/healthy (262).jpg,masks/train/healthy/healthy (262).jpg.png,train,healthy,28d5ba45d3c607f1ad3fcf33f62686a8e741fa116ef2426cd7a79884455a1d5a,unreviewed,
train/healthy/healthy (264).jpg,masks/train/healthy/healthy (264).jpg.png,train,healthy,983be5ae89201bf8031cd46248457ff978e8d5ba764d189b0982d6bb398c9ca8,unreviewed,
train/healthy/healthy (266).jpg,masks/train/healthy/healthy (266).jpg.png,train,healthy,980e031fba006c754b36a88832c3c780b96b793143d9c8a4f9dd5176cb44c895,unreviewed,
train/healthy/healthy (267).jpg,masks/train/healthy/healthy (267).jpg.png,train,healthy,61c1bf9ec473d6e8ccf201f9bfd2d1f1b96bbc6418d36882231a94425d08716f,unreviewed,
train/healthy/healthy (268).jpg,masks/train/healthy/healthy (268).jpg.png,train,healthy,4ae5cb88ebeeecad1c6169f913d6287773e6bce9b7015608186581449948979f,unreviewed,
train/healthy/healthy (270).jpg,masks/train/healthy/healthy (270).jpg.png,train,healthy,c2225a5e5fda7329dcee4c752d5cb0a48a62d97810243312da94cd856bd12df4,unreviewed,
train/healthy/healthy (273).jpg,masks/train/healthy/healthy (273).jpg.png,train,healthy,87ffa050334b05567224135c4683af1600defa8e3c527c6df4a084225ca7ad2f,unreviewed,
train/healthy/healthy (274).jpg,masks/train/healthy/healthy (274).jpg.png,train,healthy,813544ec38d11f8f87289177e88d357d53c71195a8662c9de08e29a977ab379d,unreviewed,
train/healthy/healthy (276).jpg,masks/train/healthy/healthy (276).jpg.png,train,healthy,7a70c2a1784f047d5fbc777de2dd3a4986b9f010a793d04da81cd3adba431e73,unreviewed,
train/healthy/healthy (277).jpg,masks/train/healthy/healthy (277).jpg.png,train,healthy,fdd76d45e471e6ec2eb3dc2a5ea2170085d5fb906b7dd5d12a47bc50f3eb5ac0,unreviewed,
train/healthy/healthy (282).jpg,masks/train/healthy/healthy (282).jpg.png,train,healthy,63c230f2a003c54d4aff83f94a3c9fbedd79249df67f3bccdd2f9a78cdd00a11,unreviewed,
train/healthy/healthy (287).jpg,masks/train/healthy/healthy (287).jpg.png,train,healthy,a659a686dc2d88c3b7af359fcb253bda875a31a4c945ff619eb623ed4616c5a6,unreviewed,
train/healthy/healthy (288).jpg,masks/train/healthy/healthy (288).jpg.png,train,healthy,c2e3b57f0bef5c09063b487b0a94050dfc2a9fb5fb84afaa81929a4a20922afe,unreviewed,
train/healthy/healthy (289).jpg,masks/train/healthy/healthy (289).jpg.png,train,healthy,31859e76ff5b1c8c93a71862e195a22aae1bdd5085477b9d3154f6a1fc6976c8,unreviewed,
train/healthy/healthy (291).jpg,masks/train/healthy/healthy (291).jpg.png,train,healthy,187054d34f2629d01732d48e843c972040905ef577417d018b62fad6bf9234a0,unreviewed,
train/healthy/healthy (292).jpg,masks/train/healthy/healthy (292).jpg.png,train,healthy,d6991ea0a0fa834039c3de35c805da278e3749bf342df3a042a882899ed1cf0d,unreviewed,
train/healthy/healthy (293).jpg,masks/train/healthy/healthy (293).jpg.png,train,healthy,3aee4011cc4c6c3b9ef92a94873bed25c0a788ee74fa4f6910232aecf2e4f77d,unreviewed,
train/healthy/healthy (295).jpg,masks/train/healthy/healthy (295).jpg.png,train,healthy,9305bb7dbe0954670705ae067f48e4e15f17bd3674e377240c059687558f3b24,unreviewed,
train/healthy/healthy (297).jpg,masks/train/healthy/healthy (297).jpg.png,train,healthy,4f6dd195cb370bb433dbaed18da0589e60803c540bf90b3ba00ebaf45c913454,unreviewed,
train/healthy/healthy (298).jpg,masks/train/healthy/healthy (298).jpg.png,train,healthy,b51a51af6fa9f458a5341da89314aab4a48d455f668c03e5116e767c54062fb4,unreviewed,
train/healthy/healthy (299).jpg,masks/train/healthy/healthy (299).jpg.png,train,healthy,9c87644a7fe951c2808312c723391af2af26bde15f5dac7009c574d5eeaefc48,unreviewed,
train/healthy/healthy (3).jpg,masks/train/healthy/healthy (3).jpg.png,train,healthy,5bacdea4f25812ac31b002e7b2f2874b947c49f1fdcef4552a44bd2bdd2d06fc,unreviewed,
train/healthy/healthy (302).jpg,masks/train/healthy/healthy (302).jpg.png,train,healthy,cbf617b2b0fa65fb3042308894de020fdba3c56f54c042d6bd074b3d473bc2f6,unreviewed,
train/healthy/healthy (304).jpg,masks/train/healthy/healthy (304).jpg.png,train,healthy,6dbfe5c0f84354442a5ac17861fb50602367cdf0d99a897bd7a9900df7659f00,unreviewed,
train/healthy/healthy (305).jpg,masks/train/healthy/healthy (305).jpg.png,train,healthy,15a216195a554944ac0a31cbdd8cdd18760ee5b8e804c7c33e4ebfa9a05a7855,unreviewed,
train/healthy/healthy (306).jpg,masks/train/healthy/healthy (306).jpg.png,train,healthy,f6ffdf279bf6bb595844b7ef54a63051e7b342f121635e453bd3965eba1e75a0,unreviewed,
train/healthy/healthy (307).jpg,masks/train/healthy/healthy (307).jpg.png,train,healthy,23da6b81519e8fb30b0a9e87816adf956efc1c053c8d6ece40088db61c8279d0,unreviewed,
train/healthy/healthy (308).jpg,masks/train/healthy/healthy (308).jpg.png,train,healthy,dfecf018a5b49caa1efd794f6400e73fd6cc54493816b59436a5d7bfd13f8a6a,unreviewed,
train/healthy/healthy (31).jpg,masks/train/healthy/healthy (31).jpg.png,train,healthy,b0727f76f456bf078a3e8b595439ec419f0c76ef5660d0009607829cb6da7a19,unreviewed,
train/healthy/healthy (310).jpg,masks/train/healthy/healthy (310).jpg.png,train,healthy,3218e0d3c0c74dcaebccf14a4e6074464cc2b981e08b29c834b78ce6f8643f4a,unreviewed,
train/healthy/healthy (311).jpg,masks/train/healthy/healthy (311).jpg.png,train,healthy,f661bd222d626f17239b1fe299301aa5aa3e1359e63f881dafe268016b7da2f0,unreviewed,
train/healthy/healthy (312).jpg,masks/train/healthy/healthy (312).jpg.png,train,healthy,beac82f5954952d5c329f8c70e58a10eba4944e0eb9b5d7b8a5f24264321e1ff,unreviewed,
train/healthy/healthy (313).jpg,masks/train/healthy/healthy (313).jpg.png,train,healthy,45e2013070db447c91da5de4674ecc9f27cd10b39c7ea74a78a64027b0b33eae,unreviewed,
train/healthy/healthy (316).jpg,masks/train/healthy/healthy (316).jpg.png,train,healthy,10c43cfdd46e29f38292dbbf781b64cca29985c08d80f9b64c991652a5ffbab3,unreviewed,
train/healthy/healthy (318).jpg,masks/train/healthy/healthy (318).jpg.png,train,healthy,115091c25bf1babd9ab86b78ee063e0e482df75d6e76bdf922aa5b21b495ae25,unreviewed,
train/healthy/healthy (319).jpg,masks/train/healthy/healthy (319).jpg.png,train,healthy,2a58a82ba6f7ac809bba8f5d9b7bf76bbd2f89bac7b425fd4972ba88fd23edeb,unreviewed,
train/healthy/healthy (32).jpg,masks/train/healthy/healthy (32).jpg.png,train,healthy,94d6483eb8d598711349cd08e59817539e210793c596f599abdf4dccb790adc9,unreviewed,
train/healthy/healthy (322).jpg,masks/train/healthy/healthy (322).jpg.png,train,healthy,2022a201e5d92619cbff28cf8e87742ab2d58dd7adef48a9376831d47ba08131,unreviewed,
train/healthy/healthy (323).jpg,masks/train/healthy/healthy (323).jpg.png,train,healthy,954ddd2db5eb75ad842d887732b0aead6cc617463769e0c970d794440d8f2f1e,unreviewed,
train/healthy/healthy (325).jpg,masks/train/healthy/healthy (325).jpg.png,train,healthy,41532cb4a8cefd78a7074ea234dd546389f4c3d83536d932f476c42332210701,unreviewed,
train/healthy/healthy (326).jpg,masks/train/healthy/healthy (326).jpg.png,train,healthy,7e395366f5bde87d2745064386d18e6d1ec082bdc104c54779f523f3f7f5851d,unreviewed,
train/healthy/healthy (330).jpg,masks/train/healthy/healthy (330).jpg.png,train,healthy,29bd2ee9e0aeb146b4fecd73192de6f4816cf7ded70af2dbb06f2a682e1e94b8,unreviewed,
train/healthy/healthy (331).jpg,masks/train/healthy/healthy (331).jpg.png,train,healthy,c8346417ac9b8a6515e14c71b239158adf7def5ab684033b69c4cb91362d32b9,unreviewed,
train/healthy/healthy (332).jpg,masks/train/healthy/healthy (332).jpg.png,train,healthy,db33d5f7c7d029b4b7eed814aba25370e70cff5e9e8df6d63845d2d5a8855e64,unreviewed,
train/healthy/healthy (334).jpg,masks/train/healthy/healthy (334).jpg.png,train,healthy,72c1cad30f989b00bdc6be2765f555b23173ed87d4c938608ae04261e49c73ef,unreviewed,
train/healthy/healthy (335).jpg,masks/train/healthy/healthy (335).jpg.png,train,healthy,f86a15aac2fa45c49c00c2727f3d4f3e5ad547d9217bdc77fee807430cea61b5,unreviewed,
train/healthy/healthy (338).jpg,masks/train/healthy/healthy (338).jpg.png,train,healthy,0a46f80963f0063aece4c4b0f3e9daae085189efdcb47d902410b5854c9550cd,unreviewed,
train/healthy/healthy (339).jpg,masks/train/healthy/healthy (339).jpg.png,train,healthy,8e7d4991d1a672c4c55b084be56243f2d272ba2f302aba30348317e0917c5ce9,unreviewed,
train/healthy/healthy (344).jpg,masks/train/healthy/healthy (344).jpg.png,train,healthy,863b9fac5b6e41e7e62bd8de1e10ec94c2fea4d574a4d5f42523134827b7bd6a,unreviewed,
train/healthy/healthy (345).jpg,masks/train/healthy/healthy (345).jpg.png,train,healthy,8d96cdc885136eda698b3646915cc1ef0e4997e501f7a79071784de993210159,unreviewed,
train/healthy/healthy (347).jpg,masks/train/healthy/healthy (347).jpg.png,train,healthy,c5c0bb4095873c3f07791e7f148754954edf0bfe9fddb81d54f8ff7be7b4fcf9,unreviewed,
train/healthy/healthy (348).jpg,masks/train/healthy/healthy (348).jpg.png,train,healthy,61f72365660f1e2abc530b8fa36232f3dd42c1ed721041a5101bd6bdc9286c8c,unreviewed,
train/healthy/healthy (35).jpg,masks/train/healthy/healthy (35).jpg.png,train,healthy,ba32c3242e2e9b9f50a020109ee4eb3cde67a81cee198380954f22e4b8f73df0,unreviewed,
train/healthy/healthy (37).jpg,masks/train/healthy/healthy (37).jpg.png,train,healthy,89ac367cb12be7e76c27c780b6e673912c93b7ff7902e2d3b89c98789cf786f6,unreviewed,
train/healthy/healthy (38).jpg,masks/train/healthy/healthy (38).jpg.png,train,healthy,74a05c0930bd79959f46477518c1ca1953083ebc5e44af8d531a6e9da0c49aff,unreviewed,
train/healthy/healthy (39).jpg,masks/train/healthy/healthy (39).jpg.png,train,healthy,f48783c159647ec012294e70ed3897f78eae84e4ab7e506004c1182d12bd053b,unreviewed,
train/healthy/healthy (4).jpg,masks/train/healthy/healthy (4).jpg.png,train,healthy,7eaecae7a68c23c63ce5c8d7d122e0bc2659a5446c63bc135858666ce0290b97,unreviewed,
train/healthy/healthy (41).jpg,masks/train/healthy/healthy (41).jpg.png,train,healthy,cdd7fb6c1dbe1d904065d396fcb6f54ae62317af4414a309df822d3912352f7c,unreviewed,
train/healthy/healthy (42).jpg,masks/train/healthy/healthy (42).jpg.png,train,healthy,d6e5d1c8bc929787a8b565fc0ae04fd6f1b7b493178ab18f4ae43016aa81721e,unreviewed,
train/healthy/healthy (43).jpg,masks/train/healthy/healthy (43).jpg.png,train,healthy,b129f87bdd648500a1b8465fe1d4d17d928c70825dd1a6ff75e824e5e2beba01,unreviewed,
train/healthy/healthy (44).jpg,masks/train/healthy/healthy (44).jpg.png,train,healthy,1845ef0db02c97252c63d9753a96e8a8c50566a525abe7c2d4f2ef9e5f37248b,unreviewed,
train/healthy/healthy (45).jpg,masks/train/healthy/healthy (45).jpg.png,train,healthy,26ea5d7d171bb06e24ffef2633f40e69fd271ae0d4a48c9a60e275227ebd9d5d,unreviewed,
train/healthy/healthy (47).jpg,masks/train/healthy/healthy (47).jpg.png,train,healthy,5d38babf3b4577093eb2b31576aa769d5ee86ad271cd81d7465de7d3934ea405,unreviewed,
train/healthy/healthy (48).jpg,masks/train/healthy/healthy (48).jpg.png,train,healthy,28dce3591d7b0d57d459e36a07ee3f952c4f2d9d61eb4ccddca5ac52ea6bfb49,unreviewed,
train/healthy/healthy (49).jpg,masks/train/healthy/healthy (49).jpg.png,train,healthy,a675ac54ed03b89adcab09e5d4ecc53e9eb998051beb18c8e4c7a8b569f692c0,unreviewed,
train/healthy/healthy (5).jpg,masks/train/healthy/healthy (5).jpg.png,train,healthy,472af9371aa858424f913b593a790cf14ae7b90951489a364a71aa8e2aaece47,unreviewed,
train/healthy/healthy (50).jpg,masks/train/healthy/healthy (50).jpg.png,train,healthy,c7f88d132dbd0741333b44dc59604e0a50e4530f7a0490460dd3264dfbc175f3,unreviewed,
train/healthy/healthy (51).jpg,masks/train/healthy/healthy (51).jpg.png,train,healthy,e9a400da1fda3b305dc912fcd0c0b1844a849eac9f027081834f438be0089e1d,unreviewed,
train/healthy/healthy (52).jpg,masks/train/healthy/healthy (52).jpg.png,train,healthy,6ae1a2b6927a75db63cd4a270e84140316478ddeeff0884fa4d6777ae95864a6,unreviewed,
train/healthy/healthy (53).jpg,masks/train/healthy/healthy (53).jpg.png,train,healthy,e1d4b235fba419506aa470a31f4c0ecaccfb2767b06c4c8877bf556fc8f77d56,unreviewed,
train/healthy/healthy (56).jpg,masks/train/healthy/healthy (56).jpg.png,train,healthy,b50d4a3c9351f26d36066d2ea28f6a83522d797b4ec6e8639376c83b20c4290e,unreviewed,
train/healthy/healthy (58).jpg,masks/train/healthy/healthy (58).jpg.png,train,healthy,aa2534d8e6ed6599ec764945c5c44a28635ab34327a656c14a5b76ac233092a6,unreviewed,
train/healthy/healthy (59).jpg,masks/train/healthy/healthy (59).jpg.png,train,healthy,e8ba1a2b10260d9348a3b68a8db0425bba77cd4d6e622f301426fe45e4cd7681,unreviewed,
train/healthy/healthy (6).jpg,masks/train/healthy/healthy (6).jpg.png,train,healthy,cbdc8d9d49cc26421ff5c05a3cb134d2c9ffa5bf9921e9287a4488cf08eef01e,unreviewed,
train/healthy/healthy (61).jpg,masks/train/healthy/healthy (61).jpg.png,train,healthy,78ccea09222a223e92c267f4dc596380f477310ad831ae705fe17c8e478f80ea,unreviewed,
train/healthy/healthy (62).jpg,masks/train/healthy/healthy (62).jpg.png,train,healthy,8aca4691bbacf83510f6a827503424c2387d2639dd6d4fa9bc1c33d336b53b78,unreviewed,
train/healthy/healthy (63).jpg,masks/train/healthy/healthy (63).jpg.png,train,healthy,dfb7dba102ecc4375980070687787476e421e653041063b35ef2587d1db010ee,unreviewed,
train/healthy/healthy (64).jpg,masks/train/healthy/healthy (64).jpg.png,train,healthy,eafe29746839fd31f3fdd51505ed8016a76bab49e53ec62f9f70833bed7f96a9,unreviewed,
train/healthy/healthy (66).jpg,masks/train/healthy/healthy (66).jpg.png,train,healthy,3936a3893cfd6711a9b5e08e71a79b204296f5f001dbd9de4f50e318784322bb,unreviewed,
train/healthy/healthy (67).jpg,masks/train/healthy/healthy (67).jpg.png,train,healthy,62597a65adab49a1e2689f4847e0020c9f8edcfa48f99ec409ab63a051b6d30b,unreviewed,
train/healthy/healthy (68).jpg,masks/train/healthy/healthy (68).jpg.png,train,healthy,fe8de18da0cf788f66fbfa1bc822b810b5ebfe0c82d801a89fbffa2dc10fb1b9,unreviewed,
train/healthy/healthy (69).jpg,masks/train/healthy/healthy (69).jpg.png,train,healthy,274bb8613da76e273e1575aca6a81e82d9a97dd1709f8646bd3eb53af3d70ec7,unreviewed,
train/healthy/healthy (7).jpg,masks/train/healthy/healthy (7).jpg.png,train,healthy,83b8fe36816ad8b16993fc5589eb02dea847fc32a6ada6dd95aba9b7b8be29c9,unreviewed,
train/healthy/healthy (71).jpg,masks/train/healthy/healthy (71).jpg.png,train,healthy,3b6f3479595ca9174918590521ba745fab25c392bc596453777a826d715360a6,unreviewed,
train/healthy/healthy (72).jpg,masks/train/healthy/healthy (72).jpg.png,train,healthy,aeb692358e5680fd1fbac1569efb43ed1442664f33307bc5f7ec36bd81a55c5a,unreviewed,
train/healthy/healthy (73).jpg,masks/train/healthy/healthy (73).jpg.png,train,healthy,5a46e78c23eb78bb36e89c9980fa7b0ed2f0f8c9bc5e636fb08efd976033b188,unreviewed,
train/healthy/healthy (78).jpg,masks/train/healthy/healthy (78).jpg.png,train,healthy,cbbc9ba3a28a3fea4cb493b9e5ef6d0ddfe53dc8dabadd9f51a919a39a50af7a,unreviewed,
train/healthy/healthy (79).jpg,masks/train/healthy/healthy (79).jpg.png,train,healthy,d6b25eec9426f2940ba65223fb9b1844df6de3775613bc7ac8e8234735316ede,unreviewed,
train/healthy/healthy (8).jpg,masks/train/healthy/healthy (8).jpg.png,train,healthy,f4034be65f00a7aa2f6abbb708a1546700230ea5a1bbd8902aff7ac29dc639ee,unreviewed,
train/healthy/healthy (80).jpg,masks/train/healthy/healthy (80).jpg.png,train,healthy,d5eb24a9721a05ee468481881933eb2f7a6f6b194c0a6d43c9fb6bbe19442f5c,unreviewed,
train/healthy/healthy (81).jpg,masks/train/healthy/healthy (81).jpg.png,train,healthy,29a3fc340dbf8e12e709175cff27a6120b41f1e693aeca05c1c5a5b5d85b3bd2,unreviewed,
train/healthy/healthy (82).jpg,masks/train/healthy/healthy (82).jpg.png,train,healthy,b0b8738f94c1f6b4d6a2dd2f867968299473dfdc13e6f9f793ef0f3757495723,unreviewed,
train/healthy/healthy (86).jpg,masks/train/healthy/healthy (86).jpg.png,train,healthy,58434b62942ec797ac8f0f1b792fe193734074742a2a310d90907a38697cbe94,unreviewed,
train/healthy/healthy (87).jpg,masks/train/healthy/healthy (87).jpg.png,train,healthy,13e1ae6e4ac731b32759dce2f18927825255a4c866ce55ee627a4d1c99535541,unreviewed,
train/healthy/healthy (9).jpg,masks/train/healthy/healthy (9).jpg.png,train,healthy,0e6edcc845cf937af632f79370c2eac226f5dcde9dbc7fa4b1b675437b66e555,unreviewed,
train/healthy/healthy (90).jpg,masks/train/healthy/healthy (90).jpg.png,train,healthy,bcb4f3e1511bed379feb180351ea6aaf3f9884ae4e0152d822afa47b0b52adf3,unreviewed,
train/healthy/healthy (92).jpg,masks/train/healthy/healthy (92).jpg.png,train,healthy,48922314f6ca8464a8776ea7b6664162a7f6d4f7b63e42ba7cb38950b8db0407,unreviewed,
train/healthy/healthy (94).jpg,masks/train/healthy/healthy (94).jpg.png,train,healthy,0b841ee9f3ea56bb4d46ad954913087693e3719be19c7005219c4760e2d56c88,unreviewed,
train/healthy/healthy (95).jpg,masks/train/healthy/healthy (95).jpg.png,train,healthy,5d879769594b158adde3c94a0c13890b07917bad430fb6826c2141a0377c01b7,unreviewed,
train/healthy/healthy (96).jpg,masks/train/healthy/healthy (96).jpg.png,train,healthy,d0cc4ca7aad03d0551c31bb92ba70a681ac8be3cfd622b03cf661225856200ac,unreviewed,
train/healthy/healthy (97).jpg,masks/train/healthy/healthy (97).jpg.png,train,healthy,cc961ee9be3f75eb62d021038ee168bedb69361efa292c317b48bd18f92c2e94,unreviewed,
train/healthy/healthy (98).jpg,masks/train/healthy/healthy (98).jpg.png,train,healthy,f8b7eb70738f8ba714c504e93fc4c08a4f2e0c17035522c5f69b63c91b8edc08,unreviewed,
train/healthy/healthy (99).jpg,masks/train/healthy/healthy (99).jpg.png,train,healthy,954fefb94563be8915368b6964a165133674a11dbf8813ef975cbd64c2df6550,unreviewed,
train/leaf_blast/leaf_blast (1).jpg,masks/train/leaf_blast/leaf_blast (1).jpg.png,train,leaf_blast,d4f31ee39eee781f64cc73519ca3eb1b617d020d5a0bb8f865f802af68628422,unreviewed,
train/leaf_blast/leaf_blast (10).jpg,masks/train/leaf_blast/leaf_blast (10).jpg.png,train,leaf_blast,5e19e03e7c0f9237c01addf1b161067875540de1fd70e9f4f2bce3345301b3de,unreviewed,
train/leaf_blast/leaf_blast (101).jpg,masks/train/leaf_blast/leaf_blast (101).jpg.png,train,leaf_blast,2f868b08f0aa526ae4b37a84d21ab858ec4bc09451e6ac5a794d95743c126342,unreviewed,
train/leaf_blast/leaf_blast (102).jpg,masks/train/leaf_blast/leaf_blast (102).jpg.png,train,leaf_blast,0abe09628467733f4c49148d5909a773f0989426649d91dbde1f8c68131cf949,unreviewed,
train/leaf_blast/leaf_blast (103).jpg,masks/train/leaf_blast/leaf_blast (103).jpg.png,train,leaf_blast,96b3a18af25d190d52a366b1e301d32166445de6e5853b5f8643db969feda4f9,unreviewed,
train/leaf_blast/leaf_blast (105).jpg,masks/train/leaf_blast/leaf_blast (105).jpg.png,train,leaf_blast,791357d796e13e340addbd4668f18d19b8298bdfa891d5df1da63d0da6b35efb,unreviewed,
train/leaf_blast/leaf_blast (107).jpg,masks/train/leaf_blast/leaf_blast (107).jpg.png,train,leaf_blast,ac0fc2e6d08d7649a71c1b6138fc94cc8e71b8332791faa93486ac37453b4812,unreviewed,
train/leaf_blast/leaf_blast (108).jpg,masks/train/leaf_blast/leaf_blast (108).jpg.png,train,leaf_blast,1c90c22e463e1f6b993c83b7a4794e21c0c77473a21a4dfd863a1ff0a60d6513,unreviewed,
train/leaf_blast/leaf_blast (109).jpg,masks/train/leaf_blast/leaf_blast (109).jpg.png,train,leaf_blast,7711100a976e8d5efaf4b2f0042037de1a7624a3f3f16bc2012e0d13d7dd4a1f,unreviewed,
train/leaf_blast/leaf_blast (11).jpg,masks/train/leaf_blast/leaf_blast (11).jpg.png,train,leaf_blast,d39afbf09bc2b99a0d9ffb0e2347a54796c64b49ac4b6dbed77158dbcf62d7a8,unreviewed,
train/leaf_blast/leaf_blast (110).jpg,masks/train/leaf_blast/leaf_blast (110).jpg.png,train,leaf_blast,c9cec555d63273fa7e8cccfc6abe6f47a43cdbcbc741ff11e610930284ddc2cd,unreviewed,
train/leaf_blast/leaf_blast (113).jpg,masks/train/leaf_blast/leaf_blast (113).jpg.png,train,leaf_blast,77e15934b0f64784215b2f75aa634fbe371f2fba68a0a5ac11fe7082ca3045c4,unreviewed,
train/leaf_blast/leaf_blast (114).jpg,masks/train/leaf_blast/leaf_blast (114).jpg.png,train,leaf_blast,1a709fd09560c5af6cc394eced633463e613df17f91e79e906a3757921eb6840,unreviewed,
train/leaf_blast/leaf_blast (115).jpg,masks/train/leaf_blast/leaf_blast (115).jpg.png,train,leaf_blast,b9320d11ae0bbf1ebe3527c5514ef42e547e81df60eb0fbbc81c380835640a3d,unreviewed,
train/leaf_blast/leaf_blast (116).jpg,masks/train/leaf_blast/leaf_blast (116).jpg.png,train,leaf_blast,e70072c08e3bf8739a3c95e81a5a3262c5f7f8daad8291b46048e31178018a7e,unreviewed,
train/leaf_blast/leaf_blast (119).jpg,masks/train/leaf_blast/leaf_blast (119).jpg.png,train,leaf_blast,57045933cacd50aaef713f20a1dbae3565e6c1d2abe45b7160f44f59aa4deb78,unreviewed,
train/leaf_blast/leaf_blast (12).jpg,masks/train/leaf_blast/leaf_blast (12).jpg.png,train,leaf_blast,1dc84b1a3c35668a58cf454d9a1a9b26daf397286ead76f0c4d1234ab7655d02,unreviewed,
train/leaf_blast/leaf_blast (122).jpg,masks/train/leaf_blast/leaf_blast (122).jpg.png,train,leaf_blast,1ef8e89009328b2e1a11ab39071ccdf9e8bec68ed91bbc2dd7d265ac1edddf46,unreviewed,
train/leaf_blast/leaf_blast (123).jpg,masks/train/leaf_blast/leaf_blast (123).jpg.png,train,leaf_blast,7edd6adc2d9daba955363d9f33d0e5d5ecea8cc01d5d33543dc0a4a6cb86ce41,unreviewed,
train/leaf_blast/leaf_blast (124).jpg,masks/train/leaf_blast/leaf_blast (124).jpg.png,train,leaf_blast,10fcaf081073a33c77dc0260b431e5209e55b9897a4c1687e17065de69117b67,unreviewed,
train/leaf_blast/leaf_blast (126).jpg,masks/train/leaf_blast/leaf_blast (126).jpg.png,train,leaf_blast,ad08913d4840dc21ab1c5b1daa2629bcf38f52b8af1b0cb1bd245214ec357402,unreviewed,
train/leaf_blast/leaf_blast (127).jpg,masks/train/leaf_blast/leaf_blast (127).jpg.png,train,leaf_blast,0b9823122eccc24839e14a80d633ebe70239c5eadf1f31c511152f2bc6190e7d,unreviewed,
train/leaf_blast/leaf_blast (128).jpg,masks/train/leaf_blast/leaf_blast (128).jpg.png,train,leaf_blast,85ded6481622a0c41fa92ddc6cd25c12a1f8f94c53bcfeedbc9391d6f5101c4d,unreviewed,
train/leaf_blast/leaf_blast (129).jpg,masks/train/leaf_blast/leaf_blast (129).jpg.png,train,leaf_blast,33bf98446e483d6d5023d29e184b1e79b138855832a8204e7222e8f4300de7b8,unreviewed,
train/leaf_blast/leaf_blast (13).jpg,masks/train/leaf_blast/leaf_blast (13).jpg.png,train,leaf_blast,76677c35fbf882d67e8ccd4b39f81b96c1c71afd0af751855e0089880eb71e79,unreviewed,
train/leaf_blast/leaf_blast (130).jpg,masks/train/leaf_blast/leaf_blast (130).jpg.png,train,leaf_blast,b7ad011e01e1f252144bbd94951ffaafa24089ab6492e9cfba9aa11c3491794d,unreviewed,
train/leaf_blast/leaf_blast (134).jpg,masks/train/leaf_blast/leaf_blast (134).jpg.png,train,leaf_blast,f1de58473ebd199d0bb3b738ca04458e011689a0184ebe76b33a92fcc585ad06,unreviewed,
train/leaf_blast/leaf_blast (135).jpg,masks/train/leaf_blast/leaf_blast (135).jpg.png,train,leaf_blast,0275a3ce8a61a769b268bffc899d348ca0c1293eaf124a73ebfa08f63f006da7,unreviewed,
train/leaf_blast/leaf_blast (137).jpg,masks/train/leaf_blast/leaf_blast (137).jpg.png,train,leaf_blast,b57b37d33f28677398a21dbf9909c992c2c27659de02e8b1aa586333743521c0,unreviewed,
train/leaf_blast/leaf_blast (139).jpg,masks/train/leaf_blast/leaf_blast (139).jpg.png,train,leaf_blast,a441873ab66d7531aeca778a8c27861e874b46c62dff8f4c69d9c5918ec64794,unreviewed,
train/leaf_blast/leaf_blast (141).jpg,masks/train/leaf_blast/leaf_blast (141).jpg.png,train,leaf_blast,4a011e747f4209156f0eb9d6c760c5d030af7f9f1e2c193a5d6a1452526c852b,unreviewed,
train/leaf_blast/leaf_blast (142).jpg,masks/train/leaf_blast/leaf_blast (142).jpg.png,train,leaf_blast,0838758e9dead738d94c79146edf496f8c44330a6dbaf4149c2ef3e4554ea35e,unreviewed,
train/leaf_blast/leaf_blast (144).jpg,masks/train/leaf_blast/leaf_blast (144).jpg.png,train,leaf_blast,4ea8f311666d0c0bc7ede9bd3b87c75f5f2526103a4826b28bfb2989943060fd,unreviewed,
train/leaf_blast/leaf_blast (145).jpg,masks/train/leaf_blast/leaf_blast (145).jpg.png,train,leaf_blast,816fe7779ea34dd5e7cecb2bf8db35b66da3319b0625c20c2a8ee7c9c62f4a54,unreviewed,
train/leaf_blast/leaf_blast (147).jpg,masks/train/leaf_blast/leaf_blast (147).jpg.png,train,leaf_blast,79f31f804b98e8d3ccf35d7a57950a2dc2ad2e1e049f0656699aedeb9778a576,unreviewed,
train/leaf_blast/leaf_blast (148).jpg,masks/train/leaf_blast/leaf_blast (148).jpg.png,train,leaf_blast,63cfcbe233d5a67853ff4ee18f5d1f361d31a706b494da2dbbb407d12c4b4baf,unreviewed,
train/leaf_blast/leaf_blast (151).jpg,masks/train/leaf_blast/leaf_blast (151).jpg.png,train,leaf_blast,368862e00e24678a119dba58b9a8a87a4674e14b0591a842f7f083590c1b97d1,unreviewed,
train/leaf_blast/leaf_blast (152).jpg,masks/train/leaf_blast/leaf_blast (152).jpg.png,train,leaf_blast,d154a014f1b5de737d5ff67a3a786ed76cf31c933ec03f3904964f9f4147b9a8,unreviewed,
train/leaf_blast/leaf_blast (153).jpg,masks/train/leaf_blast/leaf_blast (153).jpg.png,train,leaf_blast,8b4be26ab2196aca67da59972375ae527821f08259a22c0723dc2828fdd48c1b,unreviewed,
train/leaf_blast/leaf_blast (154).jpg,masks/train/leaf_blast/leaf_blast (154).jpg.png,train,leaf_blast,fdd076d18cc9b24bdd43d223b4041707766a4593885e5c8025a41a912beaad07,unreviewed,
train/leaf_blast/leaf_blast (155).jpg,masks/train/leaf_blast/leaf_blast (155).jpg.png,train,leaf_blast,357f3b42cebf67beb2aa4da66d86b188007234bc3a3cc095aca92b6f1323a596,unreviewed,
train/leaf_blast/leaf_blast (156).jpg,masks/train/leaf_blast/leaf_blast (156).jpg.png,train,leaf_blast,a57872f3419c76a5fe284f7ff75589a13200d18a9c77e4be0c423b0db8009d37,unreviewed,
train/leaf_blast/leaf_blast (164).jpg,masks/train/leaf_blast/leaf_blast (164).jpg.png,train,leaf_blast,112e1ab19ba7b014450537a33e41a25930b4aaa7fb184a698129bdbcbe59f470,unreviewed,
train/leaf_blast/leaf_blast (165).jpg,masks/train/leaf_blast/leaf_blast (165).jpg.png,train,leaf_blast,4024a03e4275c85ee96a664ce84180c95feea9bd8761ca48b581915e3744677c,unreviewed,
train/leaf_blast/leaf_blast (166).jpg,masks/train/leaf_blast/leaf_blast (166).jpg.png,train,leaf_blast,6092f9a2028d0cf4f4b56ed1c549c20e566b2cbeee8d6c97c694813f686904bd,unreviewed,
train/leaf_blast/leaf_blast (167).jpg,masks/train/leaf_blast/leaf_blast (167).jpg.png,train,leaf_blast,0b091cdcc0bd0f7ad92c15fe5d5902ec402801be8f18185b40a7ef0d973c9667,unreviewed,
train/leaf_blast/leaf_blast (168).jpg,masks/train/leaf_blast/leaf_blast (168).jpg.png,train,leaf_blast,cb346cea6f112086fe07bb8235b5696f6df26ab0a7dad95f42b75a3eacef0391,unreviewed,
train/leaf_blast/leaf_blast (169).jpg,masks/train/leaf_blast/leaf_blast (169).jpg.png,train,leaf_blast,f8f2f8adbb529d7d36030f2635177956341db7b6658c3c953ff335c0e02a93ae,unreviewed,
train/leaf_blast/leaf_blast (17).jpg,masks/train/leaf_blast/leaf_blast (17).jpg.png,train,leaf_blast,0ac5da443361def41d64955e4848eef30c2383d68c316b0d8be9e6786ed15419,unreviewed,
train/leaf_blast/leaf_blast (171).jpg,masks/train/leaf_blast/leaf_blast (171).jpg.png,train,leaf_blast,ad30d2fee6a4524929aa82604081d6ae35963ac09641b7c8c1b8923223a0cc5a,unreviewed,
train/leaf_blast/leaf_blast (173).jpg,masks/train/leaf_blast/leaf_blast (173).jpg.png,train,leaf_blast,27dffcf714e9f01ed04920af66c63d2f541e2e87730ce9685b2ece41df3b951b,unreviewed,
train/leaf_blast/leaf_blast (174).jpg,masks/train/leaf_blast/leaf_blast (174).jpg.png,train,leaf_blast,81d8137a2adfb2a2d93a8f641032d2a015be6e3625ddd327b748097e10fe8bf8,unreviewed,
train/leaf_blast/leaf_blast (176).jpg,masks/train/leaf_blast/leaf_blast (176).jpg.png,train,leaf_blast,2775583b6734fa1b262ef83dc54cc4caf472ebc57d903f203ab9f066c81db6e1,unreviewed,
train/leaf_blast/leaf_blast (178).jpg,masks/train/leaf_blast/leaf_blast (178).jpg.png,train,leaf_blast,da0be6dec16530ab5bfcfc7e0c2f8721aafef7f3ac4b1c812ef41675cb8ce213,unreviewed,
train/leaf_blast/leaf_blast (179).jpg,masks/train/leaf_blast/leaf_blast (179).jpg.png,train,leaf_blast,2d4ea69d6963ee990a46ab9968a469de70a4e0828ac6bdeb97e1db497c1067a9,unreviewed,
train/leaf_blast/leaf_blast (183).jpg,masks/train/leaf_blast/leaf_blast (183).jpg.png,train,leaf_blast,d20b1f7519c98d6a937f7a726ddc8700520bc8b280c3a290008e9d2a7129fda6,unreviewed,
train/leaf_blast/leaf_blast (184).jpg,masks/train/leaf_blast/leaf_blast (184).jpg.png,train,leaf_blast,484673f0da32028dbbf9bf4e00e427b7a9770bc28dc96dde657ce14c91f937ba,unreviewed,
train/leaf_blast/leaf_blast (185).jpg,masks/train/leaf_blast/leaf_blast (185).jpg.png,train,leaf_blast,101c2e43b82a9efe0bdfe62caa9c0d76b3b3564ce792a6a8a2c9f05bf05c30ca,unreviewed,
train/leaf_blast/leaf_blast (186).jpg,masks/train/leaf_blast/leaf_blast (186).jpg.png,train,leaf_blast,e7a76b0651363b664f7cf2eebc5f3f976846248357cfb90bc83ff398795cc4b7,unreviewed,
train/leaf_blast/leaf_blast (19).jpg,masks/train/leaf_blast/leaf_blast (19).jpg.png,train,leaf_blast,c08dcfaf01f325be2f0dae4082effa04f4f7d82dace7bf84e4ca774f26587733,unreviewed,
train/leaf_blast/leaf_blast (191).jpg,masks/train/leaf_blast/leaf_blast (191).jpg.png,train,leaf_blast,017bf89a5ccaf3d9736543519fb838bcf004acba38699c1ebda1450eea60acce,unreviewed,
train/leaf_blast/leaf_blast (192).jpg,masks/train/leaf_blast/leaf_blast (192).jpg.png,train,leaf_blast,460b850b2e95b945c72bd23471bbd1a737ce0141a6796b92536ebca59736b5f6,unreviewed,
train/leaf_blast/leaf_blast (194).jpg,masks/train/leaf_blast/leaf_blast (194).jpg.png,train,leaf_blast,cc0a36511702135bf3a2c67a2eef886c2ec92485f632402ff312559cb301e00f,unreviewed,
train/leaf_blast/leaf_blast (199).jpg,masks/train/leaf_blast/leaf_blast (199).jpg.png,train,leaf_blast,6d230c3e001c29d51b3976d3fcfeb6f09df837674fa0a64efc3adfe59c27e772,unreviewed,
train/leaf_blast/leaf_blast (20).jpg,masks/train/leaf_blast/leaf_blast (20).jpg.png,train,leaf_blast,32c874211ad3a076ba975d2baf1db18e3d92850383939a1d61461c022c8241ea,unreviewed,
train/leaf_blast/leaf_blast (200).jpg,masks/train/leaf_blast/leaf_blast (200).jpg.png,train,leaf_blast,a685cd1d2881199db73bcdfea2078ab314e653593d1d414060fc98cc30020bd4,unreviewed,
train/leaf_blast/leaf_blast (201).jpg,masks/train/leaf_blast/leaf_blast (201).jpg.png,train,leaf_blast,5eb85c26a52de2c71bf1a22539318fc01514d4ba98ca3931caa2a8d6aa742121,unreviewed,
train/leaf_blast/leaf_blast (202).jpg,masks/train/leaf_blast/leaf_blast (202).jpg.png,train,leaf_blast,4137c664a07f5095ef05dd4887aac12c3fe1cc0f25a81bbbe054c3da7ea80caa,unreviewed,
train/leaf_blast/leaf_blast (203).jpg,masks/train/leaf_blast/leaf_blast (203).jpg.png,train,leaf_blast,cd0108c50ce64306e34e3442ee8dd1d480a661f9c3b3fc2e163f38d60d27f871,unreviewed,
train/leaf_blast/leaf_blast (206).jpg,masks/train/leaf_blast/leaf_blast (206).jpg.png,train,leaf_blast,e30aeb37ed8ab72957a3c08deeab9b9333935b47b967ed38d019e411be8686bf,unreviewed,
train/leaf_blast/leaf_blast (209).jpg,masks/train/leaf_blast/leaf_blast (209).jpg.png,train,leaf_blast,04178738219a35a2640f153cf1f1a5dd3ee808424f09c36321382a15a1117d13,unreviewed,
train/leaf_blast/leaf_blast (210).jpg,masks/train/leaf_blast/leaf_blast (210).jpg.png,train,leaf_blast,26f236aafde2ee974f4c2d605165c47d42e923ca26a0e0449440e6e4617c0fe8,unreviewed,
train/leaf_blast/leaf_blast (211).jpg,masks/train/leaf_blast/leaf_blast (211).jpg.png,train,leaf_blast,d243ff5912eff4cbc863f39c9302be15c00a3db341819f6f9f83174b053dc3c0,unreviewed,
train/leaf_blast/leaf_blast (212).jpg,masks/train/leaf_blast/leaf_blast (212).jpg.png,train,leaf_blast,418f9e5bb3e1654b9c52656d02e64510c553b05318df9c0365b8a5f759fde8ad,unreviewed,
train/leaf_blast/leaf_blast (213).jpg,masks/train/leaf_blast/leaf_blast (213).jpg.png,train,leaf_blast,3df5979f7486f7df2100b9daeffedc41a090022f93d1093a556d92a9e840b1fa,unreviewed,
train/leaf_blast/leaf_blast (214).jpg,masks/train/leaf_blast/leaf_blast (214).jpg.png,train,leaf_blast,6270c470bb23900f66e129acb499663a38ea2142d8c5af040de18f436ee63eb5,unreviewed,
train/leaf_blast/leaf_blast (217).jpg,masks/train/leaf_blast/leaf_blast (217).jpg.png,train,leaf_blast,a15c94f42e980c0948639f7016491dd6fee60d26f27a361510ea853bb7e57267,unreviewed,
train/leaf_blast/leaf_blast (218).jpg,masks/train/leaf_blast/leaf_blast (218).jpg.png,train,leaf_blast,b700bcb2c5a717e577ab4fafe3bdbfa3eb058cb00e827c9eb56a6ed0e0afd98e,unreviewed,
train/leaf_blast/leaf_blast (22).jpg,masks/train/leaf_blast/leaf_blast (22).jpg.png,train,leaf_blast,aabc5612bc2f8bb5b89452b5736623328661af2a86fac8164d9af675e60fbdc0,unreviewed,
train/leaf_blast/leaf_blast (222).jpg,masks/train/leaf_blast/leaf_blast (222).jpg.png,train,leaf_blast,324de9f42541eb7cb509eaffd9f829f3c3e883ea6fd57b5ee8480019396df847,unreviewed,
train/leaf_blast/leaf_blast (225).jpg,masks/train/leaf_blast/leaf_blast (225).jpg.png,train,leaf_blast,a143820962dc5d167fa1cb9becb2d81e4faf6abc338379580dc7d52cd227b7e5,unreviewed,
train/leaf_blast/leaf_blast (226).jpg,masks/train/leaf_blast/leaf_blast (226).jpg.png,train,leaf_blast,3fda5b05294342beb38a276ecbcf70cc7994fcb22f8a081dbe62182cc4a054c2,unreviewed,
train/leaf_blast/leaf_blast (228).jpg,masks/train/leaf_blast/leaf_blast (228).jpg.png,train,leaf_blast,8979d9c9e0d45666b4c3cb2a9a1f017f6236b520b90f84afa8f13c7532ebfd21,unreviewed,
train/leaf_blast/leaf_blast (229).jpg,masks/train/leaf_blast/leaf_blast (229).jpg.png,train,leaf_blast,46c81a6e2279bc35564926e11a0b0f7998b1fb78a7afdbb80154b26d0fdda391,unreviewed,
train/leaf_blast/leaf_blast (230).jpg,masks/train/leaf_blast/leaf_blast (230).jpg.png,train,leaf_blast,960774018d8c4e63b7ce6444a8cf55db433428af655fcdc5d92cb23d7fcf9987,unreviewed,
train/leaf_blast/leaf_blast (231).jpg,masks/train/leaf_blast/leaf_blast (231).jpg.png,train,leaf_blast,213a62f6703a8ca708b0058923c6b19c4202f0fad16d654813d5f3e00dc7e0a1,unreviewed,
train/leaf_blast/leaf_blast (232).jpg,masks/train/leaf_blast/leaf_blast (232).jpg.png,train,leaf_blast,8b94b7499b6b06c194d3120f11ce571756bbfe2a401ad694baddae6269a25dfa,unreviewed,
train/leaf_blast/leaf_blast (235).jpg,masks/train/leaf_blast/leaf_blast (235).jpg.png,train,leaf_blast,b86fef3d3a0be72407590cbf6272385a2cb5948b438c16a0ced01a3f701d1de8,unreviewed,
train/leaf_blast/leaf_blast (236).jpg,masks/train/leaf_blast/leaf_blast (236).jpg.png,train,leaf_blast,a09a1d0ae81e6b9789f8a555bfa4f1468dfcccc407f562c55c1ecd9cf7d367cd,unreviewed,
train/leaf_blast/leaf_blast (237).jpg,masks/train/leaf_blast/leaf_blast (237).jpg.png,train,leaf_blast,87c4b76987b5c1b4e71fdbcef910fa3dd7f96b7b4037a82f8e6a80c1a2b7bb28,unreviewed,
train/leaf_blast/leaf_blast (238).jpg,masks/train/leaf_blast/leaf_blast (238).jpg.png,train,leaf_blast,c08b5b7a07bb00b612b1799c6e05fccfca18b21d21bd31493deefb586f7b56c6,unreviewed,
train/leaf_blast/leaf_blast (24).jpg,masks/train/leaf_blast/leaf_blast (24).jpg.png,train,leaf_blast,341b9ca4622b0e00c1e4d13fc33907efea2f79421f476a0dd93ee53eede99240,unreviewed,
train/leaf_blast/leaf_blast (241).jpg,masks/train/leaf_blast/leaf_blast (241).jpg.png,train,leaf_blast,e5222c77e91cf426249c4d626eff17c8be1c54b1509f0be8fdd719ecaf4e4de0,unreviewed,
train/leaf_blast/leaf_blast (242).jpg,masks/train/leaf_blast/leaf_blast (242).jpg.png,train,leaf_blast,04de6f4fb84b3d52dbd86675f94af8c7a95767f600c2f85d22315588ba2575e0,unreviewed,
train/leaf_blast/leaf_blast (243).jpg,masks/train/leaf_blast/leaf_blast (243).jpg.png,train,leaf_blast,8c64e0f80eb49f0db421eb26f27586332a0af845efb793a9f29cd730a4f1e93b,unreviewed,
train/leaf_blast/leaf_blast (245).jpg,masks/train/leaf_blast/leaf_blast (245).jpg.png,train,leaf_blast,45730fd2643ca9433574ab3d9adf87ad2114ecc52833e01cda7afbb054097c64,unreviewed,
train/leaf_blast/leaf_blast (246).jpg,masks/train/leaf_blast/leaf_blast (246).jpg.png,train,leaf_blast,b3aee8be0c436284edb2c5f673b5de1aa6af10a21cfaeee9b1593e5d174de006,unreviewed,
train/leaf_blast/leaf_blast (248).jpg,masks/train/leaf_blast/leaf_blast (248).jpg.png,train,leaf_blast,9c6a66b7b019319f7e93ae6d828de4a73767dfd96c310b21323a0b4f119f20b7,unreviewed,
train/leaf_blast/leaf_blast (249).jpg,masks/train/leaf_blast/leaf_blast (249).jpg.png,train,leaf_blast,96e2b168150c67e6cf6592c7e811860dbac6b9410cc54686af64487d26a9aba3,unreviewed,
train/leaf_blast/leaf_blast (250).jpg,masks/train/leaf_blast/leaf_blast (250).jpg.png,train,leaf_blast,bb492bcd107e7ce9bdc18222404cbbedf777db09dd1b932c063fa61cc07f028c,unreviewed,
train/leaf_blast/leaf_blast (252).jpg,masks/train/leaf_blast/leaf_blast (252).jpg.png,train,leaf_blast,243dfec88a27f5c805c5b3f3ec09b90c21276643739e0161ea3e884b622b1e7f,unreviewed,
train/leaf_blast/leaf_blast (253).jpg,masks/train/leaf_blast/leaf_blast (253).jpg.png,train,leaf_blast,d06858ec94f8e9c76f633e3c510e0b7e2bccd095e291af036bae4d3e4f3bd04d,unreviewed,
train/leaf_blast/leaf_blast (255).jpg,masks/train/leaf_blast/leaf_blast (255).jpg.png,train,leaf_blast,42ae0d16e318c3118d516724479ca09028ec3f55a4605794a282a9afddb8998d,unreviewed,
train/leaf_blast/leaf_blast (256).jpg,masks/train/leaf_blast/leaf_blast (256).jpg.png,train,leaf_blast,9a018a7cb729ab15139537b3f7fa4a3d0a738dc1c22253a1ee82f1a1e1db2428,unreviewed,
train/leaf_blast/leaf_blast (26).jpg,masks/train/leaf_blast/leaf_blast (26).jpg.png,train,leaf_blast,1eed9c78b38d9b7e85bd87ea32c2dad164c24955246cc18cf3e6bd2bfbb49dd5,unreviewed,
train/leaf_blast/leaf_blast (260).jpg,masks/train/leaf_blast/leaf_blast (260).jpg.png,train,leaf_blast,4c91697940a83d4a053ffd0be05ce1a059905436a46bf939da8e946d053e12aa,unreviewed,
train/leaf_blast/leaf_blast (261).jpg,masks/train/leaf_blast/leaf_blast (261).jpg.png,train,leaf_blast,920d18ca295218f07fadf9a06804a8ec63537bed980162ac71861f1334a5268c,unreviewed,
train/leaf_blast/leaf_blast (262).jpg,masks/train/leaf_blast/leaf_blast (262).jpg.png,train,leaf_blast,61a8c18299e064e248f393ff3db5bb6c810b970d4fe6b8b54889ae495f392925,unreviewed,
train/leaf_blast/leaf_blast (265).jpg,masks/train/leaf_blast/leaf_blast (265).jpg.png,train,leaf_blast,74f01430ad582113c4b777a8c4ffc03154ede6149e27c5d7e5be02eec0ac2b35,unreviewed,
train/leaf_blast/leaf_blast (268).jpg,masks/train/leaf_blast/leaf_blast (268).jpg.png,train,leaf_blast,ba8666af8fcb525504ebe3915b50aeab3488dedceb03b3f74e03b13de2406ed9,unreviewed,
train/leaf_blast/leaf_blast (269).jpg,masks/train/leaf_blast/leaf_blast (269).jpg.png,train,leaf_blast,e821c1279ecbd960e2bb4bb25014804aaf27bb5683544a81bfcea7ee6cf48386,unreviewed,
train/leaf_blast/leaf_blast (27).jpg,masks/train/leaf_blast/leaf_blast (27).jpg.png,train,leaf_blast,dbbfc61b46462a7d03df4578adc1b8baa1ccd98692e213b90d6e499837f0bcc4,unreviewed,
train/leaf_blast/leaf_blast (270).jpg,masks/train/leaf_blast/leaf_blast (270).jpg.png,train,leaf_blast,6aad5bb8627a8eb6b4fc27c5fd3945be3cff489a29da766e87018b3194e8b3d1,unreviewed,
train/leaf_blast/leaf_blast (271).jpg,masks/train/leaf_blast/leaf_blast (271).jpg.png,train,leaf_blast,007f3da73e0881158240bcc8366623b44a8405a04db2e8c1fd7656058f9e5653,unreviewed,
train/leaf_blast/leaf_blast (273).jpg,masks/train/leaf_blast/leaf_blast (273).jpg.png,train,leaf_blast,2f48512cb8b7e2cad077bb9a84954f0e830687b3ddef698d2d3b3fba4bbc929e,unreviewed,
train/leaf_blast/leaf_blast (274).jpg,masks/train/leaf_blast/leaf_blast (274).jpg.png,train,leaf_blast,61dfbcb1aefb836f1597e7e0e699a3c53920ee6d42eff8a04b21e7d4641a0c9d,unreviewed,
train/leaf_blast/leaf_blast (275).jpg,masks/train/leaf_blast/leaf_blast (275).jpg.png,train,leaf_blast,16c364eff4818ede14c58d50e1971653de56b6cfb88e0d2fa740f28c0d178d2e,unreviewed,
train/leaf_blast/leaf_blast (276).jpg,masks/train/leaf_blast/leaf_blast (276).jpg.png,train,leaf_blast,ec92b8f41a446d573a755b3e8957bdea7bee0be8b128487efaf7a69820d642c6,unreviewed,
train/leaf_blast/leaf_blast (277).jpg,masks/train/leaf_blast/leaf_blast (277).jpg.png,train,leaf_blast,1b05c0f0dc99c064a3981af014371807a0331bddf287074ea78ae0207d6deff0,unreviewed,
train/leaf_blast/leaf_blast (278).jpg,masks/train/leaf_blast/leaf_blast (278).jpg.png,train,leaf_blast,eaafe354145b38b4c1b826c6d9aea111328652319cb3ff8a56c7bdbf81345320,unreviewed,
train/leaf_blast/leaf_blast (28).jpg,masks/train/leaf_blast/leaf_blast (28).jpg.png,train,leaf_blast,4b91b93f6856dd567c4903ecb48f20b67be1453824374156523779aa24d62c2a,unreviewed,
train/leaf_blast/leaf_blast (280).jpg,masks/train/leaf_blast/leaf_blast (280).jpg.png,train,leaf_blast,fc383ad9a57c4ce05514352dcb90615b0ab36378e0675d3b36054ccb632cdb54,unreviewed,
train/leaf_blast/leaf_blast (281).jpg,masks/train/leaf_blast/leaf_blast (281).jpg.png,train,leaf_blast,882c6f531604a24a54014b295b6f71a8eab12f6fb002f40e632e5bccbedd1585,unreviewed,
train/leaf_blast/leaf_blast (282).jpg,masks/train/leaf_blast/leaf_blast (282).jpg.png,train,leaf_blast,967f204ae3f15ff8630dbfe324b7f9fd6c75a30c2f04b53cbe906e3fe6191009,unreviewed,
train/leaf_blast/leaf_blast (283).jpg,masks/train/leaf_blast/leaf_blast (283).jpg.png,train,leaf_blast,aa1f427df583d1f2d07c836d47b783bf6833ed2c720bb43abe2cd37fff5d291d,unreviewed,
train/leaf_blast/leaf_blast (284).jpg,masks/train/leaf_blast/leaf_blast (284).jpg.png,train,leaf_blast,1026935ebdf22c4d268de3b980f6fa806deb73bb7d86831cc355e5ed02fbae64,unreviewed,
train/leaf_blast/leaf_blast (286).jpg,masks/train/leaf_blast/leaf_blast (286).jpg.png,train,leaf_blast,e19cef18e43dc9c536283417cfd0a9eff30f6856c657d9e5b436ef2f50edb92d,unreviewed,
train/leaf_blast/leaf_blast (287).jpg,masks/train/leaf_blast/leaf_blast (287).jpg.png,train,leaf_blast,74f155a491f43847521bb38a2202f915cbe52ede05b14976317f1605386ca254,unreviewed,
train/leaf_blast/leaf_blast (288).jpg,masks/train/leaf_blast/leaf_blast (288).jpg.png,train,leaf_blast,ad638d2c60dbc4b2bdb097d57b442051d62cd25f1dc604ab27e84c7106ddef00,unreviewed,
train/leaf_blast/leaf_blast (29).jpg,masks/train/leaf_blast/leaf_blast (29).jpg.png,train,leaf_blast,b4621f00dda18860dc30b3420d58505c694be76510b1ed4c86b911e54fa043e0,unreviewed,
train/leaf_blast/leaf_blast (290).jpg,masks/train/leaf_blast/leaf_blast (290).jpg.png,train,leaf_blast,057acb8fd72a8eb4e5f151c988b14d70b199474dd8f128112b9fb3c6749d9035,unreviewed,
train/leaf_blast/leaf_blast (291).jpg,masks/train/leaf_blast/leaf_blast (291).jpg.png,train,leaf_blast,c5a72453ee33049165928110ddb4b3d335a41ab1a8d7208fbc4474aa6b6d3500,unreviewed,
train/leaf_blast/leaf_blast (292).jpg,masks/train/leaf_blast/leaf_blast (292).jpg.png,train,leaf_blast,f753ba7a8d69ba84339ed2d954e00dd3a7938f60853e5406b7bf1fbef39fc62a,unreviewed,
train/leaf_blast/leaf_blast (293).jpg,masks/train/leaf_blast/leaf_blast (293).jpg.png,train,leaf_blast,22b2c668cfc499ea607e3993d7d6a94cc5a7ce2a58d7de4a66b8bcf68528422c,unreviewed,
train/leaf_blast/leaf_blast (296).jpg,masks/train/leaf_blast/leaf_blast (296).jpg.png,train,leaf_blast,8d8486a1eb49a1b42a1ec5d60898aa4e5510cdb25e28eb570696b4d081e19873,unreviewed,
train/leaf_blast/leaf_blast (297).jpg,masks/train/leaf_blast/leaf_blast (297).jpg.png,train,leaf_blast,e4adb3c4efba618e0bbaa957b49342645fddf753ce49144d010f66e95d73fd44,unreviewed,
train/leaf_blast/leaf_blast (298).jpg,masks/train/leaf_blast/leaf_blast (298).jpg.png,train,leaf_blast,e7d2a00806416687be64e989648c643604d9afabe38a695232c26769cf7a4e04,unreviewed,
train/leaf_blast/leaf_blast (3).jpg,masks/train/leaf_blast/leaf_blast (3).jpg.png,train,leaf_blast,3ec404038f81a09eeb18af301e26639e2ec1e5680a5d8197bf7ebeb0093b2fb7,unreviewed,
train/leaf_blast/leaf_blast (30).jpg,masks/train/leaf_blast/leaf_blast (30).jpg.png,train,leaf_blast,40272872d61230fc1152c4f4509c012bfa20b6d60ffe7c824f99096f91ffc078,unreviewed,
train/leaf_blast/leaf_blast (300).jpg,masks/train/leaf_blast/leaf_blast (300).jpg.png,train,leaf_blast,ae791ca529991929c6bec7bdc3f00f28e72eb343ccf555ec4c7d8c5ee4dcc8dd,unreviewed,
train/leaf_blast/leaf_blast (302).jpg,masks/train/leaf_blast/leaf_blast (302).jpg.png,train,leaf_blast,9e0129be7285425aa76af73dfff20837594367d0430a7a0272238923f0cf2c08,unreviewed,
train/leaf_blast/leaf_blast (303).jpg,masks/train/leaf_blast/leaf_blast (303).jpg.png,train,leaf_blast,a2b9d0578b3bee93d1b84eeafa552fec60d30f4a9e90b029e6495b97533869d5,unreviewed,
train/leaf_blast/leaf_blast (304).jpg,masks/train/leaf_blast/leaf_blast (304).jpg.png,train,leaf_blast,5d6514f5d707847817238f91b9fb574166b1dfb78d0665b59a301d9919cf7dae,unreviewed,
train/leaf_blast/leaf_blast (305).jpg,masks/train/leaf_blast/leaf_blast (305).jpg.png,train,leaf_blast,ae11d26bf68bded1b22c70ee1167703c798ce7af2b22420229df759cfec1153e,unreviewed,
train/leaf_blast/leaf_blast (309).jpg,masks/train/leaf_blast/leaf_blast (309).jpg.png,train,leaf_blast,38e46d5b47e8e7dfa6a67b11b1dc17bf3c6f88b28cb8324a51ef895d8531eb2c,unreviewed,
train/leaf_blast/leaf_blast (31).jpg,masks/train/leaf_blast/leaf_blast (31).jpg.png,train,leaf_blast,81a254fc277d3a5ff77d97c15cf3294ea18b72678a4e2959e76c3d02ad71a8b8,unreviewed,
train/leaf_blast/leaf_blast (312).jpg,masks/train/leaf_blast/leaf_blast (312).jpg.png,train,leaf_blast,aeb84f44c9ddecb87ca2ac1ea13c98d958cf978db144a2679919bb401b118537,unreviewed,
train/leaf_blast/leaf_blast (313).jpg,masks/train/leaf_blast/leaf_blast (313).jpg.png,train,leaf_blast,5297b6abafd15ff8edea9dc0239afa0177f0d6011d05ea8f807a6bb9d06f9f80,unreviewed,
train/leaf_blast/leaf_blast (314).jpg,masks/train/leaf_blast/leaf_blast (314).jpg.png,train,leaf_blast,dcaf3711d6f08031944d72289c0d81d72341b2f858ee7daf7ef6a012a09cfc64,unreviewed,
train/leaf_blast/leaf_blast (315).jpg,masks/train/leaf_blast/leaf_blast (315).jpg.png,train,leaf_blast,c23401ac8b4d461d5e1e7956955dd77fc0e0d52be22eb929ebd776fcf816edaf,unreviewed,
train/leaf_blast/leaf_blast (317).jpg,masks/train/leaf_blast/leaf_blast (317).jpg.png,train,leaf_blast,1afa1759affccd258558e995de587aee803adfd07576f1c56a075bacaf20fbbe,unreviewed,
train/leaf_blast/leaf_blast (318).jpg,masks/train/leaf_blast/leaf_blast (318).jpg.png,train,leaf_blast,41960e7d976d631e5c4c8b1f4f98f02bb638c874cb09a00e89ceb3288e47120d,unreviewed,
train/leaf_blast/leaf_blast (32).jpg,masks/train/leaf_blast/leaf_blast (32).jpg.png,train,leaf_blast,2ac3d08d794cc408d8d72d1ac3893d1c3c40c4fe7e4adb852cba4019a6c020b5,unreviewed,
train/leaf_blast/leaf_blast (320).jpg,masks/train/leaf_blast/leaf_blast (320).jpg.png,train,leaf_blast,fdcd4610e95108fc3e87a455b1c90cab621d4bcd6596ec9f33d1f404cc1c0355,unreviewed,
train/leaf_blast/leaf_blast (321).jpg,masks/train/leaf_blast/leaf_blast (321).jpg.png,train,leaf_blast,f8b682b8374b834a176604990f8e3cdd4982b6cdf00e2f59127c357b30a9762a,unreviewed,
train/leaf_blast/leaf_blast (322).jpg,masks/train/leaf_blast/leaf_blast (322).jpg.png,train,leaf_blast,6eebabaf0062219e433abe1a80e2dc9cbf5a5526bfa283c0d05f58772cfd29b4,unreviewed,
train/leaf_blast/leaf_blast (325).jpg,masks/train/leaf_blast/leaf_blast (325).jpg.png,train,leaf_blast,8dc4a0f72bb73639d2f342b522d6a5d373fb62edf37e4994b16b28d47857d0a1,unreviewed,
train/leaf_blast/leaf_blast (327).jpg,masks/train/leaf_blast/leaf_blast (327).jpg.png,train,leaf_blast,cd9ff3d5317353dadcabe7c585a446d2050e113501edcd49c747908c0d7dc8e4,unreviewed,
train/leaf_blast/leaf_blast (328).jpg,masks/train/leaf_blast/leaf_blast (328).jpg.png,train,leaf_blast,fb0e2327b557ee2490a3a6ff661b8c1d0af15d92a194b1a208f53d082e3df354,unreviewed,
train/leaf_blast/leaf_blast (329).jpg,masks/train/leaf_blast/leaf_blast (329).jpg.png,train,leaf_blast,f5d774d23dd4f02131abb93c3cd206ae2fa508e7550e01a28eb2134c7923a3fd,unreviewed,
train/leaf_blast/leaf_blast (33).jpg,masks/train/leaf_blast/leaf_blast (33).jpg.png,train,leaf_blast,ae789399f5f8076a6e021210c0da09651d58ea18ab5310dd9f4044933c89a6cd,unreviewed,
train/leaf_blast/leaf_blast (330).jpg,masks/train/leaf_blast/leaf_blast (330).jpg.png,train,leaf_blast,fb6041a4071e83a18d7b40ab2e75711acb37f1bb89abcf67a1be20838c56a139,unreviewed,
train/leaf_blast/leaf_blast (331).jpg,masks/train/leaf_blast/leaf_blast (331).jpg.png,train,leaf_blast,c8458338c8c1d767df3b186d266ea9646037c1d72a01eb104f42a23138d939a3,unreviewed,
train/leaf_blast/leaf_blast (332).jpg,masks/train/leaf_blast/leaf_blast (332).jpg.png,train,leaf_blast,523e14923726b6628708bd1e081ff2339498a02ae75d99cd99ef785576f552b1,unreviewed,
train/leaf_blast/leaf_blast (333).jpg,masks/train/leaf_blast/leaf_blast (333).jpg.png,train,leaf_blast,38e6d3f993990b3ac2b0f136c6905c35b2e451742365ac1f807f1cca6ff88809,unreviewed,
train/leaf_blast/leaf_blast (334).jpg,masks/train/leaf_blast/leaf_blast (334).jpg.png,train,leaf_blast,8d253a5b1e99c739d0d5ea430fdd3543404988d81398bd1cb431d85d593a8800,unreviewed,
train/leaf_blast/leaf_blast (335).jpg,masks/train/leaf_blast/leaf_blast (335).jpg.png,train,leaf_blast,c45c4a165c48c52cb761ca00e1dc08eea7ab8211d6e32fc816572901122c75aa,unreviewed,
train/leaf_blast/leaf_blast (337).jpg,masks/train/leaf_blast/leaf_blast (337).jpg.png,train,leaf_blast,1c3b12eee17e67cbb5303b7079af33e3237c749fecc91d4498cd3d10baaba0eb,unreviewed,
train/leaf_blast/leaf_blast (339).jpg,masks/train/leaf_blast/leaf_blast (339).jpg.png,train,leaf_blast,405795b538409042000b7ba58a72cc4611b41bf1e6a7ad3808b6795325053e8d,unreviewed,
train/leaf_blast/leaf_blast (34).jpg,masks/train/leaf_blast/leaf_blast (34).jpg.png,train,leaf_blast,4aaac3ab66774ea67dddb93e4ef7a254f1a569df58b8f68478942f5f2157dd83,unreviewed,
train/leaf_blast/leaf_blast (340).jpg,masks/train/leaf_blast/leaf_blast (340).jpg.png,train,leaf_blast,8f93bf69c21bd498bab01edc30bd46916ddbd04b731c3f33587ca77ecd9409e9,unreviewed,
train/leaf_blast/leaf_blast (341).jpg,masks/train/leaf_blast/leaf_blast (341).jpg.png,train,leaf_blast,dd757b5373ce3517a2b0e11e32f6915759f5d3ae7e2d6aa3c54ec617308cca5c,unreviewed,
train/leaf_blast/leaf_blast (342).jpg,masks/train/leaf_blast/leaf_blast (342).jpg.png,train,leaf_blast,747afa16df0695cc2bd00aea25159a81f8383c8dd7084c221df1a1bea6066b77,unreviewed,
train/leaf_blast/leaf_blast (343).jpg,masks/train/leaf_blast/leaf_blast (343).jpg.png,train,leaf_blast,798212c85c942016d8e720b6b1b803eb0ca9b6fe973a2d4c9cd5f0ef847a9150,unreviewed,
train/leaf_blast/leaf_blast (344).jpg,masks/train/leaf_blast/leaf_blast (344).jpg.png,train,leaf_blast,f9422de692e5e69540d96f12581bf1ece1581eb00159114ae81ae02e507ba487,unreviewed,
train/leaf_blast/leaf_blast (345).jpg,masks/train/leaf_blast/leaf_blast (345).jpg.png,train,leaf_blast,dd1620b0563a7d6c93367f156386bd8848f8d5193cd1bdbbd6ca681c046346f4,unreviewed,
train/leaf_blast/leaf_blast (347).jpg,masks/train/leaf_blast/leaf_blast (347).jpg.png,train,leaf_blast,d4cfe4895aa3ec9f51f7f5ed14206c6b03d641714d36bda18b5924161e698818,unreviewed,
train/leaf_blast/leaf_blast (348).jpg,masks/train/leaf_blast/leaf_blast (348).jpg.png,train,leaf_blast,ea98391b3bacc291940fa14bf2c286b5509575f5f976fc02fd713d71a4dd5688,unreviewed,
train/leaf_blast/leaf_blast (349).jpg,masks/train/leaf_blast/leaf_blast (349).jpg.png,train,leaf_blast,d910294ba926e28c0fd874102a205aca1d9292b0cad2bbd220fafdd49a649a81,unreviewed,
train/leaf_blast/leaf_blast (35).jpg,masks/train/leaf_blast/leaf_blast (35).jpg.png,train,leaf_blast,adae6717ff4a830787f0291c5e6cb8b2a74e38271d1aef1cc49fc61c5038122a,unreviewed,
train/leaf_blast/leaf_blast (350).jpg,masks/train/leaf_blast/leaf_blast (350).jpg.png,train,leaf_blast,29a77dfc8aa7a72137a0d009c3b315157ade8bea9997bd598bb14db6c0e84ebd,unreviewed,
train/leaf_blast/leaf_blast (37).jpg,masks/train/leaf_blast/leaf_blast (37).jpg.png,train,leaf_blast,07b57c05935783e7e632df1a6faf32dae21b323dbfdf949d13f79ad26fb2a601,unreviewed,
train/leaf_blast/leaf_blast (38).jpg,masks/train/leaf_blast/leaf_blast (38).jpg.png,train,leaf_blast,ecc20c85ad5507a734b8d3dccc0add4caf776c81f1d9133af5d6f14bc7d61da8,unreviewed,
train/leaf_blast/leaf_blast (42).jpg,masks/train/leaf_blast/leaf_blast (42).jpg.png,train,leaf_blast,c22df3fc32561ebd7fff40cf7f836bb53827d5509ddaf96c6e47e95e54e3a41d,unreviewed,
train/leaf_blast/leaf_blast (43).jpg,masks/train/leaf_blast/leaf_blast (43).jpg.png,train,leaf_blast,cb505f7d66d36bf7ed9fe6006d8e5cc01f20b9615ac59d663d68afb436514f9d,unreviewed,
train/leaf_blast/leaf_blast (45).jpg,masks/train/leaf_blast/leaf_blast (45).jpg.png,train,leaf_blast,ad500324a879dad3bc11d6a4de98363b045daf620973e6051a242a3427812a49,unreviewed,
train/leaf_blast/leaf_blast (47).jpg,masks/train/leaf_blast/leaf_blast (47).jpg.png,train,leaf_blast,ddb3e87f67876eafb9ffc5485777d4c2283759f33ce39a0c5521f3e768c4e167,unreviewed,
train/leaf_blast/leaf_blast (48).jpg,masks/train/leaf_blast/leaf_blast (48).jpg.png,train,leaf_blast,97861172f541053639ad9f67b3650a7e8ea51c5305dc433c8f62d5e75a1aae14,unreviewed,
train/leaf_blast/leaf_blast (49).jpg,masks/train/leaf_blast/leaf_blast (49).jpg.png,train,leaf_blast,1c2ff468550e330ee238782089637db7e4ebfeb291bc1f94a65e3108a8c8360e,unreviewed,
train/leaf_blast/leaf_blast (5).jpg,masks/train/leaf_blast/leaf_blast (5).jpg.png,train,leaf_blast,0a6de5035ce998e444a3410a7ef4364833a4a2ebd0fcd2ee047f7e55785e4daa,unreviewed,
train/leaf_blast/leaf_blast (50).jpg,masks/train/leaf_blast/leaf_blast (50).jpg.png,train,leaf_blast,fb8c2ecd073135c4ade3d177cbc1d94c39212c4fc7cdc66633099a74e4f32c0f,unreviewed,
train/leaf_blast/leaf_blast (56).jpg,masks/train/leaf_blast/leaf_blast (56).jpg.png,train,leaf_blast,c74a4b3f9fbc36c30f09bcd2e7fe8e5bee5ca5f02b1f2ab03310c49d9008311d,unreviewed,
train/leaf_blast/leaf_blast (57).jpg,masks/train/leaf_blast/leaf_blast (57).jpg.png,train,leaf_blast,839ac514ae12792c8b83683f22266d0420afe45db2b42a62dfbaf243d39221aa,unreviewed,
train/leaf_blast/leaf_blast (6).jpg,masks/train/leaf_blast/leaf_blast (6).jpg.png,train,leaf_blast,0e20dd50ce9b67a5fbf24ed3d92de0abe2529911e7874332ec3e1e00b361f717,unreviewed,
train/leaf_blast/leaf_blast (60).jpg,masks/train/leaf_blast/leaf_blast (60).jpg.png,train,leaf_blast,905beb0c946044802dced4bc7e99eda98d1102c973541eb31587571ba6723a00,unreviewed,
train/leaf_blast/leaf_blast (61).jpg,masks/train/leaf_blast/leaf_blast (61).jpg.png,train,leaf_blast,69c5df0bda136604f29433841841758588b1317db24a71a7b24fdf25f2dc2448,unreviewed,
train/leaf_blast/leaf_blast (62).jpg,masks/train/leaf_blast/leaf_blast (62).jpg.png,train,leaf_blast,769a411016353860763e996e581470fa372d66b7ff6ce3dc3c89eac208c7b74e,unreviewed,
train/leaf_blast/leaf_blast (64).jpg,masks/train/leaf_blast/leaf_blast (64).jpg.png,train,leaf_blast,63f3c8cf30045b4b50f15297cb206622d109e022f2ff3866901925cf798fc7f1,unreviewed,
train/leaf_blast/leaf_blast (65).jpg,masks/train/leaf_blast/leaf_blast (65).jpg.png,train,leaf_blast,6b733d722888c11208c242bcdb553f5d365d8e698abac2881037460dba6c58c5,unreviewed,
train/leaf_blast/leaf_blast (66).jpg,masks/train/leaf_blast/leaf_blast (66).jpg.png,train,leaf_blast,664ecbdaf6a3d1d13c467972e7bff7827973218bad2dec5422c0188e9d616161,unreviewed,
train/leaf_blast/leaf_blast (69).jpg,masks/train/leaf_blast/leaf_blast (69).jpg.png,train,leaf_blast,3f792c8c9f35e8830467c259ba85bbda61bf72355d583916bc29ef2d85a544fd,unreviewed,
train/leaf_blast/leaf_blast (7).jpg,masks/train/leaf_blast/leaf_blast (7).jpg.png,train,leaf_blast,20b1ae955e4f5d1ea77634783b4e934234ff2f56b284a277dc83f16380b79712,unreviewed,
train/leaf_blast/leaf_blast (75).jpg,masks/train/leaf_blast/leaf_blast (75).jpg.png,train,leaf_blast,a39162f9e9279156ce6900bb8dd272a1cf6f4027d822d80fa5b6148e4b1b568b,unreviewed,
train/leaf_blast/leaf_blast (80).jpg,masks/train/leaf_blast/leaf_blast (80).jpg.png,train,leaf_blast,fc80ade52e177dcf89b9f2d6c7692a0de069f0b70fe2fedca77871fc93b9a1f9,unreviewed,
train/leaf_blast/leaf_blast (81).jpg,masks/train/leaf_blast/leaf_blast (81).jpg.png,train,leaf_blast,24ab3dfc3d6a0d105a5926ef61bcf86f87d111842c40357373d1c0d33e82aa94,unreviewed,
train/leaf_blast/leaf_blast (85).jpg,masks/train/leaf_blast/leaf_blast (85).jpg.png,train,leaf_blast,45c702e446dc158b76464754ea18fbd59280edb529932650e8b3650e1cd5fc3e,unreviewed,
train/leaf_blast/leaf_blast (87).jpg,masks/train/leaf_blast/leaf_blast (87).jpg.png,train,leaf_blast,8f0495747de1d2c91f42e8f58a378a02cdac2fecaaee90c1bc064e03b754876f,unreviewed,
train/leaf_blast/leaf_blast (89).jpg,masks/train/leaf_blast/leaf_blast (89).jpg.png,train,leaf_blast,a724c1fba0c722f73eb1ca5fc8a0f92c52b53134b915d53bf6505b78853bc1c7,unreviewed,
train/leaf_blast/leaf_blast (90).jpg,masks/train/leaf_blast/leaf_blast (90).jpg.png,train,leaf_blast,0f0833c337099c21c291930eb1c9a483db099f769d49e3e00bac5dfb8981e50f,unreviewed,
train/leaf_blast/leaf_blast (91).jpg,masks/train/leaf_blast/leaf_blast (91).jpg.png,train,leaf_blast,6a21bb72c0e946a33cb84314c83ff111cb81e38c0f98eacbf8adfaf7e61fcced,unreviewed,
train/leaf_blast/leaf_blast (92).jpg,masks/train/leaf_blast/leaf_blast (92).jpg.png,train,leaf_blast,c2a098603dbb3bf307f6b1cfefc33526c617ee501f4fbc158305304f9a052441,unreviewed,
train/leaf_blast/leaf_blast (93).jpg,masks/train/leaf_blast/leaf_blast (93).jpg.png,train,leaf_blast,9a70e476a1b8ea51b6ef24f56d5a739ab603c09044b4f444f6b3dd1051f64eb1,unreviewed,
train/leaf_blast/leaf_blast (95).jpg,masks/train/leaf_blast/leaf_blast (95).jpg.png,train,leaf_blast,15572987fcf4bf3a431e024faf1e087bcb4025740c0096aba6a25574b06e61d1,unreviewed,
train/leaf_blast/leaf_blast (96).jpg,masks/train/leaf_blast/leaf_blast (96).jpg.png,train,leaf_blast,5f71528912d7d4a3b37bc2e0ed6bc5e0d91b7db51fb2ff19147ae104fff6df50,unreviewed,
train/leaf_blast/leaf_blast (98).jpg,masks/train/leaf_blast/leaf_blast (98).jpg.png,train,leaf_blast,ea63abcd75e1621c9677a3bc07fffcdf08642e4c9afa00ad4e03b4c63301721c,unreviewed,
train/leaf_scald/leaf_scald (10).jpg,masks/train/leaf_scald/leaf_scald (10).jpg.png,train,leaf_scald,c46566ba144687a0e682648f6ecffce2c04e93c86ca046398df2ddd17e0caa16,unreviewed,
train/leaf_scald/leaf_scald (100).jpg,masks/train/leaf_scald/leaf_scald (100).jpg.png,train,leaf_scald,8589c6ca983f2777599499952ddeb4fac1140ca82bd268263a7774b718368ead,unreviewed,
train/leaf_scald/leaf_scald (101).jpg,masks/train/leaf_scald/leaf_scald (101).jpg.png,train,leaf_scald,f3d5f45c53ec228d3dbba1f7ffbc88c4b86f8b43d3918f0bc72bb2c61d3d4183,unreviewed,
train/leaf_scald/leaf_scald (102).jpg,masks/train/leaf_scald/leaf_scald (102).jpg.png,train,leaf_scald,2ab4715e73d5ede5cb11f61d6ab4bd56db390769c99a49843274dd0503a75827,unreviewed,
train/leaf_scald/leaf_scald (105).jpg,masks/train/leaf_scald/leaf_scald (105).jpg.png,train,leaf_scald,053517dcd71b4cfe8b73fc36ceaf4ac94e153aa5051ae4bbe9209188c2e7c807,unreviewed,
train/leaf_scald/leaf_scald (106).jpg,masks/train/leaf_scald/leaf_scald (106).jpg.png,train,leaf_scald,378ee24a197964dd3006bb3f011cbf05509e3be552110b26c487e2f0bae24bb9,unreviewed,
train/leaf_scald/leaf_scald (107).jpg,masks/train/leaf_scald/leaf_scald (107).jpg.png,train,leaf_scald,6e07fd21a619df25cdffd45c6840b91797188fc35c8b2cded64aa2d1eeb4472f,unreviewed,
train/leaf_scald/leaf_scald (109).jpg,masks/train/leaf_scald/leaf_scald (109).jpg.png,train,leaf_scald,b6d50e3a96d1625d2dd985cdcedda248e60f6542b4af069dd972fa51a46417de,unreviewed,
train/leaf_scald/leaf_scald (11).jpg,masks/train/leaf_scald/leaf_scald (11).jpg.png,train,leaf_scald,5d3ad756fcfed0f9dc1e47f204792e865098634f13241152c42c84523ef46599,unreviewed,
train/leaf_scald/leaf_scald (110).jpg,masks/train/leaf_scald/leaf_scald (110).jpg.png,train,leaf_scald,31b4da5c04429f0259626299e5dddb2847f97d62ff01e321c6efb86ff9d8ed9c,unreviewed,
train/leaf_scald/leaf_scald (111).jpg,masks/train/leaf_scald/leaf_scald (111).jpg.png,train,leaf_scald,6842d4f3865f9eff0ffa72aada30d15d2f2a10898ffa181e6ed976dbed9b6331,unreviewed,
train/leaf_scald/leaf_scald (112).jpg,masks/train/leaf_scald/leaf_scald (112).jpg.png,train,leaf_scald,441d34f591d84d146c5da81f5ebc7257dc44d1e929fed6617f9ad03579a94586,unreviewed,
train/leaf_scald/leaf_scald (116).jpg,masks/train/leaf_scald/leaf_scald (116).jpg.png,train,leaf_scald,8aeee6cbd26f6cb3fe10d4caa0bb64f9cced506ca4fbe56fc791c294c02e00ff,unreviewed,
train/leaf_scald/leaf_scald (117).jpg,masks/train/leaf_scald/leaf_scald (117).jpg.png,train,leaf_scald,2622a0b029e7c5e2fb91281422cb89a8cbb7747536f00fe13c058c1cce0bb2a7,unreviewed,
train/leaf_scald/leaf_scald (119).jpg,masks/train/leaf_scald/leaf_scald (119).jpg.png,train,leaf_scald,cc476aa34bd8f232f57e58fa099f9478a58efb68bc57e28a13fbbf4e520190b8,unreviewed,
train/leaf_scald/leaf_scald (121).jpg,masks/train/leaf_scald/leaf_scald (121).jpg.png,train,leaf_scald,2a67fac1b4c3e2fe6e0623311739c5d84fc39040edb07f0df6676a570a80942b,unreviewed,
train/leaf_scald/leaf_scald (122).jpg,masks/train/leaf_scald/leaf_scald (122).jpg.png,train,leaf_scald,e4029745ce783904ebd10fbcd87f83a954c39ef51ba9ad6aea76f4341e4c618f,unreviewed,
train/leaf_scald/leaf_scald (123).jpg,masks/train/leaf_scald/leaf_scald (123).jpg.png,train,leaf_scald,53de0024c10e1b27537a3cf5dc2217f2a8111d348524b2cba372d1721a34da0b,unreviewed,
train/leaf_scald/leaf_scald (124).jpg,masks/train/leaf_scald/leaf_scald (124).jpg.png,train,leaf_scald,43a8a7d217d54d7a41293c0adf3e0110d25f8e7678090e3f5ac32ebf7dadfdc1,unreviewed,
train/leaf_scald/leaf_scald (125).jpg,masks/train/leaf_scald/leaf_scald (125).jpg.png,train,leaf_scald,c4b35d36819e120eb83ff616276fbd3cbef78805a6816611b4e4c47fe7054201,unreviewed,
train/leaf_scald/leaf_scald (127).jpg,masks/train/leaf_scald/leaf_scald (127).jpg.png,train,leaf_scald,9180ff97727dcfd630e97c3b25e00fdc85dc1f75b43bd64a5bd5ff3b6215e3d5,unreviewed,
train/leaf_scald/leaf_scald (128).jpg,masks/train/leaf_scald/leaf_scald (128).jpg.png,train,leaf_scald,b23f1533b8cd4d8077b29e89c90969dbbb0151cc8850051b16f7c2274d8c181a,unreviewed,
train/leaf_scald/leaf_scald (129).jpg,masks/train/leaf_scald/leaf_scald (129).jpg.png,train,leaf_scald,cb823df18a245416c41a19f410096d9604a5687744bc1743154a3725af13f98c,unreviewed,
train/leaf_scald/leaf_scald (13).jpg,masks/train/leaf_scald/leaf_scald (13).jpg.png,train,leaf_scald,1d94f900788de6c6ef06f9b54f388cc409c00481357d8e571cdb143db89cb044,unreviewed,
train/leaf_scald/leaf_scald (130).jpg,masks/train/leaf_scald/leaf_scald (130).jpg.png,train,leaf_scald,9509ffc5f1d648c5921ed032a9988f696c19fca1926ce1fca3a0b25e373e71c5,unreviewed,
train/leaf_scald/leaf_scald (131).jpg,masks/train/leaf_scald/leaf_scald (131).jpg.png,train,leaf_scald,b33f0c244ec54c04d2bc5333352af9619722ba202af1bd20a9adbbb5812d48af,unreviewed,
train/leaf_scald/leaf_scald (133).jpg,masks/train/leaf_scald/leaf_scald (133).jpg.png,train,leaf_scald,970ad7c48c7919046a401e104412bd37a81c36d6a7e75c509d0a779028b84d83,unreviewed,
train/leaf_scald/leaf_scald (137).jpg,masks/train/leaf_scald/leaf_scald (137).jpg.png,train,leaf_scald,02fa4c4ccb7ab5e00876827aa7cbb666b104bcb749eba065296144d5406a82c5,unreviewed,
train/leaf_scald/leaf_scald (138).jpg,masks/train/leaf_scald/leaf_scald (138).jpg.png,train,leaf_scald,7165dba5f930a2560b11a54da934afe040a86054c80fe773d71717fddfc5fd57,unreviewed,
train/leaf_scald/leaf_scald (14).jpg,masks/train/leaf_scald/leaf_scald (14).jpg.png,train,leaf_scald,96cba5011879a28a5220e5b9568124f995d8f2f44d7b35c79c0de92110b171fb,unreviewed,
train/leaf_scald/leaf_scald (140).jpg,masks/train/leaf_scald/leaf_scald (140).jpg.png,train,leaf_scald,569768ad2d36bd15550f6b927de8d01ac3533abd98a22b8dbf131e9f523719ad,unreviewed,
train/leaf_scald/leaf_scald (141).jpg,masks/train/leaf_scald/leaf_scald (141).jpg.png,train,leaf_scald,26bf35c4af26cfd617e8be1adae1ca589b73aa2e65c6006b1cca72a1e957c8f8,unreviewed,
train/leaf_scald/leaf_scald (146).jpg,masks/train/leaf_scald/leaf_scald (146).jpg.png,train,leaf_scald,388ce39a4f6ebc4f00122a480d5d61b87c5d9d1c1bcc1774dee62751b7b4995e,unreviewed,
train/leaf_scald/leaf_scald (15).jpg,masks/train/leaf_scald/leaf_scald (15).jpg.png,train,leaf_scald,2318fda0d612d562001a56defd951910f35621de86e2b1441a9f92ae4a6298f9,unreviewed,
train/leaf_scald/leaf_scald (150).jpg,masks/train/leaf_scald/leaf_scald (150).jpg.png,train,leaf_scald,bd73d9ad6ee9524136d6f1bb240627f9d3113ee07f550f35a35a85717ec25bb2,unreviewed,
train/leaf_scald/leaf_scald (152).jpg,masks/train/leaf_scald/leaf_scald (152).jpg.png,train,leaf_scald,89b4455bad9a01ffcf96bfc3209af1a966d83a46f29e6df7e034fc8b969c6050,unreviewed,
train/leaf_scald/leaf_scald (153).jpg,masks/train/leaf_scald/leaf_scald (153).jpg.png,train,leaf_scald,ea7a128966604fc5efa92a1b893111dcaf63ca5c5f1c5e2583b28d7066cb79b6,unreviewed,
train/leaf_scald/leaf_scald (156).jpg,masks/train/leaf_scald/leaf_scald (156).jpg.png,train,leaf_scald,b9eb7891eadf9f35736a54d22ffaca77b8d13167655fba9220cc21ff7b134825,unreviewed,
train/leaf_scald/leaf_scald (157).jpg,masks/train/leaf_scald/leaf_scald (157).jpg.png,train,leaf_scald,58f17176cfa6262bb3025d9f1c8a36419c7c58c1cd45a625f5f03a99bb21b7f1,unreviewed,
train/leaf_scald/leaf_scald (159).jpg,masks/train/leaf_scald/leaf_scald (159).jpg.png,train,leaf_scald,5ef9bd914291040fc02e346966d9f1861207cff74c5e273fcaa4d8d13a977d70,unreviewed,
train/leaf_scald/leaf_scald (16).jpg,masks/train/leaf_scald/leaf_scald (16).jpg.png,train,leaf_scald,85ef351f5301503a0e55e5f050785fc6fce48805c57da3d8b7040f021d98e2a0,unreviewed,
train/leaf_scald/leaf_scald (163).jpg,masks/train/leaf_scald/leaf_scald (163).jpg.png,train,leaf_scald,d4fce0f7cc21f15f5ea0045a32e93254f1973ea1c1cf129fc0f6bc4c506f8b3c,unreviewed,
train/leaf_scald/leaf_scald (165).jpg,masks/train/leaf_scald/leaf_scald (165).jpg.png,train,leaf_scald,7e2bb669bc625bebbf9027ffdd48ad3f4b439848ba004bda5aedb61d50c1c1aa,unreviewed,
train/leaf_scald/leaf_scald (169).jpg,masks/train/leaf_scald/leaf_scald (169).jpg.png,train,leaf_scald,e62ec3fcd3dd6d910f3ebe1d8064090ee2146b199b25a4b255fe664188dc934f,unreviewed,
train/leaf_scald/leaf_scald (17).jpg,masks/train/leaf_scald/leaf_scald (17).jpg.png,train,leaf_scald,7bf1340d2cc87023679c19c83a81122437819d6d1eba60a83bd6585f1fba0c31,unreviewed,
train/leaf_scald/leaf_scald (171).jpg,masks/train/leaf_scald/leaf_scald (171).jpg.png,train,leaf_scald,c789159b20f549f560db015d81b85aabafc72bca5f6319b79644759bff96c7eb,unreviewed,
train/leaf_scald/leaf_scald (173).jpg,masks/train/leaf_scald/leaf_scald (173).jpg.png,train,leaf_scald,69014bfb3862545b994a5b5522ca04d4a77fc9b91cbba38459615f7eb0100758,unreviewed,
train/leaf_scald/leaf_scald (174).jpg,masks/train/leaf_scald/leaf_scald (174).jpg.png,train,leaf_scald,7cdf8237105aaae4078a36fc63d1b5227b1bdf94aec175ce40869e385eecead4,unreviewed,
train/leaf_scald/leaf_scald (175).jpg,masks/train/leaf_scald/leaf_scald (175).jpg.png,train,leaf_scald,4a36a26176318c40a7f08dc294e1c37a09f7120be685d43bbfc7b9af61f33bd6,unreviewed,
train/leaf_scald/leaf_scald (179).jpg,masks/train/leaf_scald/leaf_scald (179).jpg.png,train,leaf_scald,3c18637821635798a225d22f03dc90c8cbba582fcfa5bf8466faad51110565ec,unreviewed,
train/leaf_scald/leaf_scald (181).jpg,masks/train/leaf_scald/leaf_scald (181).jpg.png,train,leaf_scald,552b5acc12cd0c680d57cb81dbd0bb2ced7ae8fb5ef47afd85a5678d47e4dc04,unreviewed,
train/leaf_scald/leaf_scald (183).jpg,masks/train/leaf_scald/leaf_scald (183).jpg.png,train,leaf_scald,ab0dd9565eb7996310667e21abedeb8028c1705ec428ba4db06b07dad05fadd7,unreviewed,
train/leaf_scald/leaf_scald (184).jpg,masks/train/leaf_scald/leaf_scald (184).jpg.png,train,leaf_scald,f6ce6a2f922999e8bced92ff4a8c13468e6bec9d87eb698ac6b4edb3d8f3c35e,unreviewed,
train/leaf_scald/leaf_scald (186).jpg,masks/train/leaf_scald/leaf_scald (186).jpg.png,train,leaf_scald,c7dc1b2eb942f190d7daf284505b406983af661938bf1bc780d9874aa73487cc,unreviewed,
train/leaf_scald/leaf_scald (188).jpg,masks/train/leaf_scald/leaf_scald (188).jpg.png,train,leaf_scald,0ca7bd49940fe4c18cdb5767e1d57dcde02eda50f97614334e7c0e0ac154a903,unreviewed,
train/leaf_scald/leaf_scald (189).jpg,masks/train/leaf_scald/leaf_scald (189).jpg.png,train,leaf_scald,12b8b8ce866ea0ba8ddba328c59cec96a5304497bbddc506062e7ae7d0adc95a,unreviewed,
train/leaf_scald/leaf_scald (190).jpg,masks/train/leaf_scald/leaf_scald (190).jpg.png,train,leaf_scald,7462923254baeff2565b9ea86cd747cec97dca230c984345973c14d4a119d26e,unreviewed,
train/leaf_scald/leaf_scald (193).jpg,masks/train/leaf_scald/leaf_scald (193).jpg.png,train,leaf_scald,61574c53e0a3aab954277c6c3ae8548f98d853eca5cce645f091fbd65f693d49,unreviewed,
train/leaf_scald/leaf_scald (195).jpg,masks/train/leaf_scald/leaf_scald (195).jpg.png,train,leaf_scald,2d2bf87aa2c37b12b9402f6d93d9cf37c5be6fe89324550bba677e4c53c208bd,unreviewed,
train/leaf_scald/leaf_scald (196).jpg,masks/train/leaf_scald/leaf_scald (196).jpg.png,train,leaf_scald,cb5d856c68f028025d4cf088f9f726638f635d85c7a198ad81b3e7fade0590a6,unreviewed,
train/leaf_scald/leaf_scald (198).jpg,masks/train/leaf_scald/leaf_scald (198).jpg.png,train,leaf_scald,a7d9a7e5825f4019778cb35dc45395735ac4005d09623f015d3e72a87816463a,unreviewed,
train/leaf_scald/leaf_scald (2).jpg,masks/train/leaf_scald/leaf_scald (2).jpg.png,train,leaf_scald,fe5d152ea40416095512af9706a466727ae8ceecd15625cd365bcb3f536493c5,unreviewed,
train/leaf_scald/leaf_scald (201).jpg,masks/train/leaf_scald/leaf_scald (201).jpg.png,train,leaf_scald,ccc629b7ecf55f576df2d9c93a6d87f998de981d14e81d38f6f95a3f5d5ff7f1,unreviewed,
train/leaf_scald/leaf_scald (202).jpg,masks/train/leaf_scald/leaf_scald (202).jpg.png,train,leaf_scald,0b1e3fe9b92996541f5076b369362a6109de21d283020ff8d8fd7576954fe616,unreviewed,
train/leaf_scald/leaf_scald (203).jpg,masks/train/leaf_scald/leaf_scald (203).jpg.png,train,leaf_scald,78e3c4fb66d8c0ca3b0a998612b8e9ddd0377ac45897d926813239120d1934ae,unreviewed,
train/leaf_scald/leaf_scald (204).jpg,masks/train/leaf_scald/leaf_scald (204).jpg.png,train,leaf_scald,0c5ab91e1a35199c5b12c57116ad8acd10793bf7cf1009daf15279b5e7f82809,unreviewed,
train/leaf_scald/leaf_scald (206).jpg,masks/train/leaf_scald/leaf_scald (206).jpg.png,train,leaf_scald,878925c75eebe03a81e3ca0eb304f8f4383836f4f2ad518538be274f7610fa30,unreviewed,
train/leaf_scald/leaf_scald (207).jpg,masks/train/leaf_scald/leaf_scald (207).jpg.png,train,leaf_scald,bd036aae0bf241ddb2b52fcff066e84aa28c130b7be177e517cbae96a16772e0,unreviewed,
train/leaf_scald/leaf_scald (208).jpg,masks/train/leaf_scald/leaf_scald (208).jpg.png,train,leaf_scald,02bab8224a2662a9687509fba5a69f9274a7e3ed2a2b5a97be4252a24e89c479,unreviewed,
train/leaf_scald/leaf_scald (209).jpg,masks/train/leaf_scald/leaf_scald (209).jpg.png,train,leaf_scald,a49b65533eced031676a265c78638dd1e158ae7440369a9c3878bf494becd21e,unreviewed,
train/leaf_scald/leaf_scald (21).jpg,masks/train/leaf_scald/leaf_scald (21).jpg.png,train,leaf_scald,fe1e52e8f27efba58d283cae0c477e963a5566019567b60dea4c7bcf97cbb5ed,unreviewed,
train/leaf_scald/leaf_scald (212).jpg,masks/train/leaf_scald/leaf_scald (212).jpg.png,train,leaf_scald,114ce80e0cc99e82a73ed9076f33f8965e10e5c403e61ff793254a068e037950,unreviewed,
train/leaf_scald/leaf_scald (214).jpg,masks/train/leaf_scald/leaf_scald (214).jpg.png,train,leaf_scald,7abb05a9e252d943bf530a60f4d673bc59997b5d3e5d500cfc296d12e2df81b5,unreviewed,
train/leaf_scald/leaf_scald (217).jpg,masks/train/leaf_scald/leaf_scald (217).jpg.png,train,leaf_scald,ce66ed00c9f6eb1fcac3e5151e8ba694d789646f7a1d437e02419608768f6dbe,unreviewed,
train/leaf_scald/leaf_scald (218).jpg,masks/train/leaf_scald/leaf_scald (218).jpg.png,train,leaf_scald,fc94f7aca564852f4da2366d91ae2de6035a57bb8b92dce3bc8998def122a7a6,unreviewed,
train/leaf_scald/leaf_scald (22).jpg,masks/train/leaf_scald/leaf_scald (22).jpg.png,train,leaf_scald,3f59467e6af13106bf0526f8e3d04a91c1b5b01b00c1378860cfd1720121a738,unreviewed,
train/leaf_scald/leaf_scald (220).jpg,masks/train/leaf_scald/leaf_scald (220).jpg.png,train,leaf_scald,437746639c2d981d365ee68277bf06220f8837f420e05b188f79700f47c89e80,unreviewed,
train/leaf_scald/leaf_scald (221).jpg,masks/train/leaf_scald/leaf_scald (221).jpg.png,train,leaf_scald,353c5ce405ff9943837bc4af3dafa148d0782656e351bff438825768755807f3,unreviewed,
train/leaf_scald/leaf_scald (225).jpg,masks/train/leaf_scald/leaf_scald (225).jpg.png,train,leaf_scald,e44f0b0cc780de308c04f3317ee611571651984faa0ab6b63e815d2faa6e38de,unreviewed,
train/leaf_scald/leaf_scald (226).jpg,masks/train/leaf_scald/leaf_scald (226).jpg.png,train,leaf_scald,5cf090f861cc73637e435de9d8a2a62a989dafa22494ba6b7a15a51ed62be9c2,unreviewed,
train/leaf_scald/leaf_scald (227).jpg,masks/train/leaf_scald/leaf_scald (227).jpg.png,train,leaf_scald,fffad2764c48d36497237417f8399a364698e123848334e61196e543d2734f3b,unreviewed,
train/leaf_scald/leaf_scald (229).jpg,masks/train/leaf_scald/leaf_scald (229).jpg.png,train,leaf_scald,5f6138b494026e20370cce8df45f55191bef0852d88b728076b7ea96b58e0b9c,unreviewed,
train/leaf_scald/leaf_scald (230).jpg,masks/train/leaf_scald/leaf_scald (230).jpg.png,train,leaf_scald,0278e641ce725368abc1703ee28013870505ed5568d0eb5696adf4dc35014a4f,unreviewed,
train/leaf_scald/leaf_scald (231).jpg,masks/train/leaf_scald/leaf_scald (231).jpg.png,train,leaf_scald,7f3b450688e6ce1c46b4d11f8ba83eb5739b02a6c6002c4fbef5652bd6034fef,unreviewed,
train/leaf_scald/leaf_scald (238).jpg,masks/train/leaf_scald/leaf_scald (238).jpg.png,train,leaf_scald,620778af6a87e2c88bd9086f3e27113a9b31ea76b166156d5c11cd6ee0282e22,unreviewed,
train/leaf_scald/leaf_scald (239).jpg,masks/train/leaf_scald/leaf_scald (239).jpg.png,train,leaf_scald,a86e9c1d228b1957cee202b42b73e6c7c1b98d09cccbebb1784dbe4168c7d149,unreviewed,
train/leaf_scald/leaf_scald (24).jpg,masks/train/leaf_scald/leaf_scald (24).jpg.png,train,leaf_scald,7eb70c885affeec698ee277b6687b1a8f23638ca902ff22c350fcad454e2fb9e,unreviewed,
train/leaf_scald/leaf_scald (240).jpg,masks/train/leaf_scald/leaf_scald (240).jpg.png,train,leaf_scald,bb1fcb41fc99b7a8d1b4b0e64511ac931fa0f8541dc6d23875a39a2be5470b49,unreviewed,
train/leaf_scald/leaf_scald (241).jpg,masks/train/leaf_scald/leaf_scald (241).jpg.png,train,leaf_scald,0c456ebb3b9c2f178c3c41234c0638ce1f17c0b23ce3cfb55e669c18df18e3b4,unreviewed,
train/leaf_scald/leaf_scald (243).jpg,masks/train/leaf_scald/leaf_scald (243).jpg.png,train,leaf_scald,2de65499926a12d79eb62484eb2eb7ab4f18a01a934439a5a90e1997b6db21a2,unreviewed,
train/leaf_scald/leaf_scald (244).jpg,masks/train/leaf_scald/leaf_scald (244).jpg.png,train,leaf_scald,e064bc629c12f7c61e04030fd515204e33cc7dd6fb80fbfd2386539b8d94fb94,unreviewed,
train/leaf_scald/leaf_scald (245).jpg,masks/train/leaf_scald/leaf_scald (245).jpg.png,train,leaf_scald,463ce5a8702468f9c723c90cc0d787aa00fa6d213d627c5cc2cc4961749a1ef1,unreviewed,
train/leaf_scald/leaf_scald (246).jpg,masks/train/leaf_scald/leaf_scald (246).jpg.png,train,leaf_scald,ef368072aa10971691a01d92d5b555ed70f3158021f8ae6ee91e9291b6f71654,unreviewed,
train/leaf_scald/leaf_scald (247).jpg,masks/train/leaf_scald/leaf_scald (247).jpg.png,train,leaf_scald,b8520263d776b45eacf6114eebe005ccb10b75c2073437fe38fca14b26803036,unreviewed,
train/leaf_scald/leaf_scald (248).jpg,masks/train/leaf_scald/leaf_scald (248).jpg.png,train,leaf_scald,061ee1f8c3991043e43c2889755fb0fd1a0c2c9b2efe8e17f38d0672e6bc37a6,unreviewed,
train/leaf_scald/leaf_scald (25).jpg,masks/train/leaf_scald/leaf_scald (25).jpg.png,train,leaf_scald,54bf15da7c27662df53c54b9e3cb94b8a5a5820629cdb9cedc45b5446f394856,unreviewed,
train/leaf_scald/leaf_scald (252).jpg,masks/train/leaf_scald/leaf_scald (252).jpg.png,train,leaf_scald,531aee6b9b79f1b166a3670ac076f44e1c39f86adeae8872aacf7ad6fa215e9f,unreviewed,
train/leaf_scald/leaf_scald (253).jpg,masks/train/leaf_scald/leaf_scald (253).jpg.png,train,leaf_scald,4032506569034e82ffab8b0525368959eb82f5b5d1ca53498b9c97e66dafce0a,unreviewed,
train/leaf_scald/leaf_scald (254).jpg,masks/train/leaf_scald/leaf_scald (254).jpg.png,train,leaf_scald,7d6b65f0e1230cdea16bfab1256961812c24d5e800ce49ad7b51c7ad5af1eed1,unreviewed,
train/leaf_scald/leaf_scald (256).jpg,masks/train/leaf_scald/leaf_scald (256).jpg.png,train,leaf_scald,ddeed58c70854747a54b181f23ac03cd4a50bfb636e06adc6081a8af1b5316e3,unreviewed,
train/leaf_scald/leaf_scald (257).jpg,masks/train/leaf_scald/leaf_scald (257).jpg.png,train,leaf_scald,1bd2ae9667ac88169dcc50a901bf19b5b2883c40b18947aced87c375e1f5b701,unreviewed,
train/leaf_scald/leaf_scald (258).jpg,masks/train/leaf_scald/leaf_scald (258).jpg.png,train,leaf_scald,873d8d3f7fdb6a02364a86704a802a8071a3c39a3f442138b7578568d2e8531d,unreviewed,
train/leaf_scald/leaf_scald (26).jpg,masks/train/leaf_scald/leaf_scald (26).jpg.png,train,leaf_scald,ba6fef2d2baa1e28d1910a47351ef83c595536088a7e26279f9c77986ad4616c,unreviewed,
train/leaf_scald/leaf_scald (261).jpg,masks/train/leaf_scald/leaf_scald (261).jpg.png,train,leaf_scald,5c3bbffc9903f6b94bcd458bfe783aa5541a166e9d6217389f5825e6a0e9dcf3,unreviewed,
train/leaf_scald/leaf_scald (263).jpg,masks/train/leaf_scald/leaf_scald (263).jpg.png,train,leaf_scald,7ca3a6076ee736d5366c98f73758b455bea131464a0ce1b39f9c9a0f39049b8d,unreviewed,
train/leaf_scald/leaf_scald (265).jpg,masks/train/leaf_scald/leaf_scald (265).jpg.png,train,leaf_scald,436df26cf6c963b274b49300e23bbd1ae3cde2314cc48ef0cb436095387839ba,unreviewed,
train/leaf_scald/leaf_scald (266).jpg,masks/train/leaf_scald/leaf_scald (266).jpg.png,train,leaf_scald,78bb88fe2a456b99a63bdda1279916010bb26c23594ea34839c59d9c5543ac9b,unreviewed,
train/leaf_scald/leaf_scald (268).jpg,masks/train/leaf_scald/leaf_scald (268).jpg.png,train,leaf_scald,be960d31f3af3da3c29208d9b68788f609f19346ca7460fdeeb21f6d58d04cc9,unreviewed,
train/leaf_scald/leaf_scald (270).jpg,masks/train/leaf_scald/leaf_scald (270).jpg.png,train,leaf_scald,cb47dc8cd3925a5d6e0ae0c453df536e005def91d0893675bba49f713b6961db,unreviewed,
train/leaf_scald/leaf_scald (272).jpg,masks/train/leaf_scald/leaf_scald (272).jpg.png,train,leaf_scald,8fcd8152aa2e1c863bba68947abfb4d7776a93dc990be083686cb8d8339ab720,unreviewed,
train/leaf_scald/leaf_scald (278).jpg,masks/train/leaf_scald/leaf_scald (278).jpg.png,train,leaf_scald,cc077bcd50e2961d56e373bebb79426d115b35975d882d8b181f9243195e2bab,unreviewed,
train/leaf_scald/leaf_scald (279).jpg,masks/train/leaf_scald/leaf_scald (279).jpg.png,train,leaf_scald,e50e99ce5c88f5226d32111e65672c20cb9f52dd8c500635e0800b6c1d6390c7,unreviewed,
train/leaf_scald/leaf_scald (28).jpg,masks/train/leaf_scald/leaf_scald (28).jpg.png,train,leaf_scald,7edb97f563db5c597a3190dd2c1a190a58109cd9ef31d337aec27c5e9eaae3c9,unreviewed,
train/leaf_scald/leaf_scald (280).jpg,masks/train/leaf_scald/leaf_scald (280).jpg.png,train,leaf_scald,ec10c7633a97467849d5a0ce7be11427c07554836d6983c3c8c6e993cc33db96,unreviewed,
train/leaf_scald/leaf_scald (281).jpg,masks/train/leaf_scald/leaf_scald (281).jpg.png,train,leaf_scald,265714fb51cd7202a3a6dc30e2d0f422ce6ede6bb0f37763efc0bb73c2734065,unreviewed,
train/leaf_scald/leaf_scald (282).jpg,masks/train/leaf_scald/leaf_scald (282).jpg.png,train,leaf_scald,b689a75e3440265536402edd047398fbeadce38a50f8d2fa140adbc133cdfafd,unreviewed,
train/leaf_scald/leaf_scald (283).jpg,masks/train/leaf_scald/leaf_scald (283).jpg.png,train,leaf_scald,57f01fcc679f76f525fc04e36f7d94d4e7ce5007fcfd4a87f8180d5b9ee79f0c,unreviewed,
train/leaf_scald/leaf_scald (285).jpg,masks/train/leaf_scald/leaf_scald (285).jpg.png,train,leaf_scald,9dca0ecae02cd2f1a38329276dbd7618cc25f2fdce7c7b62a5bfcdbeae628bc8,unreviewed,
train/leaf_scald/leaf_scald (288).jpg,masks/train/leaf_scald/leaf_scald (288).jpg.png,train,leaf_scald,eed5ef81d3fa94d24258fbf6812c7b16cd662fdb9cb772aa2434de07e47dd372,unreviewed,
train/leaf_scald/leaf_scald (289).jpg,masks/train/leaf_scald/leaf_scald (289).jpg.png,train,leaf_scald,c3f2ec2f772e6c7dad16224a81a4c65f50f627a9aebbda4fa70d5b21b098f72d,unreviewed,
train/leaf_scald/leaf_scald (29).jpg,masks/train/leaf_scald/leaf_scald (29).jpg.png,train,leaf_scald,5561b4d515e4bc1e32afb0cc8677a7b0870d314d1489a8f4a772c1bd02f964e9,unreviewed,
train/leaf_scald/leaf_scald (290).jpg,masks/train/leaf_scald/leaf_scald (290).jpg.png,train,leaf_scald,104f7840ed49c0999e6ccc71ee44789cd42e5db2f7fbd500bd4d85dc84d6d5e9,unreviewed,
train/leaf_scald/leaf_scald (292).jpg,masks/train/leaf_scald/leaf_scald (292).jpg.png,train,leaf_scald,e03e7ebecfbbe9fc3006218da743997773ca469d85b555999bf3db414b8bb57e,unreviewed,
train/leaf_scald/leaf_scald (293).jpg,masks/train/leaf_scald/leaf_scald (293).jpg.png,train,leaf_scald,0ec0eb13587737d0e0a7b4f9b5b04ff2e3c6b5664797c37594657d20c18daf0d,unreviewed,
train/leaf_scald/leaf_scald (296).jpg,masks/train/leaf_scald/leaf_scald (296).jpg.png,train,leaf_scald,1bf5c7642b83632512061c8456f7adfd4b0126a1eba4be675e0752d4c6e1c4ec,unreviewed,
train/leaf_scald/leaf_scald (298).jpg,masks/train/leaf_scald/leaf_scald (298).jpg.png,train,leaf_scald,d35b84df104d8341a6cf815b6de035d9906b374befdaaebf39b7471012b0392d,unreviewed,
train/leaf_scald/leaf_scald (299).jpg,masks/train/leaf_scald/leaf_scald (299).jpg.png,train,leaf_scald,8872176f12ed74e46566351479f2b4dcdabd3879e2057245d3cc6a2b64e36846,unreviewed,
train/leaf_scald/leaf_scald (3).jpg,masks/train/leaf_scald/leaf_scald (3).jpg.png,train,leaf_scald,cad46645337eda870f0a86f901924f1281ccc4ae8c5b1114c5bf1e3e336c5ea3,unreviewed,
train/leaf_scald/leaf_scald (30).jpg,masks/train/leaf_scald/leaf_scald (30).jpg.png,train,leaf_scald,1320d1e94706a0b60479d1e150d8f36f4f707b1a26570f5ea579596e85fab5a7,unreviewed,
train/leaf_scald/leaf_scald (300).jpg,masks/train/leaf_scald/leaf_scald (300).jpg.png,train,leaf_scald,672e3c0bf4f69aa34db929e8e2a50a27380fe0acc10600d6a240012c8392fdc3,unreviewed,
train/leaf_scald/leaf_scald (301).jpg,masks/train/leaf_scald/leaf_scald (301).jpg.png,train,leaf_scald,5bca22a6f0560b7d3bd13728b735f6bc6d64acdd5c8423d91f5de3a5025f08f0,unreviewed,
train/leaf_scald/leaf_scald (303).jpg,masks/train/leaf_scald/leaf_scald (303).jpg.png,train,leaf_scald,c7e12e738b1de1cffd6e58bce132c36f2932450c538e51ee27ec4094b5f498cd,unreviewed,
train/leaf_scald/leaf_scald (305).jpg,masks/train/leaf_scald/leaf_scald (305).jpg.png,train,leaf_scald,7ebdc29f784ab75b1914a09ef34e4efcaafe7f3f3e7ec1d5a5d3aa204ff05b3a,unreviewed,
train/leaf_scald/leaf_scald (306).jpg,masks/train/leaf_scald/leaf_scald (306).jpg.png,train,leaf_scald,10e66a5661912ef701103112dfd7f6b54c025312bab68c1b816089a83ee9f41b,unreviewed,
train/leaf_scald/leaf_scald (311).jpg,masks/train/leaf_scald/leaf_scald (311).jpg.png,train,leaf_scald,e34eb74a0dd41fc0f7b88c919c84883a57d0ae78e943672eef46ea2393891506,unreviewed,
train/leaf_scald/leaf_scald (312).jpg,masks/train/leaf_scald/leaf_scald (312).jpg.png,train,leaf_scald,df2522333906713fed4205ce62a8a796748ad23b4e19414a3a4ddcfe77559e1a,unreviewed,
train/leaf_scald/leaf_scald (314).jpg,masks/train/leaf_scald/leaf_scald (314).jpg.png,train,leaf_scald,363a9e3748a55f5fd05ac601d46dd9288ecee96200aa7deadb01b39a1b72dc4d,unreviewed,
train/leaf_scald/leaf_scald (315).jpg,masks/train/leaf_scald/leaf_scald (315).jpg.png,train,leaf_scald,c56a89e8e76846be53089ddbf1661d60679254c8a7bd6d0b002f2c8530c8fc3d,unreviewed,
train/leaf_scald/leaf_scald (317).jpg,masks/train/leaf_scald/leaf_scald (317).jpg.png,train,leaf_scald,d46c35f83d91fc10a3bb2f0b8960d4aaac40918be098d9cdfc56e88a35687ece,unreviewed,
train/leaf_scald/leaf_scald (318).jpg,masks/train/leaf_scald/leaf_scald (318).jpg.png,train,leaf_scald,e48a03b134155da7959ac6f8ca32e18010247219d0b1a184c594916c761ab8ee,unreviewed,
train/leaf_scald/leaf_scald (319).jpg,masks/train/leaf_scald/leaf_scald (319).jpg.png,train,leaf_scald,35f7faaea85fb40269fd4fc86e2230aea92538cffaf92d4e0be18f666f060b5b,unreviewed,
train/leaf_scald/leaf_scald (32).jpg,masks/train/leaf_scald/leaf_scald (32).jpg.png,train,leaf_scald,6ac001ed17cbd9801227e6db9c51ba9e68b088c4dda0451c3efd972c6a91bca0,unreviewed,
train/leaf_scald/leaf_scald (320).jpg,masks/train/leaf_scald/leaf_scald (320).jpg.png,train,leaf_scald,885eeb9785568f07801ec5471446113b0c3f88091ae4f9c4420ea89a5d66dbb9,unreviewed,
train/leaf_scald/leaf_scald (321).jpg,masks/train/leaf_scald/leaf_scald (321).jpg.png,train,leaf_scald,b1103ee797060d6aa7dfb778be9fd7d3e8943e8e3895522024c0368843de0849,unreviewed,
train/leaf_scald/leaf_scald (323).jpg,masks/train/leaf_scald/leaf_scald (323).jpg.png,train,leaf_scald,f5e60002d402f53546b5eb2bcbb1c7f8c30cb7416f6106542338bf6b860a6df5,unreviewed,
train/leaf_scald/leaf_scald (324).jpg,masks/train/leaf_scald/leaf_scald (324).jpg.png,train,leaf_scald,6cbfe4fc3d16ac5ea203aab363ab70f2415b050d4bacc18b1248e6100e9be2b1,unreviewed,
train/leaf_scald/leaf_scald (330).jpg,masks/train/leaf_scald/leaf_scald (330).jpg.png,train,leaf_scald,aeac55a618da52cf000d238de1dea0b295955085c35fdd13ed67cdc35d2ab0ca,unreviewed,
train/leaf_scald/leaf_scald (331).jpg,masks/train/leaf_scald/leaf_scald (331).jpg.png,train,leaf_scald,83eb2b40eb6c1f8c08f94fabdf2e1f6dea6e92c476632187551eb9370fc18b9d,unreviewed,
train/leaf_scald/leaf_scald (332).jpg,masks/train/leaf_scald/leaf_scald (332).jpg.png,train,leaf_scald,e3574bf1e95c7bd39608f238cd6068e6e076b4c15c6b65f0859190dd2d511132,unreviewed,
train/leaf_scald/leaf_scald (334).jpg,masks/train/leaf_scald/leaf_scald (334).jpg.png,train,leaf_scald,8ff70da13372ad7dbeee7a3c9a8853ce374413216f77511364bc1d70f7195316,unreviewed,
train/leaf_scald/leaf_scald (335).jpg,masks/train/leaf_scald/leaf_scald (335).jpg.png,train,leaf_scald,dd2e77cd10157f13b9146bf04f174d70795711f35c6eb0577ac90026f79fd617,unreviewed,
train/leaf_scald/leaf_scald (336).jpg,masks/train/leaf_scald/leaf_scald (336).jpg.png,train,leaf_scald,7394543d0677ba2e39eb97d668b04b9cafb0b8a16cd15b8a07946f345c3ef526,unreviewed,
train/leaf_scald/leaf_scald (337).jpg,masks/train/leaf_scald/leaf_scald (337).jpg.png,train,leaf_scald,6762172f2989e8da5ce71e1f35e16b3709a9db828a1fce843c0a18d1323009e3,unreviewed,
train/leaf_scald/leaf_scald (338).jpg,masks/train/leaf_scald/leaf_scald (338).jpg.png,train,leaf_scald,42c7707a95c507d4ce1109e3ad2a1f4090894dcaf9bc50e807e5252c336b9038,unreviewed,
train/leaf_scald/leaf_scald (34).jpg,masks/train/leaf_scald/leaf_scald (34).jpg.png,train,leaf_scald,34fbae09e16a88fe46a3397759512326967889695ba8c02e84c54d18641d5917,unreviewed,
train/leaf_scald/leaf_scald (340).jpg,masks/train/leaf_scald/leaf_scald (340).jpg.png,train,leaf_scald,8706b3bb3a7e54b4e3ca9a1c6d80a8e748398f2d96ee6e200c3b14d6aafe7dbe,unreviewed,
train/leaf_scald/leaf_scald (341).jpg,masks/train/leaf_scald/leaf_scald (341).jpg.png,train,leaf_scald,4387f773e6762bbffd50036c2a10062b7d58b64bd1be88ab5a808b683f892a9d,unreviewed,
train/leaf_scald/leaf_scald (342).jpg,masks/train/leaf_scald/leaf_scald (342).jpg.png,train,leaf_scald,c249f4f91326cf672d536d62d1bb18259776d7d5baf83b071ebc3029ac4073ad,unreviewed,
train/leaf_scald/leaf_scald (345).jpg,masks/train/leaf_scald/leaf_scald (345).jpg.png,train,leaf_scald,174c87f6b87a36e524d3407dcb601e2d19b55469f047e056022b17b9e352290e,unreviewed,
train/leaf_scald/leaf_scald (347).jpg,masks/train/leaf_scald/leaf_scald (347).jpg.png,train,leaf_scald,ec4002317570e592ef8dc2fd3380964928278829679641fbea9b4b51cb181850,unreviewed,
train/leaf_scald/leaf_scald (349).jpg,masks/train/leaf_scald/leaf_scald (349).jpg.png,train,leaf_scald,14089e92c8c80dcb9da788643af26bd2936378e452814b904f66aff3bffa91e4,unreviewed,
train/leaf_scald/leaf_scald (36).jpg,masks/train/leaf_scald/leaf_scald (36).jpg.png,train,leaf_scald,a394434f04c7b08eb8fe010239d58f8b80985f7801885dda3ef737644121b122,unreviewed,
train/leaf_scald/leaf_scald (38).jpg,masks/train/leaf_scald/leaf_scald (38).jpg.png,train,leaf_scald,86f33122cb1d5c556990cef05d2d9e16910b36cb7020e0ebbdbb9702e367a12a,unreviewed,
train/leaf_scald/leaf_scald (41).jpg,masks/train/leaf_scald/leaf_scald (41).jpg.png,train,leaf_scald,eef8e093e6cb9596f1478bf05a292ff6cb8f37411fdf5894c8cbaaec8bf8d8f8,unreviewed,
train/leaf_scald/leaf_scald (42).jpg,masks/train/leaf_scald/leaf_scald (42).jpg.png,train,leaf_scald,5bdf6e9259e768c1a38b4930cf92c8258672e3c5969d2df92ac368579a7d4634,unreviewed,
train/leaf_scald/leaf_scald (44).jpg,masks/train/leaf_scald/leaf_scald (44).jpg.png,train,leaf_scald,9523acfb05a3e8f00fd10065ba6059901a6c50a3a587866dacc7fbd82d9775d1,unreviewed,
train/leaf_scald/leaf_scald (46).jpg,masks/train/leaf_scald/leaf_scald (46).jpg.png,train,leaf_scald,33391d46cb5ede517c26a766218ad8ed672aac7402de98fbcaf4ef6fe8d495d3,unreviewed,
train/leaf_scald/leaf_scald (48).jpg,masks/train/leaf_scald/leaf_scald (48).jpg.png,train,leaf_scald,f5fbaa8eba28a36aac474216a16bd16048f3a98260850c630ef10aced1a5a3e3,unreviewed,
train/leaf_scald/leaf_scald (51).jpg,masks/train/leaf_scald/leaf_scald (51).jpg.png,train,leaf_scald,903fbb99455cf439a9ee4e665918922ea0f9c71e5d44bfbc8f04afea132de36f,unreviewed,
train/leaf_scald/leaf_scald (54).jpg,masks/train/leaf_scald/leaf_scald (54).jpg.png,train,leaf_scald,af9ce3d838b9ac54161223697d7abac8a39b57f4a9ec76eda819b5a23b4e47d0,unreviewed,
train/leaf_scald/leaf_scald (57).jpg,masks/train/leaf_scald/leaf_scald (57).jpg.png,train,leaf_scald,cb3cc6dcada238780797d643176b4dbd086f707a5540f7ac1d785221e4383161,unreviewed,
train/leaf_scald/leaf_scald (6).jpg,masks/train/leaf_scald/leaf_scald (6).jpg.png,train,leaf_scald,81cf4237da2854a9be2a219c41fc5ef54404c8c0d84774134a2f50f44476ea4c,unreviewed,
train/leaf_scald/leaf_scald (60).jpg,masks/train/leaf_scald/leaf_scald (60).jpg.png,train,leaf_scald,3d16763cbdc9317fd2dd3a44a7fca3817ba26761663351731b3ca5b5736b094c,unreviewed,
train/leaf_scald/leaf_scald (62).jpg,masks/train/leaf_scald/leaf_scald (62).jpg.png,train,leaf_scald,793f51a5caa0948c781ba0c373c0d82657940a4be8ee9e576fd854af9fd690ab,unreviewed,
train/leaf_scald/leaf_scald (63).jpg,masks/train/leaf_scald/leaf_scald (63).jpg.png,train,leaf_scald,71f9caa48956eaa802e4a980b4509546af5185fdc84ab5717f87e77969fbe0fc,unreviewed,
train/leaf_scald/leaf_scald (64).jpg,masks/train/leaf_scald/leaf_scald (64).jpg.png,train,leaf_scald,93f4097ccd6689f73a1320b5f6c4bdf21a6664aca07e90c7c5077d6ce023989d,unreviewed,
train/leaf_scald/leaf_scald (65).jpg,masks/train/leaf_scald/leaf_scald (65).jpg.png,train,leaf_scald,b5e4d71014d6c01bbd9c1d79422fa27ed58845a4f569d83091a5390e6ac8bca5,unreviewed,
train/leaf_scald/leaf_scald (66).jpg,masks/train/leaf_scald/leaf_scald (66).jpg.png,train,leaf_scald,6efc6ce115f3e213c7761d7a67db19659d7368119582b8128b7bdcdd47d8946c,unreviewed,
train/leaf_scald/leaf_scald (67).jpg,masks/train/leaf_scald/leaf_scald (67).jpg.png,train,leaf_scald,820f070e922d3455d5c49403b2f66a728b5e880d0878d1f88ee6d5befb7cd7c5,unreviewed,
train/leaf_scald/leaf_scald (69).jpg,masks/train/leaf_scald/leaf_scald (69).jpg.png,train,leaf_scald,b30bd32008c1c9c5c654320f6da8989246af4178a9050ac49803aeae46ba5e02,unreviewed,
train/leaf_scald/leaf_scald (7).jpg,masks/train/leaf_scald/leaf_scald (7).jpg.png,train,leaf_scald,4622caa1852ddefaf7e79a88f72e5c86d0764a5f4659f30911fc2081fa889f7d,unreviewed,
train/leaf_scald/leaf_scald (75).jpg,masks/train/leaf_scald/leaf_scald (75).jpg.png,train,leaf_scald,c3841428875eb07d4bd49b6cb0f874ec9c81f225282cd01c2a2237aba5544a1a,unreviewed,
train/leaf_scald/leaf_scald (78).jpg,masks/train/leaf_scald/leaf_scald (78).jpg.png,train,leaf_scald,b69dfdd2f4a9c85a7778e78b85f2b76944559cd47e9e7fdd181ed64d7b0751f3,unreviewed,
train/leaf_scald/leaf_scald (8).jpg,masks/train/leaf_scald/leaf_scald (8).jpg.png,train,leaf_scald,028e09ab389d8c89b22fd048c7faf8718a0fe258361db9ced0fd76a4a2530fc7,unreviewed,
train/leaf_scald/leaf_scald (82).jpg,masks/train/leaf_scald/leaf_scald (82).jpg.png,train,leaf_scald,db970fc6ec58d007a2a5d235a40bdfdcdfed9fb57a21c9b97f0ac91dee6624f5,unreviewed,
train/leaf_scald/leaf_scald (83).jpg,masks/train/leaf_scald/leaf_scald (83).jpg.png,train,leaf_scald,c1a23f2ddcf1503fbc075f304766e69538546fda7c2634cd4888b9888465eea8,unreviewed,
train/leaf_scald/leaf_scald (85).jpg,masks/train/leaf_scald/leaf_scald (85).jpg.png,train,leaf_scald,17f7cd4ec29002d8016f384c843d147825a0055ac9e23f7151bdabf23f74ce88,unreviewed,
train/leaf_scald/leaf_scald (86).jpg,masks/train/leaf_scald/leaf_scald (86).jpg.png,train,leaf_scald,ec05f260717e6d199a69d020291a775274822190b022dcb78d3a8311edc95b4b,unreviewed,
train/leaf_scald/leaf_scald (89).jpg,masks/train/leaf_scald/leaf_scald (89).jpg.png,train,leaf_scald,0f9817271ad774ea2f21cb03d0420d9cdc06136f39c4c55f07f430b12254c352,unreviewed,
train/leaf_scald/leaf_scald (9).jpg,masks/train/leaf_scald/leaf_scald (9).jpg.png,train,leaf_scald,72d8459b1d5d018ecec935e19e3c4e7042267f8c51a5d52863a996ab26f6e19d,unreviewed,
train/leaf_scald/leaf_scald (90).jpg,masks/train/leaf_scald/leaf_scald (90).jpg.png,train,leaf_scald,d6f642bae040a2d9013a833b04ffe99a0aee3f90224a3d07c9403cbf8151a0db,unreviewed,
train/leaf_scald/leaf_scald (92).jpg,masks/train/leaf_scald/leaf_scald (92).jpg.png,train,leaf_scald,69c5e837cac23f0f3f6ea25106e50bab230a5c35c1c39ac093d555f93e7e606b,unreviewed,
train/leaf_scald/leaf_scald (93).jpg,masks/train/leaf_scald/leaf_scald (93).jpg.png,train,leaf_scald,27f34bbd8f20837aa360ff284748fce7083dfb6ba61325c7b45ac2b03a424dfa,unreviewed,
train/leaf_scald/leaf_scald (94).jpg,masks/train/leaf_scald/leaf_scald (94).jpg.png,train,leaf_scald,5cb9fa4a4555b7be116a6f8c890b6bf25ccbe1c8d2d2acc119aa6a0032045754,unreviewed,
train/leaf_scald/leaf_scald (95).jpg,masks/train/leaf_scald/leaf_scald (95).jpg.png,train,leaf_scald,1f66ed2c45091c32d53b914d231599300e37647f4c011b7e5fce313817173df7,unreviewed,
train/leaf_scald/leaf_scald (97).jpg,masks/train/leaf_scald/leaf_scald (97).jpg.png,train,leaf_scald,8fa61e18a011fdba03c2b573d2ecc295381e7712cc69df21291c7459d19a8010,unreviewed,
train/leaf_scald/leaf_scald (99).jpg,masks/train/leaf_scald/leaf_scald (99).jpg.png,train,leaf_scald,61b10defb6c36bd28d74ba3b4553561bcb0e7c30e5aaddffd0a8b208bfc7e836,unreviewed,
train/narrow_brown_spot/narrow_brown (1).jpg,masks/train/narrow_brown_spot/narrow_brown (1).jpg.png,train,narrow_brown_spot,bd762792cc87638fdb924184770074a21a50d5b76aa3eebcd02000bac502c9f4,unreviewed,
train/narrow_brown_spot/narrow_brown (100).jpg,masks/train/narrow_brown_spot/narrow_brown (100).jpg.png,train,narrow_brown_spot,d6e1ff9673e50a69301975a55301f1ee78325a9f5dd3a94b6fe050985f7126d2,unreviewed,
train/narrow_brown_spot/narrow_brown (101).jpg,masks/train/narrow_brown_spot/narrow_brown (101).jpg.png,train,narrow_brown_spot,a58db9c9ba0b9792e5285b84eb24bf4462b5c2187486bd33f1db3a8f842bf9c9,unreviewed,
train/narrow_brown_spot/narrow_brown (103).jpg,masks/train/narrow_brown_spot/narrow_brown (103).jpg.png,train,narrow_brown_spot,5662c97c65204e9e8a5a1b5b9b9b205a8ac6d02ba976d4db8ef4ad6f5d17a436,unreviewed,
train/narrow_brown_spot/narrow_brown (107).jpg,masks/train/narrow_brown_spot/narrow_brown (107).jpg.png,train,narrow_brown_spot,a60824370ba9ae9e8440abbe6d3cc9c7f36812c5de97230ceb3bab49e3fff580,unreviewed,
train/narrow_brown_spot/narrow_brown (108).jpg,masks/train/narrow_brown_spot/narrow_brown (108).jpg.png,train,narrow_brown_spot,7dd4e0ba61d3f63b8e0814fb5d474c1b4cb11b1d09b53e3aeeff357e87cb6d17,unreviewed,
train/narrow_brown_spot/narrow_brown (11).jpg,masks/train/narrow_brown_spot/narrow_brown (11).jpg.png,train,narrow_brown_spot,bc2d1d1a0b291f95fa19a5c61e34e341e3b5ab84afc77fe9c30c57c41c097c47,unreviewed,
train/narrow_brown_spot/narrow_brown (113).jpg,masks/train/narrow_brown_spot/narrow_brown (113).jpg.png,train,narrow_brown_spot,d25fdadcd2e8b93106b6e8a66dd86fbafcb74c2b0c7c188176cb0323bfebf95d,unreviewed,
train/narrow_brown_spot/narrow_brown (115).jpg,masks/train/narrow_brown_spot/narrow_brown (115).jpg.png,train,narrow_brown_spot,63e02a9a186899ce97884db2a0a8507101b4adec037330ff8bd6f346cfd177aa,unreviewed,
train/narrow_brown_spot/narrow_brown (116).jpg,masks/train/narrow_brown_spot/narrow_brown (116).jpg.png,train,narrow_brown_spot,3c57791cdca13f6b681b7539ca89f63b47f41b85472d5dd06388c59ef15f7115,unreviewed,
train/narrow_brown_spot/narrow_brown (117).jpg,masks/train/narrow_brown_spot/narrow_brown (117).jpg.png,train,narrow_brown_spot,5821947d0c097231fe717f8492f102a9005e11af81e16cdd4fc164322a74a928,unreviewed,
train/narrow_brown_spot/narrow_brown (119).jpg,masks/train/narrow_brown_spot/narrow_brown (119).jpg.png,train,narrow_brown_spot,fcc71b572b989f6c3ba9f84ddbc718a8521987bcb23677367645f6c9c599356e,unreviewed,
train/narrow_brown_spot/narrow_brown (12).jpg,masks/train/narrow_brown_spot/narrow_brown (12).jpg.png,train,narrow_brown_spot,307c6c180b019db400abef345f37dfc300d1b6b7eb1f76de8213e65635b54a32,unreviewed,
train/narrow_brown_spot/narrow_brown (120).jpg,masks/train/narrow_brown_spot/narrow_brown (120).jpg.png,train,narrow_brown_spot,ea1ba206df840b3879ca16c84b484ec98bd82756ea0e2351b00699e622743c9f,unreviewed,
train/narrow_brown_spot/narrow_brown (122).jpg,masks/train/narrow_brown_spot/narrow_brown (122).jpg.png,train,narrow_brown_spot,c99ca4293fabca0ead8e4f5490586074b258ab84ee262924f30c9034e90d7b90,unreviewed,
train/narrow_brown_spot/narrow_brown (13).jpg,masks/train/narrow_brown_spot/narrow_brown (13).jpg.png,train,narrow_brown_spot,b7c9908544dbd0af439c390d3249af225438fd862a02c3dfa8ba6fbd1208ee9a,unreviewed,
train/narrow_brown_spot/narrow_brown (131).jpg,masks/train/narrow_brown_spot/narrow_brown (131).jpg.png,train,narrow_brown_spot,edbd4bfaaf7abc2312e312f18d4539ecc134c90b095dd077dbd23b15119bd01b,unreviewed,
train/narrow_brown_spot/narrow_brown (132).jpg,masks/train/narrow_brown_spot/narrow_brown (132).jpg.png,train,narrow_brown_spot,8229011b3427f882b3ffcbaacccd22d22d584dcad69acc1664d547f8912fff24,unreviewed,
train/narrow_brown_spot/narrow_brown (133).jpg,masks/train/narrow_brown_spot/narrow_brown (133).jpg.png,train,narrow_brown_spot,787758baf8c32e34fec5b5b165ee753e6a636fdf08247104b2b3f75a5fe8731b,unreviewed,
train/narrow_brown_spot/narrow_brown (134).jpg,masks/train/narrow_brown_spot/narrow_brown (134).jpg.png,train,narrow_brown_spot,a89d021fd999ed959b8142286cd9d0fc97d6652054a3c0b2a60ef01ba9afed45,unreviewed,
train/narrow_brown_spot/narrow_brown (135).jpg,masks/train/narrow_brown_spot/narrow_brown (135).jpg.png,train,narrow_brown_spot,5f70c4e3a7199af5f36496398a9543da93a04428d09eb0b937e0f15b66af5dce,unreviewed,
train/narrow_brown_spot/narrow_brown (136).jpg,masks/train/narrow_brown_spot/narrow_brown (136).jpg.png,train,narrow_brown_spot,ffc615cdadcf0af8bbe81d392d3cefdd2525e3e24ae46039201013a948c0ad68,unreviewed,
train/narrow_brown_spot/narrow_brown (138).jpg,masks/train/narrow_brown_spot/narrow_brown (138).jpg.png,train,narrow_brown_spot,bfd854a786c0690de3e3195b34a6e0e51d393f1e420313401e9783ec4f25c2b0,unreviewed,
train/narrow_brown_spot/narrow_brown (14).jpg,masks/train/narrow_brown_spot/narrow_brown (14).jpg.png,train,narrow_brown_spot,bcdb960b370e72af437968076d98e88a28c43a0f699551eb53b4bb0d60210c27,unreviewed,
train/narrow_brown_spot/narrow_brown (140).jpg,masks/train/narrow_brown_spot/narrow_brown (140).jpg.png,train,narrow_brown_spot,a6175041598d1312374bd338b0cc8be4f7abce9f4fce8817823109c53bbc83af,unreviewed,
train/narrow_brown_spot/narrow_brown (142).jpg,masks/train/narrow_brown_spot/narrow_brown (142).jpg.png,train,narrow_brown_spot,3b92a0fb4a556859d1bccfe1672baa400acfde75ecd7154c6ae2f5bf9b2ac1df,unreviewed,
train/narrow_brown_spot/narrow_brown (143).jpg,masks/train/narrow_brown_spot/narrow_brown (143).jpg.png,train,narrow_brown_spot,364fbf027db1cc0f41a375e097f1e8d90a5bbabb65a8c8d8c20b5c75c5d108d3,unreviewed,
train/narrow_brown_spot/narrow_brown (144).jpg,masks/train/narrow_brown_spot/narrow_brown (144).jpg.png,train,narrow_brown_spot,92bac9a3450d97c643614b46b0a8071c0c0ad4109e65f83d046b3dae4203e876,unreviewed,
train/narrow_brown_spot/narrow_brown (146).jpg,masks/train/narrow_brown_spot/narrow_brown (146).jpg.png,train,narrow_brown_spot,7589c4fb30781219d7eb6025d2f53d9afd462b278d89f855b5c026737138a40e,unreviewed,
train/narrow_brown_spot/narrow_brown (149).jpg,masks/train/narrow_brown_spot/narrow_brown (149).jpg.png,train,narrow_brown_spot,217f3e57ee7ecbe803295aa00f61fd2bcb9a29aca7b00c8995b8044c4fdccced,unreviewed,
train/narrow_brown_spot/narrow_brown (15).jpg,masks/train/narrow_brown_spot/narrow_brown (15).jpg.png,train,narrow_brown_spot,54fd5f8065001da698a21858d14c6a507b6b6fb23aaa49c67e6b7fa69acb2c89,unreviewed,
train/narrow_brown_spot/narrow_brown (150).jpg,masks/train/narrow_brown_spot/narrow_brown (150).jpg.png,train,narrow_brown_spot,0fe4c44e164c17eb40f854b6a40977252f802cb159750db93b00d798e7c46626,unreviewed,
train/narrow_brown_spot/narrow_brown (151).jpg,masks/train/narrow_brown_spot/narrow_brown (151).jpg.png,train,narrow_brown_spot,05ee545a5f2da6a5a4a78dc91e75250cfecb5e1aabca2ffbcf8a4e172f9aa993,unreviewed,
train/narrow_brown_spot/narrow_brown (152).jpg,masks/train/narrow_brown_spot/narrow_brown (152).jpg.png,train,narrow_brown_spot,8adb4954b7d0c656ee58925e80e75fc88e5b6b417974e78fb55173b1d3eac13d,unreviewed,
train/narrow_brown_spot/narrow_brown (154).jpg,masks/train/narrow_brown_spot/narrow_brown (154).jpg.png,train,narrow_brown_spot,5df645ae67ba6a27086d369c8eeca2e800acb26960b5bfc249ac41419aae97ab,unreviewed,
train/narrow_brown_spot/narrow_brown (155).jpg,masks/train/narrow_brown_spot/narrow_brown (155).jpg.png,train,narrow_brown_spot,a93b102ea8558c9c703c7bb7cfa19553ba61abe7cc7bd3f7ec69281861863c70,unreviewed,
train/narrow_brown_spot/narrow_brown (156).jpg,masks/train/narrow_brown_spot/narrow_brown (156).jpg.png,train,narrow_brown_spot,9b198196c0e7f264e765dbce655825cde06c671057a1db7a87833fceb7698ebc,unreviewed,
train/narrow_brown_spot/narrow_brown (159).jpg,masks/train/narrow_brown_spot/narrow_brown (159).jpg.png,train,narrow_brown_spot,101b518c2cd8f977f2e9b6daaca373d2a43dcdcac19613331b8392b5eb56fd0c,unreviewed,
train/narrow_brown_spot/narrow_brown (16).jpg,masks/train/narrow_brown_spot/narrow_brown (16).jpg.png,train,narrow_brown_spot,ad4a06a4bb9a7eed025835648c429abe299d36fb1fe627e69c9bcda6d6926ec1,unreviewed,
train/narrow_brown_spot/narrow_brown (160).jpg,masks/train/narrow_brown_spot/narrow_brown (160).jpg.png,train,narrow_brown_spot,e6f5f84ac10be978de31d40f01487443643e7c05e65bb1822dad43b8b7b36e8a,unreviewed,
train/narrow_brown_spot/narrow_brown (162).jpg,masks/train/narrow_brown_spot/narrow_brown (162).jpg.png,train,narrow_brown_spot,d49c631cbe5c433a75fa11097669955bef5a635a0383dbc95f432fa61f7f4d6d,unreviewed,
train/narrow_brown_spot/narrow_brown (163).jpg,masks/train/narrow_brown_spot/narrow_brown (163).jpg.png,train,narrow_brown_spot,6cc21e9583792b9dd542d195c08dacaaa54ca06f4004057b327c7c4a17d9f3ca,unreviewed,
train/narrow_brown_spot/narrow_brown (169).jpg,masks/train/narrow_brown_spot/narrow_brown (169).jpg.png,train,narrow_brown_spot,e29a8d9580f08a4d4485afaea01211d6dcd586c906beceb7ceec1df43b39d4e3,unreviewed,
train/narrow_brown_spot/narrow_brown (17).jpg,masks/train/narrow_brown_spot/narrow_brown (17).jpg.png,train,narrow_brown_spot,12782dd0e06bb268c766dca66a59e16a6c657ff74e79679c5e54dd945823c27c,unreviewed,
train/narrow_brown_spot/narrow_brown (170).jpg,masks/train/narrow_brown_spot/narrow_brown (170).jpg.png,train,narrow_brown_spot,31835c7666391358d7f7981ef2768d74b4480a3d691b93005cfb2ddef5c5b9ec,unreviewed,
train/narrow_brown_spot/narrow_brown (171).jpg,masks/train/narrow_brown_spot/narrow_brown (171).jpg.png,train,narrow_brown_spot,893578371e0b77014650a07fb5f78d60f4d3d34473be1117e31ed84de1ba619d,unreviewed,
train/narrow_brown_spot/narrow_brown (172).jpg,masks/train/narrow_brown_spot/narrow_brown (172).jpg.png,train,narrow_brown_spot,7093dd98a7a71bf2f95b70fb4690737aff36b271a9898ca0de7adf446e575362,unreviewed,
train/narrow_brown_spot/narrow_brown (173).jpg,masks/train/narrow_brown_spot/narrow_brown (173).jpg.png,train,narrow_brown_spot,debd77b5ac46712447d767451954e951a68a1e93c80bf79fb082f358185f2893,unreviewed,
train/narrow_brown_spot/narrow_brown (175).jpg,masks/train/narrow_brown_spot/narrow_brown (175).jpg.png,train,narrow_brown_spot,4dac8b9b6b0afdeb907ad352002aa3077a808d3f551782732a6e0cb61dfd4505,unreviewed,
train/narrow_brown_spot/narrow_brown (176).jpg,masks/train/narrow_brown_spot/narrow_brown (176).jpg.png,train,narrow_brown_spot,c3cfb5390ee48a2fcd93b263494c7fae4ff805ff115731917e76af9e6b4e526a,unreviewed,
train/narrow_brown_spot/narrow_brown (177).jpg,masks/train/narrow_brown_spot/narrow_brown (177).jpg.png,train,narrow_brown_spot,b6bb0705ee7c927adf873b92adc51d7031ef26a55679f22356039acacc790515,unreviewed,
train/narrow_brown_spot/narrow_brown (178).jpg,masks/train/narrow_brown_spot/narrow_brown (178).jpg.png,train,narrow_brown_spot,a60b14ab57528fbd7f671dd859029f24a37084e071b6b5f6c82234a154f584c7,unreviewed,
train/narrow_brown_spot/narrow_brown (179).jpg,masks/train/narrow_brown_spot/narrow_brown (179).jpg.png,train,narrow_brown_spot,294343a5973994699aa45331e8a7af246cc71802deb5a416cfb8469d8cf746b0,unreviewed,
train/narrow_brown_spot/narrow_brown (180).jpg,masks/train/narrow_brown_spot/narrow_brown (180).jpg.png,train,narrow_brown_spot,edc088be65e876f6d7f4c60e8a31da8e82178facbd53a2a91c7860e7cbcb87d1,unreviewed,
train/narrow_brown_spot/narrow_brown (182).jpg,masks/train/narrow_brown_spot/narrow_brown (182).jpg.png,train,narrow_brown_spot,05a3b35ee03933cdb511bbfad2a23287e749d85d87102478c14a9788f9dca649,unreviewed,
train/narrow_brown_spot/narrow_brown (183).jpg,masks/train/narrow_brown_spot/narrow_brown (183).jpg.png,train,narrow_brown_spot,6886f3c51c332924d9d946b8258998e8ac2c6fba3a7a1f71bb4bff863f9272b4,unreviewed,
train/narrow_brown_spot/narrow_brown (185).jpg,masks/train/narrow_brown_spot/narrow_brown (185).jpg.png,train,narrow_brown_spot,8a631239dfe902936114f065101ce67164d1f9fdb88f45ea61003c657f5a8e9d,unreviewed,
train/narrow_brown_spot/narrow_brown (186).jpg,masks/train/narrow_brown_spot/narrow_brown (186).jpg.png,train,narrow_brown_spot,f0b53e7abac1f3a81ccf7545ccfc3193d67427ded1a2a0c660715c8138c56899,unreviewed,
train/narrow_brown_spot/narrow_brown (187).jpg,masks/train/narrow_brown_spot/narrow_brown (187).jpg.png,train,narrow_brown_spot,ff78311c04504f1a2bc283ed52e5aec6ddf6bcad85b5d4519eb7fd31954905e4,unreviewed,
train/narrow_brown_spot/narrow_brown (189).jpg,masks/train/narrow_brown_spot/narrow_brown (189).jpg.png,train,narrow_brown_spot,d10b68b3d4269f513d16782f7e9c732cc7f098573cd5d0d3044ab2bf4c5ec4a8,unreviewed,
train/narrow_brown_spot/narrow_brown (190).jpg,masks/train/narrow_brown_spot/narrow_brown (190).jpg.png,train,narrow_brown_spot,b2a81e61a8804ae9b11b613a0285091c8223759af72943cb852d84841d6e941d,unreviewed,
train/narrow_brown_spot/narrow_brown (191).jpg,masks/train/narrow_brown_spot/narrow_brown (191).jpg.png,train,narrow_brown_spot,1c7cf7a07ab5a3ce32a08bbec106133d759eb768ee83e913b1f07fe6cff3a114,unreviewed,
train/narrow_brown_spot/narrow_brown (193).jpg,masks/train/narrow_brown_spot/narrow_brown (193).jpg.png,train,narrow_brown_spot,ef9c6001493297199704c77d8e04e2690f7c068a926bf72794459c35ce7fb86b,unreviewed,
train/narrow_brown_spot/narrow_brown (194).jpg,masks/train/narrow_brown_spot/narrow_brown (194).jpg.png,train,narrow_brown_spot,a949b11f75dbced77f6ef141a02c3ab74c1cc1733fe3fa2cf3368db33c95e37b,unreviewed,
train/narrow_brown_spot/narrow_brown (195).jpg,masks/train/narrow_brown_spot/narrow_brown (195).jpg.png,train,narrow_brown_spot,ef5f744cb98db67b15bf6f18a622dd3a4e9796890006f8cd374a56b5800d6f9b,unreviewed,
train/narrow_brown_spot/narrow_brown (197).jpg,masks/train/narrow_brown_spot/narrow_brown (197).jpg.png,train,narrow_brown_spot,fa954da349a27cdb842b0934fecc510b21795dea5a537c9ac6f1b7972128d9bc,unreviewed,
train/narrow_brown_spot/narrow_brown (198).jpg,masks/train/narrow_brown_spot/narrow_brown (198).jpg.png,train,narrow_brown_spot,41ec6e1dd056437f1e375f2d7e6421d7ba37274be06cc63e20254340351aa684,unreviewed,
train/narrow_brown_spot/narrow_brown (20).jpg,masks/train/narrow_brown_spot/narrow_brown (20).jpg.png,train,narrow_brown_spot,f7497cca8b7e10c9c9524b2828540ec7e0cb5aa88c29c8d07d6957f4df5b5b51,unreviewed,
train/narrow_brown_spot/narrow_brown (200).jpg,masks/train/narrow_brown_spot/narrow_brown (200).jpg.png,train,narrow_brown_spot,40c7a7834ffc27ef14b92bc1aa7554afec4ffbe6f636779ba12c9a6f90884679,unreviewed,
train/narrow_brown_spot/narrow_brown (202).jpg,masks/train/narrow_brown_spot/narrow_brown (202).jpg.png,train,narrow_brown_spot,297d50c98be4886c6408c817d38a5c78ef9075775020af6552662bb508cfdbff,unreviewed,
train/narrow_brown_spot/narrow_brown (203).jpg,masks/train/narrow_brown_spot/narrow_brown (203).jpg.png,train,narrow_brown_spot,0f592ee74a467679c55a90dd1598047e75c120d396cbbce94df34acf989039a4,unreviewed,
train/narrow_brown_spot/narrow_brown (204).jpg,masks/train/narrow_brown_spot/narrow_brown (204).jpg.png,train,narrow_brown_spot,9450916f1d14295e7e276f5891c22814a1d44c2ba54bfda0bff26edc3b68af63,unreviewed,
train/narrow_brown_spot/narrow_brown (206).jpg,masks/train/narrow_brown_spot/narrow_brown (206).jpg.png,train,narrow_brown_spot,c6cacf9d241a15a3bf8e95998d28ce527cf1b635b5ecebf2d15b9572ee645fd9,unreviewed,
train/narrow_brown_spot/narrow_brown (207).jpg,masks/train/narrow_brown_spot/narrow_brown (207).jpg.png,train,narrow_brown_spot,b52cf81e5f55e1559fd6809ba3aa87b0992fd24883b1caae2ff4c86966886710,unreviewed,
train/narrow_brown_spot/narrow_brown (208).jpg,masks/train/narrow_brown_spot/narrow_brown (208).jpg.png,train,narrow_brown_spot,fb8eea2764a0ba69e1434191d4259f7355000246436ee96df418759d0cb3fcbd,unreviewed,
train/narrow_brown_spot/narrow_brown (210).jpg,masks/train/narrow_brown_spot/narrow_brown (210).jpg.png,train,narrow_brown_spot,86a59aaf07eafc0c1a6e644dd167983cedd9cc87532c3e09da7851b21659cb86,unreviewed,
train/narrow_brown_spot/narrow_brown (211).jpg,masks/train/narrow_brown_spot/narrow_brown (211).jpg.png,train,narrow_brown_spot,a988db52ae3b89879b2d71f55c7856b1753235637963d4e7d046aa5eec9460da,unreviewed,
train/narrow_brown_spot/narrow_brown (212).jpg,masks/train/narrow_brown_spot/narrow_brown (212).jpg.png,train,narrow_brown_spot,ce7fd5b349e0d12225f831203b854e17047aba79158f57c69f8ab755ea7c8dcc,unreviewed,
train/narrow_brown_spot/narrow_brown (213).jpg,masks/train/narrow_brown_spot/narrow_brown (213).jpg.png,train,narrow_brown_spot,5cb1f8eff5d813c05d637b6ede427781dcb8920d29aad4e7756e0ee5dad3f959,unreviewed,
train/narrow_brown_spot/narrow_brown (214).jpg,masks/train/narrow_brown_spot/narrow_brown (214).jpg.png,train,narrow_brown_spot,4a6ab48f06486cb8fa163a61b1d85b1e4a306ff7e3ab7afbcdc17e72a93ab053,unreviewed,
train/narrow_brown_spot/narrow_brown (215).jpg,masks/train/narrow_brown_spot/narrow_brown (215).jpg.png,train,narrow_brown_spot,1c9b1adb923b28cdebf56c9e978c227b4246bab877b9229a2aa8655369fb2f91,unreviewed,
train/narrow_brown_spot/narrow_brown (216).jpg,masks/train/narrow_brown_spot/narrow_brown (216).jpg.png,train,narrow_brown_spot,f723fb2119c2bdef90890ce983be8707b55c6b3665e42ae6e3286cd5b428adf3,unreviewed,
train/narrow_brown_spot/narrow_brown (217).jpg,masks/train/narrow_brown_spot/narrow_brown (217).jpg.png,train,narrow_brown_spot,a7d7c60eef3f9e244ce9d53475e661a98b2752aa5a5842a95a66daf61e66a095,unreviewed,
train/narrow_brown_spot/narrow_brown (218).jpg,masks/train/narrow_brown_spot/narrow_brown (218).jpg.png,train,narrow_brown_spot,de128b6c524ce6ff2cff07b4819a53f47ae09811c7d789369ded80646292e757,unreviewed,
train/narrow_brown_spot/narrow_brown (219).jpg,masks/train/narrow_brown_spot/narrow_brown (219).jpg.png,train,narrow_brown_spot,988d6900fb7d32d2500e3800242b07aaebcccec4d48a4fe314a2b1ad7d4f00e9,unreviewed,
train/narrow_brown_spot/narrow_brown (22).jpg,masks/train/narrow_brown_spot/narrow_brown (22).jpg.png,train,narrow_brown_spot,4e441bfcb4cec4c656d0e934929743dab24e2ad2bc295163ead3882a93090b00,unreviewed,
train/narrow_brown_spot/narrow_brown (220).jpg,masks/train/narrow_brown_spot/narrow_brown (220).jpg.png,train,narrow_brown_spot,3e5368dbec0971c26dad651634d9ed6a017a203aa611518cae23f8d3978f4563,unreviewed,
train/narrow_brown_spot/narrow_brown (221).jpg,masks/train/narrow_brown_spot/narrow_brown (221).jpg.png,train,narrow_brown_spot,7f9f7951a6f9e294f9f4ccb9760bbad10f3e8c23a05b939d6b16b293ef898eee,unreviewed,
train/narrow_brown_spot/narrow_brown (222).jpg,masks/train/narrow_brown_spot/narrow_brown (222).jpg.png,train,narrow_brown_spot,cc78b4a56b16377f7b0e97e53db8a9670bea89f46cef75f85804123730293f02,unreviewed,
train/narrow_brown_spot/narrow_brown (224).jpg,masks/train/narrow_brown_spot/narrow_brown (224).jpg.png,train,narrow_brown_spot,7cf8e19f945bb3ca7e3e96d12465247f46a34d58f51c7b85b0f86e6be4ce68cc,unreviewed,
train/narrow_brown_spot/narrow_brown (226).jpg,masks/train/narrow_brown_spot/narrow_brown (226).jpg.png,train,narrow_brown_spot,fb0873c4946089b4b29afd3f26df87c396e914e647990485f6244e0a449c1317,unreviewed,
train/narrow_brown_spot/narrow_brown (227).jpg,masks/train/narrow_brown_spot/narrow_brown (227).jpg.png,train,narrow_brown_spot,19f4eaad6683e6cdd985e09036f13064c4a44365fe0f8b80c377955e6a9f283d,unreviewed,
train/narrow_brown_spot/narrow_brown (228).jpg,masks/train/narrow_brown_spot/narrow_brown (228).jpg.png,train,narrow_brown_spot,ce4c5a81505dbfadcc89c54c7956d98f2181ce0923f21ba474d6f640d96edf2e,unreviewed,
train/narrow_brown_spot/narrow_brown (229).jpg,masks/train/narrow_brown_spot/narrow_brown (229).jpg.png,train,narrow_brown_spot,aa1bb591175f6d3967fc92975cfe68ebac2cdaf85e8bd9bac9f96f62fa94fd85,unreviewed,
train/narrow_brown_spot/narrow_brown (23).jpg,masks/train/narrow_brown_spot/narrow_brown (23).jpg.png,train,narrow_brown_spot,051c3df60a6dfeac7c1d48161b9ea0d8089e86b50379aff7612666b7a4ffe5b5,unreviewed,
train/narrow_brown_spot/narrow_brown (233).jpg,masks/train/narrow_brown_spot/narrow_brown (233).jpg.png,train,narrow_brown_spot,f3d4f3207d1cd92c86ae6b3d08c0117d415481ccbe529bca6256f2a1e7e455b8,unreviewed,
train/narrow_brown_spot/narrow_brown (234).jpg,masks/train/narrow_brown_spot/narrow_brown (234).jpg.png,train,narrow_brown_spot,72a88423bcbda7e8faf555f4866f5a0acdc63e7fc841228faf27d387dee663a5,unreviewed,
train/narrow_brown_spot/narrow_brown (235).jpg,masks/train/narrow_brown_spot/narrow_brown (235).jpg.png,train,narrow_brown_spot,dab6fbcadd2b3f250780f20fd42ebdb03a4bd34e6092739f6713428ae22e3402,unreviewed,
train/narrow_brown_spot/narrow_brown (236).jpg,masks/train/narrow_brown_spot/narrow_brown (236).jpg.png,train,narrow_brown_spot,87c33af88d01893c0adcae3e4cb75a65c9e52c0b31bdaefb2184386b0a684b0b,unreviewed,
train/narrow_brown_spot/narrow_brown (24).jpg,masks/train/narrow_brown_spot/narrow_brown (24).jpg.png,train,narrow_brown_spot,800cc340595cb2d1303f9b38caaa5ce7a53213030d32068feaa1deb72adb990d,unreviewed,
train/narrow_brown_spot/narrow_brown (240).jpg,masks/train/narrow_brown_spot/narrow_brown (240).jpg.png,train,narrow_brown_spot,fdda36e3223bda65a79eb31d71a0df4ba1f51d63f21bd9dac1a12cb7c7f0be8f,unreviewed,
train/narrow_brown_spot/narrow_brown (242).jpg,masks/train/narrow_brown_spot/narrow_brown (242).jpg.png,train,narrow_brown_spot,9f86022e3bf4451009a64eb1cbd84b4d0b7d2a0ca4d8dbe2dbe8adb644ab312b,unreviewed,
train/narrow_brown_spot/narrow_brown (246).jpg,masks/train/narrow_brown_spot/narrow_brown (246).jpg.png,train,narrow_brown_spot,82241607c32a62b14bb4eba779e5aa236ed19a4b6a18cc6556cc277afe8f3225,unreviewed,
train/narrow_brown_spot/narrow_brown (250).jpg,masks/train/narrow_brown_spot/narrow_brown (250).jpg.png,train,narrow_brown_spot,16f281964e138587c8edea73771d2ca967f437a1750f51c5adda64cc84d4ea05,unreviewed,
train/narrow_brown_spot/narrow_brown (252).jpg,masks/train/narrow_brown_spot/narrow_brown (252).jpg.png,train,narrow_brown_spot,231e31e1e88adc8ff185a49c67c8a66305a01b4316de14fd8a822746b9bb0767,unreviewed,
train/narrow_brown_spot/narrow_brown (253).jpg,masks/train/narrow_brown_spot/narrow_brown (253).jpg.png,train,narrow_brown_spot,2c5f78ae2954417dc733136d14a332dbc5173a0403ee065e8c7bac6a0a133daa,unreviewed,
train/narrow_brown_spot/narrow_brown (255).jpg,masks/train/narrow_brown_spot/narrow_brown (255).jpg.png,train,narrow_brown_spot,82605c4b0901118556db21bc535c394e1c74636a786ff56968fb89b94aeed4f6,unreviewed,
train/narrow_brown_spot/narrow_brown (258).jpg,masks/train/narrow_brown_spot/narrow_brown (258).jpg.png,train,narrow_brown_spot,a0eb18b5cc0304416e972b9f77d4fb928f2465409f70d2e945aab21cafc8d165,unreviewed,
train/narrow_brown_spot/narrow_brown (259).jpg,masks/train/narrow_brown_spot/narrow_brown (259).jpg.png,train,narrow_brown_spot,17ba7f555b46923a51d6c14c4c8fec5f1eb6bd44c1f11d399a634f5079bdc8db,unreviewed,
train/narrow_brown_spot/narrow_brown (26).jpg,masks/train/narrow_brown_spot/narrow_brown (26).jpg.png,train,narrow_brown_spot,d83b1b68f76cf779de319527423278106500cff6012752b893d079684b37daa1,unreviewed,
train/narrow_brown_spot/narrow_brown (260).jpg,masks/train/narrow_brown_spot/narrow_brown (260).jpg.png,train,narrow_brown_spot,7e6d324a261e8d33208f720fb72aabe435cbd453a22c1a4aa817ad21931c05c7,unreviewed,
train/narrow_brown_spot/narrow_brown (263).jpg,masks/train/narrow_brown_spot/narrow_brown (263).jpg.png,train,narrow_brown_spot,1f226d602daec6b42ccb64335b54a6333888f3aed2ed2ecf128cbee938e6573a,unreviewed,
train/narrow_brown_spot/narrow_brown (266).jpg,masks/train/narrow_brown_spot/narrow_brown (266).jpg.png,train,narrow_brown_spot,76d111171f2c68c9a4e8633f2e7b486353830993f27aa265cf2642e5778b7031,unreviewed,
train/narrow_brown_spot/narrow_brown (269).jpg,masks/train/narrow_brown_spot/narrow_brown (269).jpg.png,train,narrow_brown_spot,56378b17b38dec53760a4ffd7720f431ffa9c87e09b2d58439ce882bf83ffe4b,unreviewed,
train/narrow_brown_spot/narrow_brown (27).jpg,masks/train/narrow_brown_spot/narrow_brown (27).jpg.png,train,narrow_brown_spot,e4c64fb52a0a396ef3fd066db16d361a7e77189d273ba4a78804657969749d2b,unreviewed,
train/narrow_brown_spot/narrow_brown (273).jpg,masks/train/narrow_brown_spot/narrow_brown (273).jpg.png,train,narrow_brown_spot,bdaf5a42e2af8ac9303b80f1e88270bda1e65ab3bfc3d37beaed613f414c7f2b,unreviewed,
train/narrow_brown_spot/narrow_brown (275).jpg,masks/train/narrow_brown_spot/narrow_brown (275).jpg.png,train,narrow_brown_spot,efe79905d8b089d5054a468ce7d74153befeac7e36f4518799527f395c2131ae,unreviewed,
train/narrow_brown_spot/narrow_brown (279).jpg,masks/train/narrow_brown_spot/narrow_brown (279).jpg.png,train,narrow_brown_spot,111e36a3be3345845b31c508be5abdc0bac730ed98df12cbf429f76b44e39de6,unreviewed,
train/narrow_brown_spot/narrow_brown (28).jpg,masks/train/narrow_brown_spot/narrow_brown (28).jpg.png,train,narrow_brown_spot,1301049b64d62a5232b3d9e94a74d2a22cd07bb741647e69edf93cccc1ac988c,unreviewed,
train/narrow_brown_spot/narrow_brown (280).jpg,masks/train/narrow_brown_spot/narrow_brown (280).jpg.png,train,narrow_brown_spot,385863747bc4fcce7427faa2a32d2a1de535e4397b0402e1cbd813a374a27d41,unreviewed,
train/narrow_brown_spot/narrow_brown (281).jpg,masks/train/narrow_brown_spot/narrow_brown (281).jpg.png,train,narrow_brown_spot,e5d5fc9c4cf399d119bcb78f9658b49cf1de06d7ea572c6bab44da65b98d7207,unreviewed,
train/narrow_brown_spot/narrow_brown (282).jpg,masks/train/narrow_brown_spot/narrow_brown (282).jpg.png,train,narrow_brown_spot,955a46c0db58c9fe9a881aefdfac64ab3b08d71aeffd62e355c3d2ad1f515aa4,unreviewed,
train/narrow_brown_spot/narrow_brown (283).jpg,masks/train/narrow_brown_spot/narrow_brown (283).jpg.png,train,narrow_brown_spot,115bfbdb8fa257d783d4d493ad10d8579d8dcbfb392fba770ad6a5d51ad8e4db,unreviewed,
train/narrow_brown_spot/narrow_brown (284).jpg,masks/train/narrow_brown_spot/narrow_brown (284).jpg.png,train,narrow_brown_spot,1609ba237c889a3431ce144bd91a5acc393c2f93e4c22ca662e4ab9ee6e7e39d,unreviewed,
train/narrow_brown_spot/narrow_brown (286).jpg,masks/train/narrow_brown_spot/narrow_brown (286).jpg.png,train,narrow_brown_spot,766b0b01348a12b360a8be0b654695aab0f5d5cff0d20f18f100cc6f611136b5,unreviewed,
train/narrow_brown_spot/narrow_brown (287).jpg,masks/train/narrow_brown_spot/narrow_brown (287).jpg.png,train,narrow_brown_spot,b5ee585f07b47696eb1cc99de53938d6aa07e13a0b7432070c816e70e6d48034,unreviewed,
train/narrow_brown_spot/narrow_brown (29).jpg,masks/train/narrow_brown_spot/narrow_brown (29).jpg.png,train,narrow_brown_spot,2281c85e13af33da4c0eb4c62b4e531292bdab1b55f6b7f9e78ae4cd25775217,unreviewed,
train/narrow_brown_spot/narrow_brown (290).jpg,masks/train/narrow_brown_spot/narrow_brown (290).jpg.png,train,narrow_brown_spot,d8a5b47d42ed079aa4c5881765b2c9702db19c74f90bd172164f6b0af9d272fc,unreviewed,
train/narrow_brown_spot/narrow_brown (292).jpg,masks/train/narrow_brown_spot/narrow_brown (292).jpg.png,train,narrow_brown_spot,48d20cd20053ac7b404dc639f6116e1e924bf48f2d8969ee77516190eff0506f,unreviewed,
train/narrow_brown_spot/narrow_brown (295).jpg,masks/train/narrow_brown_spot/narrow_brown (295).jpg.png,train,narrow_brown_spot,0a6420264333c4ae0bc03efb691b6f249904da64c67b917691d74d26cf2b2473,unreviewed,
train/narrow_brown_spot/narrow_brown (296).jpg,masks/train/narrow_brown_spot/narrow_brown (296).jpg.png,train,narrow_brown_spot,852aec8fa997654cf93b1f454fdb0a5de706e6e8a1af5bc4e10adcfe34d73d12,unreviewed,
train/narrow_brown_spot/narrow_brown (297).jpg,masks/train/narrow_brown_spot/narrow_brown (297).jpg.png,train,narrow_brown_spot,f95b0d078f94a67daf47cdb7e0fd0387a09fce9acf4d7306bbf46ad8fa8e77a5,unreviewed,
train/narrow_brown_spot/narrow_brown (298).jpg,masks/train/narrow_brown_spot/narrow_brown (298).jpg.png,train,narrow_brown_spot,b49be6fd3f1b82f96052cc835ccdc040e003a9e738fe353d85d74ae8ef658007,unreviewed,
train/narrow_brown_spot/narrow_brown (299).jpg,masks/train/narrow_brown_spot/narrow_brown (299).jpg.png,train,narrow_brown_spot,d54d93ebaabd15e3b898fe8187a677845c94ec9b05e3b8691259c70c09a23b84,unreviewed,
train/narrow_brown_spot/narrow_brown (30).jpg,masks/train/narrow_brown_spot/narrow_brown (30).jpg.png,train,narrow_brown_spot,80d59c54ea7758ecd81f12c797354ab77d9aabdfbdcff532b2b229b70c4b05ba,unreviewed,
train/narrow_brown_spot/narrow_brown (300).jpg,masks/train/narrow_brown_spot/narrow_brown (300).jpg.png,train,narrow_brown_spot,4360cf80ffbbf10163f856eefdb0c455b8e84080f441db7bf745d217d38531ad,unreviewed,
train/narrow_brown_spot/narrow_brown (301).jpg,masks/train/narrow_brown_spot/narrow_brown (301).jpg.png,train,narrow_brown_spot,0866753872754c26a83ae49f89aa3222f87770850c65bdab9016efd98de9c17c,unreviewed,
train/narrow_brown_spot/narrow_brown (302).jpg,masks/train/narrow_brown_spot/narrow_brown (302).jpg.png,train,narrow_brown_spot,d3b4ac50cc4c5b1ea67d64fb90f94a24fb422beda01f8994794c92d8c0fb5b9f,unreviewed,
train/narrow_brown_spot/narrow_brown (303).jpg,masks/train/narrow_brown_spot/narrow_brown (303).jpg.png,train,narrow_brown_spot,824fc23c583259513aa0b5cb847b25fc1e0b18b0b6fca204a3938d884f11b38d,unreviewed,
train/narrow_brown_spot/narrow_brown (305).jpg,masks/train/narrow_brown_spot/narrow_brown (305).jpg.png,train,narrow_brown_spot,21b442bbaaf80245886dafd745e3130a579ed816f89cbcf9042e638c7d21df35,unreviewed,
train/narrow_brown_spot/narrow_brown (306).jpg,masks/train/narrow_brown_spot/narrow_brown (306).jpg.png,train,narrow_brown_spot,5d563556463b2600e828d1df06b7c169873aefe1f4cdf40826c58970a3e5eecb,unreviewed,
train/narrow_brown_spot/narrow_brown (307).jpg,masks/train/narrow_brown_spot/narrow_brown (307).jpg.png,train,narrow_brown_spot,f7896f4b3ff4943c2732314b7ba9e219bbea2d7ab893a6bb31fd9ea66ebd632a,unreviewed,
train/narrow_brown_spot/narrow_brown (308).jpg,masks/train/narrow_brown_spot/narrow_brown (308).jpg.png,train,narrow_brown_spot,22f65e9ce5e8d06c20fd1ef966282c0d282508dea5f6b3be2b3d19e45259a4ee,unreviewed,
train/narrow_brown_spot/narrow_brown (309).jpg,masks/train/narrow_brown_spot/narrow_brown (309).jpg.png,train,narrow_brown_spot,915ee6355cea22d21d9437d15b52d8639054c6bb2a4d538444495baa23bca5af,unreviewed,
train/narrow_brown_spot/narrow_brown (310).jpg,masks/train/narrow_brown_spot/narrow_brown (310).jpg.png,train,narrow_brown_spot,e76246fe7e0c258dfac680ccde5ed1d066f081b990654a18930253167e1cff3f,unreviewed,
train/narrow_brown_spot/narrow_brown (312).jpg,masks/train/narrow_brown_spot/narrow_brown (312).jpg.png,train,narrow_brown_spot,40b4a0bbd40861dede5837076681b4e25b8254409f8c642ce22edfb73e591f90,unreviewed,
train/narrow_brown_spot/narrow_brown (313).jpg,masks/train/narrow_brown_spot/narrow_brown (313).jpg.png,train,narrow_brown_spot,0cf1734d83fd3e732685f9b31e608263f8033497a0d16e166e6ac307787b3df9,unreviewed,
train/narrow_brown_spot/narrow_brown (314).jpg,masks/train/narrow_brown_spot/narrow_brown (314).jpg.png,train,narrow_brown_spot,f09de7441cc1496eadd4b2e9c5cda2f802515b3a69312db18e7b5828d3fc4e53,unreviewed,
train/narrow_brown_spot/narrow_brown (315).jpg,masks/train/narrow_brown_spot/narrow_brown (315).jpg.png,train,narrow_brown_spot,09a9270774deb66922244299e16211c7fdf53784abd58791c3120a4d290a2979,unreviewed,
train/narrow_brown_spot/narrow_brown (317).jpg,masks/train/narrow_brown_spot/narrow_brown (317).jpg.png,train,narrow_brown_spot,59bc321fe23ec7dc44663f8ded089d488fb5d9965f80a222ac1838f12100530b,unreviewed,
train/narrow_brown_spot/narrow_brown (319).jpg,masks/train/narrow_brown_spot/narrow_brown (319).jpg.png,train,narrow_brown_spot,dac39d7dbf6c12d8c9d33a0127a387cae266e6e49c239cf8e630e7702d6b7e3d,unreviewed,
train/narrow_brown_spot/narrow_brown (320).jpg,masks/train/narrow_brown_spot/narrow_brown (320).jpg.png,train,narrow_brown_spot,91f413b629f5875b2e532db1c448d1ad180117c94e9bca49216d03f952d1db99,unreviewed,
train/narrow_brown_spot/narrow_brown (321).jpg,masks/train/narrow_brown_spot/narrow_brown (321).jpg.png,train,narrow_brown_spot,362198a8e4e51a26b5053c9d84f428c1ce772c2d86c64aeab47af3a6f364615a,unreviewed,
train/narrow_brown_spot/narrow_brown (322).jpg,masks/train/narrow_brown_spot/narrow_brown (322).jpg.png,train,narrow_brown_spot,56120a7d726a56b6f7aaea81135f09481416d6a89060f2a496ce9d66d3c1bf94,unreviewed,
train/narrow_brown_spot/narrow_brown (323).jpg,masks/train/narrow_brown_spot/narrow_brown (323).jpg.png,train,narrow_brown_spot,1401809960568b600b6dc0fe41f3d687cd8bfc740f92d44f2e4a910d1f396e19,unreviewed,
train/narrow_brown_spot/narrow_brown (327).jpg,masks/train/narrow_brown_spot/narrow_brown (327).jpg.png,train,narrow_brown_spot,4d5db247ba98e13123699e0d8ed252fc05ecae70d42b763236db3caaf20abedb,unreviewed,
train/narrow_brown_spot/narrow_brown (328).jpg,masks/train/narrow_brown_spot/narrow_brown (328).jpg.png,train,narrow_brown_spot,6b2758d0c796ec9ad94bcd4637c610f1e79cc56a9f8c53bc3e9776140f54f23c,unreviewed,
train/narrow_brown_spot/narrow_brown (329).jpg,masks/train/narrow_brown_spot/narrow_brown (329).jpg.png,train,narrow_brown_spot,e169756f4b7e06834f03579d00c2cb97ec6a9f7d4a830264f40755c4d50322c9,unreviewed,
train/narrow_brown_spot/narrow_brown (33).jpg,masks/train/narrow_brown_spot/narrow_brown (33).jpg.png,train,narrow_brown_spot,c658fc67360be25ebbd75189d308d4f3c19d6fad1c2e47b41c158e1c50783bd8,unreviewed,
train/narrow_brown_spot/narrow_brown (331).jpg,masks/train/narrow_brown_spot/narrow_brown (331).jpg.png,train,narrow_brown_spot,0c7d62320db0b0e0eee7d493544a1a863e35eae0c6d3ae8442ffa391547a5261,unreviewed,
train/narrow_brown_spot/narrow_brown (332).jpg,masks/train/narrow_brown_spot/narrow_brown (332).jpg.png,train,narrow_brown_spot,c2b8feaf8691e0848a0d5bc059a5b1a5cde273ad9723fd80deeb9d29f352c1d0,unreviewed,
train/narrow_brown_spot/narrow_brown (333).jpg,masks/train/narrow_brown_spot/narrow_brown (333).jpg.png,train,narrow_brown_spot,cfbcdd1217b187b297d43a9b3c9674a480622d72291c3d3645ef16d238d4e919,unreviewed,
train/narrow_brown_spot/narrow_brown (335).jpg,masks/train/narrow_brown_spot/narrow_brown (335).jpg.png,train,narrow_brown_spot,25f03371910b8fdf5e575c374e3fab1cb84228d62786fdd366aaabc009810b3b,unreviewed,
train/narrow_brown_spot/narrow_brown (337).jpg,masks/train/narrow_brown_spot/narrow_brown (337).jpg.png,train,narrow_brown_spot,d0d7efb97f9870c5b3d4ccf4f6273d68b6b00ee4768c38185ad46beaec58152d,unreviewed,
train/narrow_brown_spot/narrow_brown (338).jpg,masks/train/narrow_brown_spot/narrow_brown (338).jpg.png,train,narrow_brown_spot,0351363cbc53c176b7c2fe0f1bbc2e381b40843449e417a6366744fe14547fe4,unreviewed,
train/narrow_brown_spot/narrow_brown (339).jpg,masks/train/narrow_brown_spot/narrow_brown (339).jpg.png,train,narrow_brown_spot,b454570af908b649be58cdf4095122da47cb26bc6bef87e0d01960c0bd60ac04,unreviewed,
train/narrow_brown_spot/narrow_brown (340).jpg,masks/train/narrow_brown_spot/narrow_brown (340).jpg.png,train,narrow_brown_spot,c221cd1e958340137919560bb7a41877b8e04fbf609a41226264c77a7aab9489,unreviewed,
train/narrow_brown_spot/narrow_brown (344).jpg,masks/train/narrow_brown_spot/narrow_brown (344).jpg.png,train,narrow_brown_spot,2a31629e025c7c680d89344dc5d84a6c19f1d998eeb6c723ebb78729e73f8992,unreviewed,
train/narrow_brown_spot/narrow_brown (345).jpg,masks/train/narrow_brown_spot/narrow_brown (345).jpg.png,train,narrow_brown_spot,81b6788e0adf230d349ae7d70efd0c55d8dad21f9861f0e41fd2674545a55f45,unreviewed,
train/narrow_brown_spot/narrow_brown (347).jpg,masks/train/narrow_brown_spot/narrow_brown (347).jpg.png,train,narrow_brown_spot,26aed8a77ee444af3a7766e14ba9286ca0cb261b5c4716c0a78891b067c57223,unreviewed,
train/narrow_brown_spot/narrow_brown (36).jpg,masks/train/narrow_brown_spot/narrow_brown (36).jpg.png,train,narrow_brown_spot,f7a4d69da30f95c431df6a46e57666ecf3e793918ab5a0eae1385fe359ced4de,unreviewed,
train/narrow_brown_spot/narrow_brown (38).jpg,masks/train/narrow_brown_spot/narrow_brown (38).jpg.png,train,narrow_brown_spot,f1d5760bf0aae42f4249da3ecb1d72e391bcbc14f306f495a9c0b4d30bbb1317,unreviewed,
train/narrow_brown_spot/narrow_brown (4).jpg,masks/train/narrow_brown_spot/narrow_brown (4).jpg.png,train,narrow_brown_spot,5babd3ddf49f36866ddaf699c42a8062a3b13457ffc6ab310afced97fe663bdc,unreviewed,
train/narrow_brown_spot/narrow_brown (40).jpg,masks/train/narrow_brown_spot/narrow_brown (40).jpg.png,train,narrow_brown_spot,0e90c4e0fd8d623d1e29a5b558f4d120911474e7f9588a88a9f5360aec0b483f,unreviewed,
train/narrow_brown_spot/narrow_brown (41).jpg,masks/train/narrow_brown_spot/narrow_brown (41).jpg.png,train,narrow_brown_spot,2f09d955a1fbfedb7b4ee9742edb4f83cd826014e0849a538f45b78c68cd7b17,unreviewed,
train/narrow_brown_spot/narrow_brown (42).jpg,masks/train/narrow_brown_spot/narrow_brown (42).jpg.png,train,narrow_brown_spot,9d4ffb35402f9a255cb415645fec18b4e48b8a4df38ecf02056eb691101199a9,unreviewed,
train/narrow_brown_spot/narrow_brown (43).jpg,masks/train/narrow_brown_spot/narrow_brown (43).jpg.png,train,narrow_brown_spot,d5fd4e7d829ba5c55dfc30eb0ddad40f25fbbb2ac73156621c120252e5f88ba1,unreviewed,
train/narrow_brown_spot/narrow_brown (46).jpg,masks/train/narrow_brown_spot/narrow_brown (46).jpg.png,train,narrow_brown_spot,9faa539956762a6a019d705439f05847e399182ffaeff3d44ec355a76171dd04,unreviewed,
train/narrow_brown_spot/narrow_brown (47).jpg,masks/train/narrow_brown_spot/narrow_brown (47).jpg.png,train,narrow_brown_spot,ff9feeb1016040de9a466af18f1314c3353d66d4cbd9ff178a3d6677b046d525,unreviewed,
train/narrow_brown_spot/narrow_brown (5).jpg,masks/train/narrow_brown_spot/narrow_brown (5).jpg.png,train,narrow_brown_spot,18c8ac2dbaeeb77c7dd2c8bf668d0f40b236a195dfb877a1c9c948cb1a48fba9,unreviewed,
train/narrow_brown_spot/narrow_brown (50).jpg,masks/train/narrow_brown_spot/narrow_brown (50).jpg.png,train,narrow_brown_spot,6604938897f921bbd778053c5beaa153f5284bd3dd073e01297d847b4e2e7228,unreviewed,
train/narrow_brown_spot/narrow_brown (51).jpg,masks/train/narrow_brown_spot/narrow_brown (51).jpg.png,train,narrow_brown_spot,b8cca9bbb217267538fa40b6265280246b87b14a71fe6f79a336550c08a5155f,unreviewed,
train/narrow_brown_spot/narrow_brown (54).jpg,masks/train/narrow_brown_spot/narrow_brown (54).jpg.png,train,narrow_brown_spot,c00509a5efaded17b5a075342bf966388c0041df99d5da7bcebed3d28210c21f,unreviewed,
train/narrow_brown_spot/narrow_brown (56).jpg,masks/train/narrow_brown_spot/narrow_brown (56).jpg.png,train,narrow_brown_spot,af49375cd722b62bda912f7bf48e4b7643b612712b2bfc5e2e13146d1cded919,unreviewed,
train/narrow_brown_spot/narrow_brown (57).jpg,masks/train/narrow_brown_spot/narrow_brown (57).jpg.png,train,narrow_brown_spot,27350a23bbbf499bb850b44cc2b322ccc2642ba430e37a3e472a73d236a0f247,unreviewed,
train/narrow_brown_spot/narrow_brown (59).jpg,masks/train/narrow_brown_spot/narrow_brown (59).jpg.png,train,narrow_brown_spot,d15f538f45acabbdec727eac4c3184c8fa41f7cd1090b5b70fb13aec7e49ad2a,unreviewed,
train/narrow_brown_spot/narrow_brown (61).jpg,masks/train/narrow_brown_spot/narrow_brown (61).jpg.png,train,narrow_brown_spot,338307a434105bef6cba8c21be276538cc52aab9639b7f4fdd582521b3ad1470,unreviewed,
train/narrow_brown_spot/narrow_brown (62).jpg,masks/train/narrow_brown_spot/narrow_brown (62).jpg.png,train,narrow_brown_spot,76133f5ecdb6475bde04bde9ba0759f11371d53f267563bf353f0cf3c8cf69a1,unreviewed,
train/narrow_brown_spot/narrow_brown (63).jpg,masks/train/narrow_brown_spot/narrow_brown (63).jpg.png,train,narrow_brown_spot,cc685c672a3743b318d5964503f06e8f434a6fda7a9bfc2b80e9266b4009903b,unreviewed,
train/narrow_brown_spot/narrow_brown (66).jpg,masks/train/narrow_brown_spot/narrow_brown (66).jpg.png,train,narrow_brown_spot,23976185114b30477429e593ebaae425f35892eef26ae7782ed77d1382ee6e6a,unreviewed,
train/narrow_brown_spot/narrow_brown (67).jpg,masks/train/narrow_brown_spot/narrow_brown (67).jpg.png,train,narrow_brown_spot,0d73d4b0e71b5942c293fedc3745afa837fce09ab9181e169e8c37e58e703d78,unreviewed,
train/narrow_brown_spot/narrow_brown (68).jpg,masks/train/narrow_brown_spot/narrow_brown (68).jpg.png,train,narrow_brown_spot,f68e330e714c887023509a610dfca2aead94c557c3bc16b5d190ee80d7f3ac04,unreviewed,
train/narrow_brown_spot/narrow_brown (69).jpg,masks/train/narrow_brown_spot/narrow_brown (69).jpg.png,train,narrow_brown_spot,c50c5512703789e2b5b3105cfd320d0b3916f7b3e5b11eeff240cdc743c4ecf0,unreviewed,
train/narrow_brown_spot/narrow_brown (70).jpg,masks/train/narrow_brown_spot/narrow_brown (70).jpg.png,train,narrow_brown_spot,9a20d99a2b4805c909b3f838d64a050da0ff255a87471b453e4c0d68baed93f4,unreviewed,
train/narrow_brown_spot/narrow_brown (72).jpg,masks/train/narrow_brown_spot/narrow_brown (72).jpg.png,train,narrow_brown_spot,db7d968b9808b245e066e021d88f2f1c75e01949938bfa8b9fc09fe360c2726d,unreviewed,
train/narrow_brown_spot/narrow_brown (74).jpg,masks/train/narrow_brown_spot/narrow_brown (74).jpg.png,train,narrow_brown_spot,98bf2cb836c95419b70bf6e8c42a0651dacdd596321f1a65415c09b27dc58444,unreviewed,
train/narrow_brown_spot/narrow_brown (75).jpg,masks/train/narrow_brown_spot/narrow_brown (75).jpg.png,train,narrow_brown_spot,dc8ae55f8855b6a6c023fec8100aa1f75b8d0de1ebb4e643dcb671aaad874015,unreviewed,
train/narrow_brown_spot/narrow_brown (80).jpg,masks/train/narrow_brown_spot/narrow_brown (80).jpg.png,train,narrow_brown_spot,2e3cb80b486614522903bf6ce9238aee73df2c2206fcf241453ab244f1dff6a6,unreviewed,
train/narrow_brown_spot/narrow_brown (81).jpg,masks/train/narrow_brown_spot/narrow_brown (81).jpg.png,train,narrow_brown_spot,84b2a88b0241e8df776a9a08c10e9d1cb9a9838caed9d764d4991a90ffeaefd9,unreviewed,
train/narrow_brown_spot/narrow_brown (82).jpg,masks/train/narrow_brown_spot/narrow_brown (82).jpg.png,train,narrow_brown_spot,729612fa53ef4f30cd77dbf4a936c127b01cc1edc6b93661c3f5f2ce161482de,unreviewed,
train/narrow_brown_spot/narrow_brown (84).jpg,masks/train/narrow_brown_spot/narrow_brown (84).jpg.png,train,narrow_brown_spot,d371bc1da2a3b433176969f34be21da2af48c2c1f391df6da8d9c01c6f18d5ae,unreviewed,
train/narrow_brown_spot/narrow_brown (85).jpg,masks/train/narrow_brown_spot/narrow_brown (85).jpg.png,train,narrow_brown_spot,3f739c8a83655fa44d5bd35ee412895be411b1822a09687081a46af87ddc70f4,unreviewed,
train/narrow_brown_spot/narrow_brown (86).jpg,masks/train/narrow_brown_spot/narrow_brown (86).jpg.png,train,narrow_brown_spot,af0942bb390eecbf35d37275bc2e12fc207516622b286dc7c45fb81c70488d0d,unreviewed,
train/narrow_brown_spot/narrow_brown (87).jpg,masks/train/narrow_brown_spot/narrow_brown (87).jpg.png,train,narrow_brown_spot,e335dd309978836bdee55a5433af2888fd3ef45214131f32ace2a2e7110d9b7e,unreviewed,
train/narrow_brown_spot/narrow_brown (88).jpg,masks/train/narrow_brown_spot/narrow_brown (88).jpg.png,train,narrow_brown_spot,74a3234ea9d5d7bcd5a781ae3842d56821bd42c73ed4183c49edb4bc6bb582c6,unreviewed,
train/narrow_brown_spot/narrow_brown (89).jpg,masks/train/narrow_brown_spot/narrow_brown (89).jpg.png,train,narrow_brown_spot,92b026246cfe29a554917910dad439653b9e1425adb572f3a7054df83f37d908,unreviewed,
train/narrow_brown_spot/narrow_brown (9).jpg,masks/train/narrow_brown_spot/narrow_brown (9).jpg.png,train,narrow_brown_spot,eecd1efd354a37874eb55333f73742a09e26a76bcd57b4f37da79d5d09dac5fb,unreviewed,
train/narrow_brown_spot/narrow_brown (90).jpg,masks/train/narrow_brown_spot/narrow_brown (90).jpg.png,train,narrow_brown_spot,d6260493afc99ef7f317dbef75eab9b1e59a3a5f836980eb50a86ee876cea3c5,unreviewed,
train/narrow_brown_spot/narrow_brown (91).jpg,masks/train/narrow_brown_spot/narrow_brown (91).jpg.png,train,narrow_brown_spot,2eb5e39ef7c96bbd007993604ce05c17ddedd110e9ab23cf0d7e957b64ef9236,unreviewed,
train/narrow_brown_spot/narrow_brown (92).jpg,masks/train/narrow_brown_spot/narrow_brown (92).jpg.png,train,narrow_brown_spot,3b9b446be2e428629f1590ca215e0e25586c55d435fbba6e58503af80674318a,unreviewed,
train/narrow_brown_spot/narrow_brown (96).jpg,masks/train/narrow_brown_spot/narrow_brown (96).jpg.png,train,narrow_brown_spot,9855303ccdb8c970f07f5377db9c3d92915e395f891256423f13782601fd0c14,unreviewed,
train/narrow_brown_spot/narrow_brown (97).jpg,masks/train/narrow_brown_spot/narrow_brown (97).jpg.png,train,narrow_brown_spot,91b2495226bbcfad45464d6e378340622e9c4d02a453edcb5a1a28ee836b96db,unreviewed,
train/bacterial_leaf_blight/bacterial_leaf_blight (100).JPG,masks/validation/bacterial_leaf_blight/bacterial_leaf_blight (100).JPG.png,validation,bacterial_leaf_blight,0a2ef9451b568a713b282be304e4102d102e7c508d84c973c35bc7ecdc739cd0,unreviewed,
train/bacterial_leaf_blight/bacterial_leaf_blight (112).JPG,masks/validation/bacterial_leaf_blight/bacterial_leaf_blight (112).JPG.png,validation,bacterial_leaf_blight,fc2e63bf4756a2b8611f8fe932dd92fa8265ab07377e2c323220cb2d8655c7b2,unreviewed,
train/bacterial_leaf_blight/bacterial_leaf_blight (119).JPG,masks/validation/bacterial_leaf_blight/bacterial_leaf_blight (119).JPG.png,validation,bacterial_leaf_blight,b2024f2a329be6e40f810d8256dbe4cb5b0398d05d9a22253bce772cfc74ef04,unreviewed,
train/bacterial_leaf_blight/bacterial_leaf_blight (12).JPG,masks/validation/bacterial_leaf_blight/bacterial_leaf_blight (12).JPG.png,validation,bacterial_leaf_blight,3380068fbd390f4c84cc798280f4ed38a7876109dae820962866e10ad5d7ad38,unreviewed,
train/bacterial_leaf_blight/bacterial_leaf_blight (14).JPG,masks/validation/bacterial_leaf_blight/bacterial_leaf_blight (14).JPG.png,validation,bacterial_leaf_blight,6b717e313b8dcd395d5c17abeab7ce46f8b799268a60c94a2ce4c12d382052ce,unreviewed,
train/bacterial_leaf_blight/bacterial_leaf_blight (151).JPG,masks/validation/bacterial_leaf_blight/bacterial_leaf_blight (151).JPG.png,validation,bacterial_leaf_blight,f93c8de909d8c893353d0fe47bb62bb2357d603185659cf97783199bb7eeb4d3,unreviewed,
train/bacterial_leaf_blight/bacterial_leaf_blight (154).jpg,masks/validation/bacterial_leaf_blight/bacterial_leaf_blight (154).jpg.png,validation,bacterial_leaf_blight,057ed876a83d72402b7c9afdde93494e0d474a5f9f3a8dcdc39d43998d5fe301,unreviewed,
train/bacterial_leaf_blight/bacterial_leaf_blight (158).jpg,masks/validation/bacterial_leaf_blight/bacterial_leaf_blight (158).jpg.png,validation,bacterial_leaf_blight,c9c37d07e7a1c48eb78d394c6f0ea181faa03191368925b257bce001bc07252a,unreviewed,
train/bacterial_leaf_blight/bacterial_leaf_blight (16).JPG,masks/validation/bacterial_leaf_blight/bacterial_leaf_blight (16).JPG.png,validation,bacterial_leaf_blight,70a9c467634dd748ac5cdcb5548e37d9b13e03e3b1cb3700a05fa3ef4da638d0,unreviewed,
train/bacterial_leaf_blight/bacterial_leaf_blight (162).JPG,masks/validation/bacterial_leaf_blight/bacterial_leaf_blight (162).JPG.png,validation,bacterial_leaf_blight,8581baecff013941cb0bca43602968c277fa26727cebb7d1cce28902f4596d6c,unreviewed,
train/bacterial_leaf_blight/bacterial_leaf_blight (163).jpg,masks/validation/bacterial_leaf_blight/bacterial_leaf_blight (163).jpg.png,validation,bacterial_leaf_blight,e93c6b85f3b89dd2796252da1d7d52d3ee42e1422795a40547cad22664ac4c45,unreviewed,
train/bacterial_leaf_blight/bacterial_leaf_blight (168).jpg,masks/validation/bacterial_leaf_blight/bacterial_leaf_blight (168).jpg.png,validation,bacterial_leaf_blight,616326eaadff221376ebc4324ce3b8e33eb9084f024118b913ff2da9653e2db9,unreviewed,
train/bacterial_leaf_blight/bacterial_leaf_blight (175).JPG,masks/validation/bacterial_leaf_blight/bacterial_leaf_blight (175).JPG.png,validation,bacterial_leaf_blight,d602acb33ca6703a83b457ce2dbfe48bc3cc8ffc3d050bf2c55ddff9ce77b766,unreviewed,
train/bacterial_leaf_blight/bacterial_leaf_blight (183).jpg,masks/validation/bacterial_leaf_blight/bacterial_leaf_blight (183).jpg.png,validation,bacterial_leaf_blight,f69c3581064d822662c42c16083baf95952aa8a0d8674c2055311788791a0dc6,unreviewed,
train/bacterial_leaf_blight/bacterial_leaf_blight (198).JPG,masks/validation/bacterial_leaf_blight/bacterial_leaf_blight (198).JPG.png,validation,bacterial_leaf_blight,4efdc15047f60e77bdadf2c086550d3ca6dbc4ff7d35076a722df45f6d225d90,unreviewed,
train/bacterial_leaf_blight/bacterial_leaf_blight (199).jpg,masks/validation/bacterial_leaf_blight/bacterial_leaf_blight (199).jpg.png,validation,bacterial_leaf_blight,7bc709c9bddf24c7cad80e0875572b7a8f32ef13fd8f1160403d9f83e55ee46c,unreviewed,
train/bacterial_leaf_blight/bacterial_leaf_blight (201).JPG,masks/validation/bacterial_leaf_blight/bacterial_leaf_blight (201).JPG.png,validation,bacterial_leaf_blight,7448bd5bc5b16e18da878bbd70f9020e4cdc40e3807520f7101a333d1777ff58,unreviewed,
train/bacterial_leaf_blight/bacterial_leaf_blight (209).JPG,masks/validation/bacterial_leaf_blight/bacterial_leaf_blight (209).JPG.png,validation,bacterial_leaf_blight,3bc24e161239f1b0b814ca825b412142e4018d509fcb5c70050c7eb112d23b38,unreviewed,
train/bacterial_leaf_blight/bacterial_leaf_blight (212).jpg,masks/validation/bacterial_leaf_blight/bacterial_leaf_blight (212).jpg.png,validation,bacterial_leaf_blight,f649dcfd7e298d06e0488897682016378c700fee7987c2b138bf35d7b9e94ed3,unreviewed,
train/bacterial_leaf_blight/bacterial_leaf_blight (213).JPG,masks/validation/bacterial_leaf_blight/bacterial_leaf_blight (213).JPG.png,validation,bacterial_leaf_blight,4569e28fa5d820330fed2385b40622a656cc720336284762205569a47484fc44,unreviewed,
train/bacterial_leaf_blight/bacterial_leaf_blight (217).JPG,masks/validation/bacterial_leaf_blight/bacterial_leaf_blight (217).JPG.png,validation,bacterial_leaf_blight,cbf63eecdb72c3a3d305f1630c046ec7aa09aef8d6a1fe05b76e19084040961d,unreviewed,
train/bacterial_leaf_blight/bacterial_leaf_blight (218).JPG,masks/validation/bacterial_leaf_blight/bacterial_leaf_blight (218).JPG.png,validation,bacterial_leaf_blight,2c9bca19fd90139820c2a5428fa20411e66e3faa4da0fa77d550622d75e1a3bb,unreviewed,
train/bacterial_leaf_blight/bacterial_leaf_blight (23).JPG,masks/validation/bacterial_leaf_blight/bacterial_leaf_blight (23).JPG.png,validation,bacterial_leaf_blight,b9ba1415104ca18271c2e2b27beab1f4eec8dab52b873bd80e77bb104469779d,unreviewed,
train/bacterial_leaf_blight/bacterial_leaf_blight (235).JPG,masks/validation/bacterial_leaf_blight/bacterial_leaf_blight (235).JPG.png,validation,bacterial_leaf_blight,f179abc74d3c4b891075342b03c0ba75dbed64105bb7940e418de4600ac457f1,unreviewed,
train/bacterial_leaf_blight/bacterial_leaf_blight (249).JPG,masks/validation/bacterial_leaf_blight/bacterial_leaf_blight (249).JPG.png,validation,bacterial_leaf_blight,cc854941adb415801ebeef453cc398e03240cfb0f21a9379390c8883b7ddc906,unreviewed,
train/bacterial_leaf_blight/bacterial_leaf_blight (25).JPG,masks/validation/bacterial_leaf_blight/bacterial_leaf_blight (25).JPG.png,validation,bacterial_leaf_blight,46870025eb29cc4c098de60261a350324717c88b660310619612ee05f89d3035,unreviewed,
train/bacterial_leaf_blight/bacterial_leaf_blight (269).JPG,masks/validation/bacterial_leaf_blight/bacterial_leaf_blight (269).JPG.png,validation,bacterial_leaf_blight,2e0dadf1e8355fa48aaf747d0c0850e977b8d3a8551b7de99089dc190948f251,unreviewed,
train/bacterial_leaf_blight/bacterial_leaf_blight (270).JPG,masks/validation/bacterial_leaf_blight/bacterial_leaf_blight (270).JPG.png,validation,bacterial_leaf_blight,e3e7fb3eb040fb668cd5c27409aeb6afdced963ecfb2353e298d77df86a4f010,unreviewed,
train/bacterial_leaf_blight/bacterial_leaf_blight (277).JPG,masks/validation/bacterial_leaf_blight/bacterial_leaf_blight (277).JPG.png,validation,bacterial_leaf_blight,71a33adc32367c15835d66cd8480df7baad4b2a270f8273cfa7fb9e29f3c23e9,unreviewed,
train/bacterial_leaf_blight/bacterial_leaf_blight (280).jpg,masks/validation/bacterial_leaf_blight/bacterial_leaf_blight (280).jpg.png,validation,bacterial_leaf_blight,f5dafddf7e27734ccaa1efaee75775b4be0b493d4495a23f3a7fdb6e7083e936,unreviewed,
train/bacterial_leaf_blight/bacterial_leaf_blight (29).JPG,masks/validation/bacterial_leaf_blight/bacterial_leaf_blight (29).JPG.png,validation,bacterial_leaf_blight,55b32f19728137a652ecb428ecd922fd017f61acd7a614f8678b0c882501a893,unreviewed,
train/bacterial_leaf_blight/bacterial_leaf_blight (296).JPG,masks/validation/bacterial_leaf_blight/bacterial_leaf_blight (296).JPG.png,validation,bacterial_leaf_blight,ea581dac540366774779062ef10671ae761aa40391a8b33bbb4478915ed16e58,unreviewed,
train/bacterial_leaf_blight/bacterial_leaf_blight (304).jpg,masks/validation/bacterial_leaf_blight/bacterial_leaf_blight (304).jpg.png,validation,bacterial_leaf_blight,aef3b3c6d140eb295ab9899a1f94d01639a8a44dfe15bf75b2cedbb8e86264d3,unreviewed,
train/bacterial_leaf_blight/bacterial_leaf_blight (312).JPG,masks/validation/bacterial_leaf_blight/bacterial_leaf_blight (312).JPG.png,validation,bacterial_leaf_blight,b83ddf784829ab320eb7f08d1c2b00b6b54a4e1bc55a6f5fab2eacb0d2124d14,unreviewed,
train/bacterial_leaf_blight/bacterial_leaf_blight (313).JPG,masks/validation/bacterial_leaf_blight/bacterial_leaf_blight (313).JPG.png,validation,bacterial_leaf_blight,2d9b924f99a188bd6914dc6f99c8faa2780559ce5a79a035140a1f4546d36878,unreviewed,
train/bacterial_leaf_blight/bacterial_leaf_blight (315).JPG,masks/validation/bacterial_leaf_blight/bacterial_leaf_blight (315).JPG.png,validation,bacterial_leaf_blight,28e5d2ec8b31155d962ef8c7b06e70f867c74d20bbc6dc3dc064807af9328954,unreviewed,
train/bacterial_leaf_blight/bacterial_leaf_blight (32).JPG,masks/validation/bacterial_leaf_blight/bacterial_leaf_blight (32).JPG.png,validation,bacterial_leaf_blight,59d7ec1286d19eb6a55bd15e0c18a1634d0413d473173b8e7bfe88aee7be994a,unreviewed,
train/bacterial_leaf_blight/bacterial_leaf_blight (330).JPG,masks/validation/bacterial_leaf_blight/bacterial_leaf_blight (330).JPG.png,validation,bacterial_leaf_blight,7f259255a89e105295410a9422a569e23d4e04bc9a4920dcc1ba2caef80e9774,unreviewed,
train/bacterial_leaf_blight/bacterial_leaf_blight (332).jpg,masks/validation/bacterial_leaf_blight/bacterial_leaf_blight (332).jpg.png,validation,bacterial_leaf_blight,134e5790a52ae15ed695485bbd1a35abfd3f1fd783e0200e1ffbfef5ca931f02,unreviewed,
train/bacterial_leaf_blight/bacterial_leaf_blight (350).JPG,masks/validation/bacterial_leaf_blight/bacterial_leaf_blight (350).JPG.png,validation,bacterial_leaf_blight,2c3858101559cbff51e5c42152356e3787495da31a5a093523c4417767901f53,unreviewed,
train/bacterial_leaf_blight/bacterial_leaf_blight (36).JPG,masks/validation/bacterial_leaf_blight/bacterial_leaf_blight (36).JPG.png,validation,bacterial_leaf_blight,58260b97b9e62ac9d53e6308ab0758d385485c131f3893a828c21ba5372f0ca7,unreviewed,
train/bacterial_leaf_blight/bacterial_leaf_blight (44).JPG,masks/validation/bacterial_leaf_blight/bacterial_leaf_blight (44).JPG.png,validation,bacterial_leaf_blight,ead575eaf9e7259c049d70da01ace1dc767a92092773b0ad93384714ec85da84,unreviewed,
train/bacterial_leaf_blight/bacterial_leaf_blight (45).JPG,masks/validation/bacterial_leaf_blight/bacterial_leaf_blight (45).JPG.png,validation,bacterial_leaf_blight,e398b67dc912fd52c4b19787cf4cd9ece300dbdafa48528aa8fa1d67a8523a18,unreviewed,
train/bacterial_leaf_blight/bacterial_leaf_blight (51).JPG,masks/validation/bacterial_leaf_blight/bacterial_leaf_blight (51).JPG.png,validation,bacterial_leaf_blight,e3fb047e098af8fb9f514c83c1ba9fd89b365a19642a79045a0831f8e2d30bb0,unreviewed,
train/bacterial_leaf_blight/bacterial_leaf_blight (61).JPG,masks/validation/bacterial_leaf_blight/bacterial_leaf_blight (61).JPG.png,validation,bacterial_leaf_blight,d6e41fa4754be71d5d9cb4458ec1a821330f0ecf3899c050dac093e202e84e03,unreviewed,
train/bacterial_leaf_blight/bacterial_leaf_blight (8).JPG,masks/validation/bacterial_leaf_blight/bacterial_leaf_blight (8).JPG.png,validation,bacterial_leaf_blight,790a63572c3b392e15ae5b39b1e1d7096cd956a34563337291b3038bd394dd4e,unreviewed,
train/bacterial_leaf_blight/bacterial_leaf_blight (93).JPG,masks/validation/bacterial_leaf_blight/bacterial_leaf_blight (93).JPG.png,validation,bacterial_leaf_blight,804f084bfabc74aa6af28b9c26a329404c4706cd354a16c430683568c54a09eb,unreviewed,
train/bacterial_leaf_blight/bacterial_leaf_blight (99).JPG,masks/validation/bacterial_leaf_blight/bacterial_leaf_blight (99).JPG.png,validation,bacterial_leaf_blight,bf4b1c8a214f3d50345b919f6c181628152218fd234f7f36b9d6023f2733f5e6,unreviewed,
train/brown_spot/brown_spot (10).jpg,masks/validation/brown_spot/brown_spot (10).jpg.png,validation,brown_spot,a1dc12b64898b0c016597a175725857df0e2af9efe4fa4eb2260796195ecf197,unreviewed,
train/brown_spot/brown_spot (105).jpg,masks/validation/brown_spot/brown_spot (105).jpg.png,validation,brown_spot,36dd2e14c60672a69ec5d3809edc21d11e724f9a2fddc313dd6221d0947f80ad,unreviewed,
train/brown_spot/brown_spot (107).jpg,masks/validation/brown_spot/brown_spot (107).jpg.png,validation,brown_spot,b8da2383766ee33a302f835494c9cfab1f8197d60f2b1b0e104daa7e608df9e0,unreviewed,
train/brown_spot/brown_spot (110).jpg,masks/validation/brown_spot/brown_spot (110).jpg.png,validation,brown_spot,64fa11057afbc095f5acfedbe95117884c67107874dfcafee5315e08cef1c079,unreviewed,
train/brown_spot/brown_spot (145).jpg,masks/validation/brown_spot/brown_spot (145).jpg.png,validation,brown_spot,7bc9801fa285dd76666a5ba779e43c13711b330cdd4ac799647657be8eac826e,unreviewed,
train/brown_spot/brown_spot (148).jpg,masks/validation/brown_spot/brown_spot (148).jpg.png,validation,brown_spot,b78f1680e81b5a20eb67de65c8b1abcd070c4366c30a3e9e4217fbf2a32af458,unreviewed,
train/brown_spot/brown_spot (150).jpg,masks/validation/brown_spot/brown_spot (150).jpg.png,validation,brown_spot,7ef0a2e6be28f7c0fa2fd9c09d81d927d0a5e5784733eed1c0a21a85755cafc7,unreviewed,
train/brown_spot/brown_spot (157).jpg,masks/validation/brown_spot/brown_spot (157).jpg.png,validation,brown_spot,ba01452b19884f89b5fea97489fffc164c2b546001d042ed99da5545ebaa198e,unreviewed,
train/brown_spot/brown_spot (161).jpg,masks/validation/brown_spot/brown_spot (161).jpg.png,validation,brown_spot,68b76e5a2a77326c193acaa85574b28029ea080f281760f2f699814c501974a1,unreviewed,
train/brown_spot/brown_spot (163).jpg,masks/validation/brown_spot/brown_spot (163).jpg.png,validation,brown_spot,1523d8047b564394bc85b4d476be9ea5887b9752256351fe4d9eb023629a39bd,unreviewed,
train/brown_spot/brown_spot (169).jpg,masks/validation/brown_spot/brown_spot (169).jpg.png,validation,brown_spot,26fc88eae095ef9ec6b2e0dfe75dfb14bc9c58c8aeca0f18f4a2d89eb60ecf3b,unreviewed,
train/brown_spot/brown_spot (186).jpg,masks/validation/brown_spot/brown_spot (186).jpg.png,validation,brown_spot,990cdaa78c933009fc9d58ffa527c05d9a182072201344dfbd783b6164b301cc,unreviewed,
train/brown_spot/brown_spot (195).jpg,masks/validation/brown_spot/brown_spot (195).jpg.png,validation,brown_spot,5f38bfaf4f9c63e5f8f314322158fd4b397b1d55fc8c2b3019f4607f9568a283,unreviewed,
train/brown_spot/brown_spot (206).jpg,masks/validation/brown_spot/brown_spot (206).jpg.png,validation,brown_spot,6fb0dcdebdd8c84398b47e5935cd7863a25612cd26c4ec50f79ac4f0924c5450,unreviewed,
train/brown_spot/brown_spot (213).JPG,masks/validation/brown_spot/brown_spot (213).JPG.png,validation,brown_spot,fe4312f2d3e07bc3a00d69ebf200a248d2982eafa09597532aa13772d3f73f57,unreviewed,
train/brown_spot/brown_spot (216).JPG,masks/validation/brown_spot/brown_spot (216).JPG.png,validation,brown_spot,2d7c9df45d09e3a9fae585210c65a38da6e6351019557b0c2355f772816af3d4,unreviewed,
train/brown_spot/brown_spot (220).JPG,masks/validation/brown_spot/brown_spot (220).JPG.png,validation,brown_spot,03d11b66154da3f4a7df80e808280e247310a5a4807be94056d7d7f9da315132,unreviewed,
train/brown_spot/brown_spot (230).JPG,masks/validation/brown_spot/brown_spot (230).JPG.png,validation,brown_spot,7b05dd74c2d927abaa276d9b0bf8f850bd763fa31b5932897aca3416a5cf813c,unreviewed,
train/brown_spot/brown_spot (231).JPG,masks/validation/brown_spot/brown_spot (231).JPG.png,validation,brown_spot,5082fa366e5d2c0eca792c7e71799bc62a1719387f59585c992f54c8ecfff93c,unreviewed,
train/brown_spot/brown_spot (234).JPG,masks/validation/brown_spot/brown_spot (234).JPG.png,validation,brown_spot,6adc7b41aeaa7cfe78f377fdaf571842a7c5cf03a11496a16ae58e191881f6c7,unreviewed,
train/brown_spot/brown_spot (238).jpg,masks/validation/brown_spot/brown_spot (238).jpg.png,validation,brown_spot,17e254f022ef3ebda517a07dad7bd83d1b55e2d418c2d1b2832f83fda58216f7,unreviewed,
train/brown_spot/brown_spot (253).jpg,masks/validation/brown_spot/brown_spot (253).jpg.png,validation,brown_spot,1e219b0ffb225637ec3df2bc0a697459273e21d21823a1546a40880f64c0f5c5,unreviewed,
train/brown_spot/brown_spot (255).jpg,masks/validation/brown_spot/brown_spot (255).jpg.png,validation,brown_spot,f011980975f5eb31679b7af5234e843578e3fa442e102304fa0e66c7a178f0bf,unreviewed,
train/brown_spot/brown_spot (258).jpg,masks/validation/brown_spot/brown_spot (258).jpg.png,validation,brown_spot,702742e480b0360562ee1020a220c47085f6928120fb118d1b2c4c5bed05d430,unreviewed,
train/brown_spot/brown_spot (266).jpg,masks/validation/brown_spot/brown_spot (266).jpg.png,validation,brown_spot,ece330c6b71cf6d55742a27474f9ab21ca843a0277fc2a390be50ff13d1da44e,unreviewed,
train/brown_spot/brown_spot (27).jpg,masks/validation/brown_spot/brown_spot (27).jpg.png,validation,brown_spot,1bf024d4ca1818783b20eadc40882368fdc165f4c2636dbe28c996b6273f3ba4,unreviewed,
train/brown_spot/brown_spot (272).jpg,masks/validation/brown_spot/brown_spot (272).jpg.png,validation,brown_spot,b7b260dcc4c2e8b740403b712b37aa64b98afb76ff9826be3f4e3eb0b5b504be,unreviewed,
train/brown_spot/brown_spot (273).jpg,masks/validation/brown_spot/brown_spot (273).jpg.png,validation,brown_spot,96551d858b201ba986a6cc191d592408aa247c10e5aa9c2bde541d4668b9912a,unreviewed,
train/brown_spot/brown_spot (277).jpg,masks/validation/brown_spot/brown_spot (277).jpg.png,validation,brown_spot,6cef581cd5671a2f91a77f613f49b8724430fe54fadd5d7a9c6450d3026e03a8,unreviewed,
train/brown_spot/brown_spot (278).jpg,masks/validation/brown_spot/brown_spot (278).jpg.png,validation,brown_spot,aba0367581428d811e16a1ac0cd63367fa586e8b806ccd1589f29f3c47b5c702,unreviewed,
train/brown_spot/brown_spot (285).jpg,masks/validation/brown_spot/brown_spot (285).jpg.png,validation,brown_spot,af10ce59f319901091d2626cabd5373031b396c11c4557c27620638687f70f93,unreviewed,
train/brown_spot/brown_spot (29).jpg,masks/validation/brown_spot/brown_spot (29).jpg.png,validation,brown_spot,fd3f5b169a95ef31faa73bf4fe8be6d6cb91237314aac2fd51d88fc6e94a8f0f,unreviewed,
train/brown_spot/brown_spot (292).jpg,masks/validation/brown_spot/brown_spot (292).jpg.png,validation,brown_spot,94aa51a6f254456ad8a3f65529a030f0d2b665e950827aea73f4a2428346aea2,unreviewed,
train/brown_spot/brown_spot (303).jpg,masks/validation/brown_spot/brown_spot (303).jpg.png,validation,brown_spot,afee036a79598c608f7e4589ab944980c4941b4659ffd10ca237921c62a04b6c,unreviewed,
train/brown_spot/brown_spot (316).jpg,masks/validation/brown_spot/brown_spot (316).jpg.png,validation,brown_spot,710ce93bcbb29c70a11df92e15520047570ba3a4907b6495aaafc7d437dca31d,unreviewed,
train/brown_spot/brown_spot (328).jpg,masks/validation/brown_spot/brown_spot (328).jpg.png,validation,brown_spot,e6f8f0f1cb1a38c8bec6f76f8e97f9c547401dd79edbfc9ae07a048b132b67e9,unreviewed,
train/brown_spot/brown_spot (343).JPG,masks/validation/brown_spot/brown_spot (343).JPG.png,validation,brown_spot,1ce2b5697229030dc0f026cf1f517dd91b49df1f4c62c8891043fc5c7c756452,unreviewed,
train/brown_spot/brown_spot (345).JPG,masks/validation/brown_spot/brown_spot (345).JPG.png,validation,brown_spot,1e50dd4265d81bb11c851090aa11a799222fb4dd31acc8d6f4bab2f3e436489d,unreviewed,
train/brown_spot/brown_spot (38).jpg,masks/validation/brown_spot/brown_spot (38).jpg.png,validation,brown_spot,042a78fbfe12041c45afbc218f048ea7c7dcc14db10db9239b1a156d7479814e,unreviewed,
train/brown_spot/brown_spot (44).jpg,masks/validation/brown_spot/brown_spot (44).jpg.png,validation,brown_spot,4bce087a2ab64db5fae89a280d06aaa0107fe549acd26e69f5e06bc36622e7e5,unreviewed,
train/brown_spot/brown_spot (52).jpg,masks/validation/brown_spot/brown_spot (52).jpg.png,validation,brown_spot,20ccf117dc0813f6cf6b29d57309248a2383476b7eaa3c0b23a1ea3e3dd5cfb4,unreviewed,
train/brown_spot/brown_spot (55).jpg,masks/validation/brown_spot/brown_spot (55).jpg.png,validation,brown_spot,5bd7a19d16c15a7640dfab4c7ee205fb537cf96dc160b99972eeb2c0f51fb64d,unreviewed,
train/brown_spot/brown_spot (57).jpg,masks/validation/brown_spot/brown_spot (57).jpg.png,validation,brown_spot,5e72a297d13781b300fbd9aaa118e8f3c3daaf5d0707f9dbd05fab0e67dcb830,unreviewed,
train/brown_spot/brown_spot (6).jpg,masks/validation/brown_spot/brown_spot (6).jpg.png,validation,brown_spot,604ef9503a50908d9562bfcba0eb70881c5801137926c6f78cbe548d983b7ef2,unreviewed,
train/brown_spot/brown_spot (64).jpg,masks/validation/brown_spot/brown_spot (64).jpg.png,validation,brown_spot,46ab7669c61969c30524d7a943618dee2e4d800e1b4b5b3319a1e3750e152dae,unreviewed,
train/brown_spot/brown_spot (70).jpg,masks/validation/brown_spot/brown_spot (70).jpg.png,validation,brown_spot,292b7801c237c739d3c50ba1e139fa4651b9082b13d78952f086b2e9289e8578,unreviewed,
train/brown_spot/brown_spot (71).jpg,masks/validation/brown_spot/brown_spot (71).jpg.png,validation,brown_spot,8e4c9ebc46c13e2fe200a8a649f34d0b938d3f148713a73c5cdcb464abdfaae5,unreviewed,
train/brown_spot/brown_spot (83).jpg,masks/validation/brown_spot/brown_spot (83).jpg.png,validation,brown_spot,aedce62e7bfee63427a5c1dfd9fb3291c232aef965e349eba1b8a3c78b9bbf6c,unreviewed,
train/brown_spot/brown_spot (89).jpg,masks/validation/brown_spot/brown_spot (89).jpg.png,validation,brown_spot,7ca7d094d27c210235f5461eda021207f60fdf9ea9fbb213822c2ea6b7768802,unreviewed,
train/brown_spot/brown_spot (98).jpg,masks/validation/brown_spot/brown_spot (98).jpg.png,validation,brown_spot,a64dc231604f851b424367445f349d79136211fd87c73566aa054f7a31cb53d0,unreviewed,
train/brown_spot/brown_spot (99).JPG,masks/validation/brown_spot/brown_spot (99).JPG.png,validation,brown_spot,f3e6f77a1f4fe707de3d6c6ceac512bbcfdbd27a8d14d6c298a9f1f3bb120270,unreviewed,
train/healthy/healthy (104).jpg,masks/validation/healthy/healthy (104).jpg.png,validation,healthy,1910ebede751fe6015f291c0e5a16580a5e04a66614cc81c4f2597c6fc2cb8fd,unreviewed,
train/healthy/healthy (109).jpg,masks/validation/healthy/healthy (109).jpg.png,validation,healthy,e619a5c4fb1201e8bfa21683bb0f7f4f35838ef719d5f00cb9d488d6b71bffa1,unreviewed,
train/healthy/healthy (112).jpg,masks/validation/healthy/healthy (112).jpg.png,validation,healthy,9b10e7a4d7b50602ff1095e3a5a4f4b1ccbec64d16a2821fbfc93b6b5c8232db,unreviewed,
train/healthy/healthy (117).jpg,masks/validation/healthy/healthy (117).jpg.png,validation,healthy,1d1fae3d89625a6b242587dd146e6a0cdb0cc8150dc5d3a2f20f1a7b6ca123ae,unreviewed,
train/healthy/healthy (121).jpg,masks/validation/healthy/healthy (121).jpg.png,validation,healthy,6677b7069647856cc9970995d86c14ce954b8e2a7542c906741ec19a0001304c,unreviewed,
train/healthy/healthy (134).jpg,masks/validation/healthy/healthy (134).jpg.png,validation,healthy,689f2cfd6fc7c8c609172f31e8b093e61fca019f0ed48495ac72d2d38720f6ae,unreviewed,
train/healthy/healthy (136).jpg,masks/validation/healthy/healthy (136).jpg.png,validation,healthy,b5620c9dac64bc037a02150efcabb1bbd5557d41ef706a85b793f250b90f2926,unreviewed,
train/healthy/healthy (137).jpg,masks/validation/healthy/healthy (137).jpg.png,validation,healthy,da6e2d5dff1ef645c1d1b230efd1331a8410f85d88a723a3ade78c33f2a9db9b,unreviewed,
train/healthy/healthy (145).jpg,masks/validation/healthy/healthy (145).jpg.png,validation,healthy,95ccd5eeea21fde61d5272af74499691edb4e396d2fb68da5b59a4ef73a53e16,unreviewed,
train/healthy/healthy (147).jpg,masks/validation/healthy/healthy (147).jpg.png,validation,healthy,54d59e7a6df6c895c1720045b988912227dd4f6a373994dda3e1b7adb6ea1835,unreviewed,
train/healthy/healthy (163).jpg,masks/validation/healthy/healthy (163).jpg.png,validation,healthy,5b46f4b489cbb7d5358d1c32bb15c7d262e5116d8228d71f12d68500fe7bc6db,unreviewed,
train/healthy/healthy (170).jpg,masks/validation/healthy/healthy (170).jpg.png,validation,healthy,7e69c3cb7888cd4f2534e54e13341b965ef4f2bbd27ec3ff2310709294296a0d,unreviewed,
train/healthy/healthy (182).jpg,masks/validation/healthy/healthy (182).jpg.png,validation,healthy,ac6982fa1344adf8aadcf59a2b33dff23eb08431aa2a791f2d271ccd07e2b24c,unreviewed,
train/healthy/healthy (188).jpg,masks/validation/healthy/healthy (188).jpg.png,validation,healthy,1bf6623ec1220d8a1b56c874e834ab5765a001d89f1f9db4015cfd11fd4fc1df,unreviewed,
train/healthy/healthy (198).jpg,masks/validation/healthy/healthy (198).jpg.png,validation,healthy,f21e489d8fe08765bc3670ddc08afabd1946f1f028a46dd3e958c304b28ab025,unreviewed,
train/healthy/healthy (20).jpg,masks/validation/healthy/healthy (20).jpg.png,validation,healthy,c4f13253271ec981c67f55488c1ddee6faa2df66dc6417cf08b0a59ceca2703b,unreviewed,
train/healthy/healthy (203).jpg,masks/validation/healthy/healthy (203).jpg.png,validation,healthy,b4601305aea737f9a3bbf582d83f953cf62bf5e7fed079ec490ce3a644e6a269,unreviewed,
train/healthy/healthy (204).jpg,masks/validation/healthy/healthy (204).jpg.png,validation,healthy,10fb4aa204ace2b9578f2d395deb673310ba583117fe1eaeef6570ddd80cd160,unreviewed,
train/healthy/healthy (208).jpg,masks/validation/healthy/healthy (208).jpg.png,validation,healthy,d42c32a4d7a0980d649876a9c31eae19739f8bfe731481d2a4ac65daabc7df59,unreviewed,
train/healthy/healthy (21).jpg,masks/validation/healthy/healthy (21).jpg.png,validation,healthy,131beafa56691b6b46b56e703b9d6987c57d53719e74b619250ee974afb79a30,unreviewed,
train/healthy/healthy (214).jpg,masks/validation/healthy/healthy (214).jpg.png,validation,healthy,63927ed33832e8572794ffbebce928a88435b9fbfe4e37f2210829741c7f06b4,unreviewed,
train/healthy/healthy (223).jpg,masks/validation/healthy/healthy (223).jpg.png,validation,healthy,9c4289a5d31aa2b90957b35958ef86b355364b28b2661f10f50925172c945d3e,unreviewed,
train/healthy/healthy (224).jpg,masks/validation/healthy/healthy (224).jpg.png,validation,healthy,9f5fc3c999746e683f98664ee902747d2b61115eafc40bcfded15476586da906,unreviewed,
train/healthy/healthy (229).jpg,masks/validation/healthy/healthy (229).jpg.png,validation,healthy,7860aa490b38efebe7ac9225f371d4a9b600e88b5ddc984fee6ee1a1ceaaded7,unreviewed,
train/healthy/healthy (247).jpg,masks/validation/healthy/healthy (247).jpg.png,validation,healthy,1b6ce2a8b6a5b200997fce5734b7f2f07579613928ef46c74ca3a1880e07ec72,unreviewed,
train/healthy/healthy (252).jpg,masks/validation/healthy/healthy (252).jpg.png,validation,healthy,6d95509e5bf045a2527730c879b8100cac8ff2f99eff42005dead760a3d19b88,unreviewed,
train/healthy/healthy (263).jpg,masks/validation/healthy/healthy (263).jpg.png,validation,healthy,cdd552cbeba298795159f2a630d9dece95fdf5968a2a8f057ec734f5ce171e40,unreviewed,
train/healthy/healthy (27).jpg,masks/validation/healthy/healthy (27).jpg.png,validation,healthy,0dc22c3a1864a9ef278c00e0260c20bf25139a1920b9f1c58f7dc2c9879cf4c7,unreviewed,
train/healthy/healthy (271).jpg,masks/validation/healthy/healthy (271).jpg.png,validation,healthy,9667e4db093c5d323410e397c638886dbb48678ea45d3ae4fa1c8243d514fd03,unreviewed,
train/healthy/healthy (275).jpg,masks/validation/healthy/healthy (275).jpg.png,validation,healthy,8457bfcefb4e8dac2cb2961900af5629f10e859127515659eeb11499daceb63a,unreviewed,
train/healthy/healthy (281).jpg,masks/validation/healthy/healthy (281).jpg.png,validation,healthy,cb0c81d83937475938f2b816377f340dd30f2790599c45434a20d724888e1cb3,unreviewed,
train/healthy/healthy (283).jpg,masks/validation/healthy/healthy (283).jpg.png,validation,healthy,bf1e3f959f34e0b76b93ba77cfb79e2e4db9bd71b717988a3a65ff79813d5493,unreviewed,
train/healthy/healthy (284).jpg,masks/validation/healthy/healthy (284).jpg.png,validation,healthy,21e984f532dc1cc6078ef4b11ec570be4d2b6efc74f0bb1039e5933006a694f4,unreviewed,
train/healthy/healthy (286).jpg,masks/validation/healthy/healthy (286).jpg.png,validation,healthy,588ed6415735963241cd3ff5ab460322eeea0b968459c0e26e8fc321b89bcb1c,unreviewed,
train/healthy/healthy (29).jpg,masks/validation/healthy/healthy (29).jpg.png,validation,healthy,126269b0a27f057ab086dbd912905d6e23dfa908f58c21c609bcf832282db49c,unreviewed,
train/healthy/healthy (30).jpg,masks/validation/healthy/healthy (30).jpg.png,validation,healthy,bd86645c71ae536c42500736ec2c46cb72011ca9cbbaafc132ef7722d1134683,unreviewed,
train/healthy/healthy (300).jpg,masks/validation/healthy/healthy (300).jpg.png,validation,healthy,3e157242a6dbe9025c6798ccefeace1246686b39e8a81804c3f35cd5ea610f5a,unreviewed,
train/healthy/healthy (301).jpg,masks/validation/healthy/healthy (301).jpg.png,validation,healthy,cc050ddeb0a01c306af27549a9b989e574ad7042f703f2be037a646bc7cfcb2f,unreviewed,
train/healthy/healthy (317).jpg,masks/validation/healthy/healthy (317).jpg.png,validation,healthy,243193ceb1652d4e1d3cd0b23501fbe01fad4209681b4315be77e6f1e9fc40f1,unreviewed,
train/healthy/healthy (321).jpg,masks/validation/healthy/healthy (321).jpg.png,validation,healthy,4e71e6d523566d41bc0fc82fadb3e08abe1baf3530d49d8b6ebf79559cc2f5a9,unreviewed,
train/healthy/healthy (329).jpg,masks/validation/healthy/healthy (329).jpg.png,validation,healthy,baf0c6dad201fdc0aef34eeaa04fffe97473507acf0911edf41d7b9ef462a9d4,unreviewed,
train/healthy/healthy (33).jpg,masks/validation/healthy/healthy (33).jpg.png,validation,healthy,6e631da9a464559cbffb0984d2fa77ff45786746687a5c7dd5c99a2dbad0657b,unreviewed,
train/healthy/healthy (341).jpg,masks/validation/healthy/healthy (341).jpg.png,validation,healthy,69971289ed2dd7c191b9e13e4d50c84034ba3cb03ce1dd95876cbca38330df50,unreviewed,
train/healthy/healthy (349).jpg,masks/validation/healthy/healthy (349).jpg.png,validation,healthy,58f452785091bfbc2c984d151fd6f82096655b5a26a28147fcc2c26bb115b2f2,unreviewed,
train/healthy/healthy (36).jpg,masks/validation/healthy/healthy (36).jpg.png,validation,healthy,128a1f8069c2139da9b55b69befaae00aad821cec244f460cb5cac4442914d35,unreviewed,
train/healthy/healthy (46).jpg,masks/validation/healthy/healthy (46).jpg.png,validation,healthy,5b3cf10c95d909067c847564bbce1b8e0176ad878009781d8880f62a89bbd4c8,unreviewed,
train/healthy/healthy (54).jpg,masks/validation/healthy/healthy (54).jpg.png,validation,healthy,33ae7ca53f7b8e056caedfdae253b06cb7af8716516ac52408bcc294c58249ba,unreviewed,
train/healthy/healthy (55).jpg,masks/validation/healthy/healthy (55).jpg.png,validation,healthy,ddf33f00ad2a75a98e10cbd854b0aaeb136b7a40913f23fc6f562e327f9364ec,unreviewed,
train/healthy/healthy (60).jpg,masks/validation/healthy/healthy (60).jpg.png,validation,healthy,37d3251764ddec5bd0bff96527211f81d0ff99e05023b3da0ca72a995e656cfa,unreviewed,
train/healthy/healthy (65).jpg,masks/validation/healthy/healthy (65).jpg.png,validation,healthy,41db2df86e34b8844f5e8b2e1df951bc5cd9f570b16da28e020bc37dd6b5583b,unreviewed,
train/healthy/healthy (70).jpg,masks/validation/healthy/healthy (70).jpg.png,validation,healthy,fd148dca473887b02c95d4c2301e0e087f48f68361bb5cea0ff504e3fe6621ea,unreviewed,
train/healthy/healthy (74).jpg,masks/validation/healthy/healthy (74).jpg.png,validation,healthy,e4ab12ef14b546d9e958f5ed4d7fcff76f5e1df526b1a8662bc29b8cc8e815b2,unreviewed,
train/healthy/healthy (75).jpg,masks/validation/healthy/healthy (75).jpg.png,validation,healthy,2cb8f2242e37aa2b17874c1ccba4cb30f9fbd6e814eb8c2397e0b0ef059df8d6,unreviewed,
train/healthy/healthy (83).jpg,masks/validation/healthy/healthy (83).jpg.png,validation,healthy,c7bf3d5348b5c2a234e4ac0806682e251bf5fe3fd7e5aadbf7c9befcb818e014,unreviewed,
train/healthy/healthy (91).jpg,masks/validation/healthy/healthy (91).jpg.png,validation,healthy,1bb88a8aa6615a8176dcd610b408e6aaa58ae0d2ba0553cd0802dd0a5e14f1af,unreviewed,
train/healthy/healthy (93).jpg,masks/validation/healthy/healthy (93).jpg.png,validation,healthy,12dc5547c2925e3b1020b2ab29511394b68c96ccdc64bf449af9f9c168edec87,unreviewed,
train/leaf_blast/leaf_blast (104).jpg,masks/validation/leaf_blast/leaf_blast (104).jpg.png,validation,leaf_blast,5e3597b221ffe5653c90a4221ad1b85a2f14c73f2a2b4a341055e69238da394d,unreviewed,
train/leaf_blast/leaf_blast (117).jpg,masks/validation/leaf_blast/leaf_blast (117).jpg.png,validation,leaf_blast,6926a3f19d4f5380a19bd46de76e1488a9502f464c956b4a8f386b452e874c04,unreviewed,
train/leaf_blast/leaf_blast (131).jpg,masks/validation/leaf_blast/leaf_blast (131).jpg.png,validation,leaf_blast,20f60df5bef5b8966f6b006292aa94bbe0bc52c44235255d074d55afb09075d1,unreviewed,
train/leaf_blast/leaf_blast (132).jpg,masks/validation/leaf_blast/leaf_blast (132).jpg.png,validation,leaf_blast,04237bc3917657617dadd209053cf4fbacdac70376160065506c48e0849c757f,unreviewed,
train/leaf_blast/leaf_blast (138).jpg,masks/validation/leaf_blast/leaf_blast (138).jpg.png,validation,leaf_blast,f3095f59a61a16a2b3fbad49fe3a8ee3251bed06de9d0623c5b984c7a4fbe782,unreviewed,
train/leaf_blast/leaf_blast (143).jpg,masks/validation/leaf_blast/leaf_blast (143).jpg.png,validation,leaf_blast,6e68276f6f8a27e403633eb47c3d40e81ed50fb089e0ad7f8855bf8cd9ac58c4,unreviewed,
train/leaf_blast/leaf_blast (15).jpg,masks/validation/leaf_blast/leaf_blast (15).jpg.png,validation,leaf_blast,384634ea4dbd0ec2d40fc3534e6a93f1a025fdc535137f64ab040671d2368b2d,unreviewed,
train/leaf_blast/leaf_blast (157).jpg,masks/validation/leaf_blast/leaf_blast (157).jpg.png,validation,leaf_blast,5013ed147be78e9cf35cef664e8060753812185353fe65173ec8ae077c095b2a,unreviewed,
train/leaf_blast/leaf_blast (158).jpg,masks/validation/leaf_blast/leaf_blast (158).jpg.png,validation,leaf_blast,54886a0385d39ae3db5f81a07c9c98f66e89b05c35e9ff69b416547bef3b12e5,unreviewed,
train/leaf_blast/leaf_blast (159).jpg,masks/validation/leaf_blast/leaf_blast (159).jpg.png,validation,leaf_blast,096a20cf75e21e84548993cca4c3e6f632dd75e4b63f5b9ece673a65c69b9b3a,unreviewed,
train/leaf_blast/leaf_blast (16).jpg,masks/validation/leaf_blast/leaf_blast (16).jpg.png,validation,leaf_blast,bfdda96ba0257dc0d6a579ae83f8cfcb4c2ae55a30d8b991838c73833cbf8cee,unreviewed,
train/leaf_blast/leaf_blast (162).jpg,masks/validation/leaf_blast/leaf_blast (162).jpg.png,validation,leaf_blast,a5f18a0d7686d2bfcf4da458454d545691d87036c71382c79fa948ca0e017b4e,unreviewed,
train/leaf_blast/leaf_blast (177).jpg,masks/validation/leaf_blast/leaf_blast (177).jpg.png,validation,leaf_blast,08843df350e718ffff55e574ea8d343b48ebd1b403926f236b86d9208fca6029,unreviewed,
train/leaf_blast/leaf_blast (182).jpg,masks/validation/leaf_blast/leaf_blast (182).jpg.png,validation,leaf_blast,beeff50d8d767213b17ef0e182b494cfc076f677cfcada94b82acf76f7fa2ff7,unreviewed,
train/leaf_blast/leaf_blast (188).jpg,masks/validation/leaf_blast/leaf_blast (188).jpg.png,validation,leaf_blast,80781058f54d013d254261766a1324d1f68e48076f49decf248c176625f33184,unreviewed,
train/leaf_blast/leaf_blast (189).jpg,masks/validation/leaf_blast/leaf_blast (189).jpg.png,validation,leaf_blast,444ba88e41192ee54da9e0add728ca2dd3cf42f42071727b99dabb5cd5e9240f,unreviewed,
train/leaf_blast/leaf_blast (193).jpg,masks/validation/leaf_blast/leaf_blast (193).jpg.png,validation,leaf_blast,42e971d5bae659902fed3dce8a177ca59a77a64cbaa4fc6475fda5eb1b4732cd,unreviewed,
train/leaf_blast/leaf_blast (196).jpg,masks/validation/leaf_blast/leaf_blast (196).jpg.png,validation,leaf_blast,6e789ff650a3a91a77ad511d9ae8c31daaa20ba2442e5234e5193264b3e899af,unreviewed,
train/leaf_blast/leaf_blast (198).jpg,masks/validation/leaf_blast/leaf_blast (198).jpg.png,validation,leaf_blast,21365fa4ba57f24b283bd2868921f2c13685677b35267c870888f76af4c3c090,unreviewed,
train/leaf_blast/leaf_blast (2).jpg,masks/validation/leaf_blast/leaf_blast (2).jpg.png,validation,leaf_blast,16b3a8e903c51e11976cdad24aaa0410f633b748ea26a3b9de740a286747e770,unreviewed,
train/leaf_blast/leaf_blast (208).jpg,masks/validation/leaf_blast/leaf_blast (208).jpg.png,validation,leaf_blast,af85801440ec438a6384922d53b718f68cc5dfef5d91e63e076a7cd45e745cbd,unreviewed,
train/leaf_blast/leaf_blast (216).jpg,masks/validation/leaf_blast/leaf_blast (216).jpg.png,validation,leaf_blast,b289c112215429d3bafdee2b3dfad07079722eae8e17d0d33ec69cdf7b227cc4,unreviewed,
train/leaf_blast/leaf_blast (224).jpg,masks/validation/leaf_blast/leaf_blast (224).jpg.png,validation,leaf_blast,6d48eb45d84ef8380834eb755ef6a6036fdbdb3c921f225e887b1de09100d65c,unreviewed,
train/leaf_blast/leaf_blast (227).jpg,masks/validation/leaf_blast/leaf_blast (227).jpg.png,validation,leaf_blast,c6deadacef6785237a30e76fb9910314c7bd0518adab6c0e77e89fbc7cea9596,unreviewed,
train/leaf_blast/leaf_blast (233).jpg,masks/validation/leaf_blast/leaf_blast (233).jpg.png,validation,leaf_blast,a180c0fd58dc334f7d5cbe77bd1448a6647f3495aee72e205f76e4ab0dc5f139,unreviewed,
train/leaf_blast/leaf_blast (240).jpg,masks/validation/leaf_blast/leaf_blast (240).jpg.png,validation,leaf_blast,7cba8b725f4ede5b122d0615b54920292bdb5cc01afc76d40940187b9c0a8be9,unreviewed,
train/leaf_blast/leaf_blast (25).jpg,masks/validation/leaf_blast/leaf_blast (25).jpg.png,validation,leaf_blast,4883ca50a46bfe350170330cfc3ca0be326c8cd83665cb9770f23b197754609f,unreviewed,
train/leaf_blast/leaf_blast (257).jpg,masks/validation/leaf_blast/leaf_blast (257).jpg.png,validation,leaf_blast,55cb15996ce1777c72d5220955b9beef2b223009ed742e14909a4adf43ce0f58,unreviewed,
train/leaf_blast/leaf_blast (259).jpg,masks/validation/leaf_blast/leaf_blast (259).jpg.png,validation,leaf_blast,895b60276a6e1c5e6dea1e6e4373ad64f93bbea0cc3ad564c76bfb3e37caffc3,unreviewed,
train/leaf_blast/leaf_blast (263).jpg,masks/validation/leaf_blast/leaf_blast (263).jpg.png,validation,leaf_blast,40f3ba1ad1b03dd123c8c1af8e63869d8fc70af61dc9a0c9e03ce3d72a19cf0b,unreviewed,
train/leaf_blast/leaf_blast (272).jpg,masks/validation/leaf_blast/leaf_blast (272).jpg.png,validation,leaf_blast,4aaa49eba389a602bc6b555809523354d5a827b8abe023438ef85a6aca285ab3,unreviewed,
train/leaf_blast/leaf_blast (294).jpg,masks/validation/leaf_blast/leaf_blast (294).jpg.png,validation,leaf_blast,568bda8e4a2c15bec0226e7ec27f6ca22e5eaca98b555d43e426e97f35f19174,unreviewed,
train/leaf_blast/leaf_blast (311).jpg,masks/validation/leaf_blast/leaf_blast (311).jpg.png,validation,leaf_blast,1ffd91dccc5ec93c814926b8fe7c7e582c5ea8982afbde923af70a631d7b6406,unreviewed,
train/leaf_blast/leaf_blast (316).jpg,masks/validation/leaf_blast/leaf_blast (316).jpg.png,validation,leaf_blast,8ffd8e9ea89ca29b6aa63e525a6d9568bfa9a299656db07149e41cefc7d2029e,unreviewed,
train/leaf_blast/leaf_blast (323).jpg,masks/validation/leaf_blast/leaf_blast (323).jpg.png,validation,leaf_blast,4887dcae9e278df0f3229c59ff3195b0e311293485d2916703c790af1ff17939,unreviewed,
train/leaf_blast/leaf_blast (324).jpg,masks/validation/leaf_blast/leaf_blast (324).jpg.png,validation,leaf_blast,7db34087bc32f0b5c97f5c66deef6ce110d45b2d4a75680151fc58ffc6d369c6,unreviewed,
train/leaf_blast/leaf_blast (326).jpg,masks/validation/leaf_blast/leaf_blast (326).jpg.png,validation,leaf_blast,6bc27f751496fadf9918cb45af842964dc235cb63186d4421ab244c651fe3ebc,unreviewed,
train/leaf_blast/leaf_blast (336).jpg,masks/validation/leaf_blast/leaf_blast (336).jpg.png,validation,leaf_blast,84e4e4269d1fe18838b618d9c87949171961f5bbb25c641f854b0ba86e007e01,unreviewed,
train/leaf_blast/leaf_blast (338).jpg,masks/validation/leaf_blast/leaf_blast (338).jpg.png,validation,leaf_blast,7a4f6a77c414db17932d2bdd31fedc2295030eaf658e5aad3a282668e0cb179d,unreviewed,
train/leaf_blast/leaf_blast (346).jpg,masks/validation/leaf_blast/leaf_blast (346).jpg.png,validation,leaf_blast,0a9507c27bb8895a454c6b831a50cc08de00fa7ac1509ce8bb60062d21ca6b6e,unreviewed,
train/leaf_blast/leaf_blast (36).jpg,masks/validation/leaf_blast/leaf_blast (36).jpg.png,validation,leaf_blast,0bea8c665353ac71350fe7f4bc4b5bcdce306e67f82a90d7a92368e86b5517be,unreviewed,
train/leaf_blast/leaf_blast (39).jpg,masks/validation/leaf_blast/leaf_blast (39).jpg.png,validation,leaf_blast,d2447a65b9ec02fbd6cebd0fbdd723fc4f74074a1c0d3d443074f5f670528f26,unreviewed,
train/leaf_blast/leaf_blast (40).jpg,masks/validation/leaf_blast/leaf_blast (40).jpg.png,validation,leaf_blast,ac11c0fe9e3bd9dbac63edbfff675987757240bb1440b6908c8c65af92bb5b18,unreviewed,
train/leaf_blast/leaf_blast (44).jpg,masks/validation/leaf_blast/leaf_blast (44).jpg.png,validation,leaf_blast,f39198e852d844c266476601a0b4b7afbf349b003cedda1cd523a9509abf3880,unreviewed,
train/leaf_blast/leaf_blast (54).jpg,masks/validation/leaf_blast/leaf_blast (54).jpg.png,validation,leaf_blast,ef18ac0493a85535aeab6e8090a97533733ddaab4bb8ebeb22d3c30181184e1a,unreviewed,
train/leaf_blast/leaf_blast (58).jpg,masks/validation/leaf_blast/leaf_blast (58).jpg.png,validation,leaf_blast,7bc0e4afd15e2fd24a0b5a16286b022ecf4cb6226707e4a34e594cbed356576a,unreviewed,
train/leaf_blast/leaf_blast (67).jpg,masks/validation/leaf_blast/leaf_blast (67).jpg.png,validation,leaf_blast,58f262912481d4c984f403d53e0e5ac00f34595b9339f0b0253ec5c687f207ba,unreviewed,
train/leaf_blast/leaf_blast (68).jpg,masks/validation/leaf_blast/leaf_blast (68).jpg.png,validation,leaf_blast,d1f42f3d7b3e3f1be3f29979b3fe1257501c0da58d107dbb21ee04c9382fe20e,unreviewed,
train/leaf_blast/leaf_blast (71).jpg,masks/validation/leaf_blast/leaf_blast (71).jpg.png,validation,leaf_blast,69bfd3043cfaf8a16de5effb4c7a7e1c66ca2d068909c6a0d8e6d3473acc976b,unreviewed,
train/leaf_blast/leaf_blast (72).jpg,masks/validation/leaf_blast/leaf_blast (72).jpg.png,validation,leaf_blast,42066d52e0023082353206f7bb8b3623596a83e9206c2b5fc5c6f80b8224eae7,unreviewed,
train/leaf_blast/leaf_blast (73).jpg,masks/validation/leaf_blast/leaf_blast (73).jpg.png,validation,leaf_blast,bdd535e4d83453d0ad0035d59c993e4a5f292eb59fb02abd32708704b538644a,unreviewed,
train/leaf_blast/leaf_blast (76).jpg,masks/validation/leaf_blast/leaf_blast (76).jpg.png,validation,leaf_blast,bef6b3b975deaab84ec969b0ec257b79264f7dfca56cd307994a2847e319bd50,unreviewed,
train/leaf_blast/leaf_blast (8).jpg,masks/validation/leaf_blast/leaf_blast (8).jpg.png,validation,leaf_blast,100a103c6f9c8ac68729b98f2b5aa8308bee1b6a03486f08cea7fe3fa62c0549,unreviewed,
train/leaf_blast/leaf_blast (82).jpg,masks/validation/leaf_blast/leaf_blast (82).jpg.png,validation,leaf_blast,23c48a708794ed59c30cdd49a3cec1202b3951240e1e3ff350e9753bd9dcbe2d,unreviewed,
train/leaf_scald/leaf_scald (104).jpg,masks/validation/leaf_scald/leaf_scald (104).jpg.png,validation,leaf_scald,6d37780c9b44d553cde26917c5aae141331ffc8609d3392296cc0db147f9616f,unreviewed,
train/leaf_scald/leaf_scald (113).jpg,masks/validation/leaf_scald/leaf_scald (113).jpg.png,validation,leaf_scald,5245ba0ca22755b24bed4fd651d399bb7df6a243e5d8b7f22f7448eef0560804,unreviewed,
train/leaf_scald/leaf_scald (126).jpg,masks/validation/leaf_scald/leaf_scald (126).jpg.png,validation,leaf_scald,fb35d0c760cff5101832642f3984e514f3f88cc5ab1204386bc0e27f8456430e,unreviewed,
train/leaf_scald/leaf_scald (132).jpg,masks/validation/leaf_scald/leaf_scald (132).jpg.png,validation,leaf_scald,8cd7e09e9b925b4d0f3d20ec37c78232d6c64e809ff426e1d8b79678d7241872,unreviewed,
train/leaf_scald/leaf_scald (136).jpg,masks/validation/leaf_scald/leaf_scald (136).jpg.png,validation,leaf_scald,09f02979d311c03123f43ffd015ed0414feebd540f464401114b2c7e5490a926,unreviewed,
train/leaf_scald/leaf_scald (139).jpg,masks/validation/leaf_scald/leaf_scald (139).jpg.png,validation,leaf_scald,73d99b306c6e8dade9cbaeced32abb9562d6b00cadf3c9b562ef9368eb2218c5,unreviewed,
train/leaf_scald/leaf_scald (142).jpg,masks/validation/leaf_scald/leaf_scald (142).jpg.png,validation,leaf_scald,1077bc154541ea3995294535c3c8714ce65ba3251fcac04d23a760a7a9e1ac00,unreviewed,
train/leaf_scald/leaf_scald (145).jpg,masks/validation/leaf_scald/leaf_scald (145).jpg.png,validation,leaf_scald,2449f8baeb0c6d329ce41c46a0d51cdf1bcbf51ee583ec3fe86f46facfa66ad7,unreviewed,
train/leaf_scald/leaf_scald (149).jpg,masks/validation/leaf_scald/leaf_scald (149).jpg.png,validation,leaf_scald,cb8abe53867d8c5e568cff7b11effb9c2ea3175b7b084989df58b7bff0c963d9,unreviewed,
train/leaf_scald/leaf_scald (167).jpg,masks/validation/leaf_scald/leaf_scald (167).jpg.png,validation,leaf_scald,466012342e33c4c72d8369bdc2fe836493a5a95ea71105418343f601be6f5b06,unreviewed,
train/leaf_scald/leaf_scald (176).jpg,masks/validation/leaf_scald/leaf_scald (176).jpg.png,validation,leaf_scald,fe99419bbbacdac8db144079d085a5c622f25cdbb04f27c434b8c16734c7e19f,unreviewed,
train/leaf_scald/leaf_scald (18).jpg,masks/validation/leaf_scald/leaf_scald (18).jpg.png,validation,leaf_scald,4dd8256be19340d45d23c85d251adb859eb91d2898d544e0ff7f98661b7301ba,unreviewed,
train/leaf_scald/leaf_scald (180).jpg,masks/validation/leaf_scald/leaf_scald (180).jpg.png,validation,leaf_scald,704a87d8067f5036992efb7b6340d23d18119c5d6589f708b08520ea87dbcef3,unreviewed,
train/leaf_scald/leaf_scald (185).jpg,masks/validation/leaf_scald/leaf_scald (185).jpg.png,validation,leaf_scald,b21f3c78004f975c461e4ccd744c7a00a1280c990dc4e8f544a716da020f0dca,unreviewed,
train/leaf_scald/leaf_scald (192).jpg,masks/validation/leaf_scald/leaf_scald (192).jpg.png,validation,leaf_scald,2ba58977f7db0a2f14b68ca587a178995e986989712db4c49f110233214e0bcb,unreviewed,
train/leaf_scald/leaf_scald (20).jpg,masks/validation/leaf_scald/leaf_scald (20).jpg.png,validation,leaf_scald,a998d8f5829878ba0941d1a87404eaa72295c89d899cc2aa7eb81b50b1c92f7d,unreviewed,
train/leaf_scald/leaf_scald (205).jpg,masks/validation/leaf_scald/leaf_scald (205).jpg.png,validation,leaf_scald,a03d06f245644e03aaea6ab9c871695cee3201eb408e327ad1324a4339dc77cc,unreviewed,
train/leaf_scald/leaf_scald (210).jpg,masks/validation/leaf_scald/leaf_scald (210).jpg.png,validation,leaf_scald,f8e826c29ca7b5ea5a0aadc0c92cda56e40c7fcbfc1aa85c0ab4b05c96e43d67,unreviewed,
train/leaf_scald/leaf_scald (222).jpg,masks/validation/leaf_scald/leaf_scald (222).jpg.png,validation,leaf_scald,93f65f99009fca281f67ac186ee247511d0f7ed5412886db9061af93e3a42d4e,unreviewed,
train/leaf_scald/leaf_scald (235).jpg,masks/validation/leaf_scald/leaf_scald (235).jpg.png,validation,leaf_scald,bf923d92008906fcec593dda360026d7e76e6b9029153bd626761be32a598091,unreviewed,
train/leaf_scald/leaf_scald (259).jpg,masks/validation/leaf_scald/leaf_scald (259).jpg.png,validation,leaf_scald,f8b666d44f01d456bfed226dc292995595cdd31a0e21230fd1e86d6337691295,unreviewed,
train/leaf_scald/leaf_scald (260).jpg,masks/validation/leaf_scald/leaf_scald (260).jpg.png,validation,leaf_scald,398e19fce546b11503e715fdc5c39be86050f5c31dee6e73dd01eb3cfed64c62,unreviewed,
train/leaf_scald/leaf_scald (271).jpg,masks/validation/leaf_scald/leaf_scald (271).jpg.png,validation,leaf_scald,a9882f734df499e401064beef25e54bd54819bcfc0bd37cd48b2c86cc2ac0a39,unreviewed,
train/leaf_scald/leaf_scald (273).jpg,masks/validation/leaf_scald/leaf_scald (273).jpg.png,validation,leaf_scald,aa3db045a54909f828f8539d608fc9b90cc146464c3857bbd47fd600a930bf42,unreviewed,
train/leaf_scald/leaf_scald (274).jpg,masks/validation/leaf_scald/leaf_scald (274).jpg.png,validation,leaf_scald,4ff4d615064f6d5b9cf09148b8ec36b17d612fee57f087d8fb0a25df3f83e678,unreviewed,
train/leaf_scald/leaf_scald (284).jpg,masks/validation/leaf_scald/leaf_scald (284).jpg.png,validation,leaf_scald,54cc1e64999636175053679ecde2487c14c6727613f5b868fa4f136f84160b45,unreviewed,
train/leaf_scald/leaf_scald (286).jpg,masks/validation/leaf_scald/leaf_scald (286).jpg.png,validation,leaf_scald,8dd6e397c5575174103faf803bdd498c8f264841c6495bf078b2240df90e2345,unreviewed,
train/leaf_scald/leaf_scald (287).jpg,masks/validation/leaf_scald/leaf_scald (287).jpg.png,validation,leaf_scald,867456c21cc981a634b23ab7a14cb0b0cf75a3f27452b5cd8036dc505f928d55,unreviewed,
train/leaf_scald/leaf_scald (294).jpg,masks/validation/leaf_scald/leaf_scald (294).jpg.png,validation,leaf_scald,f0c90e3b57408c99659040784e8e51a1eb3818c868277d300bbc2a5541bfbc8e,unreviewed,
train/leaf_scald/leaf_scald (295).jpg,masks/validation/leaf_scald/leaf_scald (295).jpg.png,validation,leaf_scald,4ad048f5e35efe1e510d5f3aabf7f065c483782294b221d484315b212e5d0514,unreviewed,
train/leaf_scald/leaf_scald (307).jpg,masks/validation/leaf_scald/leaf_scald (307).jpg.png,validation,leaf_scald,e1811e4540d75847d60c383c38a95d637081d48c4aea5f1ea7eb5a5b335009ee,unreviewed,
train/leaf_scald/leaf_scald (309).jpg,masks/validation/leaf_scald/leaf_scald (309).jpg.png,validation,leaf_scald,944cf0c1ce8bb35c0463ac6b1779306ca2abe17b15928ae52010948029fd0a5f,unreviewed,
train/leaf_scald/leaf_scald (326).jpg,masks/validation/leaf_scald/leaf_scald (326).jpg.png,validation,leaf_scald,970958b70f3885cc812b8d02e24a165f3757bd09763d991b22b5c66e41bab241,unreviewed,
train/leaf_scald/leaf_scald (344).jpg,masks/validation/leaf_scald/leaf_scald (344).jpg.png,validation,leaf_scald,6447d4ec2f98af34168f8dce9d181e74102b57b4ee7cbc3446746b475b730730,unreviewed,
train/leaf_scald/leaf_scald (346).jpg,masks/validation/leaf_scald/leaf_scald (346).jpg.png,validation,leaf_scald,a7a6fd3ec0338f05abb7bddf145be3e8803d4c6230b2d923411a534088088fe0,unreviewed,
train/leaf_scald/leaf_scald (37).jpg,masks/validation/leaf_scald/leaf_scald (37).jpg.png,validation,leaf_scald,ed452ea15a7ea9aeac8c708ef8c3f047adfcbc3bcbb8861f59e138870f9e78de,unreviewed,
train/leaf_scald/leaf_scald (4).jpg,masks/validation/leaf_scald/leaf_scald (4).jpg.png,validation,leaf_scald,d2bb9631f89626a73fc1d422f08f10d406fbcbbeff77f07c316c941d11bbc79a,unreviewed,
train/leaf_scald/leaf_scald (50).jpg,masks/validation/leaf_scald/leaf_scald (50).jpg.png,validation,leaf_scald,364c881c8bd5bf1092e1877063f007f2a53319f5709a9e90b7c99344bb84a496,unreviewed,
train/leaf_scald/leaf_scald (52).jpg,masks/validation/leaf_scald/leaf_scald (52).jpg.png,validation,leaf_scald,8738db1e65014daeb1d0fcba3f89a15ab8bc606041510d0d45563b59b4a62eeb,unreviewed,
train/leaf_scald/leaf_scald (56).jpg,masks/validation/leaf_scald/leaf_scald (56).jpg.png,validation,leaf_scald,cdd131d81ac32e8ee94a5a1a9a4777231669936e52eec634901c361ad234b8bc,unreviewed,
train/leaf_scald/leaf_scald (58).jpg,masks/validation/leaf_scald/leaf_scald (58).jpg.png,validation,leaf_scald,d0828dc41028d95daf9d7864a1b9708af56bf75c3d1c3545f32441546e87e41f,unreviewed,
train/leaf_scald/leaf_scald (59).jpg,masks/validation/leaf_scald/leaf_scald (59).jpg.png,validation,leaf_scald,24536a5008377ddb7603f61782e5c050e849390dad60e7e6f10df371feba9735,unreviewed,
train/leaf_scald/leaf_scald (68).jpg,masks/validation/leaf_scald/leaf_scald (68).jpg.png,validation,leaf_scald,b6321b0c0a2766f83ec270cca888b30410adb4c88c8d311e3cfe2f38b1e150a3,unreviewed,
train/leaf_scald/leaf_scald (70).jpg,masks/validation/leaf_scald/leaf_scald (70).jpg.png,validation,leaf_scald,7f79a4cec52e0a68d74da2155201d8e5487f26306b979590df8efb7cae19808d,unreviewed,
train/leaf_scald/leaf_scald (73).jpg,masks/validation/leaf_scald/leaf_scald (73).jpg.png,validation,leaf_scald,36a91fd3a2c043b1151b529e29e263ff80278b66cce940005e04cf66a2f1d4cf,unreviewed,
train/leaf_scald/leaf_scald (79).jpg,masks/validation/leaf_scald/leaf_scald (79).jpg.png,validation,leaf_scald,f02d2c3a8a85051d5c90dde5d86ea59989094dcce8b90cc1b9a1e548d09bf101,unreviewed,
train/leaf_scald/leaf_scald (80).jpg,masks/validation/leaf_scald/leaf_scald (80).jpg.png,validation,leaf_scald,978df4335cf66051848992a0f6a69de563bb97df73a0fca31559186e2a3ef338,unreviewed,
train/leaf_scald/leaf_scald (81).jpg,masks/validation/leaf_scald/leaf_scald (81).jpg.png,validation,leaf_scald,664ea15610d0ceff694b27d9d37f04846bd9600c5f4798f3f57df74887022064,unreviewed,
train/leaf_scald/leaf_scald (98).jpg,masks/validation/leaf_scald/leaf_scald (98).jpg.png,validation,leaf_scald,1f7b1e30da7b41abc6376d19fe6d24df2fe03ad57cbdbc8f2085f57ffcc695cd,unreviewed,
train/narrow_brown_spot/narrow_brown (10).jpg,masks/validation/narrow_brown_spot/narrow_brown (10).jpg.png,validation,narrow_brown_spot,00ac658b66a194de379c7bb41538af21167947b99b8c2693c9d9a2222fa4ede6,unreviewed,
train/narrow_brown_spot/narrow_brown (102).jpg,masks/validation/narrow_brown_spot/narrow_brown (102).jpg.png,validation,narrow_brown_spot,b90fc185140eb9a50e356de235c620d75b9c6e76aaf69d9229ab3eecfeb91918,unreviewed,
train/narrow_brown_spot/narrow_brown (106).jpg,masks/validation/narrow_brown_spot/narrow_brown (106).jpg.png,validation,narrow_brown_spot,50d9d824412bc3c877bb0817690a10f51e239086995a2c83e3501faaa38c93a3,unreviewed,
train/narrow_brown_spot/narrow_brown (111).jpg,masks/validation/narrow_brown_spot/narrow_brown (111).jpg.png,validation,narrow_brown_spot,365ff8d3465393796e6cf34051a6d9dbdb2593cc49bcf94430e8b5243c251ad3,unreviewed,
train/narrow_brown_spot/narrow_brown (124).jpg,masks/validation/narrow_brown_spot/narrow_brown (124).jpg.png,validation,narrow_brown_spot,0e97baa0add0ad0f3b453959ef99fdc2632eda77a51de5f3fabac87434f5ce11,unreviewed,
train/narrow_brown_spot/narrow_brown (139).jpg,masks/validation/narrow_brown_spot/narrow_brown (139).jpg.png,validation,narrow_brown_spot,2da71819b8fe531ed2f874f62bead6f372c38bd5321908223f39e9e8b293e8ec,unreviewed,
train/narrow_brown_spot/narrow_brown (141).jpg,masks/validation/narrow_brown_spot/narrow_brown (141).jpg.png,validation,narrow_brown_spot,d1489258f20551a624b28788904774d12e25c5267ca0d0de7384d231d456e595,unreviewed,
train/narrow_brown_spot/narrow_brown (145).jpg,masks/validation/narrow_brown_spot/narrow_brown (145).jpg.png,validation,narrow_brown_spot,2efbf45afb72707afeaa7381d9c8fea7453b525ffef54d8cc936e0b76c28751d,unreviewed,
train/narrow_brown_spot/narrow_brown (157).jpg,masks/validation/narrow_brown_spot/narrow_brown (157).jpg.png,validation,narrow_brown_spot,ffbf7ace833cbd469d5705acf434760301e44087a8509d4afb21e25bd4cb03be,unreviewed,
train/narrow_brown_spot/narrow_brown (158).jpg,masks/validation/narrow_brown_spot/narrow_brown (158).jpg.png,validation,narrow_brown_spot,f624239b15bfc5a0748217f2689dceaaa0ec2d79873fe09467901dbcf0b1b6d3,unreviewed,
train/narrow_brown_spot/narrow_brown (161).jpg,masks/validation/narrow_brown_spot/narrow_brown (161).jpg.png,validation,narrow_brown_spot,869f99ad9a826ee066401bff2c0f6db6d8a7d186501bc314bbe8cdaa3654c91e,unreviewed,
train/narrow_brown_spot/narrow_brown (164).jpg,masks/validation/narrow_brown_spot/narrow_brown (164).jpg.png,validation,narrow_brown_spot,a4595d5703abde99dc8c98dad00e35edf89dabd8b667b43943a6b9b65594bfc1,unreviewed,
train/narrow_brown_spot/narrow_brown (165).jpg,masks/validation/narrow_brown_spot/narrow_brown (165).jpg.png,validation,narrow_brown_spot,168638f253b7db7042b0e835affbb117b8c350e024e8239301fe668b64910c9c,unreviewed,
train/narrow_brown_spot/narrow_brown (18).jpg,masks/validation/narrow_brown_spot/narrow_brown (18).jpg.png,validation,narrow_brown_spot,3d069e84a8f43ef479aee3629903a121f7cf780f492d8c5997825a97b5b4fe87,unreviewed,
train/narrow_brown_spot/narrow_brown (188).jpg,masks/validation/narrow_brown_spot/narrow_brown (188).jpg.png,validation,narrow_brown_spot,044ca80adde45cbfd371b1d94e7530dd962b730d21262441490b977e866ff098,unreviewed,
train/narrow_brown_spot/narrow_brown (192).jpg,masks/validation/narrow_brown_spot/narrow_brown (192).jpg.png,validation,narrow_brown_spot,266fb0fb23beea9c73b5e59764747cda0dcc56fcaf46839f515f65446f3f2f32,unreviewed,
train/narrow_brown_spot/narrow_brown (196).jpg,masks/validation/narrow_brown_spot/narrow_brown (196).jpg.png,validation,narrow_brown_spot,c5372e19623ba5a31b56ad548598d432987d11a1e19d1a0e8621473f3c3aa039,unreviewed,
train/narrow_brown_spot/narrow_brown (199).jpg,masks/validation/narrow_brown_spot/narrow_brown (199).jpg.png,validation,narrow_brown_spot,74d652b8ccd67a0ae5728e65c8cbc5c40561f19611064b7792bd0f7e8b53e03c,unreviewed,
train/narrow_brown_spot/narrow_brown (201).jpg,masks/validation/narrow_brown_spot/narrow_brown (201).jpg.png,validation,narrow_brown_spot,be302bdfcef8da96e0b0f1ff5e0595aa0d2570bb0a53b72d7d91bff1d90e9283,unreviewed,
train/narrow_brown_spot/narrow_brown (205).jpg,masks/validation/narrow_brown_spot/narrow_brown (205).jpg.png,validation,narrow_brown_spot,1bdc8667afc06c302bbce45faf5b8fe8186147a23e7daa724fbf9984b79a49e5,unreviewed,
train/narrow_brown_spot/narrow_brown (209).jpg,masks/validation/narrow_brown_spot/narrow_brown (209).jpg.png,validation,narrow_brown_spot,943d468c886eb4e29b18edd0e6dd75a5eaa760a56dc48c3358bd3538e69d582a,unreviewed,
train/narrow_brown_spot/narrow_brown (21).jpg,masks/validation/narrow_brown_spot/narrow_brown (21).jpg.png,validation,narrow_brown_spot,17200f9605a3a6d0909ccec96e1e9bfdd4b10b86dd7c184bc08928e07efb620e,unreviewed,
train/narrow_brown_spot/narrow_brown (223).jpg,masks/validation/narrow_brown_spot/narrow_brown (223).jpg.png,validation,narrow_brown_spot,7e98edaa6a7f45efdf31b14f3da21750fb84b3e13b6616ec8816705161f5054e,unreviewed,
train/narrow_brown_spot/narrow_brown (230).jpg,masks/validation/narrow_brown_spot/narrow_brown (230).jpg.png,validation,narrow_brown_spot,360e87930abc2c5054f36587608132ea0c5d031de10eaade2cef608071a82088,unreviewed,
train/narrow_brown_spot/narrow_brown (232).jpg,masks/validation/narrow_brown_spot/narrow_brown (232).jpg.png,validation,narrow_brown_spot,a33a33e3c6c773f70448b4f92a6b48ab4ad808ac4d0be40e57e95038e680882e,unreviewed,
train/narrow_brown_spot/narrow_brown (238).jpg,masks/validation/narrow_brown_spot/narrow_brown (238).jpg.png,validation,narrow_brown_spot,baab0795ed608c3c90b53560e84d9d3801c6521ed9172198809ced9c1998513d,unreviewed,
train/narrow_brown_spot/narrow_brown (244).jpg,masks/validation/narrow_brown_spot/narrow_brown (244).jpg.png,validation,narrow_brown_spot,8b1e93f230936672143e0210d46f65a2cdfdac8fc20420fa365e080dd28bd1d4,unreviewed,
train/narrow_brown_spot/narrow_brown (245).jpg,masks/validation/narrow_brown_spot/narrow_brown (245).jpg.png,validation,narrow_brown_spot,81af18f75431e1d321970ed7ee86821e62ccb52325a94de10f2bcea3ac011e49,unreviewed,
train/narrow_brown_spot/narrow_brown (261).jpg,masks/validation/narrow_brown_spot/narrow_brown (261).jpg.png,validation,narrow_brown_spot,29169ba0595bba67a139b7f8e30d89dca3cba436b21f95e57f68b53d19ffff98,unreviewed,
train/narrow_brown_spot/narrow_brown (264).jpg,masks/validation/narrow_brown_spot/narrow_brown (264).jpg.png,validation,narrow_brown_spot,71bb67446dc4ace9cf9bb5c0e0e5d6e7c3c8078a586000f3229e07b57b48fa29,unreviewed,
train/narrow_brown_spot/narrow_brown (268).jpg,masks/validation/narrow_brown_spot/narrow_brown (268).jpg.png,validation,narrow_brown_spot,1378f4eb8cc797fc322b49f1cc772cf91d568544a6a84912aac5850919b281a9,unreviewed,
train/narrow_brown_spot/narrow_brown (270).jpg,masks/validation/narrow_brown_spot/narrow_brown (270).jpg.png,validation,narrow_brown_spot,b58cc171d23d62dc8d52d483021392cf92f71efe1f68c7c413ce3dca46f82e80,unreviewed,
train/narrow_brown_spot/narrow_brown (271).jpg,masks/validation/narrow_brown_spot/narrow_brown (271).jpg.png,validation,narrow_brown_spot,e769a9aaa5ff7a3aacf3c8d749336882f32e31d9d28f369ed8c5e8d38c7555f1,unreviewed,
train/narrow_brown_spot/narrow_brown (278).jpg,masks/validation/narrow_brown_spot/narrow_brown (278).jpg.png,validation,narrow_brown_spot,fff551459170a4b6e1ed66a8c3ac73b1223613af5e7e63ae44b39274d6278be2,unreviewed,
train/narrow_brown_spot/narrow_brown (288).jpg,masks/validation/narrow_brown_spot/narrow_brown (288).jpg.png,validation,narrow_brown_spot,b8e3af178101ff3eac7ae05f15d921b5bebe2f09f6deea12a60aaf4159517469,unreviewed,
train/narrow_brown_spot/narrow_brown (293).jpg,masks/validation/narrow_brown_spot/narrow_brown (293).jpg.png,validation,narrow_brown_spot,e4bbd4f896d47aa9375fadaa06d039bb73d77234cdcb45c6171e653d1bfe42cd,unreviewed,
train/narrow_brown_spot/narrow_brown (304).jpg,masks/validation/narrow_brown_spot/narrow_brown (304).jpg.png,validation,narrow_brown_spot,086e070d5ce096559d384d0e6e9c23470c2970a2e3c60f3d7e78542b739d90ba,unreviewed,
train/narrow_brown_spot/narrow_brown (31).jpg,masks/validation/narrow_brown_spot/narrow_brown (31).jpg.png,validation,narrow_brown_spot,8f48c2bda3893fd5b4edcc2fd41dc2c75d9f56521e807d98a7fddba244b15554,unreviewed,
train/narrow_brown_spot/narrow_brown (316).jpg,masks/validation/narrow_brown_spot/narrow_brown (316).jpg.png,validation,narrow_brown_spot,dabecca22aaa66b936e9424cb9736c008e1c63ddd693ccb880c96acc89a64bac,unreviewed,
train/narrow_brown_spot/narrow_brown (324).jpg,masks/validation/narrow_brown_spot/narrow_brown (324).jpg.png,validation,narrow_brown_spot,4d3283ab7461bc594c5bb77440ff7f66bec448fd44fd8853ea9bb2388990b6ca,unreviewed,
train/narrow_brown_spot/narrow_brown (325).jpg,masks/validation/narrow_brown_spot/narrow_brown (325).jpg.png,validation,narrow_brown_spot,5654d7fa2a55c8c9924a2a081ccd8fcf9d94da21666143f348e5a3f4787b3bbb,unreviewed,
train/narrow_brown_spot/narrow_brown (326).jpg,masks/validation/narrow_brown_spot/narrow_brown (326).jpg.png,validation,narrow_brown_spot,13d54f15c943c8fa9ab95f4af4f7cc45570165bb4280fca7c25767b6a8a8d50a,unreviewed,
train/narrow_brown_spot/narrow_brown (343).jpg,masks/validation/narrow_brown_spot/narrow_brown (343).jpg.png,validation,narrow_brown_spot,0b2e12975b88a0f9a32ab77d8132056578de276eb3d30edb20eb6e911ae66558,unreviewed,
train/narrow_brown_spot/narrow_brown (346).jpg,masks/validation/narrow_brown_spot/narrow_brown (346).jpg.png,validation,narrow_brown_spot,dfc72ed8fbd9b41bf364f3c0af450d0096b4115a32f572696f9040963caba2a9,unreviewed,
train/narrow_brown_spot/narrow_brown (350).jpg,masks/validation/narrow_brown_spot/narrow_brown (350).jpg.png,validation,narrow_brown_spot,9adaa5ec9b5fa41af9349da9b393ef2800daed2ddfa2453963b6a8a5570bb38c,unreviewed,
train/narrow_brown_spot/narrow_brown (45).jpg,masks/validation/narrow_brown_spot/narrow_brown (45).jpg.png,validation,narrow_brown_spot,f28c317b796dc4c4b716969b29b8e9d0e9fbd16012c30aad641a268f4fe2626c,unreviewed,
train/narrow_brown_spot/narrow_brown (52).jpg,masks/validation/narrow_brown_spot/narrow_brown (52).jpg.png,validation,narrow_brown_spot,31165c1bb7410cf24e4ed9812823e4a4657061d93f8639148f0fed082994d8bb,unreviewed,
train/narrow_brown_spot/narrow_brown (58).jpg,masks/validation/narrow_brown_spot/narrow_brown (58).jpg.png,validation,narrow_brown_spot,2b11c09f047c1085fe962e8bda32072ae66420fc0dd6e8398b706145ff7c2d01,unreviewed,
train/narrow_brown_spot/narrow_brown (60).jpg,masks/validation/narrow_brown_spot/narrow_brown (60).jpg.png,validation,narrow_brown_spot,e35a496951f7baba653c0b5d579b3b7075b1739f6084d40bce6686f22b589fa0,unreviewed,
train/narrow_brown_spot/narrow_brown (65).jpg,masks/validation/narrow_brown_spot/narrow_brown (65).jpg.png,validation,narrow_brown_spot,a52f757b72c764d249fdfeaab9f204792ee43a4fa06d7c1c81711566a7a9932e,unreviewed,
train/narrow_brown_spot/narrow_brown (7).jpg,masks/validation/narrow_brown_spot/narrow_brown (7).jpg.png,validation,narrow_brown_spot,335d97cce1bdab0b7cd4a18c8139b236d7566925796276d78c41c7fc00464692,unreviewed,
train/narrow_brown_spot/narrow_brown (79).jpg,masks/validation/narrow_brown_spot/narrow_brown (79).jpg.png,validation,narrow_brown_spot,f5b5be3b0111916eef0f075cdd3de0e91a321dfc3f7862487a792fee19c5d9b0,unreviewed,
train/narrow_brown_spot/narrow_brown (95).jpg,masks/validation/narrow_brown_spot/narrow_brown (95).jpg.png,validation,narrow_brown_spot,9676de04f2ec91f7199fa738350db3322a2e9339267b5c90fc87c050ba1932ca,unreviewed,
test/bacterial_leaf_blight/bacterial_leaf_blight (10).JPG,masks/test/bacterial_leaf_blight/bacterial_leaf_blight (10).JPG.png,test,bacterial_leaf_blight,e0e0b2e41751cefd6e435a4b53bec4de4a1ab777ea45be668e0cdea83de80038,unreviewed,
test/bacterial_leaf_blight/bacterial_leaf_blight (115).JPG,masks/test/bacterial_leaf_blight/bacterial_leaf_blight (115).JPG.png,test,bacterial_leaf_blight,1903483483f471cb9517d2d338b85bd7c1b54e70ea7c8e4ef337b5a320207c79,unreviewed,
test/bacterial_leaf_blight/bacterial_leaf_blight (125).jpg,masks/test/bacterial_leaf_blight/bacterial_leaf_blight (125).jpg.png,test,bacterial_leaf_blight,4740e55d2a8b46b35ec5bed6e8e84b8125f15e68368481870b2789e1029a6d11,unreviewed,
test/bacterial_leaf_blight/bacterial_leaf_blight (129).JPG,masks/test/bacterial_leaf_blight/bacterial_leaf_blight (129).JPG.png,test,bacterial_leaf_blight,751e8ac10ddb45f6d0e2b23cbe270213ec6b227d522deb19f5d3732095477572,unreviewed,
test/bacterial_leaf_blight/bacterial_leaf_blight (133).JPG,masks/test/bacterial_leaf_blight/bacterial_leaf_blight (133).JPG.png,test,bacterial_leaf_blight,c9aec5deffd03aa7f2cc30423e62e4a44d3aaa06561ee322aede1aca19b22333,unreviewed,
test/bacterial_leaf_blight/bacterial_leaf_blight (134).JPG,masks/test/bacterial_leaf_blight/bacterial_leaf_blight (134).JPG.png,test,bacterial_leaf_blight,8ed26c354b55071f8281f12f3c1ee70f2708ad2362517f351cd414163bf6bfd1,unreviewed,
test/bacterial_leaf_blight/bacterial_leaf_blight (136).jpg,masks/test/bacterial_leaf_blight/bacterial_leaf_blight (136).jpg.png,test,bacterial_leaf_blight,38133103d21980f75ea815da063b3be5137b75bd5c1e29cc6498157023aba93f,unreviewed,
test/bacterial_leaf_blight/bacterial_leaf_blight (137).JPG,masks/test/bacterial_leaf_blight/bacterial_leaf_blight (137).JPG.png,test,bacterial_leaf_blight,870dcaec31d211dfa08aca0f58278358a969960dba3641baaf95d2ff658de471,unreviewed,
test/bacterial_leaf_blight/bacterial_leaf_blight (142).JPG,masks/test/bacterial_leaf_blight/bacterial_leaf_blight (142).JPG.png,test,bacterial_leaf_blight,ab0b7356be14c96b720edfa199fa6cee6a15cb4b156062a138ec1a3ea8bd6889,unreviewed,
test/bacterial_leaf_blight/bacterial_leaf_blight (147).JPG,masks/test/bacterial_leaf_blight/bacterial_leaf_blight (147).JPG.png,test,bacterial_leaf_blight,3e1acb581d785a0c6314c9cf4e1b9035c5300744af41f601250475a3f9a4c0ec,unreviewed,
test/bacterial_leaf_blight/bacterial_leaf_blight (153).JPG,masks/test/bacterial_leaf_blight/bacterial_leaf_blight (153).JPG.png,test,bacterial_leaf_blight,b39236d168ddc10cc1c76fb4a4679939709c05831b090f6716ffc6fc2b6f98cd,unreviewed,
test/bacterial_leaf_blight/bacterial_leaf_blight (155).jpg,masks/test/bacterial_leaf_blight/bacterial_leaf_blight (155).jpg.png,test,bacterial_leaf_blight,77d8aa6df7b21ab936538c35b57b78f359eb5e6501b4b309ef04b80050a5e5f0,unreviewed,
test/bacterial_leaf_blight/bacterial_leaf_blight (157).jpg,masks/test/bacterial_leaf_blight/bacterial_leaf_blight (157).jpg.png,test,bacterial_leaf_blight,f37d919ed9517dfdfb42aabf5b83ff5ff1c58b6c7acd3008c07b70d8cd509033,unreviewed,
test/bacterial_leaf_blight/bacterial_leaf_blight (176).JPG,masks/test/bacterial_leaf_blight/bacterial_leaf_blight (176).JPG.png,test,bacterial_leaf_blight,a5c54852f47d74d77de9e0cf095473f1f0c5936dcf22b79c0d788e273bd77491,unreviewed,
test/bacterial_leaf_blight/bacterial_leaf_blight (177).JPG,masks/test/bacterial_leaf_blight/bacterial_leaf_blight (177).JPG.png,test,bacterial_leaf_blight,2795aae2d650685268d5a37e567de41d7f36942d18c63ce1125aa4d4e6b9b64b,unreviewed,
test/bacterial_leaf_blight/bacterial_leaf_blight (178).JPG,masks/test/bacterial_leaf_blight/bacterial_leaf_blight (178).JPG.png,test,bacterial_leaf_blight,79f08a2bb0972a1b21233702449ba4c567e3a31538525150c8f147e73be72ca5,unreviewed,
test/bacterial_leaf_blight/bacterial_leaf_blight (180).JPG,masks/test/bacterial_leaf_blight/bacterial_leaf_blight (180).JPG.png,test,bacterial_leaf_blight,18025a84f84fe6c8c9bc62533048b235bff42df76fad517ba751202c7b681c08,unreviewed,
test/bacterial_leaf_blight/bacterial_leaf_blight (181).JPG,masks/test/bacterial_leaf_blight/bacterial_leaf_blight (181).JPG.png,test,bacterial_leaf_blight,1e5433c80385f1ffaa8537d286498307751b882fa2d2e313e6f012dcaec06907,unreviewed,
test/bacterial_leaf_blight/bacterial_leaf_blight (182).jpg,masks/test/bacterial_leaf_blight/bacterial_leaf_blight (182).jpg.png,test,bacterial_leaf_blight,f14c1dae47842390383478a97191d2605a05c6224ecc65c83083db748ab0486b,unreviewed,
test/bacterial_leaf_blight/bacterial_leaf_blight (190).JPG,masks/test/bacterial_leaf_blight/bacterial_leaf_blight (190).JPG.png,test,bacterial_leaf_blight,15bb1d6eae3bd9bf9088863f48b9dc37a065d3f7d0a14c7baf000d89d02dd97c,unreviewed,
test/bacterial_leaf_blight/bacterial_leaf_blight (193).jpg,masks/test/bacterial_leaf_blight/bacterial_leaf_blight (193).jpg.png,test,bacterial_leaf_blight,00e712135c8b2773f95862fb0f6e0f18ea958e982117f1b097e1c3a589c1337c,unreviewed,
test/bacterial_leaf_blight/bacterial_leaf_blight (194).JPG,masks/test/bacterial_leaf_blight/bacterial_leaf_blight (194).JPG.png,test,bacterial_leaf_blight,4237f7bf41666b79832745fcf5b48939c9a4128e04ea6610871fca438b05c1fc,unreviewed,
test/bacterial_leaf_blight/bacterial_leaf_blight (204).JPG,masks/test/bacterial_leaf_blight/bacterial_leaf_blight (204).JPG.png,test,bacterial_leaf_blight,2579e3bbe9c051d7acec553de35beeb808a2183bfbb3614d7b0d132722f132ef,unreviewed,
test/bacterial_leaf_blight/bacterial_leaf_blight (210).jpg,masks/test/bacterial_leaf_blight/bacterial_leaf_blight (210).jpg.png,test,bacterial_leaf_blight,f0ee20bb42871c9e7f287d9204cf7e17db064e0dc961fe15c6185ed86b94027d,unreviewed,
test/bacterial_leaf_blight/bacterial_leaf_blight (216).JPG,masks/test/bacterial_leaf_blight/bacterial_leaf_blight (216).JPG.png,test,bacterial_leaf_blight,f30d551150f0f2c89984d55224c2f7238a571e4fdff9d0a8985b4225ebe6a6c9,unreviewed,
test/bacterial_leaf_blight/bacterial_leaf_blight (219).JPG,masks/test/bacterial_leaf_blight/bacterial_leaf_blight (219).JPG.png,test,bacterial_leaf_blight,48683a46c56385186d56892e411770017e964eaca9c8fc52415722b2b8d5092c,unreviewed,
test/bacterial_leaf_blight/bacterial_leaf_blight (223).jpg,masks/test/bacterial_leaf_blight/bacterial_leaf_blight (223).jpg.png,test,bacterial_leaf_blight,5842dbcaa28768b6626aa74373695d6500d181aa6da5661cfa8fe526e9482718,unreviewed,
test/bacterial_leaf_blight/bacterial_leaf_blight (224).jpg,masks/test/bacterial_leaf_blight/bacterial_leaf_blight (224).jpg.png,test,bacterial_leaf_blight,f77ab254643dec83eeedcc4134933ad7991e956ce608611698fa0af0868cad0b,unreviewed,
test/bacterial_leaf_blight/bacterial_leaf_blight (229).JPG,masks/test/bacterial_leaf_blight/bacterial_leaf_blight (229).JPG.png,test,bacterial_leaf_blight,14b771aaaee6b49a1b294c97a22b1f7de03c7dc2c352b40e19e8bcc97a95b707,unreviewed,
test/bacterial_leaf_blight/bacterial_leaf_blight (232).JPG,masks/test/bacterial_leaf_blight/bacterial_leaf_blight (232).JPG.png,test,bacterial_leaf_blight,88ca34b5a8d1cedf2ce8c70d64f718c4914d0489cd62fffc160d9b47a8ae6059,unreviewed,
test/bacterial_leaf_blight/bacterial_leaf_blight (236).JPG,masks/test/bacterial_leaf_blight/bacterial_leaf_blight (236).JPG.png,test,bacterial_leaf_blight,8faa8dc890fd2b4e56cf3d549303d9b80308d9e584c38ebfb2b6f5115f019c41,unreviewed,
test/bacterial_leaf_blight/bacterial_leaf_blight (239).JPG,masks/test/bacterial_leaf_blight/bacterial_leaf_blight (239).JPG.png,test,bacterial_leaf_blight,d5d00cec41e7eb4ee6b601528380c4bbc116a712f655f95e22f789403eadfb0a,unreviewed,
test/bacterial_leaf_blight/bacterial_leaf_blight (241).JPG,masks/test/bacterial_leaf_blight/bacterial_leaf_blight (241).JPG.png,test,bacterial_leaf_blight,4afb42309196f8b0f6f53bf76e7281bf18e60e89ad9a29ef657539ad80f6e70f,unreviewed,
test/bacterial_leaf_blight/bacterial_leaf_blight (243).JPG,masks/test/bacterial_leaf_blight/bacterial_leaf_blight (243).JPG.png,test,bacterial_leaf_blight,ccba435dd7fb9901e2c8c3223f8bf70d57047d47c69b05103921073fcc5ad1db,unreviewed,
test/bacterial_leaf_blight/bacterial_leaf_blight (246).JPG,masks/test/bacterial_leaf_blight/bacterial_leaf_blight (246).JPG.png,test,bacterial_leaf_blight,2c1ce6cdc3f471c2b84a9ece0d1850f2cfed24788f6a50c4bc6cb68e76369ca6,unreviewed,
test/bacterial_leaf_blight/bacterial_leaf_blight (247).JPG,masks/test/bacterial_leaf_blight/bacterial_leaf_blight (247).JPG.png,test,bacterial_leaf_blight,fb554ea9866d52fa343ac3b75901ab870a1cc25ee7573f15040fc61097e6d640,unreviewed,
test/bacterial_leaf_blight/bacterial_leaf_blight (248).JPG,masks/test/bacterial_leaf_blight/bacterial_leaf_blight (248).JPG.png,test,bacterial_leaf_blight,c4abfa1b5935077029801e90f7f0ec561b592aadffa03513ca89738b5279f617,unreviewed,
test/bacterial_leaf_blight/bacterial_leaf_blight (250).JPG,masks/test/bacterial_leaf_blight/bacterial_leaf_blight (250).JPG.png,test,bacterial_leaf_blight,59a1815fafcc5cd8c360453ff705bbc28aa516b65a18068519e091ae32970424,unreviewed,
test/bacterial_leaf_blight/bacterial_leaf_blight (258).JPG,masks/test/bacterial_leaf_blight/bacterial_leaf_blight (258).JPG.png,test,bacterial_leaf_blight,930ff0a7804f29a949deccfdb3a3937a5df3ce8a89cdcefa2a917853512ea486,unreviewed,
test/bacterial_leaf_blight/bacterial_leaf_blight (275).JPG,masks/test/bacterial_leaf_blight/bacterial_leaf_blight (275).JPG.png,test,bacterial_leaf_blight,65a895d6052f655369d89fc4394e6cf1ad9939fe4df944de0838bebd4034ccc6,unreviewed,
test/bacterial_leaf_blight/bacterial_leaf_blight (278).JPG,masks/test/bacterial_leaf_blight/bacterial_leaf_blight (278).JPG.png,test,bacterial_leaf_blight,126402b251556e2f2ceabbf6d925d1f5ecc3c85dc2ec011e4f19b173e934da65,unreviewed,
test/bacterial_leaf_blight/bacterial_leaf_blight (284).JPG,masks/test/bacterial_leaf_blight/bacterial_leaf_blight (284).JPG.png,test,bacterial_leaf_blight,827f23e679236fbbfb900016a07a87ce5eb4f5ec458beaae10b109b165b74f4c,unreviewed,
test/bacterial_leaf_blight/bacterial_leaf_blight (291).JPG,masks/test/bacterial_leaf_blight/bacterial_leaf_blight (291).JPG.png,test,bacterial_leaf_blight,1f9e7d16847323d992696ae3464759082839ab3b345ea4f2b343278241784902,unreviewed,
test/bacterial_leaf_blight/bacterial_leaf_blight (310).JPG,masks/test/bacterial_leaf_blight/bacterial_leaf_blight (310).JPG.png,test,bacterial_leaf_blight,27bf949ba719795ab9a8408c5f31c9011b4ccfc52247b1e803faa8a0aed9b460,unreviewed,
test/bacterial_leaf_blight/bacterial_leaf_blight (314).JPG,masks/test/bacterial_leaf_blight/bacterial_leaf_blight (314).JPG.png,test,bacterial_leaf_blight,78e1fd4a629f7a7fbfeee0f7d8d3d42224306de8bccb182fcf6d28195c984bf9,unreviewed,
test/bacterial_leaf_blight/bacterial_leaf_blight (319).JPG,masks/test/bacterial_leaf_blight/bacterial_leaf_blight (319).JPG.png,test,bacterial_leaf_blight,a92c27e411adf8c05569d458e16cf08f1d45e7902cc36cfab4641f04029dc796,unreviewed,
test/bacterial_leaf_blight/bacterial_leaf_blight (320).JPG,masks/test/bacterial_leaf_blight/bacterial_leaf_blight (320).JPG.png,test,bacterial_leaf_blight,1eadbd1700d72918699069c51fddf54bc1d91c52b19144cfd0071327b235a4e8,unreviewed,
test/bacterial_leaf_blight/bacterial_leaf_blight (323).JPG,masks/test/bacterial_leaf_blight/bacterial_leaf_blight (323).JPG.png,test,bacterial_leaf_blight,13e17712a71da5f6423b1534b549a4d78b80732be96a1e2af7aa5182128afa40,unreviewed,
test/bacterial_leaf_blight/bacterial_leaf_blight (327).JPG,masks/test/bacterial_leaf_blight/bacterial_leaf_blight (327).JPG.png,test,bacterial_leaf_blight,608c7ad8b3690fa745290372cdca7d70a9b0e4acba7ebf48c4871b8bbad75df5,unreviewed,
test/bacterial_leaf_blight/bacterial_leaf_blight (334).jpg,masks/test/bacterial_leaf_blight/bacterial_leaf_blight (334).jpg.png,test,bacterial_leaf_blight,0281ebbae69b28522d55919e4235af14bad502a96afc393277b08bf37bb2da7b,unreviewed,
test/bacterial_leaf_blight/bacterial_leaf_blight (335).JPG,masks/test/bacterial_leaf_blight/bacterial_leaf_blight (335).JPG.png,test,bacterial_leaf_blight,62cb664c9bd9f3bcc90d287b4e6054564bd077a752965d2dac459d702a401692,unreviewed,
test/bacterial_leaf_blight/bacterial_leaf_blight (37).JPG,masks/test/bacterial_leaf_blight/bacterial_leaf_blight (37).JPG.png,test,bacterial_leaf_blight,bbeee067d359a1b79bbf56b3c8f9515a2a17aaeb74fe1ecd944a959f065b1563,unreviewed,
test/bacterial_leaf_blight/bacterial_leaf_blight (42).JPG,masks/test/bacterial_leaf_blight/bacterial_leaf_blight (42).JPG.png,test,bacterial_leaf_blight,0895e1e6e46880173ea403e955f8fdf55d0f1f7ca39349cf5da98c2fe3773f0f,unreviewed,
test/bacterial_leaf_blight/bacterial_leaf_blight (47).JPG,masks/test/bacterial_leaf_blight/bacterial_leaf_blight (47).JPG.png,test,bacterial_leaf_blight,bc19f2d68eb4c27ecf0aab58c2c0ade920fcb8352d6b0c1462cad3cd1fe647f6,unreviewed,
test/bacterial_leaf_blight/bacterial_leaf_blight (49).JPG,masks/test/bacterial_leaf_blight/bacterial_leaf_blight (49).JPG.png,test,bacterial_leaf_blight,48c188b436944b453f23f2ae775c20cec5832bd1927da6b87c13c4fe7fd557e3,unreviewed,
test/bacterial_leaf_blight/bacterial_leaf_blight (5).jpg,masks/test/bacterial_leaf_blight/bacterial_leaf_blight (5).jpg.png,test,bacterial_leaf_blight,c0f21518f2e6395b2c1e2414708cd67840169459a91983607ee216f57185140c,unreviewed,
test/bacterial_leaf_blight/bacterial_leaf_blight (58).JPG,masks/test/bacterial_leaf_blight/bacterial_leaf_blight (58).JPG.png,test,bacterial_leaf_blight,6cb30c8938d8641b14eab2399f15bd71caad61536d2e2c91b9fffacff8b3bd43,unreviewed,
test/bacterial_leaf_blight/bacterial_leaf_blight (92).JPG,masks/test/bacterial_leaf_blight/bacterial_leaf_blight (92).JPG.png,test,bacterial_leaf_blight,80524755c3a79623fc6281282692bf965f828b356f029054e9e5b5970d5e4ef1,unreviewed,
test/bacterial_leaf_blight/bacterial_leaf_blight (96).JPG,masks/test/bacterial_leaf_blight/bacterial_leaf_blight (96).JPG.png,test,bacterial_leaf_blight,47bd64b5c8bc06a68a3fb6b7159e087e99b7032641fceff5ab659db27d18702b,unreviewed,
test/brown_spot/brown_spot (102).jpg,masks/test/brown_spot/brown_spot (102).jpg.png,test,brown_spot,f7a72d5db713d9d0c30097fd999e20ee6d7969697099aac3e3a5cda1eb84b0d4,unreviewed,
test/brown_spot/brown_spot (109).jpg,masks/test/brown_spot/brown_spot (109).jpg.png,test,brown_spot,610222587af8c780db949291d058907fd807c54c2cef2aa54718d24367a7290f,unreviewed,
test/brown_spot/brown_spot (11).jpg,masks/test/brown_spot/brown_spot (11).jpg.png,test,brown_spot,19d1d3c6e3c74ac84485b633f217671742250b301b30b07e96bdd6f4bd54ae2c,unreviewed,
test/brown_spot/brown_spot (113).jpg,masks/test/brown_spot/brown_spot (113).jpg.png,test,brown_spot,8b4a7c6ebb514e5fde353775a1ced99726887a31472021afaf2c96682b4ff312,unreviewed,
test/brown_spot/brown_spot (115).jpg,masks/test/brown_spot/brown_spot (115).jpg.png,test,brown_spot,dac3fd51af0185d62d484078bbbcae999b445c418aa6f59e023373d2b2a64d61,unreviewed,
test/brown_spot/brown_spot (118).jpg,masks/test/brown_spot/brown_spot (118).jpg.png,test,brown_spot,5c4e78669c94511ff72e8d410117c0f4ef7ea16f9e7e98a91f9bb0953a90599a,unreviewed,
test/brown_spot/brown_spot (124).jpg,masks/test/brown_spot/brown_spot (124).jpg.png,test,brown_spot,823733901c2b389e859df9d0a87d26d3ba0568347ec71c1f37d3c7ee515958e4,unreviewed,
test/brown_spot/brown_spot (13).jpg,masks/test/brown_spot/brown_spot (13).jpg.png,test,brown_spot,aeecfcbc2f949ba677b3a69963980d83f604790eed1fd14eede59bd3561302ab,unreviewed,
test/brown_spot/brown_spot (130).jpg,masks/test/brown_spot/brown_spot (130).jpg.png,test,brown_spot,eef9794f288bbc29c4973528578f1e64bc0bd44411d9e9837c101026dd06a948,unreviewed,
test/brown_spot/brown_spot (139).jpg,masks/test/brown_spot/brown_spot (139).jpg.png,test,brown_spot,d21f1524e86d244285c4d8b7b2235b2359da403eec9db03e2ca593332501be57,unreviewed,
test/brown_spot/brown_spot (146).jpg,masks/test/brown_spot/brown_spot (146).jpg.png,test,brown_spot,84f1ec9ec8fb72f4a732eea25f8ff1303d3b356b026eccbd3e1ec196f5e8ac2b,unreviewed,
test/brown_spot/brown_spot (153).jpg,masks/test/brown_spot/brown_spot (153).jpg.png,test,brown_spot,8b9df4a26b352b87f68fcf3d99f04897ace9f56d9db7109e993b6e4198d8d366,unreviewed,
test/brown_spot/brown_spot (160).jpg,masks/test/brown_spot/brown_spot (160).jpg.png,test,brown_spot,55c6ab70f481e597efa35e78bc19de0d40190eb9ee558124e687c5d408346a8b,unreviewed,
test/brown_spot/brown_spot (170).jpg,masks/test/brown_spot/brown_spot (170).jpg.png,test,brown_spot,a559c7204984ff77afa8ed4a8119d8003809d4fa93e5f7f04fe4af9c3d028e50,unreviewed,
test/brown_spot/brown_spot (171).jpg,masks/test/brown_spot/brown_spot (171).jpg.png,test,brown_spot,074abe47c3a0c8d171efba8252d1f4416b2fda23ec19707103885eba3e2bab40,unreviewed,
test/brown_spot/brown_spot (177).jpg,masks/test/brown_spot/brown_spot (177).jpg.png,test,brown_spot,82276dfee091cc0617a2a2f1d0b3029dca6c18df689e1dca8665618709c18dae,unreviewed,
test/brown_spot/brown_spot (182).jpg,masks/test/brown_spot/brown_spot (182).jpg.png,test,brown_spot,14ca4b5be74f014e3d6a5770f3a0138c22ec31d8cd868dcfbaa358d2a141e74f,unreviewed,
test/brown_spot/brown_spot (189).jpg,masks/test/brown_spot/brown_spot (189).jpg.png,test,brown_spot,7a229077add8642c72c4d01bfe381eb3fa3ab15c978f1ff5ca33d39784e6def7,unreviewed,
test/brown_spot/brown_spot (191).jpg,masks/test/brown_spot/brown_spot (191).jpg.png,test,brown_spot,17a59ce03d23a64f7acf2117e59059eb3e1f9457cf2af97694403e6b2cba0ee6,unreviewed,
test/brown_spot/brown_spot (192).jpg,masks/test/brown_spot/brown_spot (192).jpg.png,test,brown_spot,9ebbdd22560b07000d13be084e5ea34824aa807313dd704e025bad3731712c30,unreviewed,
test/brown_spot/brown_spot (196).jpg,masks/test/brown_spot/brown_spot (196).jpg.png,test,brown_spot,5b7245b490b41e69c31ab29ce2ed6be79a9337d043a8710b5d2bb85c3e1805ad,unreviewed,
test/brown_spot/brown_spot (198).jpg,masks/test/brown_spot/brown_spot (198).jpg.png,test,brown_spot,c31ae4452b5b583c790e55ac26d086144a8fbc3d60a7f810d837e374ff8832b5,unreviewed,
test/brown_spot/brown_spot (199).jpg,masks/test/brown_spot/brown_spot (199).jpg.png,test,brown_spot,981843eb41380cfff3aa0559b43270bb03aef528f40ad58fbc6bf6ed3cf4d69e,unreviewed,
test/brown_spot/brown_spot (20).jpg,masks/test/brown_spot/brown_spot (20).jpg.png,test,brown_spot,3de5608c7f67557b833e1972cee6d4910a8f2f5dd5bf498657237ababc12420d,unreviewed,
test/brown_spot/brown_spot (200).jpg,masks/test/brown_spot/brown_spot (200).jpg.png,test,brown_spot,0dd3fa6d71a6b20d953a466f75a29253985d3c1e6d95c5884f3b1a7f71a97a95,unreviewed,
test/brown_spot/brown_spot (207).jpg,masks/test/brown_spot/brown_spot (207).jpg.png,test,brown_spot,e0383d4f058f6308aede0007125384b68c5c4537026ffdb05d7a5cf4649c43db,unreviewed,
test/brown_spot/brown_spot (212).JPG,masks/test/brown_spot/brown_spot (212).JPG.png,test,brown_spot,6d948b0e0c783377a8ef6d8794df6b86f47a75a7767a64ae808a7b44859dc488,unreviewed,
test/brown_spot/brown_spot (224).JPG,masks/test/brown_spot/brown_spot (224).JPG.png,test,brown_spot,02ef8b3d35d358baa11e85e5726b5795afbb6e37c1e4e0dd12015b698f48cfd6,unreviewed,
test/brown_spot/brown_spot (225).JPG,masks/test/brown_spot/brown_spot (225).JPG.png,test,brown_spot,0ce738d16d17ca8a6c76d2b249bef70de4d0a86353a6e10f7ea8806401d1943a,unreviewed,
test/brown_spot/brown_spot (227).JPG,masks/test/brown_spot/brown_spot (227).JPG.png,test,brown_spot,a3bdb9e3270aabda82a0fe0d1a419083356edd12217714bfde75c730dc26cce9,unreviewed,
test/brown_spot/brown_spot (244).jpg,masks/test/brown_spot/brown_spot (244).jpg.png,test,brown_spot,4fc712f9ed57111f0906958c8744b3c337f4f66660c05b774e62acde984b22f4,unreviewed,
test/brown_spot/brown_spot (245).jpg,masks/test/brown_spot/brown_spot (245).jpg.png,test,brown_spot,2c0e0b03f78b7026fc9292f4588bd7281c06207837e975dcdd5b484bd8e7dfb2,unreviewed,
test/brown_spot/brown_spot (248).jpg,masks/test/brown_spot/brown_spot (248).jpg.png,test,brown_spot,5d4ef19626eb9da9923a4e905fce75be0b5a59e65a8f5b1bad2671d1d547b428,unreviewed,
test/brown_spot/brown_spot (25).jpg,masks/test/brown_spot/brown_spot (25).jpg.png,test,brown_spot,35b6f44338fc94f10df23e6251c741abd5f0ccb7cd0cefd8c18a047cd57ce1c0,unreviewed,
test/brown_spot/brown_spot (250).jpg,masks/test/brown_spot/brown_spot (250).jpg.png,test,brown_spot,9db7975b315ff462b9013a40cb1ff293eb0c4de5c6ea5226a1749bcf2b95fbe9,unreviewed,
test/brown_spot/brown_spot (257).jpg,masks/test/brown_spot/brown_spot (257).jpg.png,test,brown_spot,ceb3aea21c11045661bcf1eb0565e2f5b2c9582c8f76027a43ca5ccec9622d47,unreviewed,
test/brown_spot/brown_spot (276).jpg,masks/test/brown_spot/brown_spot (276).jpg.png,test,brown_spot,620ecb703774659c98848a64b6a86ee21c03bd54ef4ddd88a8c4827428804e01,unreviewed,
test/brown_spot/brown_spot (279).jpg,masks/test/brown_spot/brown_spot (279).jpg.png,test,brown_spot,4894a087e17b2199376e8f64ca4f8db6a4947c0c6092fd48f666b311491455bf,unreviewed,
test/brown_spot/brown_spot (291).jpg,masks/test/brown_spot/brown_spot (291).jpg.png,test,brown_spot,086fc6922fc8393b8b5e66d5b444b741c137a94712170129d9d3146a21700f94,unreviewed,
test/brown_spot/brown_spot (294).jpg,masks/test/brown_spot/brown_spot (294).jpg.png,test,brown_spot,4b6d85b84ff39def67778df9e2b61fa76bfe638bc213217eb2398edf8b02c540,unreviewed,
test/brown_spot/brown_spot (296).jpg,masks/test/brown_spot/brown_spot (296).jpg.png,test,brown_spot,6cc46eb7f92595f5693e63c7a7661bdf5bdbd035c2887d5185fc4b8e518eb89e,unreviewed,
test/brown_spot/brown_spot (297).jpg,masks/test/brown_spot/brown_spot (297).jpg.png,test,brown_spot,4af011cd11a3451a409cc6368e2acbce93280cc85659f5cb39e692972ff552d4,unreviewed,
test/brown_spot/brown_spot (3).jpg,masks/test/brown_spot/brown_spot (3).jpg.png,test,brown_spot,b6cc2da785ad6cff057e79269c0a1e04699cdf158bd167ab7f64de931f06050c,unreviewed,
test/brown_spot/brown_spot (30).jpg,masks/test/brown_spot/brown_spot (30).jpg.png,test,brown_spot,bce647bb7e1a07f7372cfdb560e4e7f9268d1d8bae93defeac218fca604bec7d,unreviewed,
test/brown_spot/brown_spot (306).jpg,masks/test/brown_spot/brown_spot (306).jpg.png,test,brown_spot,caf01ef6305cf8db14f5bafd26e43e2dd615db6160e2eb20cb5859a8fa32cd0e,unreviewed,
test/brown_spot/brown_spot (31).jpg,masks/test/brown_spot/brown_spot (31).jpg.png,test,brown_spot,cf1bbb7100a495a13fae60a3caa29535e30396f91232ad940d95c42510c03a2f,unreviewed,
test/brown_spot/brown_spot (310).jpg,masks/test/brown_spot/brown_spot (310).jpg.png,test,brown_spot,8cddfc3faf3b34a30d997fc22099cc0af5b8927dfdf1686e41a1487de26101a8,unreviewed,
test/brown_spot/brown_spot (337).jpg,masks/test/brown_spot/brown_spot (337).jpg.png,test,brown_spot,cabe0c82748bf03242fcb249da7aa136e60d56a70e49bf0cd4f45da137abbd46,unreviewed,
test/brown_spot/brown_spot (34).jpg,masks/test/brown_spot/brown_spot (34).jpg.png,test,brown_spot,f18f3f1e4e1670955821f0d6c5a6ba25ef58f954398ce3dbe8fea8e4d6e9c2ba,unreviewed,
test/brown_spot/brown_spot (39).jpg,masks/test/brown_spot/brown_spot (39).jpg.png,test,brown_spot,67b04d73816261137239bffe1f39bd476b78fcae2bc8facc2e54c16ff75e6cca,unreviewed,
test/brown_spot/brown_spot (42).jpg,masks/test/brown_spot/brown_spot (42).jpg.png,test,brown_spot,fb6dc0c631078cd83dfac9f17734dfd85eeb4f439e9bbc33a0227a25907ffd09,unreviewed,
test/brown_spot/brown_spot (45).jpg,masks/test/brown_spot/brown_spot (45).jpg.png,test,brown_spot,35a93b4a4c963964c127004ca872e11b0560b62eb76dbe283055eaada6913570,unreviewed,
test/brown_spot/brown_spot (46).jpg,masks/test/brown_spot/brown_spot (46).jpg.png,test,brown_spot,0fd6689da43aa335b312de8e9a587195b5e8edb3e6c560570c6c5025e8f97b2c,unreviewed,
test/brown_spot/brown_spot (49).jpg,masks/test/brown_spot/brown_spot (49).jpg.png,test,brown_spot,fa8ca56f935ccb557199ed78b4c9369793d93e24ef15df1f58d7b4ce4add65cf,unreviewed,
test/brown_spot/brown_spot (5).jpg,masks/test/brown_spot/brown_spot (5).jpg.png,test,brown_spot,9fdc6ebb5fc4707009258f4040a6881e232e45ddb7bf95a6a5241f0369e376f9,unreviewed,
test/brown_spot/brown_spot (51).jpg,masks/test/brown_spot/brown_spot (51).jpg.png,test,brown_spot,52847746d82d28365d7a2f913b1402f5b2f4c25e7d184abe74f15e34924de304,unreviewed,
test/brown_spot/brown_spot (61).jpg,masks/test/brown_spot/brown_spot (61).jpg.png,test,brown_spot,dab19b2995f2d1e201e53d188023f5654fde98c3ad5c19d7af7e4fa820602df3,unreviewed,
test/brown_spot/brown_spot (62).jpg,masks/test/brown_spot/brown_spot (62).jpg.png,test,brown_spot,e21658e4c16773e9bbf2a0a72be50ccd308241a93bacbd2194149a1d111447b1,unreviewed,
test/brown_spot/brown_spot (66).jpg,masks/test/brown_spot/brown_spot (66).jpg.png,test,brown_spot,7759a3cd1b3793e0a979930b6d420c917ef62e087369bd5272462f6179540034,unreviewed,
test/brown_spot/brown_spot (7).jpg,masks/test/brown_spot/brown_spot (7).jpg.png,test,brown_spot,01d725b264b0e80aa6f7b94a90b19d7de87814f0c66cea81d62187edf2379302,unreviewed,
test/brown_spot/brown_spot (74).jpg,masks/test/brown_spot/brown_spot (74).jpg.png,test,brown_spot,b5eac61c3d0dc8f0633a86bb35d9015d400b060211d7a77859c2fefa7f6806ec,unreviewed,
test/brown_spot/brown_spot (8).jpg,masks/test/brown_spot/brown_spot (8).jpg.png,test,brown_spot,cf59d7dbc8f7ffa851777ccac830d3c82fcbecac364c3660ef0e0a5a6495ff53,unreviewed,
test/brown_spot/brown_spot (92).jpg,masks/test/brown_spot/brown_spot (92).jpg.png,test,brown_spot,d175f6c21133ec5f1c6ef3936bbab6ff977b5a14d3e034e843a41dc4e17067d6,unreviewed,
test/brown_spot/brown_spot (95).jpg,masks/test/brown_spot/brown_spot (95).jpg.png,test,brown_spot,dc9005805245d552c3c0298ed44c04d15dd1260ae4779a9fd0630db7b3bd590f,unreviewed,
test/healthy/healthy (1).jpg,masks/test/healthy/healthy (1).jpg.png,test,healthy,1dfc19c538112678d04b2411145ef8daa1dfa87f303378564aab218a7f6a3419,unreviewed,
test/healthy/healthy (10).jpg,masks/test/healthy/healthy (10).jpg.png,test,healthy,dddc2bcb249770aa542a11f331f3d49a383058ebd836e6fbb77d6ee7bfe603de,unreviewed,
test/healthy/healthy (103).jpg,masks/test/healthy/healthy (103).jpg.png,test,healthy,955fb331c2acbe086fb809ac2eb27e1796a6cf090f0c325a4eb23a7611d6d5e0,unreviewed,
test/healthy/healthy (108).jpg,masks/test/healthy/healthy (108).jpg.png,test,healthy,4b3d5c9bd3239f98bd9d6b158bd9ae6547ccdf77c91ea5db83e6f07507b24b94,unreviewed,
test/healthy/healthy (116).jpg,masks/test/healthy/healthy (116).jpg.png,test,healthy,0d7bb3a8214b0ba9c883f9eaee0bcb0967dce43a8c023d3b2d1816ab3bfef80a,unreviewed,
test/healthy/healthy (131).jpg,masks/test/healthy/healthy (131).jpg.png,test,healthy,f8ccf65bd497e640818064e0c61b47122fbf9d9af472e613f408d5e4b562db80,unreviewed,
test/healthy/healthy (132).jpg,masks/test/healthy/healthy (132).jpg.png,test,healthy,c070a64615494372049b7ced15a19a7f5f4a3c3b109c09dddc330dcbaf2e3c82,unreviewed,
test/healthy/healthy (142).jpg,masks/test/healthy/healthy (142).jpg.png,test,healthy,24dd694d41de73731eaa6fad85460c2e4405686f3bf83ceb313c672c0b1a9493,unreviewed,
test/healthy/healthy (143).jpg,masks/test/healthy/healthy (143).jpg.png,test,healthy,85aa0015a97788aa9c6b204b5eeac49399e5d89de640997618ebb98b1f68bf15,unreviewed,
test/healthy/healthy (146).jpg,masks/test/healthy/healthy (146).jpg.png,test,healthy,3669155dd0d9a6135e5774ca66c5468a9a16bb9c9a111c1f6b6b17139a58a0d9,unreviewed,
test/healthy/healthy (150).jpg,masks/test/healthy/healthy (150).jpg.png,test,healthy,39bf25bc0b1cf94dabe6437824e0a923f6a250592d323ac221f9ad6977090938,unreviewed,
test/healthy/healthy (152).jpg,masks/test/healthy/healthy (152).jpg.png,test,healthy,35f39dc3ba9f10c93cea89c8d06d9b82a6fea17a6a24a2bb66e4f94db75d256a,unreviewed,
test/healthy/healthy (154).jpg,masks/test/healthy/healthy (154).jpg.png,test,healthy,4872cf6668501c3f316469494c3ca1feb32f48e4025ad5bdae181c64ebbe9830,unreviewed,
test/healthy/healthy (159).jpg,masks/test/healthy/healthy (159).jpg.png,test,healthy,c119140e13cb481101d308f62dfd7955bc6b3203e0feaf9a16adf9ad13e339bd,unreviewed,
test/healthy/healthy (165).jpg,masks/test/healthy/healthy (165).jpg.png,test,healthy,28734c71f6885b7b89a1bb20ca160e4d5b90c4f5613138d2ca8714fe8c9b0975,unreviewed,
test/healthy/healthy (175).jpg,masks/test/healthy/healthy (175).jpg.png,test,healthy,35f8e63bcabecff9062c4b14981cdfdc43fc129e8111d1c11ccfe769b2c23b76,unreviewed,
test/healthy/healthy (179).jpg,masks/test/healthy/healthy (179).jpg.png,test,healthy,4e686245a75877742d91fecdcb281175b3d26673cf80e6d2675223b36d4df4ac,unreviewed,
test/healthy/healthy (180).jpg,masks/test/healthy/healthy (180).jpg.png,test,healthy,05a9850ac8d467c45d61cbb181121437c8027dc2552f5c07fc3c49a37fb4ef21,unreviewed,
test/healthy/healthy (191).jpg,masks/test/healthy/healthy (191).jpg.png,test,healthy,0cd7b50464166933d3d565c2bacb31b1a75dfd1fd4d4bb828c69232d0fd63ca5,unreviewed,
test/healthy/healthy (192).jpg,masks/test/healthy/healthy (192).jpg.png,test,healthy,757bbb9d32b8273d0cbfd7f71c8b39317f0978bd717cc7d19ce7d14b1a170416,unreviewed,
test/healthy/healthy (201).jpg,masks/test/healthy/healthy (201).jpg.png,test,healthy,8476f3693e1ed8b326957e81c564e03d17644f5d48ea29a12c84cca344d76556,unreviewed,
test/healthy/healthy (202).jpg,masks/test/healthy/healthy (202).jpg.png,test,healthy,18461ebf2d7b35c3312efe6c32096d385606ce30594b283b17c76e93af529659,unreviewed,
test/healthy/healthy (206).jpg,masks/test/healthy/healthy (206).jpg.png,test,healthy,9c7e4ffb2a519f1aafb12df6b4732782839fcbd474e0c534e111aeabffc97d30,unreviewed,
test/healthy/healthy (213).jpg,masks/test/healthy/healthy (213).jpg.png,test,healthy,226a0991d6792861cf358f67865a4030c60aaecbec63029d093dce0d6896db9e,unreviewed,
test/healthy/healthy (215).jpg,masks/test/healthy/healthy (215).jpg.png,test,healthy,5068454655d568b5d59eac090b5f7f30381317bce8c341c8601e6e507cd7fe04,unreviewed,
test/healthy/healthy (231).jpg,masks/test/healthy/healthy (231).jpg.png,test,healthy,85cf6d6d1a3ecdf0418a858c1f27c5dd5c86eeb2b6f67b1a4762945c005e8130,unreviewed,
test/healthy/healthy (233).jpg,masks/test/healthy/healthy (233).jpg.png,test,healthy,23d4b239b2096d5cb8feed0e589609810697e088b86689f70f596c8f624e658b,unreviewed,
test/healthy/healthy (234).jpg,masks/test/healthy/healthy (234).jpg.png,test,healthy,11aa369e54ce29935857fdfdd87496f2809a3edfc2bbf2efe8f5ad3983ac83dd,unreviewed,
test/healthy/healthy (24).jpg,masks/test/healthy/healthy (24).jpg.png,test,healthy,d45b9dbe78df51757758e0dbddc8588d8bebfd0b43bc2da9b06e169135e0cfd6,unreviewed,
test/healthy/healthy (243).jpg,masks/test/healthy/healthy (243).jpg.png,test,healthy,49e6844a4fc3be032e5e9e7ecebecdb821b490f54e3bdddfec216bdfc3205f7e,unreviewed,
test/healthy/healthy (248).jpg,masks/test/healthy/healthy (248).jpg.png,test,healthy,d9cecb7c0f1299fbc2a76b0c0fcf28f22a6bf9f0cfe9a69b0f8bdb08d423af41,unreviewed,
test/healthy/healthy (249).jpg,masks/test/healthy/healthy (249).jpg.png,test,healthy,851697cefad5e8f7a3bff5e8b8079df232d4a3fb826fcc6a54f3d8f27ba7160c,unreviewed,
test/healthy/healthy (25).jpg,masks/test/healthy/healthy (25).jpg.png,test,healthy,2f2c6c380b9189752d2ee1ceecbfdb56fefc00715d326920bc1c8c124fb799a0,unreviewed,
test/healthy/healthy (254).jpg,masks/test/healthy/healthy (254).jpg.png,test,healthy,95d1c3ebb18d43a52a76f95630a5512ff6c11624cf34e6aa047cb731cb4672db,unreviewed,
test/healthy/healthy (255).jpg,masks/test/healthy/healthy (255).jpg.png,test,healthy,2045c6f123159c139e9b9b6b31243bdbd974ae12dd09db6d62dc692809f7f419,unreviewed,
test/healthy/healthy (256).jpg,masks/test/healthy/healthy (256).jpg.png,test,healthy,390522e09a83c21468aa2edddf83851cbb1b8079032cc9f0277ff1bcc361f86f,unreviewed,
test/healthy/healthy (265).jpg,masks/test/healthy/healthy (265).jpg.png,test,healthy,af165b8bc81d12216be1655243cc0737db6ee647ba0c2ab425aaf40aaccbc109,unreviewed,
test/healthy/healthy (269).jpg,masks/test/healthy/healthy (269).jpg.png,test,healthy,6e03b7d3075e1460d6d701f0ad119b72c53feb021ee6dc2e51c6df86dbdb4fda,unreviewed,
test/healthy/healthy (272).jpg,masks/test/healthy/healthy (272).jpg.png,test,healthy,6ea2b65b753dfd0fe740ef843d754ef9133c79054a770aa02dc29fe4a56be4a8,unreviewed,
test/healthy/healthy (278).jpg,masks/test/healthy/healthy (278).jpg.png,test,healthy,eb625e8450f39decffe049b44eabf92287116b768f4c2c3062435fc42c73a205,unreviewed,
test/healthy/healthy (279).jpg,masks/test/healthy/healthy (279).jpg.png,test,healthy,b3be64b536ec43404ba054a20dc9d12d148711a1a219fb3ec40d7edbafdfb431,unreviewed,
test/healthy/healthy (28).jpg,masks/test/healthy/healthy (28).jpg.png,test,healthy,10845fdb10f59eb7165a08a99bb634ea9817519eb8501c8387515dc1ec1d3c3f,unreviewed,
test/healthy/healthy (280).jpg,masks/test/healthy/healthy (280).jpg.png,test,healthy,483edde3873aec06b0568ecefc7dc9c0e0119983a960ecc630d7001542846a41,unreviewed,
test/healthy/healthy (285).jpg,masks/test/healthy/healthy (285).jpg.png,test,healthy,93059ae4f18424206fa1aa780c0d3ba2f1c034e71e48fb489c1217faab3b6c72,unreviewed,
test/healthy/healthy (290).jpg,masks/test/healthy/healthy (290).jpg.png,test,healthy,3ff64c5ceb94a4003862ef669d701c2aa771be0e5eb6de3e60ec1efc324d23a2,unreviewed,
test/healthy/healthy (294).jpg,masks/test/healthy/healthy (294).jpg.png,test,healthy,1987f06e5df4f2e12e3d54d409c9e949683e0f943b03cf4dd7998909e951c8fb,unreviewed,
test/healthy/healthy (296).jpg,masks/test/healthy/healthy (296).jpg.png,test,healthy,796a194a3d94335b631061c77928a517cd43b8ca2c591c0010b1bf16d9c41709,unreviewed,
test/healthy/healthy (303).jpg,masks/test/healthy/healthy (303).jpg.png,test,healthy,9e9a3b0c6e0bca5e19f73f4e3d68bde0648ebda024f15c292f0a3a99486c9ce5,unreviewed,
test/healthy/healthy (309).jpg,masks/test/healthy/healthy (309).jpg.png,test,healthy,f4df4c7ac4acbe3ee357fc172f76c2b9a0bc1580ba138d2ca2f40fce4cfffd18,unreviewed,
test/healthy/healthy (314).jpg,masks/test/healthy/healthy (314).jpg.png,test,healthy,4cea558fcaafdc6d78f4f372c5275b06a1ace28d7102957cc7bee409f8d0c812,unreviewed,
test/healthy/healthy (315).jpg,masks/test/healthy/healthy (315).jpg.png,test,healthy,aa7f52f5d0548cc50b9082edb9c91cff4b0b79adff306c26c081954c1cd520ea,unreviewed,
test/healthy/healthy (320).jpg,masks/test/healthy/healthy (320).jpg.png,test,healthy,6d22fb1f191d4462bedd44cca71c1801c5d72b2768aaa29e12dfe9032acaea41,unreviewed,
test/healthy/healthy (324).jpg,masks/test/healthy/healthy (324).jpg.png,test,healthy,c34d799746848749950e06acdb9ed1d6a0995f2426447a5978b6a308ab21f034,unreviewed,
test/healthy/healthy (327).jpg,masks/test/healthy/healthy (327).jpg.png,test,healthy,f96f83fb7711854a7c8c7b3f2ee4e642ed024f09eb9bde7fe180bc0535d14040,unreviewed,
test/healthy/healthy (328).jpg,masks/test/healthy/healthy (328).jpg.png,test,healthy,6da88e03d8d0a5662027aad9a80d2a7cdfd9885c9807ebc5267e42c911577c94,unreviewed,
test/healthy/healthy (336).jpg,masks/test/healthy/healthy (336).jpg.png,test,healthy,eb0f5944498028725cc14ae83dd321d09495e348121a98ba4d2586c74f3d41eb,unreviewed,
test/healthy/healthy (337).jpg,masks/test/healthy/healthy (337).jpg.png,test,healthy,61b9de26c31974497cb0191cbcd9e72c1ba797ce565b1d8a08172016f0178363,unreviewed,
test/healthy/healthy (34).jpg,masks/test/healthy/healthy (34).jpg.png,test,healthy,8cd3cc9e6d16b6eb53a899896b34a6edc7c2cd4f86fe06ad93ef796e2d10b61d,unreviewed,
test/healthy/healthy (340).jpg,masks/test/healthy/healthy (340).jpg.png,test,healthy,7d78deacc9bf53827f49501cd57c8c02aff7b4df6663710aed5cb55ea5bc976f,unreviewed,
test/healthy/healthy (342).jpg,masks/test/healthy/healthy (342).jpg.png,test,healthy,a06b0a225c86e18f1a3f265e6d97aee3713c44f8eb015257ee28cd4e3c4a9730,unreviewed,
test/healthy/healthy (343).jpg,masks/test/healthy/healthy (343).jpg.png,test,healthy,d0f49eca46bd9c69dd3c48feebea31df0a3bdb9b05cc2b3c6b80b5d490ab81fa,unreviewed,
test/healthy/healthy (346).jpg,masks/test/healthy/healthy (346).jpg.png,test,healthy,b538213beca246697de0e46c16241b3c6f2b18fda08b7ea704366ee581a86c58,unreviewed,
test/healthy/healthy (350).jpg,masks/test/healthy/healthy (350).jpg.png,test,healthy,fc8a6b7345d8c55a5d4bf2d5a9bca53266c9a0ec9a13089baa9a5aea94450c28,unreviewed,
test/healthy/healthy (40).jpg,masks/test/healthy/healthy (40).jpg.png,test,healthy,0ea5402d15b293f9144105a2ab67b422bc649d4b092556fa81a29e7d1f375fde,unreviewed,
test/healthy/healthy (57).jpg,masks/test/healthy/healthy (57).jpg.png,test,healthy,fd0c8e580f5d8740d101f6425cd4c6581476bcfcb94976d84ae9a5b658302211,unreviewed,
test/healthy/healthy (76).jpg,masks/test/healthy/healthy (76).jpg.png,test,healthy,ef175f89bb5ea7a5a3dff263c9d41b9d98fd5b6875f747015575403d240b68f7,unreviewed,
test/healthy/healthy (77).jpg,masks/test/healthy/healthy (77).jpg.png,test,healthy,262ccb098cb537524baa635162ccb28aee556a3addc5f1e93c9233d1b71298cc,unreviewed,
test/healthy/healthy (84).jpg,masks/test/healthy/healthy (84).jpg.png,test,healthy,bbab82580cbb8f0a1702eeb874193d7c85826492b1e676048660f845e10dd8d4,unreviewed,
test/healthy/healthy (88).jpg,masks/test/healthy/healthy (88).jpg.png,test,healthy,84894d697a82d1d17d61875e3399951be4ee8ec1b5d59c00479efa9e868a5f4b,unreviewed,
test/healthy/healthy (89).jpg,masks/test/healthy/healthy (89).jpg.png,test,healthy,358e461db4bcfd8d6dace93157ad5b15713c01db557f7340c104facacd9973f7,unreviewed,
test/leaf_blast/leaf_blast (100).jpg,masks/test/leaf_blast/leaf_blast (100).jpg.png,test,leaf_blast,88b45ed585c29c897cb12a61779d1abecc3dad576719eb357441742d8971d475,unreviewed,
test/leaf_blast/leaf_blast (106).jpg,masks/test/leaf_blast/leaf_blast (106).jpg.png,test,leaf_blast,3e68dcad3c0007dddd24339373391c30d005cb15eb9b9d56c1744267b7657082,unreviewed,
test/leaf_blast/leaf_blast (111).jpg,masks/test/leaf_blast/leaf_blast (111).jpg.png,test,leaf_blast,81e7e2fc488f550d126510b3d0a12804447796f2323d866cb17e608e03dd79da,unreviewed,
test/leaf_blast/leaf_blast (112).jpg,masks/test/leaf_blast/leaf_blast (112).jpg.png,test,leaf_blast,30ee0cde4558914210da9e71da349ef69c23c93fe3a1ef3f557089e33630233a,unreviewed,
test/leaf_blast/leaf_blast (118).jpg,masks/test/leaf_blast/leaf_blast (118).jpg.png,test,leaf_blast,197b444ab839f2a5a96325a504300df5dc0e883254ef16044bb4b0e691e7a39a,unreviewed,
test/leaf_blast/leaf_blast (120).jpg,masks/test/leaf_blast/leaf_blast (120).jpg.png,test,leaf_blast,c9c8a38f66bb5c43eaeac45063be972b2a98a45723d605d65abe82a7c3d59bf9,unreviewed,
test/leaf_blast/leaf_blast (125).jpg,masks/test/leaf_blast/leaf_blast (125).jpg.png,test,leaf_blast,03395a637654a6c253593ea19abe2cd4d6483809cd813b9c660837c9d0915fae,unreviewed,
test/leaf_blast/leaf_blast (133).jpg,masks/test/leaf_blast/leaf_blast (133).jpg.png,test,leaf_blast,ec7a01ff781cbc4ac47a9e1ffb80eb61b5387751ac59353fb0c1cf52d22e2935,unreviewed,
test/leaf_blast/leaf_blast (136).jpg,masks/test/leaf_blast/leaf_blast (136).jpg.png,test,leaf_blast,1bc071c2a1b042843300b162387fac7f8e7526ac543f24f6fcc8f014dac8da21,unreviewed,
test/leaf_blast/leaf_blast (14).jpg,masks/test/leaf_blast/leaf_blast (14).jpg.png,test,leaf_blast,82d011ca431b115f5ee8f1efe06afe57e1392f881356ec616e0dd71719eccab9,unreviewed,
test/leaf_blast/leaf_blast (146).jpg,masks/test/leaf_blast/leaf_blast (146).jpg.png,test,leaf_blast,56b98e0674a0b0c84eea9998308787b664f3ce823b49e06e76b8fe82a5af7201,unreviewed,
test/leaf_blast/leaf_blast (160).jpg,masks/test/leaf_blast/leaf_blast (160).jpg.png,test,leaf_blast,89f614b4c5ee211bdd5b994f05bf6db7453380959f05881953d850ad52b3246f,unreviewed,
test/leaf_blast/leaf_blast (161).jpg,masks/test/leaf_blast/leaf_blast (161).jpg.png,test,leaf_blast,a81aa51d20595ea607950225599781a9ba6999c73fecf4e09c31e24ace04b170,unreviewed,
test/leaf_blast/leaf_blast (163).jpg,masks/test/leaf_blast/leaf_blast (163).jpg.png,test,leaf_blast,dc9bae48d83fb731f8f828a7c8ded7dc938d1e82d09ca633e3cc9abc6844fb5f,unreviewed,
test/leaf_blast/leaf_blast (170).jpg,masks/test/leaf_blast/leaf_blast (170).jpg.png,test,leaf_blast,a609436bbe44cb06fd14670e77afecf81a1ae25f32333c54fdce5be97ae4dc56,unreviewed,
test/leaf_blast/leaf_blast (172).jpg,masks/test/leaf_blast/leaf_blast (172).jpg.png,test,leaf_blast,25f436cdbb7e4eba0471c4689311fd14714a6db7d1217b8245e1a39fe2e08f86,unreviewed,
test/leaf_blast/leaf_blast (175).jpg,masks/test/leaf_blast/leaf_blast (175).jpg.png,test,leaf_blast,cb8e1d7bb7db9f0d63fe12eef1d0ea44911ddb40288b9973e5e1d93cfc032e71,unreviewed,
test/leaf_blast/leaf_blast (18).jpg,masks/test/leaf_blast/leaf_blast (18).jpg.png,test,leaf_blast,88ee55a980d30dfccff536a331290f54e0066cc55610cea4182f5268263c3343,unreviewed,
test/leaf_blast/leaf_blast (180).jpg,masks/test/leaf_blast/leaf_blast (180).jpg.png,test,leaf_blast,66b1e5cf178af5dd7620a72d4be4f2a19feb45eb530a29e8dfc80a0f199bfec5,unreviewed,
test/leaf_blast/leaf_blast (181).jpg,masks/test/leaf_blast/leaf_blast (181).jpg.png,test,leaf_blast,7976d2bdb508a005e1da0be6bfe7624a85e1e9315e37f0f22e4622bd77ea8cee,unreviewed,
test/leaf_blast/leaf_blast (187).jpg,masks/test/leaf_blast/leaf_blast (187).jpg.png,test,leaf_blast,703bef62d9e26845f4679712303f3868ffaf2270dd1ee9d6df23871116841861,unreviewed,
test/leaf_blast/leaf_blast (190).jpg,masks/test/leaf_blast/leaf_blast (190).jpg.png,test,leaf_blast,1a4f1aaf45468d8290423059f9c0c7ebaebc2133e62c9ad67ba491ee554c86e5,unreviewed,
test/leaf_blast/leaf_blast (195).jpg,masks/test/leaf_blast/leaf_blast (195).jpg.png,test,leaf_blast,458590b594934279a79c9a41c113fa9e89e1545191d8a8e73e4056ac4410c31d,unreviewed,
test/leaf_blast/leaf_blast (197).jpg,masks/test/leaf_blast/leaf_blast (197).jpg.png,test,leaf_blast,8166d6c578afac5e992a584636f4e26686da2b8009e5e8114c459b59a3b230fa,unreviewed,
test/leaf_blast/leaf_blast (205).jpg,masks/test/leaf_blast/leaf_blast (205).jpg.png,test,leaf_blast,e24780d9b017db70ecae16dc73c751abffac27122bded0b802bea3d260080824,unreviewed,
test/leaf_blast/leaf_blast (21).jpg,masks/test/leaf_blast/leaf_blast (21).jpg.png,test,leaf_blast,aa3bff0dd28b20ce10735bbbf5ec4806c6e7ebfe2f8c95eebaffcd1d1caccded,unreviewed,
test/leaf_blast/leaf_blast (219).jpg,masks/test/leaf_blast/leaf_blast (219).jpg.png,test,leaf_blast,13afc0860b13d55cc62e8992b70522aeb0530938d6e407fe24c9701f077cd975,unreviewed,
test/leaf_blast/leaf_blast (221).jpg,masks/test/leaf_blast/leaf_blast (221).jpg.png,test,leaf_blast,9e9a74a03ba5dec79063aaecd411801a774e4d8914f513b0a7e3206bbb62e245,unreviewed,
test/leaf_blast/leaf_blast (223).jpg,masks/test/leaf_blast/leaf_blast (223).jpg.png,test,leaf_blast,bbb81a42c7da499992d9b1359ed0f49c7100444f87a0d67fb01336871275fb4a,unreviewed,
test/leaf_blast/leaf_blast (23).jpg,masks/test/leaf_blast/leaf_blast (23).jpg.png,test,leaf_blast,8420e33fff19def92ccfe8a6e98a2853e2792f8eae5383e3be28732f3b24b8df,unreviewed,
test/leaf_blast/leaf_blast (234).jpg,masks/test/leaf_blast/leaf_blast (234).jpg.png,test,leaf_blast,e4cf09383d53adc8e9a08c5ca2044ab6b268c08827b8ce322468f109e48830ce,unreviewed,
test/leaf_blast/leaf_blast (239).jpg,masks/test/leaf_blast/leaf_blast (239).jpg.png,test,leaf_blast,e72f5e8d50d170ed2e2d4d70501f4b89e4030b61b5ff012084a8290f8dfeb1f6,unreviewed,
test/leaf_blast/leaf_blast (244).jpg,masks/test/leaf_blast/leaf_blast (244).jpg.png,test,leaf_blast,2c62c3743f4024bdfc9d9d1daeda090702d55a9da15be3b63beb097af1d3660b,unreviewed,
test/leaf_blast/leaf_blast (247).jpg,masks/test/leaf_blast/leaf_blast (247).jpg.png,test,leaf_blast,84030ee45b149517b5311e4626bab34536822016e957905249e97df1d2c26942,unreviewed,
test/leaf_blast/leaf_blast (251).jpg,masks/test/leaf_blast/leaf_blast (251).jpg.png,test,leaf_blast,23eff7915cfcb4dfb9140e43bec9674f1bf33ab04c57bba15d19fbfda0a1334d,unreviewed,
test/leaf_blast/leaf_blast (254).jpg,masks/test/leaf_blast/leaf_blast (254).jpg.png,test,leaf_blast,3fe9bc84212e3b0077f9f1f067d7e0ed0459090099b0e32a623a219f7d22213a,unreviewed,
test/leaf_blast/leaf_blast (258).jpg,masks/test/leaf_blast/leaf_blast (258).jpg.png,test,leaf_blast,6eef2c0ff295284096f460b9b7daf415e23600b1a4f7e6920c4c32a12936e310,unreviewed,
test/leaf_blast/leaf_blast (264).jpg,masks/test/leaf_blast/leaf_blast (264).jpg.png,test,leaf_blast,1f75a9102837e161acf25f804db8c6172a219b125217d807c6c44b3eb4372254,unreviewed,
test/leaf_blast/leaf_blast (266).jpg,masks/test/leaf_blast/leaf_blast (266).jpg.png,test,leaf_blast,6648d760f15fdacb259a82e3f39a498cbf08859fd1391d982900abec4177073c,unreviewed,
test/leaf_blast/leaf_blast (267).jpg,masks/test/leaf_blast/leaf_blast (267).jpg.png,test,leaf_blast,15b167e2a9d4f8b132f0aa370a1e567acc05a1625d8ef907d34a0817975a2541,unreviewed,
test/leaf_blast/leaf_blast (279).jpg,masks/test/leaf_blast/leaf_blast (279).jpg.png,test,leaf_blast,2bb9c71ebe978eb04e91ba44662668d55f30a84966be3c347115746d5388ec30,unreviewed,
test/leaf_blast/leaf_blast (285).jpg,masks/test/leaf_blast/leaf_blast (285).jpg.png,test,leaf_blast,cba3b544a063d5648c55f28a5206d6eddfe4ad6a90bd0d8bc3134fcb9403db34,unreviewed,
test/leaf_blast/leaf_blast (289).jpg,masks/test/leaf_blast/leaf_blast (289).jpg.png,test,leaf_blast,ade51b392f11cde8a67dd82194081fd499ecd9923f9da37c497fbb82ca241c8f,unreviewed,
test/leaf_blast/leaf_blast (295).jpg,masks/test/leaf_blast/leaf_blast (295).jpg.png,test,leaf_blast,5903e61df967f3bdf15857e650c79be247b1a7f57e6a91daffa528e4ffc763f1,unreviewed,
test/leaf_blast/leaf_blast (308).jpg,masks/test/leaf_blast/leaf_blast (308).jpg.png,test,leaf_blast,5636483f16ba8485db87d862eae45d8a6921365b07e51891be6dd7c9048de396,unreviewed,
test/leaf_blast/leaf_blast (310).jpg,masks/test/leaf_blast/leaf_blast (310).jpg.png,test,leaf_blast,2c35d69a68f06a8412ed75873e4fdfea446231fc3a51151c97f5e954c14ac1dd,unreviewed,
test/leaf_blast/leaf_blast (319).jpg,masks/test/leaf_blast/leaf_blast (319).jpg.png,test,leaf_blast,1d85aef91b3d0f244412a5b3d37cbc2eafd7a5064b90b41c81192ff2c79dce07,unreviewed,
test/leaf_blast/leaf_blast (4).jpg,masks/test/leaf_blast/leaf_blast (4).jpg.png,test,leaf_blast,12cd9d48304d1cc1ced291f179374347809ca941ee7535f68a2d828b5ecf9da8,unreviewed,
test/leaf_blast/leaf_blast (41).jpg,masks/test/leaf_blast/leaf_blast (41).jpg.png,test,leaf_blast,c4c2c2b8b4d851d6c02f279200104d7d992b3ff01e97fed612afe3064e06769d,unreviewed,
test/leaf_blast/leaf_blast (46).jpg,masks/test/leaf_blast/leaf_blast (46).jpg.png,test,leaf_blast,fbe5a6c06f26abd40818dcb8303acf11f735b883606315367b5fcdd93fb423e6,unreviewed,
test/leaf_blast/leaf_blast (51).jpg,masks/test/leaf_blast/leaf_blast (51).jpg.png,test,leaf_blast,56c2f739c7b6d33ec0d5382f10067f82507d2af6a277dac4304a2a6b75a3859b,unreviewed,
test/leaf_blast/leaf_blast (53).jpg,masks/test/leaf_blast/leaf_blast (53).jpg.png,test,leaf_blast,e6496d8cb25eff7c74dd8206264a6e61ba7869dc5814b8217d29e12486ec099e,unreviewed,
test/leaf_blast/leaf_blast (55).jpg,masks/test/leaf_blast/leaf_blast (55).jpg.png,test,leaf_blast,7547997ee089b61103975440607487e64101f4e642644b7a031bd5b309c72b32,unreviewed,
test/leaf_blast/leaf_blast (59).jpg,masks/test/leaf_blast/leaf_blast (59).jpg.png,test,leaf_blast,80cdcbd566477600d0b95e1567a70c4c8a61bd2d04f06668638b882b552c1e71,unreviewed,
test/leaf_blast/leaf_blast (63).jpg,masks/test/leaf_blast/leaf_blast (63).jpg.png,test,leaf_blast,73611e02de37a52c8d5b153574348dbc1c4ec333c3d1aec44d95982bd8291cd9,unreviewed,
test/leaf_blast/leaf_blast (70).jpg,masks/test/leaf_blast/leaf_blast (70).jpg.png,test,leaf_blast,fe962921aa8a7abc30b6df3e50ab430eb6ac57c6727f52f619be8c97ec1d0f0b,unreviewed,
test/leaf_blast/leaf_blast (74).jpg,masks/test/leaf_blast/leaf_blast (74).jpg.png,test,leaf_blast,afbad788a12653d3c6ec9b227ce8ccaec767741c92256ae5954d2f955ca43cca,unreviewed,
test/leaf_blast/leaf_blast (77).jpg,masks/test/leaf_blast/leaf_blast (77).jpg.png,test,leaf_blast,94a7b99b4088e1728fd2fce41c1dbe07f95242b12e6dc8bfea7608c42110cdde,unreviewed,
test/leaf_blast/leaf_blast (78).jpg,masks/test/leaf_blast/leaf_blast (78).jpg.png,test,leaf_blast,b666888f96f186eb3bf7dc5c0edfa4248f22ced9608d40309ddd8384a4f2859a,unreviewed,
test/leaf_blast/leaf_blast (79).jpg,masks/test/leaf_blast/leaf_blast (79).jpg.png,test,leaf_blast,fdf77ebb5783e80037c91044eef418652f41daa0ebcba029121f648444019dd7,unreviewed,
test/leaf_blast/leaf_blast (83).jpg,masks/test/leaf_blast/leaf_blast (83).jpg.png,test,leaf_blast,ef00939a176be2fd6680631aace1c143b082318019effaea4f50a1743ab38cd6,unreviewed,
test/leaf_blast/leaf_blast (84).jpg,masks/test/leaf_blast/leaf_blast (84).jpg.png,test,leaf_blast,5a0de79e5bc3ada8189c6476741a8f16343833c4d236773b9506bd5330a93d89,unreviewed,
test/leaf_blast/leaf_blast (86).jpg,masks/test/leaf_blast/leaf_blast (86).jpg.png,test,leaf_blast,8551c6efc0e3a68ee5775e7c7b9fb779554628bef98aa83883105922b5c78f3e,unreviewed,
test/leaf_blast/leaf_blast (88).jpg,masks/test/leaf_blast/leaf_blast (88).jpg.png,test,leaf_blast,1b1b8a734517992d629bb3944fadc74781bcb7ea5cd6507c09c7e4298ef64991,unreviewed,
test/leaf_blast/leaf_blast (9).jpg,masks/test/leaf_blast/leaf_blast (9).jpg.png,test,leaf_blast,20ab6d8cb3c37660db44f4e531f8898b235075670185cefe50f48867674bfdb1,unreviewed,
test/leaf_blast/leaf_blast (94).jpg,masks/test/leaf_blast/leaf_blast (94).jpg.png,test,leaf_blast,74ccb68010a84854aba0ae8afdf43879b82da000a278bb9fb730a0b513e6783a,unreviewed,
test/leaf_blast/leaf_blast (97).jpg,masks/test/leaf_blast/leaf_blast (97).jpg.png,test,leaf_blast,566c25342882f3303a71aac24a15413095251b1f5228a6b16d78a462c63c4575,unreviewed,
test/leaf_blast/leaf_blast (99).jpg,masks/test/leaf_blast/leaf_blast (99).jpg.png,test,leaf_blast,bfac880d3d59fe31a3493897cc7dbcf6443613818ff7d6bda8fe4ba94c9a7027,unreviewed,
test/leaf_scald/leaf_scald (1).jpg,masks/test/leaf_scald/leaf_scald (1).jpg.png,test,leaf_scald,b1613fef40a41d6388fc04eb60a1745652c264502b28543e38732301e0bf23d9,unreviewed,
test/leaf_scald/leaf_scald (103).jpg,masks/test/leaf_scald/leaf_scald (103).jpg.png,test,leaf_scald,ce58614b8af6fa071e7964a73cfa3bc91580ab10820a8f4ca0241d3b4601bf38,unreviewed,
test/leaf_scald/leaf_scald (115).jpg,masks/test/leaf_scald/leaf_scald (115).jpg.png,test,leaf_scald,1cf16e45b5ab51e04d52ddb61342e41a3e9f6d56b2db10708321be9f01e6737c,unreviewed,
test/leaf_scald/leaf_scald (118).jpg,masks/test/leaf_scald/leaf_scald (118).jpg.png,test,leaf_scald,ab427c3892e9490ddd33ccda6909c065fcd783dbc5641df8958c7a1f45343ffa,unreviewed,
test/leaf_scald/leaf_scald (120).jpg,masks/test/leaf_scald/leaf_scald (120).jpg.png,test,leaf_scald,244f24d42a4e6ad1d261818e51220ccc6dbad780b6dc8416d620ad0c48f59fc5,unreviewed,
test/leaf_scald/leaf_scald (135).jpg,masks/test/leaf_scald/leaf_scald (135).jpg.png,test,leaf_scald,c5663b6894de5cc0362ef112d104d164db098d4eb6753a0da885a4b6f8294baf,unreviewed,
test/leaf_scald/leaf_scald (144).jpg,masks/test/leaf_scald/leaf_scald (144).jpg.png,test,leaf_scald,8a30fb861547d6b62c0ca0224b01e9456e0ad05b0944b8dfa2afc43949af2306,unreviewed,
test/leaf_scald/leaf_scald (148).jpg,masks/test/leaf_scald/leaf_scald (148).jpg.png,test,leaf_scald,9c8c0f8d906f32ad512a5e8f86d9115e68ec3c4a1bdbf5278b811f8c0ed95aaa,unreviewed,
test/leaf_scald/leaf_scald (151).jpg,masks/test/leaf_scald/leaf_scald (151).jpg.png,test,leaf_scald,64b3918683eb920346625cb4225f046dd9c5404c1cc9c6ee833f70d44f70dde3,unreviewed,
test/leaf_scald/leaf_scald (154).jpg,masks/test/leaf_scald/leaf_scald (154).jpg.png,test,leaf_scald,3bb6f9a2763a0bbe2c91cd75aa42de88845af2c62416a1b2045364ffefc344ef,unreviewed,
test/leaf_scald/leaf_scald (155).jpg,masks/test/leaf_scald/leaf_scald (155).jpg.png,test,leaf_scald,b2a5c6579be8101b848c157c891af91e950bcdd4428647c51a3083a8e61a7431,unreviewed,
test/leaf_scald/leaf_scald (161).jpg,masks/test/leaf_scald/leaf_scald (161).jpg.png,test,leaf_scald,ccb00a71ee67dbe525a01efc22964510075a7dfb8125777edb16d5641a4939f1,unreviewed,
test/leaf_scald/leaf_scald (162).jpg,masks/test/leaf_scald/leaf_scald (162).jpg.png,test,leaf_scald,b2c4fc5baf7a3324c7ba0f65a51382170da7e0f6dbb68f35727920c9000c3514,unreviewed,
test/leaf_scald/leaf_scald (164).jpg,masks/test/leaf_scald/leaf_scald (164).jpg.png,test,leaf_scald,0600b9b1d30602e85940c4f2a8bbfb2486fac9422dc54697528e1b5d102a962c,unreviewed,
test/leaf_scald/leaf_scald (166).jpg,masks/test/leaf_scald/leaf_scald (166).jpg.png,test,leaf_scald,65bb83af9d62c49d6c05e31d85078ae83fc183d6e1f0c187b4d125e3a3f439dc,unreviewed,
test/leaf_scald/leaf_scald (172).jpg,masks/test/leaf_scald/leaf_scald (172).jpg.png,test,leaf_scald,b9ba24dfc3facbdf967e7ddb3d08d4ba7994720e696cea7033b6e8a18f2d6656,unreviewed,
test/leaf_scald/leaf_scald (182).jpg,masks/test/leaf_scald/leaf_scald (182).jpg.png,test,leaf_scald,df9ea840f86107ae5f45fc6e5262e3dbde3ac4c6e48cbac896f313608d45b53f,unreviewed,
test/leaf_scald/leaf_scald (187).jpg,masks/test/leaf_scald/leaf_scald (187).jpg.png,test,leaf_scald,bc61bdba6121cf2982225da8fd81ea30119f386da7cca5c647134edae9dcc44b,unreviewed,
test/leaf_scald/leaf_scald (19).jpg,masks/test/leaf_scald/leaf_scald (19).jpg.png,test,leaf_scald,2a2f7482a5f56c6f32948bec83138ebf95950555b46e11d2c79ef80c0edcf45d,unreviewed,
test/leaf_scald/leaf_scald (197).jpg,masks/test/leaf_scald/leaf_scald (197).jpg.png,test,leaf_scald,d399a62b28fc0ca37139efcd8e2cd918000bf4741ccb9b859f18afa289b22aa2,unreviewed,
test/leaf_scald/leaf_scald (199).jpg,masks/test/leaf_scald/leaf_scald (199).jpg.png,test,leaf_scald,e3c4bef9dfd3b3f2d6f3ba21b07d413657b5385d477f52710c381eaa8811d620,unreviewed,
test/leaf_scald/leaf_scald (200).jpg,masks/test/leaf_scald/leaf_scald (200).jpg.png,test,leaf_scald,e0d56fd58d37df8643adffda4a30ed9f80055085870ce66754fed0f67e9d0485,unreviewed,
test/leaf_scald/leaf_scald (213).jpg,masks/test/leaf_scald/leaf_scald (213).jpg.png,test,leaf_scald,f7475e0da370ec0e78063b5ea56c89fc7a84dbc95cb3f70d701e070d8fb25ccb,unreviewed,
test/leaf_scald/leaf_scald (215).jpg,masks/test/leaf_scald/leaf_scald (215).jpg.png,test,leaf_scald,48f064917d9ca7addb87d9be532195f32074923bfa7fb8e5cc320478ddc05054,unreviewed,
test/leaf_scald/leaf_scald (219).jpg,masks/test/leaf_scald/leaf_scald (219).jpg.png,test,leaf_scald,70a5c9975c202a89486f8a658bc1ba911a859b49c61e7ca99754cc122535ea91,unreviewed,
test/leaf_scald/leaf_scald (223).jpg,masks/test/leaf_scald/leaf_scald (223).jpg.png,test,leaf_scald,2d95af908ce775e75dbd68d51be40685739da62b9ba9832f0f7df29f894a14a0,unreviewed,
test/leaf_scald/leaf_scald (224).jpg,masks/test/leaf_scald/leaf_scald (224).jpg.png,test,leaf_scald,31245426fca3aa9c04adba9951fa85fd181d87f44620f88a7988b8439bb290cf,unreviewed,
test/leaf_scald/leaf_scald (23).jpg,masks/test/leaf_scald/leaf_scald (23).jpg.png,test,leaf_scald,d2a57b40480ee2b66aca4247085fa99181c078479c3aa10d30e089168ec56ce8,unreviewed,
test/leaf_scald/leaf_scald (232).jpg,masks/test/leaf_scald/leaf_scald (232).jpg.png,test,leaf_scald,0bae26def9dbf7882b393f63d21fa708dd7e2d8e77c526da8727aa7b06789784,unreviewed,
test/leaf_scald/leaf_scald (234).jpg,masks/test/leaf_scald/leaf_scald (234).jpg.png,test,leaf_scald,e0a20441e09ce439df48953f53af6c6752264eb480af19c25a9b5c45dd46a31d,unreviewed,
test/leaf_scald/leaf_scald (237).jpg,masks/test/leaf_scald/leaf_scald (237).jpg.png,test,leaf_scald,7df0366494093a57b9c9d95f198806c08e05960bd17090abfed6b1de4407c509,unreviewed,
test/leaf_scald/leaf_scald (242).jpg,masks/test/leaf_scald/leaf_scald (242).jpg.png,test,leaf_scald,2615bfa13ed2ccd3eac2391efddfb82ee23b1b95e8f4de66c9738e1d36614fe5,unreviewed,
test/leaf_scald/leaf_scald (249).jpg,masks/test/leaf_scald/leaf_scald (249).jpg.png,test,leaf_scald,16d65949f328ee40a988489be07398f296764dd18809e806f2f108ffb1c61507,unreviewed,
test/leaf_scald/leaf_scald (251).jpg,masks/test/leaf_scald/leaf_scald (251).jpg.png,test,leaf_scald,36dbb06848dfd3dbdebf3557f2520d1571885afcaf47cd1645c752a4b0d0e7a2,unreviewed,
test/leaf_scald/leaf_scald (255).jpg,masks/test/leaf_scald/leaf_scald (255).jpg.png,test,leaf_scald,e6898e7890b66e920d2f26576acc6bcc3c6632b8ff0fe99c62e1b8a00db9dc3d,unreviewed,
test/leaf_scald/leaf_scald (262).jpg,masks/test/leaf_scald/leaf_scald (262).jpg.png,test,leaf_scald,fe791080cf509701a5aad8f5b7a95a9588e843211b56bc1dc3c729bdd0268ef4,unreviewed,
test/leaf_scald/leaf_scald (264).jpg,masks/test/leaf_scald/leaf_scald (264).jpg.png,test,leaf_scald,3a014c76ffac8622c47eab90d1107bd0d39ba6867ee6ac780826accb5ecfd5bd,unreviewed,
test/leaf_scald/leaf_scald (267).jpg,masks/test/leaf_scald/leaf_scald (267).jpg.png,test,leaf_scald,b92c7aa8ce79250755edd965a083880d8004efaa7f11fcab1ef30f6668dd0e63,unreviewed,
test/leaf_scald/leaf_scald (276).jpg,masks/test/leaf_scald/leaf_scald (276).jpg.png,test,leaf_scald,dd4f2d5bdde9ee70596428dff141b43fde45f2afb08065efe4f18c0d6b625a7c,unreviewed,
test/leaf_scald/leaf_scald (277).jpg,masks/test/leaf_scald/leaf_scald (277).jpg.png,test,leaf_scald,fb8a3baa04800585cb3ab3e4c1b9cdad25bef59a281d089d82e4541b18d2f682,unreviewed,
test/leaf_scald/leaf_scald (291).jpg,masks/test/leaf_scald/leaf_scald (291).jpg.png,test,leaf_scald,c26c0e062401b3b370db6d27bc9807462971889b247e911b0a8a02af66b76b4c,unreviewed,
test/leaf_scald/leaf_scald (302).jpg,masks/test/leaf_scald/leaf_scald (302).jpg.png,test,leaf_scald,f14d56620cefb4e669b6091147377aa529eb282e70ef6e356e797c8fcf47ba2a,unreviewed,
test/leaf_scald/leaf_scald (304).jpg,masks/test/leaf_scald/leaf_scald (304).jpg.png,test,leaf_scald,7ce6ef91ee05d9b9fd3f6db19388c3890b474e4d904cdcf802060acbb1f8eb80,unreviewed,
test/leaf_scald/leaf_scald (31).jpg,masks/test/leaf_scald/leaf_scald (31).jpg.png,test,leaf_scald,8ee49875590d52ed24db7b44dfb34eec4f068623c8ffc6e142afe31c161404e2,unreviewed,
test/leaf_scald/leaf_scald (310).jpg,masks/test/leaf_scald/leaf_scald (310).jpg.png,test,leaf_scald,0245fae746c6b623df75cd0df4ec5ecdc86d720864a081fe671ec581608233b4,unreviewed,
test/leaf_scald/leaf_scald (313).jpg,masks/test/leaf_scald/leaf_scald (313).jpg.png,test,leaf_scald,e854f6af4e786062b166db6c53faf0018b6de1b060ceea83830deda779105fdf,unreviewed,
test/leaf_scald/leaf_scald (316).jpg,masks/test/leaf_scald/leaf_scald (316).jpg.png,test,leaf_scald,474ad1b1bc7256de8407719c4b5520485a15282231c964dd9154049dd6ec11ea,unreviewed,
test/leaf_scald/leaf_scald (322).jpg,masks/test/leaf_scald/leaf_scald (322).jpg.png,test,leaf_scald,2dc7f44a50c6cae862d4340e002b1915c1eaa00eed6a85e52a5b0e936104b3b9,unreviewed,
test/leaf_scald/leaf_scald (325).jpg,masks/test/leaf_scald/leaf_scald (325).jpg.png,test,leaf_scald,524cc09bdd7d0321fd9e0bfee1bc762b1b544a11db6ef9de1516d042b36c6f37,unreviewed,
test/leaf_scald/leaf_scald (328).jpg,masks/test/leaf_scald/leaf_scald (328).jpg.png,test,leaf_scald,f5201266811bb215d9743b53a5a1331ff28c05fd529f49f615871db3078dfdb4,unreviewed,
test/leaf_scald/leaf_scald (33).jpg,masks/test/leaf_scald/leaf_scald (33).jpg.png,test,leaf_scald,544ebf419e1811d3a5c2677ebb86359c1d7102428e189b5b8fa25c8e1eb95a13,unreviewed,
test/leaf_scald/leaf_scald (333).jpg,masks/test/leaf_scald/leaf_scald (333).jpg.png,test,leaf_scald,ccad4272836b5d8f51c6218b999163983805e34a8d0e238ad5410d780bf2e684,unreviewed,
test/leaf_scald/leaf_scald (35).jpg,masks/test/leaf_scald/leaf_scald (35).jpg.png,test,leaf_scald,0371e1df445c8c92b2c68e45db116b33e4fda21d16a19ed73409eb7ddbec0ee4,unreviewed,
test/leaf_scald/leaf_scald (43).jpg,masks/test/leaf_scald/leaf_scald (43).jpg.png,test,leaf_scald,e4f40d65418931304843ca132382326f43d6570fc5d63b0b3cd7577f2b1dd983,unreviewed,
test/leaf_scald/leaf_scald (47).jpg,masks/test/leaf_scald/leaf_scald (47).jpg.png,test,leaf_scald,a1423ca02fdf982189691feae10acd7ebb7c0e53e259e5a9c8930d9b476e161c,unreviewed,
test/leaf_scald/leaf_scald (49).jpg,masks/test/leaf_scald/leaf_scald (49).jpg.png,test,leaf_scald,3d45d780dd91b21ed411879a7d080942969c8097c41d3230f4c893907f5a8ad7,unreviewed,
test/leaf_scald/leaf_scald (55).jpg,masks/test/leaf_scald/leaf_scald (55).jpg.png,test,leaf_scald,074b3e689c99f448186e50b07ac71252bf6053d7478aa6b017a8c7609edefa1f,unreviewed,
test/leaf_scald/leaf_scald (72).jpg,masks/test/leaf_scald/leaf_scald (72).jpg.png,test,leaf_scald,90a9a7d28941f61c3df96ec6770ae9f951f90d1247791ad41305fd75804cb077,unreviewed,
test/leaf_scald/leaf_scald (76).jpg,masks/test/leaf_scald/leaf_scald (76).jpg.png,test,leaf_scald,705a929d3f87c9642fa9e14b941e9b2c63855a7b9fe4a43370c0b5fefe29276f,unreviewed,
test/leaf_scald/leaf_scald (77).jpg,masks/test/leaf_scald/leaf_scald (77).jpg.png,test,leaf_scald,3fb9a30c8b458aba73c84f6386cfa141a7f3af0e28914ea8610f26ffd6ab93f3,unreviewed,
test/leaf_scald/leaf_scald (87).jpg,masks/test/leaf_scald/leaf_scald (87).jpg.png,test,leaf_scald,ed0be2c12325118a1f6022f87f50643e7174517287f5e4742b7f2cd9b3671df9,unreviewed,
test/leaf_scald/leaf_scald (91).jpg,masks/test/leaf_scald/leaf_scald (91).jpg.png,test,leaf_scald,7d90046e063a072c90bdaf1644b9bb115fe9df9a6a1c2551768de2ffa2a0250a,unreviewed,
test/narrow_brown_spot/narrow_brown (104).jpg,masks/test/narrow_brown_spot/narrow_brown (104).jpg.png,test,narrow_brown_spot,f1b5ea4a39f0d7218aac96bc75a8aa5791bb52ab0d014c8689d77168de5418b6,unreviewed,
test/narrow_brown_spot/narrow_brown (105).jpg,masks/test/narrow_brown_spot/narrow_brown (105).jpg.png,test,narrow_brown_spot,b2a4c611a80cfcf56e9e457980b3aa20b84f2684d4ca697b4abe595aee001d7c,unreviewed,
test/narrow_brown_spot/narrow_brown (109).jpg,masks/test/narrow_brown_spot/narrow_brown (109).jpg.png,test,narrow_brown_spot,e87a23cba19dd0ea51d2fed125123a4a1ffc78baa5644322cb97e86f8d3533f4,unreviewed,
test/narrow_brown_spot/narrow_brown (110).jpg,masks/test/narrow_brown_spot/narrow_brown (110).jpg.png,test,narrow_brown_spot,174218aad0d4d5fce1f5c7ab5f67785c049f9a2fc7abe75c4d83d25d31dc885b,unreviewed,
test/narrow_brown_spot/narrow_brown (112).jpg,masks/test/narrow_brown_spot/narrow_brown (112).jpg.png,test,narrow_brown_spot,117a789c86bb83e2e59ccce1e97731af8295e91af38adefb01842aa66faa3ae6,unreviewed,
test/narrow_brown_spot/narrow_brown (121).jpg,masks/test/narrow_brown_spot/narrow_brown (121).jpg.png,test,narrow_brown_spot,762ddb3acbe14427ee9f7671ee361be455e93c8e4b4e36149233cd3f7353a076,unreviewed,
test/narrow_brown_spot/narrow_brown (125).jpg,masks/test/narrow_brown_spot/narrow_brown (125).jpg.png,test,narrow_brown_spot,f62da4c9377be1de05f17d37d0d877ee88745f8c6554b7fc0fe772d6ad0fbcf5,unreviewed,
test/narrow_brown_spot/narrow_brown (126).jpg,masks/test/narrow_brown_spot/narrow_brown (126).jpg.png,test,narrow_brown_spot,a0d15eb857eb86793493434eae49a7ba76fa37d9b820e0902c05abdbaf9d7763,unreviewed,
test/narrow_brown_spot/narrow_brown (127).jpg,masks/test/narrow_brown_spot/narrow_brown (127).jpg.png,test,narrow_brown_spot,54160c16b264eda3670e2351b61081c09a3ea3361b0c48f6ed29dd4e4632d3d5,unreviewed,
test/narrow_brown_spot/narrow_brown (128).jpg,masks/test/narrow_brown_spot/narrow_brown (128).jpg.png,test,narrow_brown_spot,e3a09b2ed2319247bba6555a36942faab3965ea8ce9d15013b1d9602f9c60514,unreviewed,
test/narrow_brown_spot/narrow_brown (129).jpg,masks/test/narrow_brown_spot/narrow_brown (129).jpg.png,test,narrow_brown_spot,5dc13563dc3d69c57385bb93fa8e4de69be581c1e3826147c6cabe390d93ab83,unreviewed,
test/narrow_brown_spot/narrow_brown (130).jpg,masks/test/narrow_brown_spot/narrow_brown (130).jpg.png,test,narrow_brown_spot,813dba7f2b7b1dc74b215c890f058fea335a609192c904cbe4f73cfa4745e8c9,unreviewed,
test/narrow_brown_spot/narrow_brown (137).jpg,masks/test/narrow_brown_spot/narrow_brown (137).jpg.png,test,narrow_brown_spot,300d0a9dabd85f244b099232c1a7e7334dc461fa47a4d1890009cfec2099cc93,unreviewed,
test/narrow_brown_spot/narrow_brown (147).jpg,masks/test/narrow_brown_spot/narrow_brown (147).jpg.png,test,narrow_brown_spot,417f8ae626f4530e50b10c95dddf7ab2503c4c7702af6273ed0f1002d86244a8,unreviewed,
test/narrow_brown_spot/narrow_brown (148).jpg,masks/test/narrow_brown_spot/narrow_brown (148).jpg.png,test,narrow_brown_spot,7870881e557c4aee3ac24ce4e67c61ff73eed4e9a160843a39fa987c1c5d2834,unreviewed,
test/narrow_brown_spot/narrow_brown (153).jpg,masks/test/narrow_brown_spot/narrow_brown (153).jpg.png,test,narrow_brown_spot,8ba92e956da18aae50361d71cf5eeb9989501c84f7cc7c87c2a4ae07d95e24e8,unreviewed,
test/narrow_brown_spot/narrow_brown (166).jpg,masks/test/narrow_brown_spot/narrow_brown (166).jpg.png,test,narrow_brown_spot,be31de7871ea0e9d7478cdca9ebbe52f78633fdbe6642c4effca4bc1130cdcb9,unreviewed,
test/narrow_brown_spot/narrow_brown (167).jpg,masks/test/narrow_brown_spot/narrow_brown (167).jpg.png,test,narrow_brown_spot,cab698473f0d3f1ad847fe6dcaa18a4400fcf77ccbca6de13376de914c65ce45,unreviewed,
test/narrow_brown_spot/narrow_brown (168).jpg,masks/test/narrow_brown_spot/narrow_brown (168).jpg.png,test,narrow_brown_spot,6c63363528d8fbc6c342b7fc13c651a7b862e9e74a9f2284bd5375251c262663,unreviewed,
test/narrow_brown_spot/narrow_brown (181).jpg,masks/test/narrow_brown_spot/narrow_brown (181).jpg.png,test,narrow_brown_spot,3be96686c2d8b7dee55d2c2e6cf95bd6a79c3fb2c6b349cfba6c21ac7c52a2f4,unreviewed,
test/narrow_brown_spot/narrow_brown (184).jpg,masks/test/narrow_brown_spot/narrow_brown (184).jpg.png,test,narrow_brown_spot,cf5d7fcfd1c0c06da18235cbbb752c26e05a0967ca3e8f9aeb3ff739787dc4aa,unreviewed,
test/narrow_brown_spot/narrow_brown (19).jpg,masks/test/narrow_brown_spot/narrow_brown (19).jpg.png,test,narrow_brown_spot,b6d848972802fc73d8d2f7eebcf2627c64991c704335e9ef2487fdf75e385bd5,unreviewed,
test/narrow_brown_spot/narrow_brown (2).jpg,masks/test/narrow_brown_spot/narrow_brown (2).jpg.png,test,narrow_brown_spot,0d76a8d3e60c0ec6ada8e00cd7eb1d23dcdb849c1660315f8989545358a18312,unreviewed,
test/narrow_brown_spot/narrow_brown (225).jpg,masks/test/narrow_brown_spot/narrow_brown (225).jpg.png,test,narrow_brown_spot,40a5b7e3c8a97666246a4c4a45f46e9118563dd230d9d71615a689015d6457bb,unreviewed,
test/narrow_brown_spot/narrow_brown (237).jpg,masks/test/narrow_brown_spot/narrow_brown (237).jpg.png,test,narrow_brown_spot,bbe668d5c49d286ca6a2c9abf68f275fe269c04f885c299fc0f931863b7a6445,unreviewed,
test/narrow_brown_spot/narrow_brown (239).jpg,masks/test/narrow_brown_spot/narrow_brown (239).jpg.png,test,narrow_brown_spot,5ad8bdd7557e917c44b841f6226e3cae76f56603e74c72e946a584dca2a593d3,unreviewed,
test/narrow_brown_spot/narrow_brown (241).jpg,masks/test/narrow_brown_spot/narrow_brown (241).jpg.png,test,narrow_brown_spot,72731a0afb65371997e384ac6745c5219bc937ddba362e72d96f47e9059201af,unreviewed,
test/narrow_brown_spot/narrow_brown (243).jpg,masks/test/narrow_brown_spot/narrow_brown (243).jpg.png,test,narrow_brown_spot,9bfb31a301693b61acbe14448033c3dabd6512a4ca497bb9dccf80666464d04f,unreviewed,
test/narrow_brown_spot/narrow_brown (247).jpg,masks/test/narrow_brown_spot/narrow_brown (247).jpg.png,test,narrow_brown_spot,d99501f2d11dec89634b2be44c95dafb50844905b46283020aa5b0fc3461a80a,unreviewed,
test/narrow_brown_spot/narrow_brown (248).jpg,masks/test/narrow_brown_spot/narrow_brown (248).jpg.png,test,narrow_brown_spot,47e96a5d87d2ed339731ed7f4fc21db3d07539af4183258a0e41830159fe591a,unreviewed,
test/narrow_brown_spot/narrow_brown (249).jpg,masks/test/narrow_brown_spot/narrow_brown (249).jpg.png,test,narrow_brown_spot,65ad6569ea4100370878d7cf5f2676404750b9ccba8828bb3ff082489b383f74,unreviewed,
test/narrow_brown_spot/narrow_brown (25).jpg,masks/test/narrow_brown_spot/narrow_brown (25).jpg.png,test,narrow_brown_spot,659ad223c334831bab818e33e447cd4e0aed95346a47e47a194556bc0c4c7828,unreviewed,
test/narrow_brown_spot/narrow_brown (254).jpg,masks/test/narrow_brown_spot/narrow_brown (254).jpg.png,test,narrow_brown_spot,e22a067aa0a4b8f0b9c6e2f72ce25d283564841f14ed5b42063f2ad90b4d0b7d,unreviewed,
test/narrow_brown_spot/narrow_brown (257).jpg,masks/test/narrow_brown_spot/narrow_brown (257).jpg.png,test,narrow_brown_spot,854f9d366326820a7b2997f1198025c5c369e1f00f87e05e2b08b3fd363dc6c8,unreviewed,
test/narrow_brown_spot/narrow_brown (262).jpg,masks/test/narrow_brown_spot/narrow_brown (262).jpg.png,test,narrow_brown_spot,774edbaee2ac1b6d77f09e50371ef30e5defd2f76d739e819be030781756da9d,unreviewed,
test/narrow_brown_spot/narrow_brown (267).jpg,masks/test/narrow_brown_spot/narrow_brown (267).jpg.png,test,narrow_brown_spot,676139cc2ff1c6e005f3b4778c2d4e02b51379d9e029dafca4fdb30bfe7c5498,unreviewed,
test/narrow_brown_spot/narrow_brown (276).jpg,masks/test/narrow_brown_spot/narrow_brown (276).jpg.png,test,narrow_brown_spot,1083be9b165a32f42a40e5ec13faab188ad163dfdee4992289c966b181011eab,unreviewed,
test/narrow_brown_spot/narrow_brown (277).jpg,masks/test/narrow_brown_spot/narrow_brown (277).jpg.png,test,narrow_brown_spot,8e244005d6d860c2c422175128636134888c6fb3ec2082840dadd10ceabfcf74,unreviewed,
test/narrow_brown_spot/narrow_brown (285).jpg,masks/test/narrow_brown_spot/narrow_brown (285).jpg.png,test,narrow_brown_spot,5966f827df3aaf8cda5e649a357c92f287a0c4732f1dd3425dc3569da6bdef19,unreviewed,
test/narrow_brown_spot/narrow_brown (291).jpg,masks/test/narrow_brown_spot/narrow_brown (291).jpg.png,test,narrow_brown_spot,52b4e46f94d159b9c5dd92926082d72dee2ff0589243feb665e9549bde92f4da,unreviewed,
test/narrow_brown_spot/narrow_brown (294).jpg,masks/test/narrow_brown_spot/narrow_brown (294).jpg.png,test,narrow_brown_spot,4c58437f16cfe78146dc76f0a8b77f60b95dee459ae002f10f2f60c668294a47,unreviewed,
test/narrow_brown_spot/narrow_brown (3).jpg,masks/test/narrow_brown_spot/narrow_brown (3).jpg.png,test,narrow_brown_spot,ce135fe8c1777728b475040572ed0ef8bc36e78d7360329dfc2a016bc287d0d2,unreviewed,
test/narrow_brown_spot/narrow_brown (318).jpg,masks/test/narrow_brown_spot/narrow_brown (318).jpg.png,test,narrow_brown_spot,57d2630afa651b8a537fd60a62782dbc0726796d3bf6394ee68c204fb808e1c9,unreviewed,
test/narrow_brown_spot/narrow_brown (32).jpg,masks/test/narrow_brown_spot/narrow_brown (32).jpg.png,test,narrow_brown_spot,dd63ff38865b9ce1441b5a6d1c0b313bbafa1c43c86ee4d7ff95a96891318e09,unreviewed,
test/narrow_brown_spot/narrow_brown (34).jpg,masks/test/narrow_brown_spot/narrow_brown (34).jpg.png,test,narrow_brown_spot,c2b63616c31c76d1d839b40eb8916a2a878c64702fa800a66a613a05cfde7565,unreviewed,
test/narrow_brown_spot/narrow_brown (341).jpg,masks/test/narrow_brown_spot/narrow_brown (341).jpg.png,test,narrow_brown_spot,38cfd1e2418a1ba1c6a11e829fb768ea48fc4f4501a1a9e2d0eac30f908f3af1,unreviewed,
test/narrow_brown_spot/narrow_brown (348).jpg,masks/test/narrow_brown_spot/narrow_brown (348).jpg.png,test,narrow_brown_spot,f5a0023e791d7fc04e16cd23fd23cbf18c856760e51121fe54fa01fea749b928,unreviewed,
test/narrow_brown_spot/narrow_brown (349).jpg,masks/test/narrow_brown_spot/narrow_brown (349).jpg.png,test,narrow_brown_spot,8c8011659c8d12fe30468dd47311771f6982bf68b4e315fa249977744e71516a,unreviewed,
test/narrow_brown_spot/narrow_brown (35).jpg,masks/test/narrow_brown_spot/narrow_brown (35).jpg.png,test,narrow_brown_spot,4d8c4f8f958df372431718e5b686fddab5c34a68eb1fc619ae6fe3269f9a9d4c,unreviewed,
test/narrow_brown_spot/narrow_brown (37).jpg,masks/test/narrow_brown_spot/narrow_brown (37).jpg.png,test,narrow_brown_spot,69923bf12b17c0f2b7f251771a0475b8193aa0fee22749918e3cc80e48518c14,unreviewed,
test/narrow_brown_spot/narrow_brown (39).jpg,masks/test/narrow_brown_spot/narrow_brown (39).jpg.png,test,narrow_brown_spot,1268a73988d329f885c0e92cd67031fdea1dc129d2971e5e5c39c2b294022c54,unreviewed,
test/narrow_brown_spot/narrow_brown (44).jpg,masks/test/narrow_brown_spot/narrow_brown (44).jpg.png,test,narrow_brown_spot,f80f4cef46f89f9091dbda01cb7da5cbe6e70225f8390cfe53aa33284cc2299c,unreviewed,
test/narrow_brown_spot/narrow_brown (48).jpg,masks/test/narrow_brown_spot/narrow_brown (48).jpg.png,test,narrow_brown_spot,6af090a66bbea37c3856b121987e4a7076c06a54aa6887a2bad773dfa8967ff0,unreviewed,
test/narrow_brown_spot/narrow_brown (49).jpg,masks/test/narrow_brown_spot/narrow_brown (49).jpg.png,test,narrow_brown_spot,8621d267e6a418e07581d1eed5983bd38feedef7b8dc5082fcb5d154059a3e62,unreviewed,
test/narrow_brown_spot/narrow_brown (53).jpg,masks/test/narrow_brown_spot/narrow_brown (53).jpg.png,test,narrow_brown_spot,5ea90a6267ffa1658149a691c9c1dba7450becb112f63477879b52009835f08e,unreviewed,
test/narrow_brown_spot/narrow_brown (55).jpg,masks/test/narrow_brown_spot/narrow_brown (55).jpg.png,test,narrow_brown_spot,0e81b1837451c7f0d32bd17a0d59dd7d918c7f23a3a3b3a731e88e3511425a25,unreviewed,
test/narrow_brown_spot/narrow_brown (6).jpg,masks/test/narrow_brown_spot/narrow_brown (6).jpg.png,test,narrow_brown_spot,8e4eefba2abc66d8930cdae2c61bce3c21e55ec2285f39eddfb7bbb4c15127c4,unreviewed,
test/narrow_brown_spot/narrow_brown (64).jpg,masks/test/narrow_brown_spot/narrow_brown (64).jpg.png,test,narrow_brown_spot,85fea9155eaff3e06218ca3d72bad81df49c432b503fa87f9019d682d8e10ca4,unreviewed,
test/narrow_brown_spot/narrow_brown (71).jpg,masks/test/narrow_brown_spot/narrow_brown (71).jpg.png,test,narrow_brown_spot,f294be75113fc38ebbc1d8a65a3a7f5ace459059a149edb7447584189e8db81c,unreviewed,
test/narrow_brown_spot/narrow_brown (76).jpg,masks/test/narrow_brown_spot/narrow_brown (76).jpg.png,test,narrow_brown_spot,cf2c8eea9e14ccfd06f2c032162a8db4fcfa77b370b3da12ac78ba887e4babed,unreviewed,
test/narrow_brown_spot/narrow_brown (77).jpg,masks/test/narrow_brown_spot/narrow_brown (77).jpg.png,test,narrow_brown_spot,aaff6214393a5931d1c67122efa7ba078d82b0282d787784d7f98a104b84bbf3,unreviewed,
test/narrow_brown_spot/narrow_brown (8).jpg,masks/test/narrow_brown_spot/narrow_brown (8).jpg.png,test,narrow_brown_spot,e601e4677288dc572cb4447293c8497cd7cc8270bfd98f5e41aeb431f6306cf8,unreviewed,
test/narrow_brown_spot/narrow_brown (83).jpg,masks/test/narrow_brown_spot/narrow_brown (83).jpg.png,test,narrow_brown_spot,1383d49106e73fbaab84c94aad8263ba3a916e344a76780f8bc93037c9cca599,unreviewed,
test/narrow_brown_spot/narrow_brown (93).jpg,masks/test/narrow_brown_spot/narrow_brown (93).jpg.png,test,narrow_brown_spot,3e6e638b9a80a220c6569c2cdaec74f9732c89be3e176db303440d07e1d6185d,unreviewed,
test/narrow_brown_spot/narrow_brown (94).jpg,masks/test/narrow_brown_spot/narrow_brown (94).jpg.png,test,narrow_brown_spot,dd0ef99eed6e1f69ec2ca75902ef7a858c9f6f58fcfa6ed83f1a67686a955580,unreviewed,
test/narrow_brown_spot/narrow_brown (99).jpg,masks/test/narrow_brown_spot/narrow_brown (99).jpg.png,test,narrow_brown_spot,86225358aa9c645d1eec7228fb98ca23bf27f7c87c078b02d1d43af8e49705c1,unreviewed,
