source_path,split,class_name,leaf_instances,lesion_candidates,leaf_pixels,candidate_lesion_pixels,review_flags,metadata
train/bacterial_leaf_blight/bacterial_leaf_blight (1).JPG,train,bacterial_leaf_blight,1,18,1418488,161932,requires_human_review,metadata/train/bacterial_leaf_blight/bacterial_leaf_blight (1).JPG.json
train/bacterial_leaf_blight/bacterial_leaf_blight (101).JPG,train,bacterial_leaf_blight,1,17,739164,94832,requires_human_review,metadata/train/bacterial_leaf_blight/bacterial_leaf_blight (101).JPG.json
train/bacterial_leaf_blight/bacterial_leaf_blight (102).JPG,train,bacterial_leaf_blight,1,11,610240,203476,requires_human_review,metadata/train/bacterial_leaf_blight/bacterial_leaf_blight (102).JPG.json
train/bacterial_leaf_blight/bacterial_leaf_blight (103).JPG,train,bacterial_leaf_blight,1,15,1030772,127360,requires_human_review,metadata/train/bacterial_leaf_blight/bacterial_leaf_blight (103).JPG.json
train/bacterial_leaf_blight/bacterial_leaf_blight (104).JPG,train,bacterial_leaf_blight,1,24,1216028,112712,requires_human_review,metadata/train/bacterial_leaf_blight/bacterial_leaf_blight (104).JPG.json
train/bacterial_leaf_blight/bacterial_leaf_blight (105).JPG,train,bacterial_leaf_blight,1,10,873856,146580,requires_human_review,metadata/train/bacterial_leaf_blight/bacterial_leaf_blight (105).JPG.json
train/bacterial_leaf_blight/bacterial_leaf_blight (106).JPG,train,bacterial_leaf_blight,1,4,1250880,168280,requires_human_review,metadata/train/bacterial_leaf_blight/bacterial_leaf_blight (106).JPG.json
train/bacterial_leaf_blight/bacterial_leaf_blight (107).JPG,train,bacterial_leaf_blight,1,12,1007460,367628,requires_human_review,metadata/train/bacterial_leaf_blight/bacterial_leaf_blight (107).JPG.json
train/bacterial_leaf_blight/bacterial_leaf_blight (108).jpg,train,bacterial_leaf_blight,1,23,718208,188692,requires_human_review,metadata/train/bacterial_leaf_blight/bacterial_leaf_blight (108).jpg.json
train/bacterial_leaf_blight/bacterial_leaf_blight (109).jpg,train,bacterial_leaf_blight,1,8,441628,195140,requires_human_review,metadata/train/bacterial_leaf_blight/bacterial_leaf_blight (109).jpg.json
train/bacterial_leaf_blight/bacterial_leaf_blight (11).JPG,train,bacterial_leaf_blight,1,14,365900,50752,requires_human_review,metadata/train/bacterial_leaf_blight/bacterial_leaf_blight (11).JPG.json
train/bacterial_leaf_blight/bacterial_leaf_blight (110).jpg,train,bacterial_leaf_blight,1,52,1097796,257636,requires_human_review,metadata/train/bacterial_leaf_blight/bacterial_leaf_blight (110).jpg.json
train/bacterial_leaf_blight/bacterial_leaf_blight (111).JPG,train,bacterial_leaf_blight,1,20,790484,152948,requires_human_review,metadata/train/bacterial_leaf_blight/bacterial_leaf_blight (111).JPG.json
train/bacterial_leaf_blight/bacterial_leaf_blight (113).jpg,train,bacterial_leaf_blight,1,11,1054748,23124,requires_human_review,metadata/train/bacterial_leaf_blight/bacterial_leaf_blight (113).jpg.json
train/bacterial_leaf_blight/bacterial_leaf_blight (114).JPG,train,bacterial_leaf_blight,1,7,862936,255996,requires_human_review,metadata/train/bacterial_leaf_blight/bacterial_leaf_blight (114).JPG.json
train/bacterial_leaf_blight/bacterial_leaf_blight (116).JPG,train,bacterial_leaf_blight,1,15,786548,123308,requires_human_review,metadata/train/bacterial_leaf_blight/bacterial_leaf_blight (116).JPG.json
train/bacterial_leaf_blight/bacterial_leaf_blight (117).JPG,train,bacterial_leaf_blight,1,9,681152,139436,requires_human_review,metadata/train/bacterial_leaf_blight/bacterial_leaf_blight (117).JPG.json
train/bacterial_leaf_blight/bacterial_leaf_blight (118).JPG,train,bacterial_leaf_blight,1,9,989320,68644,requires_human_review,metadata/train/bacterial_leaf_blight/bacterial_leaf_blight (118).JPG.json
train/bacterial_leaf_blight/bacterial_leaf_blight (120).JPG,train,bacterial_leaf_blight,1,17,1030552,65628,requires_human_review,metadata/train/bacterial_leaf_blight/bacterial_leaf_blight (120).JPG.json
train/bacterial_leaf_blight/bacterial_leaf_blight (121).JPG,train,bacterial_leaf_blight,1,12,794828,260100,requires_human_review,metadata/train/bacterial_leaf_blight/bacterial_leaf_blight (121).JPG.json
train/bacterial_leaf_blight/bacterial_leaf_blight (122).JPG,train,bacterial_leaf_blight,1,13,857620,85652,requires_human_review,metadata/train/bacterial_leaf_blight/bacterial_leaf_blight (122).JPG.json
train/bacterial_leaf_blight/bacterial_leaf_blight (123).JPG,train,bacterial_leaf_blight,1,16,388676,80352,requires_human_review,metadata/train/bacterial_leaf_blight/bacterial_leaf_blight (123).JPG.json
train/bacterial_leaf_blight/bacterial_leaf_blight (124).jpg,train,bacterial_leaf_blight,1,6,393260,23692,requires_human_review,metadata/train/bacterial_leaf_blight/bacterial_leaf_blight (124).jpg.json
train/bacterial_leaf_blight/bacterial_leaf_blight (126).JPG,train,bacterial_leaf_blight,1,23,662944,113092,requires_human_review,metadata/train/bacterial_leaf_blight/bacterial_leaf_blight (126).JPG.json
train/bacterial_leaf_blight/bacterial_leaf_blight (127).JPG,train,bacterial_leaf_blight,2,38,916900,195148,requires_human_review;multiple_leaf_components,metadata/train/bacterial_leaf_blight/bacterial_leaf_blight (127).JPG.json
train/bacterial_leaf_blight/bacterial_leaf_blight (128).JPG,train,bacterial_leaf_blight,1,8,493664,39180,requires_human_review,metadata/train/bacterial_leaf_blight/bacterial_leaf_blight (128).JPG.json
train/bacterial_leaf_blight/bacterial_leaf_blight (13).JPG,train,bacterial_leaf_blight,1,26,355036,34048,requires_human_review,metadata/train/bacterial_leaf_blight/bacterial_leaf_blight (13).JPG.json
train/bacterial_leaf_blight/bacterial_leaf_blight (130).JPG,train,bacterial_leaf_blight,1,8,586848,31432,requires_human_review,metadata/train/bacterial_leaf_blight/bacterial_leaf_blight (130).JPG.json
train/bacterial_leaf_blight/bacterial_leaf_blight (131).JPG,train,bacterial_leaf_blight,1,14,527256,42812,requires_human_review,metadata/train/bacterial_leaf_blight/bacterial_leaf_blight (131).JPG.json
train/bacterial_leaf_blight/bacterial_leaf_blight (132).JPG,train,bacterial_leaf_blight,1,18,634068,55568,requires_human_review,metadata/train/bacterial_leaf_blight/bacterial_leaf_blight (132).JPG.json
train/bacterial_leaf_blight/bacterial_leaf_blight (135).JPG,train,bacterial_leaf_blight,1,11,462920,113272,requires_human_review,metadata/train/bacterial_leaf_blight/bacterial_leaf_blight (135).JPG.json
train/bacterial_leaf_blight/bacterial_leaf_blight (138).JPG,train,bacterial_leaf_blight,1,26,646588,46316,requires_human_review,metadata/train/bacterial_leaf_blight/bacterial_leaf_blight (138).JPG.json
train/bacterial_leaf_blight/bacterial_leaf_blight (139).JPG,train,bacterial_leaf_blight,1,21,754164,18684,requires_human_review,metadata/train/bacterial_leaf_blight/bacterial_leaf_blight (139).JPG.json
train/bacterial_leaf_blight/bacterial_leaf_blight (140).JPG,train,bacterial_leaf_blight,1,12,746976,135084,requires_human_review,metadata/train/bacterial_leaf_blight/bacterial_leaf_blight (140).JPG.json
train/bacterial_leaf_blight/bacterial_leaf_blight (141).JPG,train,bacterial_leaf_blight,1,11,699212,92644,requires_human_review,metadata/train/bacterial_leaf_blight/bacterial_leaf_blight (141).JPG.json
train/bacterial_leaf_blight/bacterial_leaf_blight (143).JPG,train,bacterial_leaf_blight,1,6,378820,38896,requires_human_review,metadata/train/bacterial_leaf_blight/bacterial_leaf_blight (143).JPG.json
train/bacterial_leaf_blight/bacterial_leaf_blight (144).JPG,train,bacterial_leaf_blight,1,23,380260,96052,requires_human_review,metadata/train/bacterial_leaf_blight/bacterial_leaf_blight (144).JPG.json
train/bacterial_leaf_blight/bacterial_leaf_blight (145).JPG,train,bacterial_leaf_blight,1,10,620140,59076,requires_human_review,metadata/train/bacterial_leaf_blight/bacterial_leaf_blight (145).JPG.json
train/bacterial_leaf_blight/bacterial_leaf_blight (146).JPG,train,bacterial_leaf_blight,1,24,696792,101624,requires_human_review,metadata/train/bacterial_leaf_blight/bacterial_leaf_blight (146).JPG.json
train/bacterial_leaf_blight/bacterial_leaf_blight (148).JPG,train,bacterial_leaf_blight,2,13,507936,68300,requires_human_review;multiple_leaf_components,metadata/train/bacterial_leaf_blight/bacterial_leaf_blight (148).JPG.json
train/bacterial_leaf_blight/bacterial_leaf_blight (149).JPG,train,bacterial_leaf_blight,1,23,740080,250676,requires_human_review,metadata/train/bacterial_leaf_blight/bacterial_leaf_blight (149).JPG.json
train/bacterial_leaf_blight/bacterial_leaf_blight (15).JPG,train,bacterial_leaf_blight,1,27,178732,61440,requires_human_review,metadata/train/bacterial_leaf_blight/bacterial_leaf_blight (15).JPG.json
train/bacterial_leaf_blight/bacterial_leaf_blight (150).JPG,train,bacterial_leaf_blight,1,10,778532,119540,requires_human_review,metadata/train/bacterial_leaf_blight/bacterial_leaf_blight (150).JPG.json
train/bacterial_leaf_blight/bacterial_leaf_blight (152).JPG,train,bacterial_leaf_blight,1,21,476436,69640,requires_human_review,metadata/train/bacterial_leaf_blight/bacterial_leaf_blight (152).JPG.json
train/bacterial_leaf_blight/bacterial_leaf_blight (156).JPG,train,bacterial_leaf_blight,1,22,232492,44940,requires_human_review,metadata/train/bacterial_leaf_blight/bacterial_leaf_blight (156).JPG.json
train/bacterial_leaf_blight/bacterial_leaf_blight (159).jpg,train,bacterial_leaf_blight,1,39,742992,126364,requires_human_review,metadata/train/bacterial_leaf_blight/bacterial_leaf_blight (159).jpg.json
train/bacterial_leaf_blight/bacterial_leaf_blight (160).JPG,train,bacterial_leaf_blight,1,28,191888,35464,requires_human_review,metadata/train/bacterial_leaf_blight/bacterial_leaf_blight (160).JPG.json
train/bacterial_leaf_blight/bacterial_leaf_blight (161).jpg,train,bacterial_leaf_blight,1,21,218056,44476,requires_human_review,metadata/train/bacterial_leaf_blight/bacterial_leaf_blight (161).jpg.json
train/bacterial_leaf_blight/bacterial_leaf_blight (164).JPG,train,bacterial_leaf_blight,1,16,602764,128904,requires_human_review,metadata/train/bacterial_leaf_blight/bacterial_leaf_blight (164).JPG.json
train/bacterial_leaf_blight/bacterial_leaf_blight (165).jpg,train,bacterial_leaf_blight,1,9,576540,13560,requires_human_review,metadata/train/bacterial_leaf_blight/bacterial_leaf_blight (165).jpg.json
train/bacterial_leaf_blight/bacterial_leaf_blight (166).JPG,train,bacterial_leaf_blight,1,5,434900,26096,requires_human_review,metadata/train/bacterial_leaf_blight/bacterial_leaf_blight (166).JPG.json
train/bacterial_leaf_blight/bacterial_leaf_blight (167).jpg,train,bacterial_leaf_blight,1,15,520656,153340,requires_human_review,metadata/train/bacterial_leaf_blight/bacterial_leaf_blight (167).jpg.json
train/bacterial_leaf_blight/bacterial_leaf_blight (169).JPG,train,bacterial_leaf_blight,1,28,434348,85560,requires_human_review,metadata/train/bacterial_leaf_blight/bacterial_leaf_blight (169).JPG.json
train/bacterial_leaf_blight/bacterial_leaf_blight (17).JPG,train,bacterial_leaf_blight,1,11,427540,40280,requires_human_review,metadata/train/bacterial_leaf_blight/bacterial_leaf_blight (17).JPG.json
train/bacterial_leaf_blight/bacterial_leaf_blight (170).jpg,train,bacterial_leaf_blight,1,50,605852,145452,requires_human_review,metadata/train/bacterial_leaf_blight/bacterial_leaf_blight (170).jpg.json
train/bacterial_leaf_blight/bacterial_leaf_blight (171).jpg,train,bacterial_leaf_blight,1,19,243156,107556,requires_human_review,metadata/train/bacterial_leaf_blight/bacterial_leaf_blight (171).jpg.json
train/bacterial_leaf_blight/bacterial_leaf_blight (172).jpg,train,bacterial_leaf_blight,1,14,394708,109148,requires_human_review,metadata/train/bacterial_leaf_blight/bacterial_leaf_blight (172).jpg.json
train/bacterial_leaf_blight/bacterial_leaf_blight (173).JPG,train,bacterial_leaf_blight,1,6,456428,42408,requires_human_review,metadata/train/bacterial_leaf_blight/bacterial_leaf_blight (173).JPG.json
train/bacterial_leaf_blight/bacterial_leaf_blight (174).JPG,train,bacterial_leaf_blight,1,12,367828,127108,requires_human_review,metadata/train/bacterial_leaf_blight/bacterial_leaf_blight (174).JPG.json
train/bacterial_leaf_blight/bacterial_leaf_blight (179).JPG,train,bacterial_leaf_blight,1,12,563868,76948,requires_human_review,metadata/train/bacterial_leaf_blight/bacterial_leaf_blight (179).JPG.json
train/bacterial_leaf_blight/bacterial_leaf_blight (18).JPG,train,bacterial_leaf_blight,1,15,343796,37876,requires_human_review,metadata/train/bacterial_leaf_blight/bacterial_leaf_blight (18).JPG.json
train/bacterial_leaf_blight/bacterial_leaf_blight (184).jpg,train,bacterial_leaf_blight,1,16,520968,153776,requires_human_review,metadata/train/bacterial_leaf_blight/bacterial_leaf_blight (184).jpg.json
train/bacterial_leaf_blight/bacterial_leaf_blight (185).JPG,train,bacterial_leaf_blight,1,14,370880,65768,requires_human_review,metadata/train/bacterial_leaf_blight/bacterial_leaf_blight (185).JPG.json
train/bacterial_leaf_blight/bacterial_leaf_blight (186).jpg,train,bacterial_leaf_blight,1,9,417344,74276,requires_human_review,metadata/train/bacterial_leaf_blight/bacterial_leaf_blight (186).jpg.json
train/bacterial_leaf_blight/bacterial_leaf_blight (187).JPG,train,bacterial_leaf_blight,1,3,434408,25112,requires_human_review,metadata/train/bacterial_leaf_blight/bacterial_leaf_blight (187).JPG.json
train/bacterial_leaf_blight/bacterial_leaf_blight (188).jpg,train,bacterial_leaf_blight,1,11,576452,13472,requires_human_review,metadata/train/bacterial_leaf_blight/bacterial_leaf_blight (188).jpg.json
train/bacterial_leaf_blight/bacterial_leaf_blight (189).JPG,train,bacterial_leaf_blight,1,19,603236,128872,requires_human_review,metadata/train/bacterial_leaf_blight/bacterial_leaf_blight (189).JPG.json
train/bacterial_leaf_blight/bacterial_leaf_blight (19).JPG,train,bacterial_leaf_blight,1,7,364836,78088,requires_human_review,metadata/train/bacterial_leaf_blight/bacterial_leaf_blight (19).JPG.json
train/bacterial_leaf_blight/bacterial_leaf_blight (191).jpg,train,bacterial_leaf_blight,1,10,576648,13664,requires_human_review,metadata/train/bacterial_leaf_blight/bacterial_leaf_blight (191).jpg.json
train/bacterial_leaf_blight/bacterial_leaf_blight (192).JPG,train,bacterial_leaf_blight,1,5,435196,26056,requires_human_review,metadata/train/bacterial_leaf_blight/bacterial_leaf_blight (192).JPG.json
train/bacterial_leaf_blight/bacterial_leaf_blight (195).jpg,train,bacterial_leaf_blight,1,15,520684,153360,requires_human_review,metadata/train/bacterial_leaf_blight/bacterial_leaf_blight (195).jpg.json
train/bacterial_leaf_blight/bacterial_leaf_blight (196).jpg,train,bacterial_leaf_blight,1,9,846088,230728,requires_human_review,metadata/train/bacterial_leaf_blight/bacterial_leaf_blight (196).jpg.json
train/bacterial_leaf_blight/bacterial_leaf_blight (197).jpg,train,bacterial_leaf_blight,1,20,243184,107576,requires_human_review,metadata/train/bacterial_leaf_blight/bacterial_leaf_blight (197).jpg.json
train/bacterial_leaf_blight/bacterial_leaf_blight (2).JPG,train,bacterial_leaf_blight,1,9,1015016,86204,requires_human_review,metadata/train/bacterial_leaf_blight/bacterial_leaf_blight (2).JPG.json
train/bacterial_leaf_blight/bacterial_leaf_blight (20).JPG,train,bacterial_leaf_blight,1,31,414692,49480,requires_human_review,metadata/train/bacterial_leaf_blight/bacterial_leaf_blight (20).JPG.json
train/bacterial_leaf_blight/bacterial_leaf_blight (200).JPG,train,bacterial_leaf_blight,1,28,470172,48412,requires_human_review,metadata/train/bacterial_leaf_blight/bacterial_leaf_blight (200).JPG.json
train/bacterial_leaf_blight/bacterial_leaf_blight (202).JPG,train,bacterial_leaf_blight,1,16,408212,52220,requires_human_review,metadata/train/bacterial_leaf_blight/bacterial_leaf_blight (202).JPG.json
train/bacterial_leaf_blight/bacterial_leaf_blight (203).JPG,train,bacterial_leaf_blight,1,11,342296,118852,requires_human_review,metadata/train/bacterial_leaf_blight/bacterial_leaf_blight (203).JPG.json
train/bacterial_leaf_blight/bacterial_leaf_blight (205).JPG,train,bacterial_leaf_blight,1,26,662628,68012,requires_human_review,metadata/train/bacterial_leaf_blight/bacterial_leaf_blight (205).JPG.json
train/bacterial_leaf_blight/bacterial_leaf_blight (206).JPG,train,bacterial_leaf_blight,1,11,478848,83596,requires_human_review,metadata/train/bacterial_leaf_blight/bacterial_leaf_blight (206).JPG.json
train/bacterial_leaf_blight/bacterial_leaf_blight (207).JPG,train,bacterial_leaf_blight,1,13,550484,212480,requires_human_review,metadata/train/bacterial_leaf_blight/bacterial_leaf_blight (207).JPG.json
train/bacterial_leaf_blight/bacterial_leaf_blight (208).jpg,train,bacterial_leaf_blight,1,14,394532,109860,requires_human_review,metadata/train/bacterial_leaf_blight/bacterial_leaf_blight (208).jpg.json
train/bacterial_leaf_blight/bacterial_leaf_blight (21).JPG,train,bacterial_leaf_blight,1,43,295684,24948,requires_human_review,metadata/train/bacterial_leaf_blight/bacterial_leaf_blight (21).JPG.json
train/bacterial_leaf_blight/bacterial_leaf_blight (211).JPG,train,bacterial_leaf_blight,1,3,434152,24992,requires_human_review,metadata/train/bacterial_leaf_blight/bacterial_leaf_blight (211).JPG.json
train/bacterial_leaf_blight/bacterial_leaf_blight (214).JPG,train,bacterial_leaf_blight,1,10,475068,139892,requires_human_review,metadata/train/bacterial_leaf_blight/bacterial_leaf_blight (214).JPG.json
train/bacterial_leaf_blight/bacterial_leaf_blight (215).JPG,train,bacterial_leaf_blight,1,11,475448,140356,requires_human_review,metadata/train/bacterial_leaf_blight/bacterial_leaf_blight (215).JPG.json
train/bacterial_leaf_blight/bacterial_leaf_blight (22).JPG,train,bacterial_leaf_blight,1,26,375368,31420,requires_human_review,metadata/train/bacterial_leaf_blight/bacterial_leaf_blight (22).JPG.json
train/bacterial_leaf_blight/bacterial_leaf_blight (220).jpg,train,bacterial_leaf_blight,1,38,307656,6692,requires_human_review,metadata/train/bacterial_leaf_blight/bacterial_leaf_blight (220).jpg.json
train/bacterial_leaf_blight/bacterial_leaf_blight (221).JPG,train,bacterial_leaf_blight,1,6,231964,12388,requires_human_review,metadata/train/bacterial_leaf_blight/bacterial_leaf_blight (221).JPG.json
train/bacterial_leaf_blight/bacterial_leaf_blight (222).JPG,train,bacterial_leaf_blight,1,28,191928,35448,requires_human_review,metadata/train/bacterial_leaf_blight/bacterial_leaf_blight (222).JPG.json
train/bacterial_leaf_blight/bacterial_leaf_blight (225).JPG,train,bacterial_leaf_blight,1,21,232552,44596,requires_human_review,metadata/train/bacterial_leaf_blight/bacterial_leaf_blight (225).JPG.json
train/bacterial_leaf_blight/bacterial_leaf_blight (226).jpg,train,bacterial_leaf_blight,1,34,320108,75888,requires_human_review,metadata/train/bacterial_leaf_blight/bacterial_leaf_blight (226).jpg.json
train/bacterial_leaf_blight/bacterial_leaf_blight (227).jpg,train,bacterial_leaf_blight,1,13,128804,57392,requires_human_review,metadata/train/bacterial_leaf_blight/bacterial_leaf_blight (227).jpg.json
train/bacterial_leaf_blight/bacterial_leaf_blight (228).JPG,train,bacterial_leaf_blight,1,21,476424,69416,requires_human_review,metadata/train/bacterial_leaf_blight/bacterial_leaf_blight (228).JPG.json
train/bacterial_leaf_blight/bacterial_leaf_blight (230).JPG,train,bacterial_leaf_blight,1,26,739988,250640,requires_human_review,metadata/train/bacterial_leaf_blight/bacterial_leaf_blight (230).JPG.json
train/bacterial_leaf_blight/bacterial_leaf_blight (231).JPG,train,bacterial_leaf_blight,1,8,743876,94320,requires_human_review,metadata/train/bacterial_leaf_blight/bacterial_leaf_blight (231).JPG.json
train/bacterial_leaf_blight/bacterial_leaf_blight (233).JPG,train,bacterial_leaf_blight,1,18,539724,75856,requires_human_review,metadata/train/bacterial_leaf_blight/bacterial_leaf_blight (233).JPG.json
train/bacterial_leaf_blight/bacterial_leaf_blight (234).JPG,train,bacterial_leaf_blight,1,22,696708,101496,requires_human_review,metadata/train/bacterial_leaf_blight/bacterial_leaf_blight (234).JPG.json
train/bacterial_leaf_blight/bacterial_leaf_blight (237).JPG,train,bacterial_leaf_blight,1,18,232748,29516,requires_human_review,metadata/train/bacterial_leaf_blight/bacterial_leaf_blight (237).JPG.json
train/bacterial_leaf_blight/bacterial_leaf_blight (238).JPG,train,bacterial_leaf_blight,1,18,231928,80516,requires_human_review,metadata/train/bacterial_leaf_blight/bacterial_leaf_blight (238).JPG.json
train/bacterial_leaf_blight/bacterial_leaf_blight (24).jpg,train,bacterial_leaf_blight,1,14,377088,20244,requires_human_review,metadata/train/bacterial_leaf_blight/bacterial_leaf_blight (24).jpg.json
train/bacterial_leaf_blight/bacterial_leaf_blight (240).JPG,train,bacterial_leaf_blight,1,15,205748,74932,requires_human_review,metadata/train/bacterial_leaf_blight/bacterial_leaf_blight (240).JPG.json
train/bacterial_leaf_blight/bacterial_leaf_blight (242).JPG,train,bacterial_leaf_blight,1,29,164764,16384,requires_human_review,metadata/train/bacterial_leaf_blight/bacterial_leaf_blight (242).JPG.json
train/bacterial_leaf_blight/bacterial_leaf_blight (244).JPG,train,bacterial_leaf_blight,1,28,175256,41528,requires_human_review,metadata/train/bacterial_leaf_blight/bacterial_leaf_blight (244).JPG.json
train/bacterial_leaf_blight/bacterial_leaf_blight (245).JPG,train,bacterial_leaf_blight,1,20,200596,19164,requires_human_review,metadata/train/bacterial_leaf_blight/bacterial_leaf_blight (245).JPG.json
train/bacterial_leaf_blight/bacterial_leaf_blight (251).JPG,train,bacterial_leaf_blight,1,13,246600,39460,requires_human_review,metadata/train/bacterial_leaf_blight/bacterial_leaf_blight (251).JPG.json
train/bacterial_leaf_blight/bacterial_leaf_blight (252).JPG,train,bacterial_leaf_blight,1,13,213936,44980,requires_human_review,metadata/train/bacterial_leaf_blight/bacterial_leaf_blight (252).JPG.json
train/bacterial_leaf_blight/bacterial_leaf_blight (253).JPG,train,bacterial_leaf_blight,1,33,314048,22852,requires_human_review,metadata/train/bacterial_leaf_blight/bacterial_leaf_blight (253).JPG.json
train/bacterial_leaf_blight/bacterial_leaf_blight (254).JPG,train,bacterial_leaf_blight,1,15,307928,18724,requires_human_review,metadata/train/bacterial_leaf_blight/bacterial_leaf_blight (254).JPG.json
train/bacterial_leaf_blight/bacterial_leaf_blight (255).JPG,train,bacterial_leaf_blight,1,32,363512,35976,requires_human_review,metadata/train/bacterial_leaf_blight/bacterial_leaf_blight (255).JPG.json
train/bacterial_leaf_blight/bacterial_leaf_blight (256).JPG,train,bacterial_leaf_blight,1,49,248484,80660,requires_human_review,metadata/train/bacterial_leaf_blight/bacterial_leaf_blight (256).JPG.json
train/bacterial_leaf_blight/bacterial_leaf_blight (257).JPG,train,bacterial_leaf_blight,1,29,277912,35432,requires_human_review,metadata/train/bacterial_leaf_blight/bacterial_leaf_blight (257).JPG.json
train/bacterial_leaf_blight/bacterial_leaf_blight (259).JPG,train,bacterial_leaf_blight,1,53,248540,80652,requires_human_review,metadata/train/bacterial_leaf_blight/bacterial_leaf_blight (259).JPG.json
train/bacterial_leaf_blight/bacterial_leaf_blight (26).JPG,train,bacterial_leaf_blight,1,29,256860,30256,requires_human_review,metadata/train/bacterial_leaf_blight/bacterial_leaf_blight (26).JPG.json
train/bacterial_leaf_blight/bacterial_leaf_blight (260).JPG,train,bacterial_leaf_blight,1,30,322512,20548,requires_human_review,metadata/train/bacterial_leaf_blight/bacterial_leaf_blight (260).JPG.json
train/bacterial_leaf_blight/bacterial_leaf_blight (261).JPG,train,bacterial_leaf_blight,1,15,307940,18724,requires_human_review,metadata/train/bacterial_leaf_blight/bacterial_leaf_blight (261).JPG.json
train/bacterial_leaf_blight/bacterial_leaf_blight (262).JPG,train,bacterial_leaf_blight,1,28,311368,21480,requires_human_review,metadata/train/bacterial_leaf_blight/bacterial_leaf_blight (262).JPG.json
train/bacterial_leaf_blight/bacterial_leaf_blight (263).JPG,train,bacterial_leaf_blight,1,14,246528,39564,requires_human_review,metadata/train/bacterial_leaf_blight/bacterial_leaf_blight (263).JPG.json
train/bacterial_leaf_blight/bacterial_leaf_blight (264).JPG,train,bacterial_leaf_blight,1,56,460900,124656,requires_human_review,metadata/train/bacterial_leaf_blight/bacterial_leaf_blight (264).JPG.json
train/bacterial_leaf_blight/bacterial_leaf_blight (265).JPG,train,bacterial_leaf_blight,1,30,271184,80744,requires_human_review,metadata/train/bacterial_leaf_blight/bacterial_leaf_blight (265).JPG.json
train/bacterial_leaf_blight/bacterial_leaf_blight (266).JPG,train,bacterial_leaf_blight,1,20,208788,36196,requires_human_review,metadata/train/bacterial_leaf_blight/bacterial_leaf_blight (266).JPG.json
train/bacterial_leaf_blight/bacterial_leaf_blight (267).JPG,train,bacterial_leaf_blight,1,31,269324,44764,requires_human_review,metadata/train/bacterial_leaf_blight/bacterial_leaf_blight (267).JPG.json
train/bacterial_leaf_blight/bacterial_leaf_blight (268).JPG,train,bacterial_leaf_blight,1,23,238640,18464,requires_human_review,metadata/train/bacterial_leaf_blight/bacterial_leaf_blight (268).JPG.json
train/bacterial_leaf_blight/bacterial_leaf_blight (27).JPG,train,bacterial_leaf_blight,1,29,338624,33388,requires_human_review,metadata/train/bacterial_leaf_blight/bacterial_leaf_blight (27).JPG.json
train/bacterial_leaf_blight/bacterial_leaf_blight (271).jpg,train,bacterial_leaf_blight,1,13,214836,8548,requires_human_review,metadata/train/bacterial_leaf_blight/bacterial_leaf_blight (271).jpg.json
train/bacterial_leaf_blight/bacterial_leaf_blight (272).JPG,train,bacterial_leaf_blight,1,11,244524,37740,requires_human_review,metadata/train/bacterial_leaf_blight/bacterial_leaf_blight (272).JPG.json
train/bacterial_leaf_blight/bacterial_leaf_blight (273).JPG,train,bacterial_leaf_blight,1,18,232764,29508,requires_human_review,metadata/train/bacterial_leaf_blight/bacterial_leaf_blight (273).JPG.json
train/bacterial_leaf_blight/bacterial_leaf_blight (274).JPG,train,bacterial_leaf_blight,1,9,169908,23760,requires_human_review,metadata/train/bacterial_leaf_blight/bacterial_leaf_blight (274).JPG.json
train/bacterial_leaf_blight/bacterial_leaf_blight (276).JPG,train,bacterial_leaf_blight,1,12,196268,18896,requires_human_review,metadata/train/bacterial_leaf_blight/bacterial_leaf_blight (276).JPG.json
train/bacterial_leaf_blight/bacterial_leaf_blight (279).JPG,train,bacterial_leaf_blight,1,27,646692,46368,requires_human_review,metadata/train/bacterial_leaf_blight/bacterial_leaf_blight (279).JPG.json
train/bacterial_leaf_blight/bacterial_leaf_blight (28).JPG,train,bacterial_leaf_blight,1,13,285440,17564,requires_human_review,metadata/train/bacterial_leaf_blight/bacterial_leaf_blight (28).JPG.json
train/bacterial_leaf_blight/bacterial_leaf_blight (281).JPG,train,bacterial_leaf_blight,1,11,463056,113028,requires_human_review,metadata/train/bacterial_leaf_blight/bacterial_leaf_blight (281).JPG.json
train/bacterial_leaf_blight/bacterial_leaf_blight (282).JPG,train,bacterial_leaf_blight,1,30,521324,50484,requires_human_review,metadata/train/bacterial_leaf_blight/bacterial_leaf_blight (282).JPG.json
train/bacterial_leaf_blight/bacterial_leaf_blight (283).JPG,train,bacterial_leaf_blight,1,8,549500,69596,requires_human_review,metadata/train/bacterial_leaf_blight/bacterial_leaf_blight (283).JPG.json
train/bacterial_leaf_blight/bacterial_leaf_blight (285).JPG,train,bacterial_leaf_blight,1,13,527224,42732,requires_human_review,metadata/train/bacterial_leaf_blight/bacterial_leaf_blight (285).JPG.json
train/bacterial_leaf_blight/bacterial_leaf_blight (286).JPG,train,bacterial_leaf_blight,1,9,592372,36240,requires_human_review,metadata/train/bacterial_leaf_blight/bacterial_leaf_blight (286).JPG.json
train/bacterial_leaf_blight/bacterial_leaf_blight (287).JPG,train,bacterial_leaf_blight,1,6,450480,57976,requires_human_review,metadata/train/bacterial_leaf_blight/bacterial_leaf_blight (287).JPG.json
train/bacterial_leaf_blight/bacterial_leaf_blight (288).JPG,train,bacterial_leaf_blight,1,8,493996,38944,requires_human_review,metadata/train/bacterial_leaf_blight/bacterial_leaf_blight (288).JPG.json
train/bacterial_leaf_blight/bacterial_leaf_blight (289).JPG,train,bacterial_leaf_blight,2,41,916748,195060,requires_human_review;multiple_leaf_components,metadata/train/bacterial_leaf_blight/bacterial_leaf_blight (289).JPG.json
train/bacterial_leaf_blight/bacterial_leaf_blight (290).JPG,train,bacterial_leaf_blight,1,8,587716,113216,requires_human_review,metadata/train/bacterial_leaf_blight/bacterial_leaf_blight (290).JPG.json
train/bacterial_leaf_blight/bacterial_leaf_blight (292).jpg,train,bacterial_leaf_blight,1,8,393092,23596,requires_human_review,metadata/train/bacterial_leaf_blight/bacterial_leaf_blight (292).jpg.json
train/bacterial_leaf_blight/bacterial_leaf_blight (294).JPG,train,bacterial_leaf_blight,1,10,1161284,115336,requires_human_review,metadata/train/bacterial_leaf_blight/bacterial_leaf_blight (294).JPG.json
train/bacterial_leaf_blight/bacterial_leaf_blight (295).JPG,train,bacterial_leaf_blight,1,3,984744,58156,requires_human_review,metadata/train/bacterial_leaf_blight/bacterial_leaf_blight (295).JPG.json
train/bacterial_leaf_blight/bacterial_leaf_blight (298).JPG,train,bacterial_leaf_blight,1,18,1100784,223328,requires_human_review,metadata/train/bacterial_leaf_blight/bacterial_leaf_blight (298).JPG.json
train/bacterial_leaf_blight/bacterial_leaf_blight (30).JPG,train,bacterial_leaf_blight,1,6,199160,42424,requires_human_review,metadata/train/bacterial_leaf_blight/bacterial_leaf_blight (30).JPG.json
train/bacterial_leaf_blight/bacterial_leaf_blight (302).jpg,train,bacterial_leaf_blight,1,54,1097796,258016,requires_human_review,metadata/train/bacterial_leaf_blight/bacterial_leaf_blight (302).jpg.json
train/bacterial_leaf_blight/bacterial_leaf_blight (303).jpg,train,bacterial_leaf_blight,1,8,441672,195112,requires_human_review,metadata/train/bacterial_leaf_blight/bacterial_leaf_blight (303).jpg.json
train/bacterial_leaf_blight/bacterial_leaf_blight (305).JPG,train,bacterial_leaf_blight,1,10,1007488,367680,requires_human_review,metadata/train/bacterial_leaf_blight/bacterial_leaf_blight (305).JPG.json
train/bacterial_leaf_blight/bacterial_leaf_blight (306).JPG,train,bacterial_leaf_blight,1,10,1207684,364084,requires_human_review,metadata/train/bacterial_leaf_blight/bacterial_leaf_blight (306).JPG.json
train/bacterial_leaf_blight/bacterial_leaf_blight (307).JPG,train,bacterial_leaf_blight,1,44,1238720,553444,requires_human_review,metadata/train/bacterial_leaf_blight/bacterial_leaf_blight (307).JPG.json
train/bacterial_leaf_blight/bacterial_leaf_blight (308).JPG,train,bacterial_leaf_blight,1,4,1251024,168464,requires_human_review,metadata/train/bacterial_leaf_blight/bacterial_leaf_blight (308).JPG.json
train/bacterial_leaf_blight/bacterial_leaf_blight (309).JPG,train,bacterial_leaf_blight,1,15,1117092,190060,requires_human_review,metadata/train/bacterial_leaf_blight/bacterial_leaf_blight (309).JPG.json
train/bacterial_leaf_blight/bacterial_leaf_blight (31).JPG,train,bacterial_leaf_blight,1,9,230028,36840,requires_human_review,metadata/train/bacterial_leaf_blight/bacterial_leaf_blight (31).JPG.json
train/bacterial_leaf_blight/bacterial_leaf_blight (311).JPG,train,bacterial_leaf_blight,1,16,1030812,127212,requires_human_review,metadata/train/bacterial_leaf_blight/bacterial_leaf_blight (311).JPG.json
train/bacterial_leaf_blight/bacterial_leaf_blight (316).JPG,train,bacterial_leaf_blight,1,26,1248952,267392,requires_human_review,metadata/train/bacterial_leaf_blight/bacterial_leaf_blight (316).JPG.json
train/bacterial_leaf_blight/bacterial_leaf_blight (321).JPG,train,bacterial_leaf_blight,1,10,666376,224568,requires_human_review,metadata/train/bacterial_leaf_blight/bacterial_leaf_blight (321).JPG.json
train/bacterial_leaf_blight/bacterial_leaf_blight (322).JPG,train,bacterial_leaf_blight,1,37,856412,82696,requires_human_review,metadata/train/bacterial_leaf_blight/bacterial_leaf_blight (322).JPG.json
train/bacterial_leaf_blight/bacterial_leaf_blight (324).JPG,train,bacterial_leaf_blight,1,18,1030260,65404,requires_human_review,metadata/train/bacterial_leaf_blight/bacterial_leaf_blight (324).JPG.json
train/bacterial_leaf_blight/bacterial_leaf_blight (328).JPG,train,bacterial_leaf_blight,1,11,680996,139372,requires_human_review,metadata/train/bacterial_leaf_blight/bacterial_leaf_blight (328).JPG.json
train/bacterial_leaf_blight/bacterial_leaf_blight (333).JPG,train,bacterial_leaf_blight,1,4,792180,41288,requires_human_review,metadata/train/bacterial_leaf_blight/bacterial_leaf_blight (333).JPG.json
train/bacterial_leaf_blight/bacterial_leaf_blight (34).jpg,train,bacterial_leaf_blight,1,6,747280,151804,requires_human_review,metadata/train/bacterial_leaf_blight/bacterial_leaf_blight (34).jpg.json
train/bacterial_leaf_blight/bacterial_leaf_blight (342).JPG,train,bacterial_leaf_blight,1,10,873836,146504,requires_human_review,metadata/train/bacterial_leaf_blight/bacterial_leaf_blight (342).JPG.json
train/bacterial_leaf_blight/bacterial_leaf_blight (35).JPG,train,bacterial_leaf_blight,1,63,429976,115432,requires_human_review,metadata/train/bacterial_leaf_blight/bacterial_leaf_blight (35).JPG.json
train/bacterial_leaf_blight/bacterial_leaf_blight (38).JPG,train,bacterial_leaf_blight,1,32,289496,20456,requires_human_review,metadata/train/bacterial_leaf_blight/bacterial_leaf_blight (38).JPG.json
train/bacterial_leaf_blight/bacterial_leaf_blight (39).JPG,train,bacterial_leaf_blight,1,13,285392,17508,requires_human_review,metadata/train/bacterial_leaf_blight/bacterial_leaf_blight (39).JPG.json
train/bacterial_leaf_blight/bacterial_leaf_blight (40).JPG,train,bacterial_leaf_blight,1,30,338652,33408,requires_human_review,metadata/train/bacterial_leaf_blight/bacterial_leaf_blight (40).JPG.json
train/bacterial_leaf_blight/bacterial_leaf_blight (41).JPG,train,bacterial_leaf_blight,1,25,301068,19748,requires_human_review,metadata/train/bacterial_leaf_blight/bacterial_leaf_blight (41).JPG.json
train/bacterial_leaf_blight/bacterial_leaf_blight (43).JPG,train,bacterial_leaf_blight,1,30,257964,31448,requires_human_review,metadata/train/bacterial_leaf_blight/bacterial_leaf_blight (43).JPG.json
train/bacterial_leaf_blight/bacterial_leaf_blight (46).JPG,train,bacterial_leaf_blight,1,38,244516,20072,requires_human_review,metadata/train/bacterial_leaf_blight/bacterial_leaf_blight (46).JPG.json
train/bacterial_leaf_blight/bacterial_leaf_blight (48).JPG,train,bacterial_leaf_blight,1,41,295852,24864,requires_human_review,metadata/train/bacterial_leaf_blight/bacterial_leaf_blight (48).JPG.json
train/bacterial_leaf_blight/bacterial_leaf_blight (50).JPG,train,bacterial_leaf_blight,1,6,364724,77816,requires_human_review,metadata/train/bacterial_leaf_blight/bacterial_leaf_blight (50).JPG.json
train/bacterial_leaf_blight/bacterial_leaf_blight (52).JPG,train,bacterial_leaf_blight,1,11,421764,35400,requires_human_review,metadata/train/bacterial_leaf_blight/bacterial_leaf_blight (52).JPG.json
train/bacterial_leaf_blight/bacterial_leaf_blight (53).JPG,train,bacterial_leaf_blight,1,37,216676,27352,requires_human_review,metadata/train/bacterial_leaf_blight/bacterial_leaf_blight (53).JPG.json
train/bacterial_leaf_blight/bacterial_leaf_blight (54).JPG,train,bacterial_leaf_blight,1,27,178728,61496,requires_human_review,metadata/train/bacterial_leaf_blight/bacterial_leaf_blight (54).JPG.json
train/bacterial_leaf_blight/bacterial_leaf_blight (55).JPG,train,bacterial_leaf_blight,1,27,301100,36740,requires_human_review,metadata/train/bacterial_leaf_blight/bacterial_leaf_blight (55).JPG.json
train/bacterial_leaf_blight/bacterial_leaf_blight (56).JPG,train,bacterial_leaf_blight,1,26,355060,34112,requires_human_review,metadata/train/bacterial_leaf_blight/bacterial_leaf_blight (56).JPG.json
train/bacterial_leaf_blight/bacterial_leaf_blight (57).JPG,train,bacterial_leaf_blight,1,20,255916,44076,requires_human_review,metadata/train/bacterial_leaf_blight/bacterial_leaf_blight (57).JPG.json
train/bacterial_leaf_blight/bacterial_leaf_blight (59).JPG,train,bacterial_leaf_blight,1,13,365500,50304,requires_human_review,metadata/train/bacterial_leaf_blight/bacterial_leaf_blight (59).JPG.json
train/bacterial_leaf_blight/bacterial_leaf_blight (60).JPG,train,bacterial_leaf_blight,1,17,362032,162744,requires_human_review,metadata/train/bacterial_leaf_blight/bacterial_leaf_blight (60).JPG.json
train/bacterial_leaf_blight/bacterial_leaf_blight (62).JPG,train,bacterial_leaf_blight,1,38,856812,83036,requires_human_review,metadata/train/bacterial_leaf_blight/bacterial_leaf_blight (62).JPG.json
train/bacterial_leaf_blight/bacterial_leaf_blight (65).JPG,train,bacterial_leaf_blight,1,9,1015028,86360,requires_human_review,metadata/train/bacterial_leaf_blight/bacterial_leaf_blight (65).JPG.json
train/bacterial_leaf_blight/bacterial_leaf_blight (67).JPG,train,bacterial_leaf_blight,1,27,1251004,268016,requires_human_review,metadata/train/bacterial_leaf_blight/bacterial_leaf_blight (67).JPG.json
train/bacterial_leaf_blight/bacterial_leaf_blight (72).JPG,train,bacterial_leaf_blight,1,15,1117180,189964,requires_human_review,metadata/train/bacterial_leaf_blight/bacterial_leaf_blight (72).JPG.json
train/bacterial_leaf_blight/bacterial_leaf_blight (74).JPG,train,bacterial_leaf_blight,1,10,1207668,364356,requires_human_review,metadata/train/bacterial_leaf_blight/bacterial_leaf_blight (74).JPG.json
train/bacterial_leaf_blight/bacterial_leaf_blight (76).jpg,train,bacterial_leaf_blight,1,23,718208,188692,requires_human_review,metadata/train/bacterial_leaf_blight/bacterial_leaf_blight (76).jpg.json
train/bacterial_leaf_blight/bacterial_leaf_blight (82).JPG,train,bacterial_leaf_blight,1,19,1100808,223292,requires_human_review,metadata/train/bacterial_leaf_blight/bacterial_leaf_blight (82).JPG.json
train/bacterial_leaf_blight/bacterial_leaf_blight (87).JPG,train,bacterial_leaf_blight,1,3,984756,58176,requires_human_review,metadata/train/bacterial_leaf_blight/bacterial_leaf_blight (87).JPG.json
train/bacterial_leaf_blight/bacterial_leaf_blight (9).JPG,train,bacterial_leaf_blight,1,13,351020,106928,requires_human_review,metadata/train/bacterial_leaf_blight/bacterial_leaf_blight (9).JPG.json
train/bacterial_leaf_blight/bacterial_leaf_blight (94).JPG,train,bacterial_leaf_blight,1,29,1302112,118616,requires_human_review,metadata/train/bacterial_leaf_blight/bacterial_leaf_blight (94).JPG.json
train/bacterial_leaf_blight/bacterial_leaf_blight (97).JPG,train,bacterial_leaf_blight,1,37,1322608,183980,requires_human_review,metadata/train/bacterial_leaf_blight/bacterial_leaf_blight (97).JPG.json
train/brown_spot/brown_spot (1).jpg,train,brown_spot,1,23,269180,147476,requires_human_review;high_candidate_coverage,metadata/train/brown_spot/brown_spot (1).jpg.json
train/brown_spot/brown_spot (100).JPG,train,brown_spot,1,12,1371660,168180,requires_human_review,metadata/train/brown_spot/brown_spot (100).JPG.json
train/brown_spot/brown_spot (101).jpg,train,brown_spot,1,46,531072,101968,requires_human_review,metadata/train/brown_spot/brown_spot (101).jpg.json
train/brown_spot/brown_spot (103).jpg,train,brown_spot,1,42,1468312,88392,requires_human_review,metadata/train/brown_spot/brown_spot (103).jpg.json
train/brown_spot/brown_spot (104).jpg,train,brown_spot,1,7,242404,51296,requires_human_review,metadata/train/brown_spot/brown_spot (104).jpg.json
train/brown_spot/brown_spot (106).jpg,train,brown_spot,1,45,400600,162644,requires_human_review,metadata/train/brown_spot/brown_spot (106).jpg.json
train/brown_spot/brown_spot (108).jpg,train,brown_spot,1,31,564692,11480,requires_human_review,metadata/train/brown_spot/brown_spot (108).jpg.json
train/brown_spot/brown_spot (111).jpg,train,brown_spot,1,26,225592,49332,requires_human_review,metadata/train/brown_spot/brown_spot (111).jpg.json
train/brown_spot/brown_spot (112).jpg,train,brown_spot,1,30,330616,48292,requires_human_review,metadata/train/brown_spot/brown_spot (112).jpg.json
train/brown_spot/brown_spot (114).jpg,train,brown_spot,1,30,227972,40368,requires_human_review,metadata/train/brown_spot/brown_spot (114).jpg.json
train/brown_spot/brown_spot (116).jpg,train,brown_spot,1,39,373448,20340,requires_human_review,metadata/train/brown_spot/brown_spot (116).jpg.json
train/brown_spot/brown_spot (117).jpg,train,brown_spot,1,44,340420,16432,requires_human_review,metadata/train/brown_spot/brown_spot (117).jpg.json
train/brown_spot/brown_spot (119).jpg,train,brown_spot,1,38,294240,49168,requires_human_review,metadata/train/brown_spot/brown_spot (119).jpg.json
train/brown_spot/brown_spot (12).jpg,train,brown_spot,1,55,465856,135816,requires_human_review,metadata/train/brown_spot/brown_spot (12).jpg.json
train/brown_spot/brown_spot (121).jpg,train,brown_spot,1,83,354776,45972,requires_human_review,metadata/train/brown_spot/brown_spot (121).jpg.json
train/brown_spot/brown_spot (122).jpg,train,brown_spot,1,24,431860,171028,requires_human_review,metadata/train/brown_spot/brown_spot (122).jpg.json
train/brown_spot/brown_spot (123).jpg,train,brown_spot,1,54,408280,65212,requires_human_review,metadata/train/brown_spot/brown_spot (123).jpg.json
train/brown_spot/brown_spot (125).jpg,train,brown_spot,1,23,431816,170708,requires_human_review,metadata/train/brown_spot/brown_spot (125).jpg.json
train/brown_spot/brown_spot (126).jpg,train,brown_spot,1,82,354760,45896,requires_human_review,metadata/train/brown_spot/brown_spot (126).jpg.json
train/brown_spot/brown_spot (128).jpg,train,brown_spot,1,8,277756,30440,requires_human_review,metadata/train/brown_spot/brown_spot (128).jpg.json
train/brown_spot/brown_spot (129).jpg,train,brown_spot,1,45,463192,73376,requires_human_review,metadata/train/brown_spot/brown_spot (129).jpg.json
train/brown_spot/brown_spot (133).jpg,train,brown_spot,1,8,580604,359132,requires_human_review;high_candidate_coverage,metadata/train/brown_spot/brown_spot (133).jpg.json
train/brown_spot/brown_spot (134).jpg,train,brown_spot,1,27,415220,151292,requires_human_review,metadata/train/brown_spot/brown_spot (134).jpg.json
train/brown_spot/brown_spot (135).jpg,train,brown_spot,1,21,1064936,65508,requires_human_review,metadata/train/brown_spot/brown_spot (135).jpg.json
train/brown_spot/brown_spot (136).jpg,train,brown_spot,1,32,692336,147272,requires_human_review,metadata/train/brown_spot/brown_spot (136).jpg.json
train/brown_spot/brown_spot (137).jpg,train,brown_spot,1,24,431860,171028,requires_human_review,metadata/train/brown_spot/brown_spot (137).jpg.json
train/brown_spot/brown_spot (14).jpg,train,brown_spot,1,40,646864,36204,requires_human_review,metadata/train/brown_spot/brown_spot (14).jpg.json
train/brown_spot/brown_spot (140).jpg,train,brown_spot,1,21,394592,165952,requires_human_review,metadata/train/brown_spot/brown_spot (140).jpg.json
train/brown_spot/brown_spot (141).jpg,train,brown_spot,1,68,285464,36736,requires_human_review,metadata/train/brown_spot/brown_spot (141).jpg.json
train/brown_spot/brown_spot (142).jpg,train,brown_spot,1,19,332264,129960,requires_human_review,metadata/train/brown_spot/brown_spot (142).jpg.json
train/brown_spot/brown_spot (143).jpg,train,brown_spot,1,38,294248,49124,requires_human_review,metadata/train/brown_spot/brown_spot (143).jpg.json
train/brown_spot/brown_spot (144).jpg,train,brown_spot,1,28,2560000,214948,requires_human_review;high_foreground_coverage,metadata/train/brown_spot/brown_spot (144).jpg.json
train/brown_spot/brown_spot (147).jpg,train,brown_spot,1,13,442096,257120,requires_human_review;high_candidate_coverage,metadata/train/brown_spot/brown_spot (147).jpg.json
train/brown_spot/brown_spot (149).jpg,train,brown_spot,1,55,1678376,315292,requires_human_review,metadata/train/brown_spot/brown_spot (149).jpg.json
train/brown_spot/brown_spot (15).jpg,train,brown_spot,1,69,606792,175360,requires_human_review,metadata/train/brown_spot/brown_spot (15).jpg.json
train/brown_spot/brown_spot (151).JPG,train,brown_spot,1,41,1287012,48020,requires_human_review,metadata/train/brown_spot/brown_spot (151).JPG.json
train/brown_spot/brown_spot (152).jpg,train,brown_spot,1,30,286928,66920,requires_human_review,metadata/train/brown_spot/brown_spot (152).jpg.json
train/brown_spot/brown_spot (154).jpg,train,brown_spot,1,29,174036,38968,requires_human_review,metadata/train/brown_spot/brown_spot (154).jpg.json
train/brown_spot/brown_spot (155).jpg,train,brown_spot,1,30,195644,18620,requires_human_review,metadata/train/brown_spot/brown_spot (155).jpg.json
train/brown_spot/brown_spot (156).jpg,train,brown_spot,1,21,345820,143976,requires_human_review,metadata/train/brown_spot/brown_spot (156).jpg.json
train/brown_spot/brown_spot (158).jpg,train,brown_spot,1,79,249956,19016,requires_human_review,metadata/train/brown_spot/brown_spot (158).jpg.json
train/brown_spot/brown_spot (159).jpg,train,brown_spot,1,67,548160,93340,requires_human_review,metadata/train/brown_spot/brown_spot (159).jpg.json
train/brown_spot/brown_spot (16).jpg,train,brown_spot,1,51,800124,156268,requires_human_review,metadata/train/brown_spot/brown_spot (16).jpg.json
train/brown_spot/brown_spot (162).jpg,train,brown_spot,1,48,265144,17804,requires_human_review,metadata/train/brown_spot/brown_spot (162).jpg.json
train/brown_spot/brown_spot (164).jpg,train,brown_spot,1,18,472648,178844,requires_human_review,metadata/train/brown_spot/brown_spot (164).jpg.json
train/brown_spot/brown_spot (165).jpg,train,brown_spot,1,12,1637760,62720,requires_human_review,metadata/train/brown_spot/brown_spot (165).jpg.json
train/brown_spot/brown_spot (166).jpg,train,brown_spot,1,55,2560000,305120,requires_human_review;high_foreground_coverage,metadata/train/brown_spot/brown_spot (166).jpg.json
train/brown_spot/brown_spot (167).JPG,train,brown_spot,1,81,1125204,136420,requires_human_review,metadata/train/brown_spot/brown_spot (167).JPG.json
train/brown_spot/brown_spot (168).JPG,train,brown_spot,1,31,799056,123764,requires_human_review,metadata/train/brown_spot/brown_spot (168).JPG.json
train/brown_spot/brown_spot (17).jpg,train,brown_spot,1,79,800268,104456,requires_human_review,metadata/train/brown_spot/brown_spot (17).jpg.json
train/brown_spot/brown_spot (172).jpg,train,brown_spot,1,54,216048,18084,requires_human_review,metadata/train/brown_spot/brown_spot (172).jpg.json
train/brown_spot/brown_spot (173).jpg,train,brown_spot,1,57,150676,5744,requires_human_review,metadata/train/brown_spot/brown_spot (173).jpg.json
train/brown_spot/brown_spot (174).jpg,train,brown_spot,1,53,225584,28340,requires_human_review,metadata/train/brown_spot/brown_spot (174).jpg.json
train/brown_spot/brown_spot (175).jpg,train,brown_spot,1,36,265276,31644,requires_human_review,metadata/train/brown_spot/brown_spot (175).jpg.json
train/brown_spot/brown_spot (176).jpg,train,brown_spot,1,22,266212,20608,requires_human_review,metadata/train/brown_spot/brown_spot (176).jpg.json
train/brown_spot/brown_spot (178).jpg,train,brown_spot,1,58,272728,38948,requires_human_review,metadata/train/brown_spot/brown_spot (178).jpg.json
train/brown_spot/brown_spot (179).jpg,train,brown_spot,1,50,248124,23900,requires_human_review,metadata/train/brown_spot/brown_spot (179).jpg.json
train/brown_spot/brown_spot (18).jpg,train,brown_spot,1,50,480204,157820,requires_human_review,metadata/train/brown_spot/brown_spot (18).jpg.json
train/brown_spot/brown_spot (180).jpg,train,brown_spot,1,69,269396,39472,requires_human_review,metadata/train/brown_spot/brown_spot (180).jpg.json
train/brown_spot/brown_spot (181).jpg,train,brown_spot,1,47,264056,26528,requires_human_review,metadata/train/brown_spot/brown_spot (181).jpg.json
train/brown_spot/brown_spot (183).jpg,train,brown_spot,2,19,361244,12284,requires_human_review;multiple_leaf_components,metadata/train/brown_spot/brown_spot (183).jpg.json
train/brown_spot/brown_spot (184).jpg,train,brown_spot,1,49,688280,239908,requires_human_review,metadata/train/brown_spot/brown_spot (184).jpg.json
train/brown_spot/brown_spot (185).jpg,train,brown_spot,1,39,424692,102128,requires_human_review,metadata/train/brown_spot/brown_spot (185).jpg.json
train/brown_spot/brown_spot (187).jpg,train,brown_spot,1,28,239316,77448,requires_human_review,metadata/train/brown_spot/brown_spot (187).jpg.json
train/brown_spot/brown_spot (188).jpg,train,brown_spot,1,21,208332,108408,requires_human_review;high_candidate_coverage,metadata/train/brown_spot/brown_spot (188).jpg.json
train/brown_spot/brown_spot (19).jpg,train,brown_spot,1,39,580768,171360,requires_human_review,metadata/train/brown_spot/brown_spot (19).jpg.json
train/brown_spot/brown_spot (190).jpg,train,brown_spot,1,29,355500,159308,requires_human_review,metadata/train/brown_spot/brown_spot (190).jpg.json
train/brown_spot/brown_spot (193).jpg,train,brown_spot,1,45,269984,10896,requires_human_review,metadata/train/brown_spot/brown_spot (193).jpg.json
train/brown_spot/brown_spot (194).jpg,train,brown_spot,1,48,269048,13216,requires_human_review,metadata/train/brown_spot/brown_spot (194).jpg.json
train/brown_spot/brown_spot (197).jpg,train,brown_spot,1,49,307084,22320,requires_human_review,metadata/train/brown_spot/brown_spot (197).jpg.json
train/brown_spot/brown_spot (2).jpg,train,brown_spot,1,27,355524,159356,requires_human_review,metadata/train/brown_spot/brown_spot (2).jpg.json
train/brown_spot/brown_spot (201).jpg,train,brown_spot,1,42,334032,41276,requires_human_review,metadata/train/brown_spot/brown_spot (201).jpg.json
train/brown_spot/brown_spot (202).jpg,train,brown_spot,1,33,290892,25624,requires_human_review,metadata/train/brown_spot/brown_spot (202).jpg.json
train/brown_spot/brown_spot (203).jpg,train,brown_spot,1,25,594564,74848,requires_human_review,metadata/train/brown_spot/brown_spot (203).jpg.json
train/brown_spot/brown_spot (204).jpg,train,brown_spot,1,17,661656,179908,requires_human_review,metadata/train/brown_spot/brown_spot (204).jpg.json
train/brown_spot/brown_spot (205).jpg,train,brown_spot,1,32,307816,21300,requires_human_review,metadata/train/brown_spot/brown_spot (205).jpg.json
train/brown_spot/brown_spot (208).jpg,train,brown_spot,1,30,337432,14168,requires_human_review,metadata/train/brown_spot/brown_spot (208).jpg.json
train/brown_spot/brown_spot (209).jpg,train,brown_spot,1,83,1488172,436880,requires_human_review,metadata/train/brown_spot/brown_spot (209).jpg.json
train/brown_spot/brown_spot (21).jpg,train,brown_spot,1,27,784300,128776,requires_human_review,metadata/train/brown_spot/brown_spot (21).jpg.json
train/brown_spot/brown_spot (210).jpg,train,brown_spot,1,37,1858804,541888,requires_human_review,metadata/train/brown_spot/brown_spot (210).jpg.json
train/brown_spot/brown_spot (211).JPG,train,brown_spot,1,6,839008,76392,requires_human_review,metadata/train/brown_spot/brown_spot (211).JPG.json
train/brown_spot/brown_spot (214).jpg,train,brown_spot,1,9,431452,19244,requires_human_review,metadata/train/brown_spot/brown_spot (214).jpg.json
train/brown_spot/brown_spot (215).jpg,train,brown_spot,1,4,719828,104536,requires_human_review,metadata/train/brown_spot/brown_spot (215).jpg.json
train/brown_spot/brown_spot (217).JPG,train,brown_spot,1,6,562108,30936,requires_human_review,metadata/train/brown_spot/brown_spot (217).JPG.json
train/brown_spot/brown_spot (218).JPG,train,brown_spot,1,8,802508,31040,requires_human_review,metadata/train/brown_spot/brown_spot (218).JPG.json
train/brown_spot/brown_spot (219).JPG,train,brown_spot,1,44,298192,95644,requires_human_review,metadata/train/brown_spot/brown_spot (219).JPG.json
train/brown_spot/brown_spot (22).jpg,train,brown_spot,1,44,800000,93872,requires_human_review,metadata/train/brown_spot/brown_spot (22).jpg.json
train/brown_spot/brown_spot (221).JPG,train,brown_spot,1,40,296644,95832,requires_human_review,metadata/train/brown_spot/brown_spot (221).JPG.json
train/brown_spot/brown_spot (222).JPG,train,brown_spot,1,6,444276,54064,requires_human_review,metadata/train/brown_spot/brown_spot (222).JPG.json
train/brown_spot/brown_spot (223).JPG,train,brown_spot,1,10,546616,80336,requires_human_review,metadata/train/brown_spot/brown_spot (223).JPG.json
train/brown_spot/brown_spot (226).JPG,train,brown_spot,1,10,735228,87224,requires_human_review,metadata/train/brown_spot/brown_spot (226).JPG.json
train/brown_spot/brown_spot (228).JPG,train,brown_spot,1,6,443520,54296,requires_human_review,metadata/train/brown_spot/brown_spot (228).JPG.json
train/brown_spot/brown_spot (229).JPG,train,brown_spot,1,9,547524,81376,requires_human_review,metadata/train/brown_spot/brown_spot (229).JPG.json
train/brown_spot/brown_spot (23).jpg,train,brown_spot,1,42,486012,154612,requires_human_review,metadata/train/brown_spot/brown_spot (23).jpg.json
train/brown_spot/brown_spot (232).JPG,train,brown_spot,1,8,685740,48056,requires_human_review,metadata/train/brown_spot/brown_spot (232).JPG.json
train/brown_spot/brown_spot (233).JPG,train,brown_spot,1,8,802508,31040,requires_human_review,metadata/train/brown_spot/brown_spot (233).JPG.json
train/brown_spot/brown_spot (235).jpg,train,brown_spot,1,13,408556,18644,requires_human_review,metadata/train/brown_spot/brown_spot (235).jpg.json
train/brown_spot/brown_spot (236).jpg,train,brown_spot,1,40,183168,12972,requires_human_review,metadata/train/brown_spot/brown_spot (236).jpg.json
train/brown_spot/brown_spot (237).jpg,train,brown_spot,1,47,338936,48072,requires_human_review,metadata/train/brown_spot/brown_spot (237).jpg.json
train/brown_spot/brown_spot (239).jpg,train,brown_spot,1,6,522356,47216,requires_human_review,metadata/train/brown_spot/brown_spot (239).jpg.json
train/brown_spot/brown_spot (24).jpg,train,brown_spot,1,33,389380,94852,requires_human_review,metadata/train/brown_spot/brown_spot (24).jpg.json
train/brown_spot/brown_spot (240).jpg,train,brown_spot,1,43,419720,102304,requires_human_review,metadata/train/brown_spot/brown_spot (240).jpg.json
train/brown_spot/brown_spot (241).jpg,train,brown_spot,1,4,384720,207580,requires_human_review;high_candidate_coverage,metadata/train/brown_spot/brown_spot (241).jpg.json
train/brown_spot/brown_spot (242).jpg,train,brown_spot,1,24,754028,86204,requires_human_review,metadata/train/brown_spot/brown_spot (242).jpg.json
train/brown_spot/brown_spot (243).jpg,train,brown_spot,1,56,408296,65352,requires_human_review,metadata/train/brown_spot/brown_spot (243).jpg.json
train/brown_spot/brown_spot (246).jpg,train,brown_spot,1,52,355852,57720,requires_human_review,metadata/train/brown_spot/brown_spot (246).jpg.json
train/brown_spot/brown_spot (256).jpg,train,brown_spot,1,68,285460,36780,requires_human_review,metadata/train/brown_spot/brown_spot (256).jpg.json
train/brown_spot/brown_spot (259).jpg,train,brown_spot,1,68,285452,36788,requires_human_review,metadata/train/brown_spot/brown_spot (259).jpg.json
train/brown_spot/brown_spot (26).jpg,train,brown_spot,1,28,656992,242756,requires_human_review,metadata/train/brown_spot/brown_spot (26).jpg.json
train/brown_spot/brown_spot (260).jpg,train,brown_spot,1,17,273324,116524,requires_human_review,metadata/train/brown_spot/brown_spot (260).jpg.json
train/brown_spot/brown_spot (261).jpg,train,brown_spot,1,38,505940,84972,requires_human_review,metadata/train/brown_spot/brown_spot (261).jpg.json
train/brown_spot/brown_spot (262).jpg,train,brown_spot,1,10,675712,90080,requires_human_review,metadata/train/brown_spot/brown_spot (262).jpg.json
train/brown_spot/brown_spot (263).jpg,train,brown_spot,1,35,471448,98164,requires_human_review,metadata/train/brown_spot/brown_spot (263).jpg.json
train/brown_spot/brown_spot (264).jpg,train,brown_spot,1,27,478948,109324,requires_human_review,metadata/train/brown_spot/brown_spot (264).jpg.json
train/brown_spot/brown_spot (265).jpg,train,brown_spot,1,24,528460,118520,requires_human_review,metadata/train/brown_spot/brown_spot (265).jpg.json
train/brown_spot/brown_spot (267).jpg,train,brown_spot,1,45,462080,72860,requires_human_review,metadata/train/brown_spot/brown_spot (267).jpg.json
train/brown_spot/brown_spot (268).jpg,train,brown_spot,1,35,613224,75772,requires_human_review,metadata/train/brown_spot/brown_spot (268).jpg.json
train/brown_spot/brown_spot (269).jpg,train,brown_spot,1,37,491064,96920,requires_human_review,metadata/train/brown_spot/brown_spot (269).jpg.json
train/brown_spot/brown_spot (270).jpg,train,brown_spot,1,21,532492,118812,requires_human_review,metadata/train/brown_spot/brown_spot (270).jpg.json
train/brown_spot/brown_spot (271).jpg,train,brown_spot,1,26,585656,113912,requires_human_review,metadata/train/brown_spot/brown_spot (271).jpg.json
train/brown_spot/brown_spot (274).jpg,train,brown_spot,1,30,445940,70796,requires_human_review,metadata/train/brown_spot/brown_spot (274).jpg.json
train/brown_spot/brown_spot (275).jpg,train,brown_spot,1,27,466544,55612,requires_human_review,metadata/train/brown_spot/brown_spot (275).jpg.json
train/brown_spot/brown_spot (28).jpg,train,brown_spot,1,41,646812,36164,requires_human_review,metadata/train/brown_spot/brown_spot (28).jpg.json
train/brown_spot/brown_spot (280).jpg,train,brown_spot,1,24,672420,232036,requires_human_review,metadata/train/brown_spot/brown_spot (280).jpg.json
train/brown_spot/brown_spot (281).jpg,train,brown_spot,1,18,638304,212948,requires_human_review,metadata/train/brown_spot/brown_spot (281).jpg.json
train/brown_spot/brown_spot (282).jpg,train,brown_spot,1,13,544208,200836,requires_human_review,metadata/train/brown_spot/brown_spot (282).jpg.json
train/brown_spot/brown_spot (283).jpg,train,brown_spot,1,37,582464,147020,requires_human_review,metadata/train/brown_spot/brown_spot (283).jpg.json
train/brown_spot/brown_spot (284).jpg,train,brown_spot,1,30,352768,115092,requires_human_review,metadata/train/brown_spot/brown_spot (284).jpg.json
train/brown_spot/brown_spot (293).jpg,train,brown_spot,1,10,1245588,137024,requires_human_review,metadata/train/brown_spot/brown_spot (293).jpg.json
train/brown_spot/brown_spot (295).jpg,train,brown_spot,1,35,648672,152660,requires_human_review,metadata/train/brown_spot/brown_spot (295).jpg.json
train/brown_spot/brown_spot (299).jpg,train,brown_spot,1,29,552664,125856,requires_human_review,metadata/train/brown_spot/brown_spot (299).jpg.json
train/brown_spot/brown_spot (300).jpg,train,brown_spot,1,11,580764,102764,requires_human_review,metadata/train/brown_spot/brown_spot (300).jpg.json
train/brown_spot/brown_spot (301).jpg,train,brown_spot,1,40,386860,66672,requires_human_review,metadata/train/brown_spot/brown_spot (301).jpg.json
train/brown_spot/brown_spot (302).jpg,train,brown_spot,1,26,437496,42792,requires_human_review,metadata/train/brown_spot/brown_spot (302).jpg.json
train/brown_spot/brown_spot (304).jpg,train,brown_spot,1,45,319488,109252,requires_human_review,metadata/train/brown_spot/brown_spot (304).jpg.json
train/brown_spot/brown_spot (305).jpg,train,brown_spot,1,41,322460,80780,requires_human_review,metadata/train/brown_spot/brown_spot (305).jpg.json
train/brown_spot/brown_spot (307).jpg,train,brown_spot,1,12,413344,219204,requires_human_review;high_candidate_coverage,metadata/train/brown_spot/brown_spot (307).jpg.json
train/brown_spot/brown_spot (308).jpg,train,brown_spot,1,17,545008,358268,requires_human_review;high_candidate_coverage,metadata/train/brown_spot/brown_spot (308).jpg.json
train/brown_spot/brown_spot (309).jpg,train,brown_spot,1,15,461496,220268,requires_human_review,metadata/train/brown_spot/brown_spot (309).jpg.json
train/brown_spot/brown_spot (311).jpg,train,brown_spot,1,83,354776,45972,requires_human_review,metadata/train/brown_spot/brown_spot (311).jpg.json
train/brown_spot/brown_spot (313).jpg,train,brown_spot,1,16,273260,116476,requires_human_review,metadata/train/brown_spot/brown_spot (313).jpg.json
train/brown_spot/brown_spot (314).jpg,train,brown_spot,1,16,273260,116476,requires_human_review,metadata/train/brown_spot/brown_spot (314).jpg.json
train/brown_spot/brown_spot (315).jpg,train,brown_spot,1,40,505912,85108,requires_human_review,metadata/train/brown_spot/brown_spot (315).jpg.json
train/brown_spot/brown_spot (317).jpg,train,brown_spot,1,68,285464,36736,requires_human_review,metadata/train/brown_spot/brown_spot (317).jpg.json
train/brown_spot/brown_spot (32).jpg,train,brown_spot,1,50,664172,268400,requires_human_review,metadata/train/brown_spot/brown_spot (32).jpg.json
train/brown_spot/brown_spot (321).jpg,train,brown_spot,1,17,273328,116688,requires_human_review,metadata/train/brown_spot/brown_spot (321).jpg.json
train/brown_spot/brown_spot (322).jpg,train,brown_spot,1,53,408272,65376,requires_human_review,metadata/train/brown_spot/brown_spot (322).jpg.json
train/brown_spot/brown_spot (325).jpg,train,brown_spot,1,82,354776,45884,requires_human_review,metadata/train/brown_spot/brown_spot (325).jpg.json
train/brown_spot/brown_spot (327).jpg,train,brown_spot,1,39,2405152,1503700,requires_human_review;high_foreground_coverage;high_candidate_coverage,metadata/train/brown_spot/brown_spot (327).jpg.json
train/brown_spot/brown_spot (329).jpg,train,brown_spot,1,27,2521168,1669748,requires_human_review;high_foreground_coverage;high_candidate_coverage,metadata/train/brown_spot/brown_spot (329).jpg.json
train/brown_spot/brown_spot (33).jpg,train,brown_spot,1,36,691776,108944,requires_human_review,metadata/train/brown_spot/brown_spot (33).jpg.json
train/brown_spot/brown_spot (330).jpg,train,brown_spot,1,51,408204,65636,requires_human_review,metadata/train/brown_spot/brown_spot (330).jpg.json
train/brown_spot/brown_spot (331).jpg,train,brown_spot,1,40,294188,49100,requires_human_review,metadata/train/brown_spot/brown_spot (331).jpg.json
train/brown_spot/brown_spot (332).jpg,train,brown_spot,1,50,355716,57348,requires_human_review,metadata/train/brown_spot/brown_spot (332).jpg.json
train/brown_spot/brown_spot (334).jpg,train,brown_spot,1,39,505280,84440,requires_human_review,metadata/train/brown_spot/brown_spot (334).jpg.json
train/brown_spot/brown_spot (335).jpg,train,brown_spot,1,22,431420,170904,requires_human_review,metadata/train/brown_spot/brown_spot (335).jpg.json
train/brown_spot/brown_spot (339).jpg,train,brown_spot,1,20,394372,166064,requires_human_review,metadata/train/brown_spot/brown_spot (339).jpg.json
train/brown_spot/brown_spot (340).jpg,train,brown_spot,1,74,354352,45516,requires_human_review,metadata/train/brown_spot/brown_spot (340).jpg.json
train/brown_spot/brown_spot (341).JPG,train,brown_spot,1,11,738852,91052,requires_human_review,metadata/train/brown_spot/brown_spot (341).JPG.json
train/brown_spot/brown_spot (342).JPG,train,brown_spot,1,14,692316,102496,requires_human_review,metadata/train/brown_spot/brown_spot (342).JPG.json
train/brown_spot/brown_spot (344).JPG,train,brown_spot,1,10,735228,87224,requires_human_review,metadata/train/brown_spot/brown_spot (344).JPG.json
train/brown_spot/brown_spot (346).JPG,train,brown_spot,1,6,443520,54296,requires_human_review,metadata/train/brown_spot/brown_spot (346).JPG.json
train/brown_spot/brown_spot (347).JPG,train,brown_spot,1,9,547524,81376,requires_human_review,metadata/train/brown_spot/brown_spot (347).JPG.json
train/brown_spot/brown_spot (348).JPG,train,brown_spot,1,15,694860,104740,requires_human_review,metadata/train/brown_spot/brown_spot (348).JPG.json
train/brown_spot/brown_spot (349).JPG,train,brown_spot,1,45,635688,62588,requires_human_review,metadata/train/brown_spot/brown_spot (349).JPG.json
train/brown_spot/brown_spot (35).jpg,train,brown_spot,1,43,800000,94020,requires_human_review,metadata/train/brown_spot/brown_spot (35).jpg.json
train/brown_spot/brown_spot (350).jpg,train,brown_spot,1,45,264048,26704,requires_human_review,metadata/train/brown_spot/brown_spot (350).jpg.json
train/brown_spot/brown_spot (36).jpg,train,brown_spot,1,49,486056,154700,requires_human_review,metadata/train/brown_spot/brown_spot (36).jpg.json
train/brown_spot/brown_spot (37).jpg,train,brown_spot,1,77,535812,66372,requires_human_review,metadata/train/brown_spot/brown_spot (37).jpg.json
train/brown_spot/brown_spot (4).jpg,train,brown_spot,1,26,398328,47792,requires_human_review,metadata/train/brown_spot/brown_spot (4).jpg.json
train/brown_spot/brown_spot (40).jpg,train,brown_spot,1,25,784368,129000,requires_human_review,metadata/train/brown_spot/brown_spot (40).jpg.json
train/brown_spot/brown_spot (41).jpg,train,brown_spot,1,43,800000,93844,requires_human_review,metadata/train/brown_spot/brown_spot (41).jpg.json
train/brown_spot/brown_spot (43).jpg,train,brown_spot,1,35,389504,94860,requires_human_review,metadata/train/brown_spot/brown_spot (43).jpg.json
train/brown_spot/brown_spot (47).jpg,train,brown_spot,1,40,646852,36216,requires_human_review,metadata/train/brown_spot/brown_spot (47).jpg.json
train/brown_spot/brown_spot (48).jpg,train,brown_spot,1,54,800108,156640,requires_human_review,metadata/train/brown_spot/brown_spot (48).jpg.json
train/brown_spot/brown_spot (50).jpg,train,brown_spot,1,36,580772,171616,requires_human_review,metadata/train/brown_spot/brown_spot (50).jpg.json
train/brown_spot/brown_spot (53).jpg,train,brown_spot,1,48,486068,154816,requires_human_review,metadata/train/brown_spot/brown_spot (53).jpg.json
train/brown_spot/brown_spot (54).jpg,train,brown_spot,1,75,535852,66288,requires_human_review,metadata/train/brown_spot/brown_spot (54).jpg.json
train/brown_spot/brown_spot (56).jpg,train,brown_spot,1,55,465884,135872,requires_human_review,metadata/train/brown_spot/brown_spot (56).jpg.json
train/brown_spot/brown_spot (58).jpg,train,brown_spot,1,36,691444,209860,requires_human_review,metadata/train/brown_spot/brown_spot (58).jpg.json
train/brown_spot/brown_spot (59).jpg,train,brown_spot,1,27,657068,242876,requires_human_review,metadata/train/brown_spot/brown_spot (59).jpg.json
train/brown_spot/brown_spot (60).jpg,train,brown_spot,1,37,460428,28412,requires_human_review,metadata/train/brown_spot/brown_spot (60).jpg.json
train/brown_spot/brown_spot (63).jpg,train,brown_spot,1,54,480236,157936,requires_human_review,metadata/train/brown_spot/brown_spot (63).jpg.json
train/brown_spot/brown_spot (65).jpg,train,brown_spot,1,21,534308,87220,requires_human_review,metadata/train/brown_spot/brown_spot (65).jpg.json
train/brown_spot/brown_spot (67).jpg,train,brown_spot,1,34,290888,25588,requires_human_review,metadata/train/brown_spot/brown_spot (67).jpg.json
train/brown_spot/brown_spot (68).jpg,train,brown_spot,1,38,505992,85040,requires_human_review,metadata/train/brown_spot/brown_spot (68).jpg.json
train/brown_spot/brown_spot (69).jpg,train,brown_spot,1,57,408300,65492,requires_human_review,metadata/train/brown_spot/brown_spot (69).jpg.json
train/brown_spot/brown_spot (72).jpg,train,brown_spot,1,53,355852,57612,requires_human_review,metadata/train/brown_spot/brown_spot (72).jpg.json
train/brown_spot/brown_spot (73).jpg,train,brown_spot,1,38,505992,85040,requires_human_review,metadata/train/brown_spot/brown_spot (73).jpg.json
train/brown_spot/brown_spot (75).jpg,train,brown_spot,1,53,355864,57584,requires_human_review,metadata/train/brown_spot/brown_spot (75).jpg.json
train/brown_spot/brown_spot (76).jpg,train,brown_spot,1,83,354808,45948,requires_human_review,metadata/train/brown_spot/brown_spot (76).jpg.json
train/brown_spot/brown_spot (77).jpg,train,brown_spot,1,55,302252,36148,requires_human_review,metadata/train/brown_spot/brown_spot (77).jpg.json
train/brown_spot/brown_spot (78).jpg,train,brown_spot,1,69,548208,94240,requires_human_review,metadata/train/brown_spot/brown_spot (78).jpg.json
train/brown_spot/brown_spot (79).jpg,train,brown_spot,1,48,248072,24520,requires_human_review,metadata/train/brown_spot/brown_spot (79).jpg.json
train/brown_spot/brown_spot (80).jpg,train,brown_spot,1,62,269416,40504,requires_human_review,metadata/train/brown_spot/brown_spot (80).jpg.json
train/brown_spot/brown_spot (81).jpg,train,brown_spot,1,17,272644,115372,requires_human_review,metadata/train/brown_spot/brown_spot (81).jpg.json
train/brown_spot/brown_spot (84).jpg,train,brown_spot,1,6,679988,113880,requires_human_review,metadata/train/brown_spot/brown_spot (84).jpg.json
train/brown_spot/brown_spot (85).jpg,train,brown_spot,1,22,407944,21328,requires_human_review,metadata/train/brown_spot/brown_spot (85).jpg.json
train/brown_spot/brown_spot (86).jpg,train,brown_spot,1,35,433448,62608,requires_human_review,metadata/train/brown_spot/brown_spot (86).jpg.json
train/brown_spot/brown_spot (87).jpg,train,brown_spot,2,18,929964,542924,requires_human_review;multiple_leaf_components;high_candidate_coverage,metadata/train/brown_spot/brown_spot (87).jpg.json
train/brown_spot/brown_spot (88).jpg,train,brown_spot,1,15,1066980,677260,requires_human_review;high_candidate_coverage,metadata/train/brown_spot/brown_spot (88).jpg.json
train/brown_spot/brown_spot (9).jpg,train,brown_spot,1,50,307048,22264,requires_human_review,metadata/train/brown_spot/brown_spot (9).jpg.json
train/brown_spot/brown_spot (90).jpg,train,brown_spot,1,16,642160,266712,requires_human_review,metadata/train/brown_spot/brown_spot (90).jpg.json
train/brown_spot/brown_spot (91).jpg,train,brown_spot,1,23,612048,45796,requires_human_review,metadata/train/brown_spot/brown_spot (91).jpg.json
train/brown_spot/brown_spot (97).jpg,train,brown_spot,1,7,463188,383364,requires_human_review;high_candidate_coverage,metadata/train/brown_spot/brown_spot (97).jpg.json
train/healthy/healthy (100).jpg,train,healthy,1,44,340144,25084,requires_human_review;candidate_on_healthy_image,metadata/train/healthy/healthy (100).jpg.json
train/healthy/healthy (101).jpg,train,healthy,1,40,467356,146292,requires_human_review;candidate_on_healthy_image,metadata/train/healthy/healthy (101).jpg.json
train/healthy/healthy (102).jpg,train,healthy,1,15,407824,77976,requires_human_review;candidate_on_healthy_image,metadata/train/healthy/healthy (102).jpg.json
train/healthy/healthy (105).jpg,train,healthy,1,9,362816,32932,requires_human_review;candidate_on_healthy_image,metadata/train/healthy/healthy (105).jpg.json
train/healthy/healthy (106).jpg,train,healthy,1,16,356548,37760,requires_human_review;candidate_on_healthy_image,metadata/train/healthy/healthy (106).jpg.json
train/healthy/healthy (107).jpg,train,healthy,1,33,643224,118924,requires_human_review;candidate_on_healthy_image,metadata/train/healthy/healthy (107).jpg.json
train/healthy/healthy (11).jpg,train,healthy,1,14,407784,77932,requires_human_review;candidate_on_healthy_image,metadata/train/healthy/healthy (11).jpg.json
train/healthy/healthy (110).jpg,train,healthy,1,15,387292,43696,requires_human_review;candidate_on_healthy_image,metadata/train/healthy/healthy (110).jpg.json
train/healthy/healthy (111).jpg,train,healthy,1,4,399796,30412,requires_human_review;candidate_on_healthy_image,metadata/train/healthy/healthy (111).jpg.json
train/healthy/healthy (113).jpg,train,healthy,1,10,539060,205996,requires_human_review;candidate_on_healthy_image,metadata/train/healthy/healthy (113).jpg.json
train/healthy/healthy (114).jpg,train,healthy,1,9,340228,42412,requires_human_review;candidate_on_healthy_image,metadata/train/healthy/healthy (114).jpg.json
train/healthy/healthy (115).jpg,train,healthy,1,10,490036,207396,requires_human_review;candidate_on_healthy_image,metadata/train/healthy/healthy (115).jpg.json
train/healthy/healthy (118).jpg,train,healthy,1,21,622908,92448,requires_human_review;candidate_on_healthy_image,metadata/train/healthy/healthy (118).jpg.json
train/healthy/healthy (119).jpg,train,healthy,1,1,359892,98684,requires_human_review;candidate_on_healthy_image,metadata/train/healthy/healthy (119).jpg.json
train/healthy/healthy (12).jpg,train,healthy,1,13,368004,50764,requires_human_review;candidate_on_healthy_image,metadata/train/healthy/healthy (12).jpg.json
train/healthy/healthy (120).jpg,train,healthy,1,8,316360,29828,requires_human_review;candidate_on_healthy_image,metadata/train/healthy/healthy (120).jpg.json
train/healthy/healthy (122).jpg,train,healthy,1,25,777876,123436,requires_human_review;candidate_on_healthy_image,metadata/train/healthy/healthy (122).jpg.json
train/healthy/healthy (123).jpg,train,healthy,1,12,415592,57268,requires_human_review;candidate_on_healthy_image,metadata/train/healthy/healthy (123).jpg.json
train/healthy/healthy (124).jpg,train,healthy,1,16,431652,10372,requires_human_review;candidate_on_healthy_image,metadata/train/healthy/healthy (124).jpg.json
train/healthy/healthy (125).jpg,train,healthy,1,14,233176,2956,requires_human_review;candidate_on_healthy_image,metadata/train/healthy/healthy (125).jpg.json
train/healthy/healthy (126).jpg,train,healthy,1,18,182396,692,requires_human_review;candidate_on_healthy_image,metadata/train/healthy/healthy (126).jpg.json
train/healthy/healthy (127).jpg,train,healthy,1,58,248700,5716,requires_human_review;candidate_on_healthy_image,metadata/train/healthy/healthy (127).jpg.json
train/healthy/healthy (128).jpg,train,healthy,1,60,245344,4528,requires_human_review;candidate_on_healthy_image,metadata/train/healthy/healthy (128).jpg.json
train/healthy/healthy (129).jpg,train,healthy,1,53,214948,4268,requires_human_review;candidate_on_healthy_image,metadata/train/healthy/healthy (129).jpg.json
train/healthy/healthy (13).jpg,train,healthy,1,25,438172,93064,requires_human_review;candidate_on_healthy_image,metadata/train/healthy/healthy (13).jpg.json
train/healthy/healthy (130).jpg,train,healthy,1,26,192512,3476,requires_human_review;candidate_on_healthy_image,metadata/train/healthy/healthy (130).jpg.json
train/healthy/healthy (133).jpg,train,healthy,1,7,166740,4788,requires_human_review;candidate_on_healthy_image,metadata/train/healthy/healthy (133).jpg.json
train/healthy/healthy (135).jpg,train,healthy,1,6,472864,240,requires_human_review;candidate_on_healthy_image,metadata/train/healthy/healthy (135).jpg.json
train/healthy/healthy (138).jpg,train,healthy,1,19,257852,4760,requires_human_review;candidate_on_healthy_image,metadata/train/healthy/healthy (138).jpg.json
train/healthy/healthy (139).jpg,train,healthy,1,8,473500,96664,requires_human_review;candidate_on_healthy_image,metadata/train/healthy/healthy (139).jpg.json
train/healthy/healthy (14).jpg,train,healthy,1,2,297748,69168,requires_human_review;candidate_on_healthy_image,metadata/train/healthy/healthy (14).jpg.json
train/healthy/healthy (140).jpg,train,healthy,1,17,409148,696,requires_human_review;candidate_on_healthy_image,metadata/train/healthy/healthy (140).jpg.json
train/healthy/healthy (141).jpg,train,healthy,1,8,346388,77564,requires_human_review;candidate_on_healthy_image,metadata/train/healthy/healthy (141).jpg.json
train/healthy/healthy (144).jpg,train,healthy,1,61,242724,3428,requires_human_review;candidate_on_healthy_image,metadata/train/healthy/healthy (144).jpg.json
train/healthy/healthy (148).jpg,train,healthy,1,15,326660,23648,requires_human_review;candidate_on_healthy_image,metadata/train/healthy/healthy (148).jpg.json
train/healthy/healthy (149).jpg,train,healthy,1,1,416412,60,requires_human_review;candidate_on_healthy_image,metadata/train/healthy/healthy (149).jpg.json
train/healthy/healthy (15).jpg,train,healthy,1,22,329432,20080,requires_human_review;candidate_on_healthy_image,metadata/train/healthy/healthy (15).jpg.json
train/healthy/healthy (151).jpg,train,healthy,1,16,405904,11780,requires_human_review;candidate_on_healthy_image,metadata/train/healthy/healthy (151).jpg.json
train/healthy/healthy (153).jpg,train,healthy,1,7,268776,1892,requires_human_review;candidate_on_healthy_image,metadata/train/healthy/healthy (153).jpg.json
train/healthy/healthy (155).jpg,train,healthy,1,3,246424,15492,requires_human_review;candidate_on_healthy_image,metadata/train/healthy/healthy (155).jpg.json
train/healthy/healthy (156).jpg,train,healthy,1,9,260844,29856,requires_human_review;candidate_on_healthy_image,metadata/train/healthy/healthy (156).jpg.json
train/healthy/healthy (157).jpg,train,healthy,1,40,453624,5796,requires_human_review;candidate_on_healthy_image,metadata/train/healthy/healthy (157).jpg.json
train/healthy/healthy (158).jpg,train,healthy,1,4,406828,57256,requires_human_review;candidate_on_healthy_image,metadata/train/healthy/healthy (158).jpg.json
train/healthy/healthy (16).jpg,train,healthy,1,4,415284,34288,requires_human_review;candidate_on_healthy_image,metadata/train/healthy/healthy (16).jpg.json
train/healthy/healthy (160).jpg,train,healthy,1,21,394740,16712,requires_human_review;candidate_on_healthy_image,metadata/train/healthy/healthy (160).jpg.json
train/healthy/healthy (161).jpg,train,healthy,1,8,297316,23164,requires_human_review;candidate_on_healthy_image,metadata/train/healthy/healthy (161).jpg.json
train/healthy/healthy (162).jpg,train,healthy,1,44,431292,11724,requires_human_review;candidate_on_healthy_image,metadata/train/healthy/healthy (162).jpg.json
train/healthy/healthy (164).jpg,train,healthy,1,2,372800,59552,requires_human_review;candidate_on_healthy_image,metadata/train/healthy/healthy (164).jpg.json
train/healthy/healthy (166).jpg,train,healthy,1,8,313100,10376,requires_human_review;candidate_on_healthy_image,metadata/train/healthy/healthy (166).jpg.json
train/healthy/healthy (167).jpg,train,healthy,1,9,291276,7852,requires_human_review;candidate_on_healthy_image,metadata/train/healthy/healthy (167).jpg.json
train/healthy/healthy (168).jpg,train,healthy,1,25,376932,21352,requires_human_review;candidate_on_healthy_image,metadata/train/healthy/healthy (168).jpg.json
train/healthy/healthy (169).jpg,train,healthy,1,26,419476,38300,requires_human_review;candidate_on_healthy_image,metadata/train/healthy/healthy (169).jpg.json
train/healthy/healthy (17).jpg,train,healthy,1,44,472340,29796,requires_human_review;candidate_on_healthy_image,metadata/train/healthy/healthy (17).jpg.json
train/healthy/healthy (171).jpg,train,healthy,1,13,342652,5288,requires_human_review;candidate_on_healthy_image,metadata/train/healthy/healthy (171).jpg.json
train/healthy/healthy (172).jpg,train,healthy,1,51,504444,4948,requires_human_review;candidate_on_healthy_image,metadata/train/healthy/healthy (172).jpg.json
train/healthy/healthy (173).jpg,train,healthy,1,19,401820,52344,requires_human_review;candidate_on_healthy_image,metadata/train/healthy/healthy (173).jpg.json
train/healthy/healthy (174).jpg,train,healthy,1,26,346684,29764,requires_human_review;candidate_on_healthy_image,metadata/train/healthy/healthy (174).jpg.json
train/healthy/healthy (176).jpg,train,healthy,1,31,330256,20820,requires_human_review;candidate_on_healthy_image,metadata/train/healthy/healthy (176).jpg.json
train/healthy/healthy (177).jpg,train,healthy,1,33,314548,88820,requires_human_review;candidate_on_healthy_image,metadata/train/healthy/healthy (177).jpg.json
train/healthy/healthy (178).jpg,train,healthy,1,33,335864,27912,requires_human_review;candidate_on_healthy_image,metadata/train/healthy/healthy (178).jpg.json
train/healthy/healthy (18).jpg,train,healthy,1,6,344444,19128,requires_human_review;candidate_on_healthy_image,metadata/train/healthy/healthy (18).jpg.json
train/healthy/healthy (181).jpg,train,healthy,1,47,303564,3816,requires_human_review;candidate_on_healthy_image,metadata/train/healthy/healthy (181).jpg.json
train/healthy/healthy (183).jpg,train,healthy,1,3,298744,69872,requires_human_review;candidate_on_healthy_image,metadata/train/healthy/healthy (183).jpg.json
train/healthy/healthy (184).jpg,train,healthy,1,30,376660,76716,requires_human_review;candidate_on_healthy_image,metadata/train/healthy/healthy (184).jpg.json
train/healthy/healthy (185).jpg,train,healthy,1,12,373736,26332,requires_human_review;candidate_on_healthy_image,metadata/train/healthy/healthy (185).jpg.json
train/healthy/healthy (186).jpg,train,healthy,1,36,212580,60084,requires_human_review;candidate_on_healthy_image,metadata/train/healthy/healthy (186).jpg.json
train/healthy/healthy (187).jpg,train,healthy,1,3,314860,58200,requires_human_review;candidate_on_healthy_image,metadata/train/healthy/healthy (187).jpg.json
train/healthy/healthy (189).jpg,train,healthy,1,11,588152,73432,requires_human_review;candidate_on_healthy_image,metadata/train/healthy/healthy (189).jpg.json
train/healthy/healthy (19).jpg,train,healthy,1,28,626068,64396,requires_human_review;candidate_on_healthy_image,metadata/train/healthy/healthy (19).jpg.json
train/healthy/healthy (190).jpg,train,healthy,1,35,488244,46372,requires_human_review;candidate_on_healthy_image,metadata/train/healthy/healthy (190).jpg.json
train/healthy/healthy (193).jpg,train,healthy,1,12,370784,23404,requires_human_review;candidate_on_healthy_image,metadata/train/healthy/healthy (193).jpg.json
train/healthy/healthy (194).jpg,train,healthy,1,5,477244,11028,requires_human_review;candidate_on_healthy_image,metadata/train/healthy/healthy (194).jpg.json
train/healthy/healthy (195).jpg,train,healthy,1,12,272692,12332,requires_human_review;candidate_on_healthy_image,metadata/train/healthy/healthy (195).jpg.json
train/healthy/healthy (196).jpg,train,healthy,1,24,616228,96956,requires_human_review;candidate_on_healthy_image,metadata/train/healthy/healthy (196).jpg.json
train/healthy/healthy (197).jpg,train,healthy,1,9,715236,84272,requires_human_review;candidate_on_healthy_image,metadata/train/healthy/healthy (197).jpg.json
train/healthy/healthy (199).jpg,train,healthy,1,26,623604,28440,requires_human_review;candidate_on_healthy_image,metadata/train/healthy/healthy (199).jpg.json
train/healthy/healthy (2).jpg,train,healthy,1,29,374112,45380,requires_human_review;candidate_on_healthy_image,metadata/train/healthy/healthy (2).jpg.json
train/healthy/healthy (200).jpg,train,healthy,1,29,466072,141520,requires_human_review;candidate_on_healthy_image,metadata/train/healthy/healthy (200).jpg.json
train/healthy/healthy (205).jpg,train,healthy,1,9,578800,63912,requires_human_review;candidate_on_healthy_image,metadata/train/healthy/healthy (205).jpg.json
train/healthy/healthy (207).jpg,train,healthy,1,7,677068,117928,requires_human_review;candidate_on_healthy_image,metadata/train/healthy/healthy (207).jpg.json
train/healthy/healthy (209).jpg,train,healthy,1,3,226156,62440,requires_human_review;candidate_on_healthy_image,metadata/train/healthy/healthy (209).jpg.json
train/healthy/healthy (210).jpg,train,healthy,1,14,203952,27524,requires_human_review;candidate_on_healthy_image,metadata/train/healthy/healthy (210).jpg.json
train/healthy/healthy (211).jpg,train,healthy,1,15,202184,26308,requires_human_review;candidate_on_healthy_image,metadata/train/healthy/healthy (211).jpg.json
train/healthy/healthy (212).jpg,train,healthy,1,4,199856,24540,requires_human_review;candidate_on_healthy_image,metadata/train/healthy/healthy (212).jpg.json
train/healthy/healthy (216).jpg,train,healthy,1,22,354840,135328,requires_human_review;candidate_on_healthy_image,metadata/train/healthy/healthy (216).jpg.json
train/healthy/healthy (217).jpg,train,healthy,1,6,322288,97040,requires_human_review;candidate_on_healthy_image,metadata/train/healthy/healthy (217).jpg.json
train/healthy/healthy (218).jpg,train,healthy,1,25,366700,5224,requires_human_review;candidate_on_healthy_image,metadata/train/healthy/healthy (218).jpg.json
train/healthy/healthy (219).jpg,train,healthy,1,2,310000,35548,requires_human_review;candidate_on_healthy_image,metadata/train/healthy/healthy (219).jpg.json
train/healthy/healthy (22).jpg,train,healthy,1,30,445848,76392,requires_human_review;candidate_on_healthy_image,metadata/train/healthy/healthy (22).jpg.json
train/healthy/healthy (220).jpg,train,healthy,1,15,342828,5568,requires_human_review;candidate_on_healthy_image,metadata/train/healthy/healthy (220).jpg.json
train/healthy/healthy (221).jpg,train,healthy,1,7,309424,46496,requires_human_review;candidate_on_healthy_image,metadata/train/healthy/healthy (221).jpg.json
train/healthy/healthy (222).jpg,train,healthy,1,30,517300,51868,requires_human_review;candidate_on_healthy_image,metadata/train/healthy/healthy (222).jpg.json
train/healthy/healthy (225).jpg,train,healthy,1,31,487896,91192,requires_human_review;candidate_on_healthy_image,metadata/train/healthy/healthy (225).jpg.json
train/healthy/healthy (226).jpg,train,healthy,1,36,606136,51068,requires_human_review;candidate_on_healthy_image,metadata/train/healthy/healthy (226).jpg.json
train/healthy/healthy (227).jpg,train,healthy,1,5,610492,91252,requires_human_review;candidate_on_healthy_image,metadata/train/healthy/healthy (227).jpg.json
train/healthy/healthy (228).jpg,train,healthy,1,1,665204,110668,requires_human_review;candidate_on_healthy_image,metadata/train/healthy/healthy (228).jpg.json
train/healthy/healthy (23).jpg,train,healthy,1,6,364516,38128,requires_human_review;candidate_on_healthy_image,metadata/train/healthy/healthy (23).jpg.json
train/healthy/healthy (230).jpg,train,healthy,1,7,637516,170924,requires_human_review;candidate_on_healthy_image,metadata/train/healthy/healthy (230).jpg.json
train/healthy/healthy (232).jpg,train,healthy,1,32,925256,211704,requires_human_review;candidate_on_healthy_image,metadata/train/healthy/healthy (232).jpg.json
train/healthy/healthy (235).jpg,train,healthy,1,9,564228,142112,requires_human_review;candidate_on_healthy_image,metadata/train/healthy/healthy (235).jpg.json
train/healthy/healthy (236).jpg,train,healthy,1,25,721576,144012,requires_human_review;candidate_on_healthy_image,metadata/train/healthy/healthy (236).jpg.json
train/healthy/healthy (237).jpg,train,healthy,1,24,628864,54920,requires_human_review;candidate_on_healthy_image,metadata/train/healthy/healthy (237).jpg.json
train/healthy/healthy (238).jpg,train,healthy,1,18,336648,21584,requires_human_review;candidate_on_healthy_image,metadata/train/healthy/healthy (238).jpg.json
train/healthy/healthy (239).jpg,train,healthy,1,15,524440,93464,requires_human_review;candidate_on_healthy_image,metadata/train/healthy/healthy (239).jpg.json
train/healthy/healthy (240).jpg,train,healthy,1,16,442292,109220,requires_human_review;candidate_on_healthy_image,metadata/train/healthy/healthy (240).jpg.json
train/healthy/healthy (241).jpg,train,healthy,1,2,571516,189824,requires_human_review;candidate_on_healthy_image,metadata/train/healthy/healthy (241).jpg.json
train/healthy/healthy (242).jpg,train,healthy,1,30,770420,307744,requires_human_review;candidate_on_healthy_image,metadata/train/healthy/healthy (242).jpg.json
train/healthy/healthy (244).jpg,train,healthy,1,22,440720,41484,requires_human_review;candidate_on_healthy_image,metadata/train/healthy/healthy (244).jpg.json
train/healthy/healthy (245).jpg,train,healthy,1,6,373396,54624,requires_human_review;candidate_on_healthy_image,metadata/train/healthy/healthy (245).jpg.json
train/healthy/healthy (246).jpg,train,healthy,1,27,334312,40428,requires_human_review;candidate_on_healthy_image,metadata/train/healthy/healthy (246).jpg.json
train/healthy/healthy (250).jpg,train,healthy,1,15,536404,42984,requires_human_review;candidate_on_healthy_image,metadata/train/healthy/healthy (250).jpg.json
train/healthy/healthy (251).jpg,train,healthy,1,10,372852,26692,requires_human_review;candidate_on_healthy_image,metadata/train/healthy/healthy (251).jpg.json
train/healthy/healthy (253).jpg,train,healthy,1,34,369700,162316,requires_human_review;candidate_on_healthy_image,metadata/train/healthy/healthy (253).jpg.json
train/healthy/healthy (257).jpg,train,healthy,1,19,491352,99120,requires_human_review;candidate_on_healthy_image,metadata/train/healthy/healthy (257).jpg.json
train/healthy/healthy (258).jpg,train,healthy,1,7,475312,108904,requires_human_review;candidate_on_healthy_image,metadata/train/healthy/healthy (258).jpg.json
train/healthy/healthy (259).jpg,train,healthy,1,18,493828,116944,requires_human_review;candidate_on_healthy_image,metadata/train/healthy/healthy (259).jpg.json
train/healthy/healthy (26).jpg,train,healthy,1,8,362140,66444,requires_human_review;candidate_on_healthy_image,metadata/train/healthy/healthy (26).jpg.json
train/healthy/healthy (260).jpg,train,healthy,1,7,929844,379792,requires_human_review;candidate_on_healthy_image,metadata/train/healthy/healthy (260).jpg.json
train/healthy/healthy (261).jpg,train,healthy,1,6,735732,76044,requires_human_review;candidate_on_healthy_image,metadata/train/healthy/healthy (261).jpg.json
train/healthy/healthy (262).jpg,train,healthy,1,17,752280,44108,requires_human_review;candidate_on_healthy_image,metadata/train/healthy/healthy (262).jpg.json
train/healthy/healthy (264).jpg,train,healthy,1,24,829860,245936,requires_human_review;candidate_on_healthy_image,metadata/train/healthy/healthy (264).jpg.json
train/healthy/healthy (266).jpg,train,healthy,1,21,620304,43032,requires_human_review;candidate_on_healthy_image,metadata/train/healthy/healthy (266).jpg.json
train/healthy/healthy (267).jpg,train,healthy,1,7,777748,116104,requires_human_review;candidate_on_healthy_image,metadata/train/healthy/healthy (267).jpg.json
train/healthy/healthy (268).jpg,train,healthy,1,18,689184,220512,requires_human_review;candidate_on_healthy_image,metadata/train/healthy/healthy (268).jpg.json
train/healthy/healthy (270).jpg,train,healthy,1,19,533420,145924,requires_human_review;candidate_on_healthy_image,metadata/train/healthy/healthy (270).jpg.json
train/healthy/healthy (273).jpg,train,healthy,1,20,910660,104956,requires_human_review;candidate_on_healthy_image,metadata/train/healthy/healthy (273).jpg.json
train/healthy/healthy (274).jpg,train,healthy,1,9,432240,26212,requires_human_review;candidate_on_healthy_image,metadata/train/healthy/healthy (274).jpg.json
train/healthy/healthy (276).jpg,train,healthy,1,22,387728,19336,requires_human_review;candidate_on_healthy_image,metadata/train/healthy/healthy (276).jpg.json
train/healthy/healthy (277).jpg,train,healthy,1,7,418172,13412,requires_human_review;candidate_on_healthy_image,metadata/train/healthy/healthy (277).jpg.json
train/healthy/healthy (282).jpg,train,healthy,1,18,557212,5412,requires_human_review;candidate_on_healthy_image,metadata/train/healthy/healthy (282).jpg.json
train/healthy/healthy (287).jpg,train,healthy,1,36,497444,51040,requires_human_review;candidate_on_healthy_image,metadata/train/healthy/healthy (287).jpg.json
train/healthy/healthy (288).jpg,train,healthy,1,29,772524,231848,requires_human_review;candidate_on_healthy_image,metadata/train/healthy/healthy (288).jpg.json
train/healthy/healthy (289).jpg,train,healthy,1,22,626532,139480,requires_human_review;candidate_on_healthy_image,metadata/train/healthy/healthy (289).jpg.json
train/healthy/healthy (291).jpg,train,healthy,1,20,343628,55924,requires_human_review;candidate_on_healthy_image,metadata/train/healthy/healthy (291).jpg.json
train/healthy/healthy (292).jpg,train,healthy,1,26,341424,49484,requires_human_review;candidate_on_healthy_image,metadata/train/healthy/healthy (292).jpg.json
train/healthy/healthy (293).jpg,train,healthy,1,8,496808,66416,requires_human_review;candidate_on_healthy_image,metadata/train/healthy/healthy (293).jpg.json
train/healthy/healthy (295).jpg,train,healthy,1,15,508016,106168,requires_human_review;candidate_on_healthy_image,metadata/train/healthy/healthy (295).jpg.json
train/healthy/healthy (297).jpg,train,healthy,1,14,728512,238260,requires_human_review;candidate_on_healthy_image,metadata/train/healthy/healthy (297).jpg.json
train/healthy/healthy (298).jpg,train,healthy,1,27,548368,36472,requires_human_review;candidate_on_healthy_image,metadata/train/healthy/healthy (298).jpg.json
train/healthy/healthy (299).jpg,train,healthy,1,13,319348,17140,requires_human_review;candidate_on_healthy_image,metadata/train/healthy/healthy (299).jpg.json
train/healthy/healthy (3).jpg,train,healthy,1,37,520268,136028,requires_human_review;candidate_on_healthy_image,metadata/train/healthy/healthy (3).jpg.json
train/healthy/healthy (302).jpg,train,healthy,1,22,299172,46720,requires_human_review;candidate_on_healthy_image,metadata/train/healthy/healthy (302).jpg.json
train/healthy/healthy (304).jpg,train,healthy,1,5,397600,15796,requires_human_review;candidate_on_healthy_image,metadata/train/healthy/healthy (304).jpg.json
train/healthy/healthy (305).jpg,train,healthy,1,1,450004,153056,requires_human_review;candidate_on_healthy_image,metadata/train/healthy/healthy (305).jpg.json
train/healthy/healthy (306).jpg,train,healthy,1,6,450808,44352,requires_human_review;candidate_on_healthy_image,metadata/train/healthy/healthy (306).jpg.json
train/healthy/healthy (307).jpg,train,healthy,1,49,640696,87052,requires_human_review;candidate_on_healthy_image,metadata/train/healthy/healthy (307).jpg.json
train/healthy/healthy (308).jpg,train,healthy,1,40,410596,22472,requires_human_review;candidate_on_healthy_image,metadata/train/healthy/healthy (308).jpg.json
train/healthy/healthy (31).jpg,train,healthy,1,15,361540,40276,requires_human_review;candidate_on_healthy_image,metadata/train/healthy/healthy (31).jpg.json
train/healthy/healthy (310).jpg,train,healthy,1,47,392976,22668,requires_human_review;candidate_on_healthy_image,metadata/train/healthy/healthy (310).jpg.json
train/healthy/healthy (311).jpg,train,healthy,1,34,720248,197396,requires_human_review;candidate_on_healthy_image,metadata/train/healthy/healthy (311).jpg.json
train/healthy/healthy (312).jpg,train,healthy,1,16,483224,78628,requires_human_review;candidate_on_healthy_image,metadata/train/healthy/healthy (312).jpg.json
train/healthy/healthy (313).jpg,train,healthy,1,27,552952,70260,requires_human_review;candidate_on_healthy_image,metadata/train/healthy/healthy (313).jpg.json
train/healthy/healthy (316).jpg,train,healthy,1,5,339772,77340,requires_human_review;candidate_on_healthy_image,metadata/train/healthy/healthy (316).jpg.json
train/healthy/healthy (318).jpg,train,healthy,1,21,362148,54192,requires_human_review;candidate_on_healthy_image,metadata/train/healthy/healthy (318).jpg.json
train/healthy/healthy (319).jpg,train,healthy,1,19,297692,21044,requires_human_review;candidate_on_healthy_image,metadata/train/healthy/healthy (319).jpg.json
train/healthy/healthy (32).jpg,train,healthy,1,15,356548,37720,requires_human_review;candidate_on_healthy_image,metadata/train/healthy/healthy (32).jpg.json
train/healthy/healthy (322).jpg,train,healthy,1,10,466796,60060,requires_human_review;candidate_on_healthy_image,metadata/train/healthy/healthy (322).jpg.json
train/healthy/healthy (323).jpg,train,healthy,1,20,254996,21304,requires_human_review;candidate_on_healthy_image,metadata/train/healthy/healthy (323).jpg.json
train/healthy/healthy (325).jpg,train,healthy,1,7,371920,57824,requires_human_review;candidate_on_healthy_image,metadata/train/healthy/healthy (325).jpg.json
train/healthy/healthy (326).jpg,train,healthy,1,35,423392,62828,requires_human_review;candidate_on_healthy_image,metadata/train/healthy/healthy (326).jpg.json
train/healthy/healthy (330).jpg,train,healthy,1,2,418864,129276,requires_human_review;candidate_on_healthy_image,metadata/train/healthy/healthy (330).jpg.json
train/healthy/healthy (331).jpg,train,healthy,1,10,539060,205996,requires_human_review;candidate_on_healthy_image,metadata/train/healthy/healthy (331).jpg.json
train/healthy/healthy (332).jpg,train,healthy,1,13,438084,137784,requires_human_review;candidate_on_healthy_image,metadata/train/healthy/healthy (332).jpg.json
train/healthy/healthy (334).jpg,train,healthy,1,6,474248,96000,requires_human_review;candidate_on_healthy_image,metadata/train/healthy/healthy (334).jpg.json
train/healthy/healthy (335).jpg,train,healthy,1,14,426316,117376,requires_human_review;candidate_on_healthy_image,metadata/train/healthy/healthy (335).jpg.json
train/healthy/healthy (338).jpg,train,healthy,1,34,511392,95984,requires_human_review;candidate_on_healthy_image,metadata/train/healthy/healthy (338).jpg.json
train/healthy/healthy (339).jpg,train,healthy,1,28,457936,107712,requires_human_review;candidate_on_healthy_image,metadata/train/healthy/healthy (339).jpg.json
train/healthy/healthy (344).jpg,train,healthy,1,27,770356,367924,requires_human_review;candidate_on_healthy_image,metadata/train/healthy/healthy (344).jpg.json
train/healthy/healthy (345).jpg,train,healthy,1,14,582956,125708,requires_human_review;candidate_on_healthy_image,metadata/train/healthy/healthy (345).jpg.json
train/healthy/healthy (347).jpg,train,healthy,1,2,293336,35228,requires_human_review;candidate_on_healthy_image,metadata/train/healthy/healthy (347).jpg.json
train/healthy/healthy (348).jpg,train,healthy,1,3,316168,90884,requires_human_review;candidate_on_healthy_image,metadata/train/healthy/healthy (348).jpg.json
train/healthy/healthy (35).jpg,train,healthy,1,12,509740,52700,requires_human_review;candidate_on_healthy_image,metadata/train/healthy/healthy (35).jpg.json
train/healthy/healthy (37).jpg,train,healthy,1,36,414120,64936,requires_human_review;candidate_on_healthy_image,metadata/train/healthy/healthy (37).jpg.json
train/healthy/healthy (38).jpg,train,healthy,1,29,370028,24612,requires_human_review;candidate_on_healthy_image,metadata/train/healthy/healthy (38).jpg.json
train/healthy/healthy (39).jpg,train,healthy,1,16,779908,251828,requires_human_review;candidate_on_healthy_image,metadata/train/healthy/healthy (39).jpg.json
train/healthy/healthy (4).jpg,train,healthy,1,6,385808,53152,requires_human_review;candidate_on_healthy_image,metadata/train/healthy/healthy (4).jpg.json
train/healthy/healthy (41).jpg,train,healthy,1,39,557928,59612,requires_human_review;candidate_on_healthy_image,metadata/train/healthy/healthy (41).jpg.json
train/healthy/healthy (42).jpg,train,healthy,1,25,587920,61368,requires_human_review;candidate_on_healthy_image,metadata/train/healthy/healthy (42).jpg.json
train/healthy/healthy (43).jpg,train,healthy,1,33,643220,118924,requires_human_review;candidate_on_healthy_image,metadata/train/healthy/healthy (43).jpg.json
train/healthy/healthy (44).jpg,train,healthy,1,1,414928,56356,requires_human_review;candidate_on_healthy_image,metadata/train/healthy/healthy (44).jpg.json
train/healthy/healthy (45).jpg,train,healthy,1,26,402452,47524,requires_human_review;candidate_on_healthy_image,metadata/train/healthy/healthy (45).jpg.json
train/healthy/healthy (47).jpg,train,healthy,1,5,272112,14448,requires_human_review;candidate_on_healthy_image,metadata/train/healthy/healthy (47).jpg.json
train/healthy/healthy (48).jpg,train,healthy,1,46,435508,52032,requires_human_review;candidate_on_healthy_image,metadata/train/healthy/healthy (48).jpg.json
train/healthy/healthy (49).jpg,train,healthy,1,20,365196,47552,requires_human_review;candidate_on_healthy_image,metadata/train/healthy/healthy (49).jpg.json
train/healthy/healthy (5).jpg,train,healthy,1,1,309408,63548,requires_human_review;candidate_on_healthy_image,metadata/train/healthy/healthy (5).jpg.json
train/healthy/healthy (50).jpg,train,healthy,1,24,401688,19644,requires_human_review;candidate_on_healthy_image,metadata/train/healthy/healthy (50).jpg.json
train/healthy/healthy (51).jpg,train,healthy,1,3,302544,31724,requires_human_review;candidate_on_healthy_image,metadata/train/healthy/healthy (51).jpg.json
train/healthy/healthy (52).jpg,train,healthy,1,12,328372,24216,requires_human_review;candidate_on_healthy_image,metadata/train/healthy/healthy (52).jpg.json
train/healthy/healthy (53).jpg,train,healthy,1,32,358148,48356,requires_human_review;candidate_on_healthy_image,metadata/train/healthy/healthy (53).jpg.json
train/healthy/healthy (56).jpg,train,healthy,1,6,347028,42180,requires_human_review;candidate_on_healthy_image,metadata/train/healthy/healthy (56).jpg.json
train/healthy/healthy (58).jpg,train,healthy,1,13,446448,77124,requires_human_review;candidate_on_healthy_image,metadata/train/healthy/healthy (58).jpg.json
train/healthy/healthy (59).jpg,train,healthy,1,6,414448,12436,requires_human_review;candidate_on_healthy_image,metadata/train/healthy/healthy (59).jpg.json
train/healthy/healthy (6).jpg,train,healthy,1,9,416796,59764,requires_human_review;candidate_on_healthy_image,metadata/train/healthy/healthy (6).jpg.json
train/healthy/healthy (61).jpg,train,healthy,1,48,330092,14232,requires_human_review;candidate_on_healthy_image,metadata/train/healthy/healthy (61).jpg.json
train/healthy/healthy (62).jpg,train,healthy,1,15,368600,19704,requires_human_review;candidate_on_healthy_image,metadata/train/healthy/healthy (62).jpg.json
train/healthy/healthy (63).jpg,train,healthy,1,30,714868,243604,requires_human_review;candidate_on_healthy_image,metadata/train/healthy/healthy (63).jpg.json
train/healthy/healthy (64).jpg,train,healthy,1,19,572876,105808,requires_human_review;candidate_on_healthy_image,metadata/train/healthy/healthy (64).jpg.json
train/healthy/healthy (66).jpg,train,healthy,1,19,458912,14368,requires_human_review;candidate_on_healthy_image,metadata/train/healthy/healthy (66).jpg.json
train/healthy/healthy (67).jpg,train,healthy,1,24,616228,96956,requires_human_review;candidate_on_healthy_image,metadata/train/healthy/healthy (67).jpg.json
train/healthy/healthy (68).jpg,train,healthy,1,7,743340,90732,requires_human_review;candidate_on_healthy_image,metadata/train/healthy/healthy (68).jpg.json
train/healthy/healthy (69).jpg,train,healthy,1,14,651192,174152,requires_human_review;candidate_on_healthy_image,metadata/train/healthy/healthy (69).jpg.json
train/healthy/healthy (7).jpg,train,healthy,1,35,376048,111264,requires_human_review;candidate_on_healthy_image,metadata/train/healthy/healthy (7).jpg.json
train/healthy/healthy (71).jpg,train,healthy,1,5,450688,69812,requires_human_review;candidate_on_healthy_image,metadata/train/healthy/healthy (71).jpg.json
train/healthy/healthy (72).jpg,train,healthy,1,7,677068,117928,requires_human_review;candidate_on_healthy_image,metadata/train/healthy/healthy (72).jpg.json
train/healthy/healthy (73).jpg,train,healthy,1,26,620956,180640,requires_human_review;candidate_on_healthy_image,metadata/train/healthy/healthy (73).jpg.json
train/healthy/healthy (78).jpg,train,healthy,1,22,387728,19336,requires_human_review;candidate_on_healthy_image,metadata/train/healthy/healthy (78).jpg.json
train/healthy/healthy (79).jpg,train,healthy,1,29,421596,19956,requires_human_review;candidate_on_healthy_image,metadata/train/healthy/healthy (79).jpg.json
train/healthy/healthy (8).jpg,train,healthy,1,20,296316,40424,requires_human_review;candidate_on_healthy_image,metadata/train/healthy/healthy (8).jpg.json
train/healthy/healthy (80).jpg,train,healthy,1,18,557212,5412,requires_human_review;candidate_on_healthy_image,metadata/train/healthy/healthy (80).jpg.json
train/healthy/healthy (81).jpg,train,healthy,1,24,296272,9076,requires_human_review;candidate_on_healthy_image,metadata/train/healthy/healthy (81).jpg.json
train/healthy/healthy (82).jpg,train,healthy,1,32,299848,42252,requires_human_review;candidate_on_healthy_image,metadata/train/healthy/healthy (82).jpg.json
train/healthy/healthy (86).jpg,train,healthy,1,45,450148,35228,requires_human_review;candidate_on_healthy_image,metadata/train/healthy/healthy (86).jpg.json
train/healthy/healthy (87).jpg,train,healthy,1,25,422024,62048,requires_human_review;candidate_on_healthy_image,metadata/train/healthy/healthy (87).jpg.json
train/healthy/healthy (9).jpg,train,healthy,1,24,381868,64208,requires_human_review;candidate_on_healthy_image,metadata/train/healthy/healthy (9).jpg.json
train/healthy/healthy (90).jpg,train,healthy,1,34,720248,197396,requires_human_review;candidate_on_healthy_image,metadata/train/healthy/healthy (90).jpg.json
train/healthy/healthy (92).jpg,train,healthy,1,38,456784,49900,requires_human_review;candidate_on_healthy_image,metadata/train/healthy/healthy (92).jpg.json
train/healthy/healthy (94).jpg,train,healthy,1,2,457196,57976,requires_human_review;candidate_on_healthy_image,metadata/train/healthy/healthy (94).jpg.json
train/healthy/healthy (95).jpg,train,healthy,1,28,457936,107712,requires_human_review;candidate_on_healthy_image,metadata/train/healthy/healthy (95).jpg.json
train/healthy/healthy (96).jpg,train,healthy,1,27,770356,367924,requires_human_review;candidate_on_healthy_image,metadata/train/healthy/healthy (96).jpg.json
train/healthy/healthy (97).jpg,train,healthy,1,2,293336,35228,requires_human_review;candidate_on_healthy_image,metadata/train/healthy/healthy (97).jpg.json
train/healthy/healthy (98).jpg,train,healthy,1,37,520268,136028,requires_human_review;candidate_on_healthy_image,metadata/train/healthy/healthy (98).jpg.json
train/healthy/healthy (99).jpg,train,healthy,1,42,496424,12680,requires_human_review;candidate_on_healthy_image,metadata/train/healthy/healthy (99).jpg.json
train/leaf_blast/leaf_blast (1).jpg,train,leaf_blast,1,5,293672,22892,requires_human_review,metadata/train/leaf_blast/leaf_blast (1).jpg.json
train/leaf_blast/leaf_blast (10).jpg,train,leaf_blast,1,38,309500,6400,requires_human_review,metadata/train/leaf_blast/leaf_blast (10).jpg.json
train/leaf_blast/leaf_blast (101).jpg,train,leaf_blast,1,58,173020,49184,requires_human_review,metadata/train/leaf_blast/leaf_blast (101).jpg.json
train/leaf_blast/leaf_blast (102).jpg,train,leaf_blast,1,64,129252,39056,requires_human_review,metadata/train/leaf_blast/leaf_blast (102).jpg.json
train/leaf_blast/leaf_blast (103).jpg,train,leaf_blast,1,63,186620,53524,requires_human_review,metadata/train/leaf_blast/leaf_blast (103).jpg.json
train/leaf_blast/leaf_blast (105).jpg,train,leaf_blast,1,43,279884,76428,requires_human_review,metadata/train/leaf_blast/leaf_blast (105).jpg.json
train/leaf_blast/leaf_blast (107).jpg,train,leaf_blast,1,35,250516,88900,requires_human_review,metadata/train/leaf_blast/leaf_blast (107).jpg.json
train/leaf_blast/leaf_blast (108).jpg,train,leaf_blast,1,6,392272,8688,requires_human_review,metadata/train/leaf_blast/leaf_blast (108).jpg.json
train/leaf_blast/leaf_blast (109).jpg,train,leaf_blast,1,16,273896,35808,requires_human_review,metadata/train/leaf_blast/leaf_blast (109).jpg.json
train/leaf_blast/leaf_blast (11).jpg,train,leaf_blast,1,58,448200,25396,requires_human_review,metadata/train/leaf_blast/leaf_blast (11).jpg.json
train/leaf_blast/leaf_blast (110).jpg,train,leaf_blast,1,25,256820,29256,requires_human_review,metadata/train/leaf_blast/leaf_blast (110).jpg.json
train/leaf_blast/leaf_blast (113).jpg,train,leaf_blast,1,30,266164,5932,requires_human_review,metadata/train/leaf_blast/leaf_blast (113).jpg.json
train/leaf_blast/leaf_blast (114).jpg,train,leaf_blast,1,34,382144,95700,requires_human_review,metadata/train/leaf_blast/leaf_blast (114).jpg.json
train/leaf_blast/leaf_blast (115).jpg,train,leaf_blast,1,41,373208,33128,requires_human_review,metadata/train/leaf_blast/leaf_blast (115).jpg.json
train/leaf_blast/leaf_blast (116).jpg,train,leaf_blast,1,67,353252,8292,requires_human_review,metadata/train/leaf_blast/leaf_blast (116).jpg.json
train/leaf_blast/leaf_blast (119).jpg,train,leaf_blast,1,25,323196,114904,requires_human_review,metadata/train/leaf_blast/leaf_blast (119).jpg.json
train/leaf_blast/leaf_blast (12).jpg,train,leaf_blast,1,5,271252,696,requires_human_review,metadata/train/leaf_blast/leaf_blast (12).jpg.json
train/leaf_blast/leaf_blast (122).jpg,train,leaf_blast,1,15,339472,93928,requires_human_review,metadata/train/leaf_blast/leaf_blast (122).jpg.json
train/leaf_blast/leaf_blast (123).jpg,train,leaf_blast,1,50,186192,65828,requires_human_review,metadata/train/leaf_blast/leaf_blast (123).jpg.json
train/leaf_blast/leaf_blast (124).jpg,train,leaf_blast,1,32,278384,127196,requires_human_review,metadata/train/leaf_blast/leaf_blast (124).jpg.json
train/leaf_blast/leaf_blast (126).jpg,train,leaf_blast,1,57,325356,129196,requires_human_review,metadata/train/leaf_blast/leaf_blast (126).jpg.json
train/leaf_blast/leaf_blast (127).jpg,train,leaf_blast,1,71,602420,239456,requires_human_review,metadata/train/leaf_blast/leaf_blast (127).jpg.json
train/leaf_blast/leaf_blast (128).jpg,train,leaf_blast,1,69,511620,60444,requires_human_review,metadata/train/leaf_blast/leaf_blast (128).jpg.json
train/leaf_blast/leaf_blast (129).jpg,train,leaf_blast,1,25,190492,21596,requires_human_review,metadata/train/leaf_blast/leaf_blast (129).jpg.json
train/leaf_blast/leaf_blast (13).jpg,train,leaf_blast,1,30,352636,160836,requires_human_review,metadata/train/leaf_blast/leaf_blast (13).jpg.json
train/leaf_blast/leaf_blast (130).jpg,train,leaf_blast,1,82,696284,276624,requires_human_review,metadata/train/leaf_blast/leaf_blast (130).jpg.json
train/leaf_blast/leaf_blast (134).jpg,train,leaf_blast,1,26,190496,21632,requires_human_review,metadata/train/leaf_blast/leaf_blast (134).jpg.json
train/leaf_blast/leaf_blast (135).jpg,train,leaf_blast,1,72,2559940,628412,requires_human_review;high_foreground_coverage,metadata/train/leaf_blast/leaf_blast (135).jpg.json
train/leaf_blast/leaf_blast (137).jpg,train,leaf_blast,1,32,250676,88696,requires_human_review,metadata/train/leaf_blast/leaf_blast (137).jpg.json
train/leaf_blast/leaf_blast (139).jpg,train,leaf_blast,1,14,339420,93976,requires_human_review,metadata/train/leaf_blast/leaf_blast (139).jpg.json
train/leaf_blast/leaf_blast (141).jpg,train,leaf_blast,1,44,215608,76688,requires_human_review,metadata/train/leaf_blast/leaf_blast (141).jpg.json
train/leaf_blast/leaf_blast (142).jpg,train,leaf_blast,1,56,325340,129076,requires_human_review,metadata/train/leaf_blast/leaf_blast (142).jpg.json
train/leaf_blast/leaf_blast (144).jpg,train,leaf_blast,1,24,190332,21712,requires_human_review,metadata/train/leaf_blast/leaf_blast (144).jpg.json
train/leaf_blast/leaf_blast (145).jpg,train,leaf_blast,1,81,696056,276532,requires_human_review,metadata/train/leaf_blast/leaf_blast (145).jpg.json
train/leaf_blast/leaf_blast (147).jpg,train,leaf_blast,1,68,511616,60448,requires_human_review,metadata/train/leaf_blast/leaf_blast (147).jpg.json
train/leaf_blast/leaf_blast (148).jpg,train,leaf_blast,1,26,190496,21632,requires_human_review,metadata/train/leaf_blast/leaf_blast (148).jpg.json
train/leaf_blast/leaf_blast (151).jpg,train,leaf_blast,1,12,339472,94000,requires_human_review,metadata/train/leaf_blast/leaf_blast (151).jpg.json
train/leaf_blast/leaf_blast (152).jpg,train,leaf_blast,1,52,186036,65880,requires_human_review,metadata/train/leaf_blast/leaf_blast (152).jpg.json
train/leaf_blast/leaf_blast (153).jpg,train,leaf_blast,1,57,325268,128620,requires_human_review,metadata/train/leaf_blast/leaf_blast (153).jpg.json
train/leaf_blast/leaf_blast (154).jpg,train,leaf_blast,1,19,210204,41372,requires_human_review,metadata/train/leaf_blast/leaf_blast (154).jpg.json
train/leaf_blast/leaf_blast (155).jpg,train,leaf_blast,1,46,647476,282744,requires_human_review,metadata/train/leaf_blast/leaf_blast (155).jpg.json
train/leaf_blast/leaf_blast (156).jpg,train,leaf_blast,1,35,234548,41764,requires_human_review,metadata/train/leaf_blast/leaf_blast (156).jpg.json
train/leaf_blast/leaf_blast (164).jpg,train,leaf_blast,1,14,221192,4452,requires_human_review,metadata/train/leaf_blast/leaf_blast (164).jpg.json
train/leaf_blast/leaf_blast (165).jpg,train,leaf_blast,1,7,209084,336,requires_human_review,metadata/train/leaf_blast/leaf_blast (165).jpg.json
train/leaf_blast/leaf_blast (166).jpg,train,leaf_blast,1,5,191728,52352,requires_human_review,metadata/train/leaf_blast/leaf_blast (166).jpg.json
train/leaf_blast/leaf_blast (167).jpg,train,leaf_blast,1,28,590980,220848,requires_human_review,metadata/train/leaf_blast/leaf_blast (167).jpg.json
train/leaf_blast/leaf_blast (168).jpg,train,leaf_blast,1,23,513220,118200,requires_human_review,metadata/train/leaf_blast/leaf_blast (168).jpg.json
train/leaf_blast/leaf_blast (169).jpg,train,leaf_blast,1,12,647420,81928,requires_human_review,metadata/train/leaf_blast/leaf_blast (169).jpg.json
train/leaf_blast/leaf_blast (17).jpg,train,leaf_blast,1,32,532200,10704,requires_human_review,metadata/train/leaf_blast/leaf_blast (17).jpg.json
train/leaf_blast/leaf_blast (171).jpg,train,leaf_blast,1,33,307684,30892,requires_human_review,metadata/train/leaf_blast/leaf_blast (171).jpg.json
train/leaf_blast/leaf_blast (173).jpg,train,leaf_blast,1,17,400900,105540,requires_human_review,metadata/train/leaf_blast/leaf_blast (173).jpg.json
train/leaf_blast/leaf_blast (174).jpg,train,leaf_blast,1,6,416148,97464,requires_human_review,metadata/train/leaf_blast/leaf_blast (174).jpg.json
train/leaf_blast/leaf_blast (176).jpg,train,leaf_blast,1,23,1136520,33548,requires_human_review,metadata/train/leaf_blast/leaf_blast (176).jpg.json
train/leaf_blast/leaf_blast (178).jpg,train,leaf_blast,1,29,980532,27704,requires_human_review,metadata/train/leaf_blast/leaf_blast (178).jpg.json
train/leaf_blast/leaf_blast (179).jpg,train,leaf_blast,1,9,506468,317492,requires_human_review;high_candidate_coverage,metadata/train/leaf_blast/leaf_blast (179).jpg.json
train/leaf_blast/leaf_blast (183).jpg,train,leaf_blast,1,32,697304,54776,requires_human_review,metadata/train/leaf_blast/leaf_blast (183).jpg.json
train/leaf_blast/leaf_blast (184).jpg,train,leaf_blast,1,49,641552,11500,requires_human_review,metadata/train/leaf_blast/leaf_blast (184).jpg.json
train/leaf_blast/leaf_blast (185).jpg,train,leaf_blast,1,4,166732,17116,requires_human_review,metadata/train/leaf_blast/leaf_blast (185).jpg.json
train/leaf_blast/leaf_blast (186).jpg,train,leaf_blast,1,3,219464,23380,requires_human_review,metadata/train/leaf_blast/leaf_blast (186).jpg.json
train/leaf_blast/leaf_blast (19).jpg,train,leaf_blast,1,43,137484,45676,requires_human_review,metadata/train/leaf_blast/leaf_blast (19).jpg.json
train/leaf_blast/leaf_blast (191).jpg,train,leaf_blast,1,42,356648,66612,requires_human_review,metadata/train/leaf_blast/leaf_blast (191).jpg.json
train/leaf_blast/leaf_blast (192).jpg,train,leaf_blast,1,49,316960,37360,requires_human_review,metadata/train/leaf_blast/leaf_blast (192).jpg.json
train/leaf_blast/leaf_blast (194).jpg,train,leaf_blast,1,27,190536,21728,requires_human_review,metadata/train/leaf_blast/leaf_blast (194).jpg.json
train/leaf_blast/leaf_blast (199).jpg,train,leaf_blast,1,49,186284,66120,requires_human_review,metadata/train/leaf_blast/leaf_blast (199).jpg.json
train/leaf_blast/leaf_blast (20).jpg,train,leaf_blast,1,39,174284,26208,requires_human_review,metadata/train/leaf_blast/leaf_blast (20).jpg.json
train/leaf_blast/leaf_blast (200).jpg,train,leaf_blast,1,46,215600,76812,requires_human_review,metadata/train/leaf_blast/leaf_blast (200).jpg.json
train/leaf_blast/leaf_blast (201).jpg,train,leaf_blast,1,29,190584,21840,requires_human_review,metadata/train/leaf_blast/leaf_blast (201).jpg.json
train/leaf_blast/leaf_blast (202).jpg,train,leaf_blast,1,24,323200,114772,requires_human_review,metadata/train/leaf_blast/leaf_blast (202).jpg.json
train/leaf_blast/leaf_blast (203).jpg,train,leaf_blast,1,13,339404,94040,requires_human_review,metadata/train/leaf_blast/leaf_blast (203).jpg.json
train/leaf_blast/leaf_blast (206).jpg,train,leaf_blast,1,46,215624,76744,requires_human_review,metadata/train/leaf_blast/leaf_blast (206).jpg.json
train/leaf_blast/leaf_blast (209).jpg,train,leaf_blast,1,47,186256,66032,requires_human_review,metadata/train/leaf_blast/leaf_blast (209).jpg.json
train/leaf_blast/leaf_blast (210).jpg,train,leaf_blast,1,32,278272,127276,requires_human_review,metadata/train/leaf_blast/leaf_blast (210).jpg.json
train/leaf_blast/leaf_blast (211).jpg,train,leaf_blast,1,57,325292,129024,requires_human_review,metadata/train/leaf_blast/leaf_blast (211).jpg.json
train/leaf_blast/leaf_blast (212).jpg,train,leaf_blast,1,49,316960,37360,requires_human_review,metadata/train/leaf_blast/leaf_blast (212).jpg.json
train/leaf_blast/leaf_blast (213).jpg,train,leaf_blast,1,68,511568,60352,requires_human_review,metadata/train/leaf_blast/leaf_blast (213).jpg.json
train/leaf_blast/leaf_blast (214).jpg,train,leaf_blast,1,27,190536,21728,requires_human_review,metadata/train/leaf_blast/leaf_blast (214).jpg.json
train/leaf_blast/leaf_blast (217).jpg,train,leaf_blast,1,54,434908,39356,requires_human_review,metadata/train/leaf_blast/leaf_blast (217).jpg.json
train/leaf_blast/leaf_blast (218).jpg,train,leaf_blast,1,26,323180,114852,requires_human_review,metadata/train/leaf_blast/leaf_blast (218).jpg.json
train/leaf_blast/leaf_blast (22).jpg,train,leaf_blast,1,17,271308,17296,requires_human_review,metadata/train/leaf_blast/leaf_blast (22).jpg.json
train/leaf_blast/leaf_blast (222).jpg,train,leaf_blast,1,49,186284,66120,requires_human_review,metadata/train/leaf_blast/leaf_blast (222).jpg.json
train/leaf_blast/leaf_blast (225).jpg,train,leaf_blast,1,26,142268,73364,requires_human_review;high_candidate_coverage,metadata/train/leaf_blast/leaf_blast (225).jpg.json
train/leaf_blast/leaf_blast (226).jpg,train,leaf_blast,1,19,140116,110796,requires_human_review;high_candidate_coverage,metadata/train/leaf_blast/leaf_blast (226).jpg.json
train/leaf_blast/leaf_blast (228).jpg,train,leaf_blast,1,31,298272,63856,requires_human_review,metadata/train/leaf_blast/leaf_blast (228).jpg.json
train/leaf_blast/leaf_blast (229).jpg,train,leaf_blast,1,29,452856,68792,requires_human_review,metadata/train/leaf_blast/leaf_blast (229).jpg.json
train/leaf_blast/leaf_blast (230).jpg,train,leaf_blast,1,27,576872,60400,requires_human_review,metadata/train/leaf_blast/leaf_blast (230).jpg.json
train/leaf_blast/leaf_blast (231).jpg,train,leaf_blast,1,26,436820,50596,requires_human_review,metadata/train/leaf_blast/leaf_blast (231).jpg.json
train/leaf_blast/leaf_blast (232).jpg,train,leaf_blast,1,11,612756,99420,requires_human_review,metadata/train/leaf_blast/leaf_blast (232).jpg.json
train/leaf_blast/leaf_blast (235).jpg,train,leaf_blast,1,14,565360,58244,requires_human_review,metadata/train/leaf_blast/leaf_blast (235).jpg.json
train/leaf_blast/leaf_blast (236).jpg,train,leaf_blast,1,5,543148,51336,requires_human_review,metadata/train/leaf_blast/leaf_blast (236).jpg.json
train/leaf_blast/leaf_blast (237).jpg,train,leaf_blast,1,12,417664,20928,requires_human_review,metadata/train/leaf_blast/leaf_blast (237).jpg.json
train/leaf_blast/leaf_blast (238).jpg,train,leaf_blast,1,12,187852,25540,requires_human_review,metadata/train/leaf_blast/leaf_blast (238).jpg.json
train/leaf_blast/leaf_blast (24).jpg,train,leaf_blast,1,27,590532,220712,requires_human_review,metadata/train/leaf_blast/leaf_blast (24).jpg.json
train/leaf_blast/leaf_blast (241).jpg,train,leaf_blast,1,23,489800,173124,requires_human_review,metadata/train/leaf_blast/leaf_blast (241).jpg.json
train/leaf_blast/leaf_blast (242).jpg,train,leaf_blast,1,22,430172,54496,requires_human_review,metadata/train/leaf_blast/leaf_blast (242).jpg.json
train/leaf_blast/leaf_blast (243).jpg,train,leaf_blast,1,28,282844,62224,requires_human_review,metadata/train/leaf_blast/leaf_blast (243).jpg.json
train/leaf_blast/leaf_blast (245).jpg,train,leaf_blast,1,36,358796,85224,requires_human_review,metadata/train/leaf_blast/leaf_blast (245).jpg.json
train/leaf_blast/leaf_blast (246).jpg,train,leaf_blast,1,60,817396,165152,requires_human_review,metadata/train/leaf_blast/leaf_blast (246).jpg.json
train/leaf_blast/leaf_blast (248).jpg,train,leaf_blast,1,4,256492,43756,requires_human_review,metadata/train/leaf_blast/leaf_blast (248).jpg.json
train/leaf_blast/leaf_blast (249).jpg,train,leaf_blast,1,41,427764,116232,requires_human_review,metadata/train/leaf_blast/leaf_blast (249).jpg.json
train/leaf_blast/leaf_blast (250).jpg,train,leaf_blast,1,13,406908,174740,requires_human_review,metadata/train/leaf_blast/leaf_blast (250).jpg.json
train/leaf_blast/leaf_blast (252).jpg,train,leaf_blast,1,34,306036,29824,requires_human_review,metadata/train/leaf_blast/leaf_blast (252).jpg.json
train/leaf_blast/leaf_blast (253).jpg,train,leaf_blast,1,33,552836,102952,requires_human_review,metadata/train/leaf_blast/leaf_blast (253).jpg.json
train/leaf_blast/leaf_blast (255).jpg,train,leaf_blast,1,0,324508,0,requires_human_review;no_candidate_on_diseased_image,metadata/train/leaf_blast/leaf_blast (255).jpg.json
train/leaf_blast/leaf_blast (256).jpg,train,leaf_blast,1,17,388076,51020,requires_human_review,metadata/train/leaf_blast/leaf_blast (256).jpg.json
train/leaf_blast/leaf_blast (26).jpg,train,leaf_blast,1,12,647364,81876,requires_human_review,metadata/train/leaf_blast/leaf_blast (26).jpg.json
train/leaf_blast/leaf_blast (260).jpg,train,leaf_blast,1,19,136880,7928,requires_human_review,metadata/train/leaf_blast/leaf_blast (260).jpg.json
train/leaf_blast/leaf_blast (261).jpg,train,leaf_blast,1,3,210320,8120,requires_human_review,metadata/train/leaf_blast/leaf_blast (261).jpg.json
train/leaf_blast/leaf_blast (262).jpg,train,leaf_blast,1,2,288352,5500,requires_human_review,metadata/train/leaf_blast/leaf_blast (262).jpg.json
train/leaf_blast/leaf_blast (265).jpg,train,leaf_blast,1,60,404120,18780,requires_human_review,metadata/train/leaf_blast/leaf_blast (265).jpg.json
train/leaf_blast/leaf_blast (268).jpg,train,leaf_blast,1,60,489276,33336,requires_human_review,metadata/train/leaf_blast/leaf_blast (268).jpg.json
train/leaf_blast/leaf_blast (269).jpg,train,leaf_blast,1,43,293872,15656,requires_human_review,metadata/train/leaf_blast/leaf_blast (269).jpg.json
train/leaf_blast/leaf_blast (27).jpg,train,leaf_blast,1,3,664040,79976,requires_human_review,metadata/train/leaf_blast/leaf_blast (27).jpg.json
train/leaf_blast/leaf_blast (270).jpg,train,leaf_blast,1,35,272120,11180,requires_human_review,metadata/train/leaf_blast/leaf_blast (270).jpg.json
train/leaf_blast/leaf_blast (271).jpg,train,leaf_blast,1,32,353216,12440,requires_human_review,metadata/train/leaf_blast/leaf_blast (271).jpg.json
train/leaf_blast/leaf_blast (273).jpg,train,leaf_blast,1,25,219184,6952,requires_human_review,metadata/train/leaf_blast/leaf_blast (273).jpg.json
train/leaf_blast/leaf_blast (274).jpg,train,leaf_blast,1,42,322596,8112,requires_human_review,metadata/train/leaf_blast/leaf_blast (274).jpg.json
train/leaf_blast/leaf_blast (275).jpg,train,leaf_blast,1,16,313088,25820,requires_human_review,metadata/train/leaf_blast/leaf_blast (275).jpg.json
train/leaf_blast/leaf_blast (276).jpg,train,leaf_blast,2,18,231924,6884,requires_human_review;multiple_leaf_components,metadata/train/leaf_blast/leaf_blast (276).jpg.json
train/leaf_blast/leaf_blast (277).jpg,train,leaf_blast,1,2,233808,2352,requires_human_review,metadata/train/leaf_blast/leaf_blast (277).jpg.json
train/leaf_blast/leaf_blast (278).jpg,train,leaf_blast,1,3,196056,1788,requires_human_review,metadata/train/leaf_blast/leaf_blast (278).jpg.json
train/leaf_blast/leaf_blast (28).jpg,train,leaf_blast,1,2,403232,67528,requires_human_review,metadata/train/leaf_blast/leaf_blast (28).jpg.json
train/leaf_blast/leaf_blast (280).jpg,train,leaf_blast,1,11,323688,18220,requires_human_review,metadata/train/leaf_blast/leaf_blast (280).jpg.json
train/leaf_blast/leaf_blast (281).jpg,train,leaf_blast,1,23,435084,62020,requires_human_review,metadata/train/leaf_blast/leaf_blast (281).jpg.json
train/leaf_blast/leaf_blast (282).jpg,train,leaf_blast,1,5,328716,6968,requires_human_review,metadata/train/leaf_blast/leaf_blast (282).jpg.json
train/leaf_blast/leaf_blast (283).jpg,train,leaf_blast,1,1,193044,108,requires_human_review,metadata/train/leaf_blast/leaf_blast (283).jpg.json
train/leaf_blast/leaf_blast (284).jpg,train,leaf_blast,1,11,244740,6992,requires_human_review,metadata/train/leaf_blast/leaf_blast (284).jpg.json
train/leaf_blast/leaf_blast (286).jpg,train,leaf_blast,1,1,196892,388,requires_human_review,metadata/train/leaf_blast/leaf_blast (286).jpg.json
train/leaf_blast/leaf_blast (287).jpg,train,leaf_blast,1,22,292540,8560,requires_human_review,metadata/train/leaf_blast/leaf_blast (287).jpg.json
train/leaf_blast/leaf_blast (288).jpg,train,leaf_blast,1,32,259948,6988,requires_human_review,metadata/train/leaf_blast/leaf_blast (288).jpg.json
train/leaf_blast/leaf_blast (29).jpg,train,leaf_blast,1,3,559012,135752,requires_human_review,metadata/train/leaf_blast/leaf_blast (29).jpg.json
train/leaf_blast/leaf_blast (290).jpg,train,leaf_blast,1,3,216220,5680,requires_human_review,metadata/train/leaf_blast/leaf_blast (290).jpg.json
train/leaf_blast/leaf_blast (291).jpg,train,leaf_blast,1,66,661388,10588,requires_human_review,metadata/train/leaf_blast/leaf_blast (291).jpg.json
train/leaf_blast/leaf_blast (292).jpg,train,leaf_blast,1,8,358432,61276,requires_human_review,metadata/train/leaf_blast/leaf_blast (292).jpg.json
train/leaf_blast/leaf_blast (293).jpg,train,leaf_blast,1,44,341220,18444,requires_human_review,metadata/train/leaf_blast/leaf_blast (293).jpg.json
train/leaf_blast/leaf_blast (296).jpg,train,leaf_blast,1,19,173708,25952,requires_human_review,metadata/train/leaf_blast/leaf_blast (296).jpg.json
train/leaf_blast/leaf_blast (297).jpg,train,leaf_blast,1,0,188520,0,requires_human_review;no_candidate_on_diseased_image,metadata/train/leaf_blast/leaf_blast (297).jpg.json
train/leaf_blast/leaf_blast (298).jpg,train,leaf_blast,1,34,352924,161316,requires_human_review,metadata/train/leaf_blast/leaf_blast (298).jpg.json
train/leaf_blast/leaf_blast (3).jpg,train,leaf_blast,1,11,882756,310076,requires_human_review,metadata/train/leaf_blast/leaf_blast (3).jpg.json
train/leaf_blast/leaf_blast (30).jpg,train,leaf_blast,1,33,307568,30676,requires_human_review,metadata/train/leaf_blast/leaf_blast (30).jpg.json
train/leaf_blast/leaf_blast (300).jpg,train,leaf_blast,1,29,352788,160416,requires_human_review,metadata/train/leaf_blast/leaf_blast (300).jpg.json
train/leaf_blast/leaf_blast (302).jpg,train,leaf_blast,1,27,315012,143460,requires_human_review,metadata/train/leaf_blast/leaf_blast (302).jpg.json
train/leaf_blast/leaf_blast (303).jpg,train,leaf_blast,1,16,236080,107756,requires_human_review,metadata/train/leaf_blast/leaf_blast (303).jpg.json
train/leaf_blast/leaf_blast (304).jpg,train,leaf_blast,1,24,190332,21712,requires_human_review,metadata/train/leaf_blast/leaf_blast (304).jpg.json
train/leaf_blast/leaf_blast (305).jpg,train,leaf_blast,1,20,236260,107952,requires_human_review,metadata/train/leaf_blast/leaf_blast (305).jpg.json
train/leaf_blast/leaf_blast (309).jpg,train,leaf_blast,1,13,176080,12684,requires_human_review,metadata/train/leaf_blast/leaf_blast (309).jpg.json
train/leaf_blast/leaf_blast (31).jpg,train,leaf_blast,1,39,329964,90816,requires_human_review,metadata/train/leaf_blast/leaf_blast (31).jpg.json
train/leaf_blast/leaf_blast (312).jpg,train,leaf_blast,1,10,358480,61388,requires_human_review,metadata/train/leaf_blast/leaf_blast (312).jpg.json
train/leaf_blast/leaf_blast (313).jpg,train,leaf_blast,1,10,223152,21428,requires_human_review,metadata/train/leaf_blast/leaf_blast (313).jpg.json
train/leaf_blast/leaf_blast (314).jpg,train,leaf_blast,1,15,330508,37344,requires_human_review,metadata/train/leaf_blast/leaf_blast (314).jpg.json
train/leaf_blast/leaf_blast (315).jpg,train,leaf_blast,1,24,590008,219800,requires_human_review,metadata/train/leaf_blast/leaf_blast (315).jpg.json
train/leaf_blast/leaf_blast (317).jpg,train,leaf_blast,1,43,230816,63284,requires_human_review,metadata/train/leaf_blast/leaf_blast (317).jpg.json
train/leaf_blast/leaf_blast (318).jpg,train,leaf_blast,1,22,531752,22872,requires_human_review,metadata/train/leaf_blast/leaf_blast (318).jpg.json
train/leaf_blast/leaf_blast (32).jpg,train,leaf_blast,1,15,400564,105136,requires_human_review,metadata/train/leaf_blast/leaf_blast (32).jpg.json
train/leaf_blast/leaf_blast (320).jpg,train,leaf_blast,1,35,382048,95292,requires_human_review,metadata/train/leaf_blast/leaf_blast (320).jpg.json
train/leaf_blast/leaf_blast (321).jpg,train,leaf_blast,1,75,2559940,628380,requires_human_review;high_foreground_coverage,metadata/train/leaf_blast/leaf_blast (321).jpg.json
train/leaf_blast/leaf_blast (322).jpg,train,leaf_blast,1,13,244664,90600,requires_human_review,metadata/train/leaf_blast/leaf_blast (322).jpg.json
train/leaf_blast/leaf_blast (325).jpg,train,leaf_blast,1,12,506424,317608,requires_human_review;high_candidate_coverage,metadata/train/leaf_blast/leaf_blast (325).jpg.json
train/leaf_blast/leaf_blast (327).jpg,train,leaf_blast,1,0,324540,0,requires_human_review;no_candidate_on_diseased_image,metadata/train/leaf_blast/leaf_blast (327).jpg.json
train/leaf_blast/leaf_blast (328).jpg,train,leaf_blast,1,12,176120,12724,requires_human_review,metadata/train/leaf_blast/leaf_blast (328).jpg.json
train/leaf_blast/leaf_blast (329).jpg,train,leaf_blast,1,27,219232,6816,requires_human_review,metadata/train/leaf_blast/leaf_blast (329).jpg.json
train/leaf_blast/leaf_blast (33).jpg,train,leaf_blast,1,20,874328,50528,requires_human_review,metadata/train/leaf_blast/leaf_blast (33).jpg.json
train/leaf_blast/leaf_blast (330).jpg,train,leaf_blast,1,9,358452,61296,requires_human_review,metadata/train/leaf_blast/leaf_blast (330).jpg.json
train/leaf_blast/leaf_blast (331).jpg,train,leaf_blast,1,11,223152,21528,requires_human_review,metadata/train/leaf_blast/leaf_blast (331).jpg.json
train/leaf_blast/leaf_blast (332).jpg,train,leaf_blast,1,27,128108,12628,requires_human_review,metadata/train/leaf_blast/leaf_blast (332).jpg.json
train/leaf_blast/leaf_blast (333).jpg,train,leaf_blast,1,24,590068,219944,requires_human_review,metadata/train/leaf_blast/leaf_blast (333).jpg.json
train/leaf_blast/leaf_blast (334).jpg,train,leaf_blast,1,15,516300,56752,requires_human_review,metadata/train/leaf_blast/leaf_blast (334).jpg.json
train/leaf_blast/leaf_blast (335).jpg,train,leaf_blast,1,28,351388,10024,requires_human_review,metadata/train/leaf_blast/leaf_blast (335).jpg.json
train/leaf_blast/leaf_blast (337).jpg,train,leaf_blast,1,41,230788,63308,requires_human_review,metadata/train/leaf_blast/leaf_blast (337).jpg.json
train/leaf_blast/leaf_blast (339).jpg,train,leaf_blast,1,43,476908,9504,requires_human_review,metadata/train/leaf_blast/leaf_blast (339).jpg.json
train/leaf_blast/leaf_blast (34).jpg,train,leaf_blast,1,6,416236,97468,requires_human_review,metadata/train/leaf_blast/leaf_blast (34).jpg.json
train/leaf_blast/leaf_blast (340).jpg,train,leaf_blast,1,75,2559940,628396,requires_human_review;high_foreground_coverage,metadata/train/leaf_blast/leaf_blast (340).jpg.json
train/leaf_blast/leaf_blast (341).jpg,train,leaf_blast,1,6,416424,97852,requires_human_review,metadata/train/leaf_blast/leaf_blast (341).jpg.json
train/leaf_blast/leaf_blast (342).jpg,train,leaf_blast,1,6,452368,71484,requires_human_review,metadata/train/leaf_blast/leaf_blast (342).jpg.json
train/leaf_blast/leaf_blast (343).jpg,train,leaf_blast,1,5,984804,31808,requires_human_review,metadata/train/leaf_blast/leaf_blast (343).jpg.json
train/leaf_blast/leaf_blast (344).jpg,train,leaf_blast,1,13,506432,317728,requires_human_review;high_candidate_coverage,metadata/train/leaf_blast/leaf_blast (344).jpg.json
train/leaf_blast/leaf_blast (345).jpg,train,leaf_blast,1,28,289164,3232,requires_human_review,metadata/train/leaf_blast/leaf_blast (345).jpg.json
train/leaf_blast/leaf_blast (347).jpg,train,leaf_blast,1,9,223128,21508,requires_human_review,metadata/train/leaf_blast/leaf_blast (347).jpg.json
train/leaf_blast/leaf_blast (348).jpg,train,leaf_blast,1,28,128064,12636,requires_human_review,metadata/train/leaf_blast/leaf_blast (348).jpg.json
train/leaf_blast/leaf_blast (349).jpg,train,leaf_blast,1,6,153312,15748,requires_human_review,metadata/train/leaf_blast/leaf_blast (349).jpg.json
train/leaf_blast/leaf_blast (35).jpg,train,leaf_blast,1,5,366248,99096,requires_human_review,metadata/train/leaf_blast/leaf_blast (35).jpg.json
train/leaf_blast/leaf_blast (350).jpg,train,leaf_blast,1,5,163616,24600,requires_human_review,metadata/train/leaf_blast/leaf_blast (350).jpg.json
train/leaf_blast/leaf_blast (37).jpg,train,leaf_blast,1,23,1136584,33564,requires_human_review,metadata/train/leaf_blast/leaf_blast (37).jpg.json
train/leaf_blast/leaf_blast (38).jpg,train,leaf_blast,1,7,984760,31648,requires_human_review,metadata/train/leaf_blast/leaf_blast (38).jpg.json
train/leaf_blast/leaf_blast (42).jpg,train,leaf_blast,1,31,323672,44696,requires_human_review,metadata/train/leaf_blast/leaf_blast (42).jpg.json
train/leaf_blast/leaf_blast (43).jpg,train,leaf_blast,1,4,677416,103812,requires_human_review,metadata/train/leaf_blast/leaf_blast (43).jpg.json
train/leaf_blast/leaf_blast (45).jpg,train,leaf_blast,1,12,309528,43208,requires_human_review,metadata/train/leaf_blast/leaf_blast (45).jpg.json
train/leaf_blast/leaf_blast (47).jpg,train,leaf_blast,1,19,444952,141668,requires_human_review,metadata/train/leaf_blast/leaf_blast (47).jpg.json
train/leaf_blast/leaf_blast (48).jpg,train,leaf_blast,1,3,164824,20640,requires_human_review,metadata/train/leaf_blast/leaf_blast (48).jpg.json
train/leaf_blast/leaf_blast (49).jpg,train,leaf_blast,1,57,325336,129024,requires_human_review,metadata/train/leaf_blast/leaf_blast (49).jpg.json
train/leaf_blast/leaf_blast (5).jpg,train,leaf_blast,1,35,369296,31800,requires_human_review,metadata/train/leaf_blast/leaf_blast (5).jpg.json
train/leaf_blast/leaf_blast (50).jpg,train,leaf_blast,1,81,696296,276532,requires_human_review,metadata/train/leaf_blast/leaf_blast (50).jpg.json
train/leaf_blast/leaf_blast (56).jpg,train,leaf_blast,1,25,322536,93224,requires_human_review,metadata/train/leaf_blast/leaf_blast (56).jpg.json
train/leaf_blast/leaf_blast (57).jpg,train,leaf_blast,1,16,227836,6152,requires_human_review,metadata/train/leaf_blast/leaf_blast (57).jpg.json
train/leaf_blast/leaf_blast (6).jpg,train,leaf_blast,1,58,456688,21772,requires_human_review,metadata/train/leaf_blast/leaf_blast (6).jpg.json
train/leaf_blast/leaf_blast (60).jpg,train,leaf_blast,1,15,241456,77768,requires_human_review,metadata/train/leaf_blast/leaf_blast (60).jpg.json
train/leaf_blast/leaf_blast (61).jpg,train,leaf_blast,1,9,503916,83548,requires_human_review,metadata/train/leaf_blast/leaf_blast (61).jpg.json
train/leaf_blast/leaf_blast (62).jpg,train,leaf_blast,1,27,323668,44668,requires_human_review,metadata/train/leaf_blast/leaf_blast (62).jpg.json
train/leaf_blast/leaf_blast (64).jpg,train,leaf_blast,2,8,1048988,477564,requires_human_review;multiple_leaf_components,metadata/train/leaf_blast/leaf_blast (64).jpg.json
train/leaf_blast/leaf_blast (65).jpg,train,leaf_blast,1,7,556436,181136,requires_human_review,metadata/train/leaf_blast/leaf_blast (65).jpg.json
train/leaf_blast/leaf_blast (66).jpg,train,leaf_blast,1,11,309284,42940,requires_human_review,metadata/train/leaf_blast/leaf_blast (66).jpg.json
train/leaf_blast/leaf_blast (69).jpg,train,leaf_blast,1,30,159548,77616,requires_human_review,metadata/train/leaf_blast/leaf_blast (69).jpg.json
train/leaf_blast/leaf_blast (7).jpg,train,leaf_blast,1,17,477360,65896,requires_human_review,metadata/train/leaf_blast/leaf_blast (7).jpg.json
train/leaf_blast/leaf_blast (75).jpg,train,leaf_blast,1,46,215600,76812,requires_human_review,metadata/train/leaf_blast/leaf_blast (75).jpg.json
train/leaf_blast/leaf_blast (80).jpg,train,leaf_blast,1,7,730188,120828,requires_human_review,metadata/train/leaf_blast/leaf_blast (80).jpg.json
train/leaf_blast/leaf_blast (81).jpg,train,leaf_blast,1,8,647492,92240,requires_human_review,metadata/train/leaf_blast/leaf_blast (81).jpg.json
train/leaf_blast/leaf_blast (85).jpg,train,leaf_blast,1,30,569072,9776,requires_human_review,metadata/train/leaf_blast/leaf_blast (85).jpg.json
train/leaf_blast/leaf_blast (87).jpg,train,leaf_blast,1,13,780452,329876,requires_human_review,metadata/train/leaf_blast/leaf_blast (87).jpg.json
train/leaf_blast/leaf_blast (89).jpg,train,leaf_blast,1,28,514708,212520,requires_human_review,metadata/train/leaf_blast/leaf_blast (89).jpg.json
train/leaf_blast/leaf_blast (90).jpg,train,leaf_blast,1,14,558608,17100,requires_human_review,metadata/train/leaf_blast/leaf_blast (90).jpg.json
train/leaf_blast/leaf_blast (91).jpg,train,leaf_blast,1,22,531728,22920,requires_human_review,metadata/train/leaf_blast/leaf_blast (91).jpg.json
train/leaf_blast/leaf_blast (92).jpg,train,leaf_blast,1,1,327524,4540,requires_human_review,metadata/train/leaf_blast/leaf_blast (92).jpg.json
train/leaf_blast/leaf_blast (93).jpg,train,leaf_blast,1,2,275416,3644,requires_human_review,metadata/train/leaf_blast/leaf_blast (93).jpg.json
train/leaf_blast/leaf_blast (95).jpg,train,leaf_blast,1,4,507936,8200,requires_human_review,metadata/train/leaf_blast/leaf_blast (95).jpg.json
train/leaf_blast/leaf_blast (96).jpg,train,leaf_blast,1,44,476868,9376,requires_human_review,metadata/train/leaf_blast/leaf_blast (96).jpg.json
train/leaf_blast/leaf_blast (98).jpg,train,leaf_blast,1,40,196116,63504,requires_human_review,metadata/train/leaf_blast/leaf_blast (98).jpg.json
train/leaf_scald/leaf_scald (10).jpg,train,leaf_scald,3,24,341736,205068,requires_human_review;multiple_leaf_components;high_candidate_coverage,metadata/train/leaf_scald/leaf_scald (10).jpg.json
train/leaf_scald/leaf_scald (100).jpg,train,leaf_scald,1,7,208236,151500,requires_human_review;high_candidate_coverage,metadata/train/leaf_scald/leaf_scald (100).jpg.json
train/leaf_scald/leaf_scald (101).jpg,train,leaf_scald,1,2,129920,111128,requires_human_review;high_candidate_coverage,metadata/train/leaf_scald/leaf_scald (101).jpg.json
train/leaf_scald/leaf_scald (102).jpg,train,leaf_scald,1,5,113032,85564,requires_human_review;high_candidate_coverage,metadata/train/leaf_scald/leaf_scald (102).jpg.json
train/leaf_scald/leaf_scald (105).jpg,train,leaf_scald,1,10,393724,204848,requires_human_review;high_candidate_coverage,metadata/train/leaf_scald/leaf_scald (105).jpg.json
train/leaf_scald/leaf_scald (106).jpg,train,leaf_scald,1,32,390820,74428,requires_human_review,metadata/train/leaf_scald/leaf_scald (106).jpg.json
train/leaf_scald/leaf_scald (107).jpg,train,leaf_scald,1,30,358112,68000,requires_human_review,metadata/train/leaf_scald/leaf_scald (107).jpg.json
train/leaf_scald/leaf_scald (109).jpg,train,leaf_scald,1,22,303316,57612,requires_human_review,metadata/train/leaf_scald/leaf_scald (109).jpg.json
train/leaf_scald/leaf_scald (11).jpg,train,leaf_scald,1,5,166628,139672,requires_human_review;high_candidate_coverage,metadata/train/leaf_scald/leaf_scald (11).jpg.json
train/leaf_scald/leaf_scald (110).jpg,train,leaf_scald,1,19,189928,35828,requires_human_review,metadata/train/leaf_scald/leaf_scald (110).jpg.json
train/leaf_scald/leaf_scald (111).jpg,train,leaf_scald,1,21,123100,23396,requires_human_review,metadata/train/leaf_scald/leaf_scald (111).jpg.json
train/leaf_scald/leaf_scald (112).jpg,train,leaf_scald,1,22,155580,29444,requires_human_review,metadata/train/leaf_scald/leaf_scald (112).jpg.json
train/leaf_scald/leaf_scald (116).jpg,train,leaf_scald,1,21,315568,142556,requires_human_review,metadata/train/leaf_scald/leaf_scald (116).jpg.json
train/leaf_scald/leaf_scald (117).jpg,train,leaf_scald,1,28,181944,37832,requires_human_review,metadata/train/leaf_scald/leaf_scald (117).jpg.json
train/leaf_scald/leaf_scald (119).jpg,train,leaf_scald,1,21,273380,46556,requires_human_review,metadata/train/leaf_scald/leaf_scald (119).jpg.json
train/leaf_scald/leaf_scald (121).jpg,train,leaf_scald,1,13,207048,114944,requires_human_review;high_candidate_coverage,metadata/train/leaf_scald/leaf_scald (121).jpg.json
train/leaf_scald/leaf_scald (122).jpg,train,leaf_scald,1,42,455000,241940,requires_human_review;high_candidate_coverage,metadata/train/leaf_scald/leaf_scald (122).jpg.json
train/leaf_scald/leaf_scald (123).jpg,train,leaf_scald,1,5,312524,266412,requires_human_review;high_candidate_coverage,metadata/train/leaf_scald/leaf_scald (123).jpg.json
train/leaf_scald/leaf_scald (124).jpg,train,leaf_scald,1,6,178452,49720,requires_human_review,metadata/train/leaf_scald/leaf_scald (124).jpg.json
train/leaf_scald/leaf_scald (125).jpg,train,leaf_scald,1,7,188464,80664,requires_human_review,metadata/train/leaf_scald/leaf_scald (125).jpg.json
train/leaf_scald/leaf_scald (127).jpg,train,leaf_scald,3,29,378676,227680,requires_human_review;multiple_leaf_components;high_candidate_coverage,metadata/train/leaf_scald/leaf_scald (127).jpg.json
train/leaf_scald/leaf_scald (128).jpg,train,leaf_scald,1,2,130572,111860,requires_human_review;high_candidate_coverage,metadata/train/leaf_scald/leaf_scald (128).jpg.json
train/leaf_scald/leaf_scald (129).jpg,train,leaf_scald,1,2,112744,85028,requires_human_review;high_candidate_coverage,metadata/train/leaf_scald/leaf_scald (129).jpg.json
train/leaf_scald/leaf_scald (13).jpg,train,leaf_scald,1,5,310544,254944,requires_human_review;high_candidate_coverage,metadata/train/leaf_scald/leaf_scald (13).jpg.json
train/leaf_scald/leaf_scald (130).jpg,train,leaf_scald,1,40,387016,28096,requires_human_review,metadata/train/leaf_scald/leaf_scald (130).jpg.json
train/leaf_scald/leaf_scald (131).jpg,train,leaf_scald,1,24,169920,80752,requires_human_review,metadata/train/leaf_scald/leaf_scald (131).jpg.json
train/leaf_scald/leaf_scald (133).jpg,train,leaf_scald,1,3,180448,171020,requires_human_review;high_candidate_coverage,metadata/train/leaf_scald/leaf_scald (133).jpg.json
train/leaf_scald/leaf_scald (137).jpg,train,leaf_scald,1,21,203804,45284,requires_human_review,metadata/train/leaf_scald/leaf_scald (137).jpg.json
train/leaf_scald/leaf_scald (138).jpg,train,leaf_scald,1,2,117708,111996,requires_human_review;high_candidate_coverage,metadata/train/leaf_scald/leaf_scald (138).jpg.json
train/leaf_scald/leaf_scald (14).jpg,train,leaf_scald,1,20,348744,229644,requires_human_review;high_candidate_coverage,metadata/train/leaf_scald/leaf_scald (14).jpg.json
train/leaf_scald/leaf_scald (140).jpg,train,leaf_scald,1,19,432360,74256,requires_human_review,metadata/train/leaf_scald/leaf_scald (140).jpg.json
train/leaf_scald/leaf_scald (141).jpg,train,leaf_scald,1,18,484600,81756,requires_human_review,metadata/train/leaf_scald/leaf_scald (141).jpg.json
train/leaf_scald/leaf_scald (146).jpg,train,leaf_scald,1,21,138696,68848,requires_human_review,metadata/train/leaf_scald/leaf_scald (146).jpg.json
train/leaf_scald/leaf_scald (15).jpg,train,leaf_scald,1,15,401080,266524,requires_human_review;high_candidate_coverage,metadata/train/leaf_scald/leaf_scald (15).jpg.json
train/leaf_scald/leaf_scald (150).jpg,train,leaf_scald,1,36,211592,49236,requires_human_review,metadata/train/leaf_scald/leaf_scald (150).jpg.json
train/leaf_scald/leaf_scald (152).jpg,train,leaf_scald,1,45,282864,137192,requires_human_review,metadata/train/leaf_scald/leaf_scald (152).jpg.json
train/leaf_scald/leaf_scald (153).jpg,train,leaf_scald,1,22,129372,66996,requires_human_review;high_candidate_coverage,metadata/train/leaf_scald/leaf_scald (153).jpg.json
train/leaf_scald/leaf_scald (156).jpg,train,leaf_scald,1,20,129884,63304,requires_human_review,metadata/train/leaf_scald/leaf_scald (156).jpg.json
train/leaf_scald/leaf_scald (157).jpg,train,leaf_scald,1,6,195444,139976,requires_human_review;high_candidate_coverage,metadata/train/leaf_scald/leaf_scald (157).jpg.json
train/leaf_scald/leaf_scald (159).jpg,train,leaf_scald,1,1,145816,141876,requires_human_review;high_candidate_coverage,metadata/train/leaf_scald/leaf_scald (159).jpg.json
train/leaf_scald/leaf_scald (16).jpg,train,leaf_scald,1,10,194436,128164,requires_human_review;high_candidate_coverage,metadata/train/leaf_scald/leaf_scald (16).jpg.json
train/leaf_scald/leaf_scald (163).jpg,train,leaf_scald,1,2,222236,214164,requires_human_review;high_candidate_coverage,metadata/train/leaf_scald/leaf_scald (163).jpg.json
train/leaf_scald/leaf_scald (165).jpg,train,leaf_scald,1,5,118628,89768,requires_human_review;high_candidate_coverage,metadata/train/leaf_scald/leaf_scald (165).jpg.json
train/leaf_scald/leaf_scald (169).jpg,train,leaf_scald,1,10,260184,186504,requires_human_review;high_candidate_coverage,metadata/train/leaf_scald/leaf_scald (169).jpg.json
train/leaf_scald/leaf_scald (17).jpg,train,leaf_scald,1,26,463632,305712,requires_human_review;high_candidate_coverage,metadata/train/leaf_scald/leaf_scald (17).jpg.json
train/leaf_scald/leaf_scald (171).jpg,train,leaf_scald,1,17,241716,54596,requires_human_review,metadata/train/leaf_scald/leaf_scald (171).jpg.json
train/leaf_scald/leaf_scald (173).jpg,train,leaf_scald,1,23,137832,30324,requires_human_review,metadata/train/leaf_scald/leaf_scald (173).jpg.json
train/leaf_scald/leaf_scald (174).jpg,train,leaf_scald,1,4,202024,133176,requires_human_review;high_candidate_coverage,metadata/train/leaf_scald/leaf_scald (174).jpg.json
train/leaf_scald/leaf_scald (175).jpg,train,leaf_scald,1,35,104444,24544,requires_human_review,metadata/train/leaf_scald/leaf_scald (175).jpg.json
train/leaf_scald/leaf_scald (179).jpg,train,leaf_scald,1,34,274132,148632,requires_human_review;high_candidate_coverage,metadata/train/leaf_scald/leaf_scald (179).jpg.json
train/leaf_scald/leaf_scald (181).jpg,train,leaf_scald,1,3,319604,276572,requires_human_review;high_candidate_coverage,metadata/train/leaf_scald/leaf_scald (181).jpg.json
train/leaf_scald/leaf_scald (183).jpg,train,leaf_scald,1,12,209324,126980,requires_human_review;high_candidate_coverage,metadata/train/leaf_scald/leaf_scald (183).jpg.json
train/leaf_scald/leaf_scald (184).jpg,train,leaf_scald,1,4,297228,233800,requires_human_review;high_candidate_coverage,metadata/train/leaf_scald/leaf_scald (184).jpg.json
train/leaf_scald/leaf_scald (186).jpg,train,leaf_scald,1,37,308796,166100,requires_human_review;high_candidate_coverage,metadata/train/leaf_scald/leaf_scald (186).jpg.json
train/leaf_scald/leaf_scald (188).jpg,train,leaf_scald,1,16,309276,190560,requires_human_review;high_candidate_coverage,metadata/train/leaf_scald/leaf_scald (188).jpg.json
train/leaf_scald/leaf_scald (189).jpg,train,leaf_scald,1,2,186800,160088,requires_human_review;high_candidate_coverage,metadata/train/leaf_scald/leaf_scald (189).jpg.json
train/leaf_scald/leaf_scald (190).jpg,train,leaf_scald,1,11,307212,86872,requires_human_review,metadata/train/leaf_scald/leaf_scald (190).jpg.json
train/leaf_scald/leaf_scald (193).jpg,train,leaf_scald,1,37,337220,182692,requires_human_review;high_candidate_coverage,metadata/train/leaf_scald/leaf_scald (193).jpg.json
train/leaf_scald/leaf_scald (195).jpg,train,leaf_scald,1,38,308896,166892,requires_human_review;high_candidate_coverage,metadata/train/leaf_scald/leaf_scald (195).jpg.json
train/leaf_scald/leaf_scald (196).jpg,train,leaf_scald,1,3,476244,411932,requires_human_review;high_candidate_coverage,metadata/train/leaf_scald/leaf_scald (196).jpg.json
train/leaf_scald/leaf_scald (198).jpg,train,leaf_scald,1,46,444040,238076,requires_human_review;high_candidate_coverage,metadata/train/leaf_scald/leaf_scald (198).jpg.json
train/leaf_scald/leaf_scald (2).jpg,train,leaf_scald,1,6,247340,149296,requires_human_review;high_candidate_coverage,metadata/train/leaf_scald/leaf_scald (2).jpg.json
train/leaf_scald/leaf_scald (201).jpg,train,leaf_scald,1,26,185424,80784,requires_human_review,metadata/train/leaf_scald/leaf_scald (201).jpg.json
train/leaf_scald/leaf_scald (202).jpg,train,leaf_scald,1,5,353500,294104,requires_human_review;high_candidate_coverage,metadata/train/leaf_scald/leaf_scald (202).jpg.json
train/leaf_scald/leaf_scald (203).jpg,train,leaf_scald,1,5,368976,302740,requires_human_review;high_candidate_coverage,metadata/train/leaf_scald/leaf_scald (203).jpg.json
train/leaf_scald/leaf_scald (204).jpg,train,leaf_scald,1,22,408764,252384,requires_human_review;high_candidate_coverage,metadata/train/leaf_scald/leaf_scald (204).jpg.json
train/leaf_scald/leaf_scald (206).jpg,train,leaf_scald,1,4,367344,316448,requires_human_review;high_candidate_coverage,metadata/train/leaf_scald/leaf_scald (206).jpg.json
train/leaf_scald/leaf_scald (207).jpg,train,leaf_scald,1,12,263628,173200,requires_human_review;high_candidate_coverage,metadata/train/leaf_scald/leaf_scald (207).jpg.json
train/leaf_scald/leaf_scald (208).jpg,train,leaf_scald,1,5,253544,110204,requires_human_review,metadata/train/leaf_scald/leaf_scald (208).jpg.json
train/leaf_scald/leaf_scald (209).jpg,train,leaf_scald,1,19,204328,107636,requires_human_review;high_candidate_coverage,metadata/train/leaf_scald/leaf_scald (209).jpg.json
train/leaf_scald/leaf_scald (21).jpg,train,leaf_scald,1,4,367064,316224,requires_human_review;high_candidate_coverage,metadata/train/leaf_scald/leaf_scald (21).jpg.json
train/leaf_scald/leaf_scald (212).jpg,train,leaf_scald,1,3,167736,141944,requires_human_review;high_candidate_coverage,metadata/train/leaf_scald/leaf_scald (212).jpg.json
train/leaf_scald/leaf_scald (214).jpg,train,leaf_scald,1,21,349056,229872,requires_human_review;high_candidate_coverage,metadata/train/leaf_scald/leaf_scald (214).jpg.json
train/leaf_scald/leaf_scald (217).jpg,train,leaf_scald,1,6,310960,255148,requires_human_review;high_candidate_coverage,metadata/train/leaf_scald/leaf_scald (217).jpg.json
train/leaf_scald/leaf_scald (218).jpg,train,leaf_scald,1,7,206640,123372,requires_human_review;high_candidate_coverage,metadata/train/leaf_scald/leaf_scald (218).jpg.json
train/leaf_scald/leaf_scald (22).jpg,train,leaf_scald,1,17,233428,124784,requires_human_review;high_candidate_coverage,metadata/train/leaf_scald/leaf_scald (22).jpg.json
train/leaf_scald/leaf_scald (220).jpg,train,leaf_scald,1,8,194996,151304,requires_human_review;high_candidate_coverage,metadata/train/leaf_scald/leaf_scald (220).jpg.json
train/leaf_scald/leaf_scald (221).jpg,train,leaf_scald,1,21,233800,124004,requires_human_review;high_candidate_coverage,metadata/train/leaf_scald/leaf_scald (221).jpg.json
train/leaf_scald/leaf_scald (225).jpg,train,leaf_scald,1,3,430264,376020,requires_human_review;high_candidate_coverage,metadata/train/leaf_scald/leaf_scald (225).jpg.json
train/leaf_scald/leaf_scald (226).jpg,train,leaf_scald,1,19,206808,91968,requires_human_review,metadata/train/leaf_scald/leaf_scald (226).jpg.json
train/leaf_scald/leaf_scald (227).jpg,train,leaf_scald,1,4,318620,141592,requires_human_review,metadata/train/leaf_scald/leaf_scald (227).jpg.json
train/leaf_scald/leaf_scald (229).jpg,train,leaf_scald,1,30,272432,144624,requires_human_review;high_candidate_coverage,metadata/train/leaf_scald/leaf_scald (229).jpg.json
train/leaf_scald/leaf_scald (230).jpg,train,leaf_scald,1,5,175076,107352,requires_human_review;high_candidate_coverage,metadata/train/leaf_scald/leaf_scald (230).jpg.json
train/leaf_scald/leaf_scald (231).jpg,train,leaf_scald,3,34,339264,202740,requires_human_review;multiple_leaf_components;high_candidate_coverage,metadata/train/leaf_scald/leaf_scald (231).jpg.json
train/leaf_scald/leaf_scald (238).jpg,train,leaf_scald,1,9,326796,238904,requires_human_review;high_candidate_coverage,metadata/train/leaf_scald/leaf_scald (238).jpg.json
train/leaf_scald/leaf_scald (239).jpg,train,leaf_scald,1,13,170556,125060,requires_human_review;high_candidate_coverage,metadata/train/leaf_scald/leaf_scald (239).jpg.json
train/leaf_scald/leaf_scald (24).jpg,train,leaf_scald,1,19,408224,251032,requires_human_review;high_candidate_coverage,metadata/train/leaf_scald/leaf_scald (24).jpg.json
train/leaf_scald/leaf_scald (240).jpg,train,leaf_scald,1,14,316396,210588,requires_human_review;high_candidate_coverage,metadata/train/leaf_scald/leaf_scald (240).jpg.json
train/leaf_scald/leaf_scald (241).jpg,train,leaf_scald,1,8,220480,170744,requires_human_review;high_candidate_coverage,metadata/train/leaf_scald/leaf_scald (241).jpg.json
train/leaf_scald/leaf_scald (243).jpg,train,leaf_scald,1,2,117020,97164,requires_human_review;high_candidate_coverage,metadata/train/leaf_scald/leaf_scald (243).jpg.json
train/leaf_scald/leaf_scald (244).jpg,train,leaf_scald,1,18,346120,213160,requires_human_review;high_candidate_coverage,metadata/train/leaf_scald/leaf_scald (244).jpg.json
train/leaf_scald/leaf_scald (245).jpg,train,leaf_scald,1,2,217476,171704,requires_human_review;high_candidate_coverage,metadata/train/leaf_scald/leaf_scald (245).jpg.json
train/leaf_scald/leaf_scald (246).jpg,train,leaf_scald,1,7,210416,179484,requires_human_review;high_candidate_coverage,metadata/train/leaf_scald/leaf_scald (246).jpg.json
train/leaf_scald/leaf_scald (247).jpg,train,leaf_scald,2,10,295348,252440,requires_human_review;multiple_leaf_components;high_candidate_coverage,metadata/train/leaf_scald/leaf_scald (247).jpg.json
train/leaf_scald/leaf_scald (248).jpg,train,leaf_scald,1,5,105120,90248,requires_human_review;high_candidate_coverage,metadata/train/leaf_scald/leaf_scald (248).jpg.json
train/leaf_scald/leaf_scald (25).jpg,train,leaf_scald,1,5,368584,302616,requires_human_review;high_candidate_coverage,metadata/train/leaf_scald/leaf_scald (25).jpg.json
train/leaf_scald/leaf_scald (252).jpg,train,leaf_scald,1,5,127716,99236,requires_human_review;high_candidate_coverage,metadata/train/leaf_scald/leaf_scald (252).jpg.json
train/leaf_scald/leaf_scald (253).jpg,train,leaf_scald,1,14,228628,152376,requires_human_review;high_candidate_coverage,metadata/train/leaf_scald/leaf_scald (253).jpg.json
train/leaf_scald/leaf_scald (254).jpg,train,leaf_scald,1,21,329084,216472,requires_human_review;high_candidate_coverage,metadata/train/leaf_scald/leaf_scald (254).jpg.json
train/leaf_scald/leaf_scald (256).jpg,train,leaf_scald,1,5,207728,166112,requires_human_review;high_candidate_coverage,metadata/train/leaf_scald/leaf_scald (256).jpg.json
train/leaf_scald/leaf_scald (257).jpg,train,leaf_scald,1,30,465208,241620,requires_human_review;high_candidate_coverage,metadata/train/leaf_scald/leaf_scald (257).jpg.json
train/leaf_scald/leaf_scald (258).jpg,train,leaf_scald,1,12,385284,229884,requires_human_review;high_candidate_coverage,metadata/train/leaf_scald/leaf_scald (258).jpg.json
train/leaf_scald/leaf_scald (26).jpg,train,leaf_scald,1,28,185216,80680,requires_human_review,metadata/train/leaf_scald/leaf_scald (26).jpg.json
train/leaf_scald/leaf_scald (261).jpg,train,leaf_scald,1,9,188580,79936,requires_human_review,metadata/train/leaf_scald/leaf_scald (261).jpg.json
train/leaf_scald/leaf_scald (263).jpg,train,leaf_scald,1,46,455152,243164,requires_human_review;high_candidate_coverage,metadata/train/leaf_scald/leaf_scald (263).jpg.json
train/leaf_scald/leaf_scald (265).jpg,train,leaf_scald,1,27,168224,76232,requires_human_review,metadata/train/leaf_scald/leaf_scald (265).jpg.json
train/leaf_scald/leaf_scald (266).jpg,train,leaf_scald,1,20,273300,46408,requires_human_review,metadata/train/leaf_scald/leaf_scald (266).jpg.json
train/leaf_scald/leaf_scald (268).jpg,train,leaf_scald,1,28,157984,39452,requires_human_review,metadata/train/leaf_scald/leaf_scald (268).jpg.json
train/leaf_scald/leaf_scald (270).jpg,train,leaf_scald,1,2,154308,145608,requires_human_review;high_candidate_coverage,metadata/train/leaf_scald/leaf_scald (270).jpg.json
train/leaf_scald/leaf_scald (272).jpg,train,leaf_scald,1,5,206196,107956,requires_human_review;high_candidate_coverage,metadata/train/leaf_scald/leaf_scald (272).jpg.json
train/leaf_scald/leaf_scald (278).jpg,train,leaf_scald,1,15,394092,205348,requires_human_review;high_candidate_coverage,metadata/train/leaf_scald/leaf_scald (278).jpg.json
train/leaf_scald/leaf_scald (279).jpg,train,leaf_scald,1,28,172848,31564,requires_human_review,metadata/train/leaf_scald/leaf_scald (279).jpg.json
train/leaf_scald/leaf_scald (28).jpg,train,leaf_scald,1,29,225288,122380,requires_human_review;high_candidate_coverage,metadata/train/leaf_scald/leaf_scald (28).jpg.json
train/leaf_scald/leaf_scald (280).jpg,train,leaf_scald,1,13,392128,65644,requires_human_review,metadata/train/leaf_scald/leaf_scald (280).jpg.json
train/leaf_scald/leaf_scald (281).jpg,train,leaf_scald,1,39,356908,67588,requires_human_review,metadata/train/leaf_scald/leaf_scald (281).jpg.json
train/leaf_scald/leaf_scald (282).jpg,train,leaf_scald,1,50,463132,89080,requires_human_review,metadata/train/leaf_scald/leaf_scald (282).jpg.json
train/leaf_scald/leaf_scald (283).jpg,train,leaf_scald,1,44,292332,54600,requires_human_review,metadata/train/leaf_scald/leaf_scald (283).jpg.json
train/leaf_scald/leaf_scald (285).jpg,train,leaf_scald,1,11,573324,447336,requires_human_review;high_candidate_coverage,metadata/train/leaf_scald/leaf_scald (285).jpg.json
train/leaf_scald/leaf_scald (288).jpg,train,leaf_scald,1,5,362872,258152,requires_human_review;high_candidate_coverage,metadata/train/leaf_scald/leaf_scald (288).jpg.json
train/leaf_scald/leaf_scald (289).jpg,train,leaf_scald,1,76,486756,236668,requires_human_review,metadata/train/leaf_scald/leaf_scald (289).jpg.json
train/leaf_scald/leaf_scald (29).jpg,train,leaf_scald,1,3,287156,225804,requires_human_review;high_candidate_coverage,metadata/train/leaf_scald/leaf_scald (29).jpg.json
train/leaf_scald/leaf_scald (290).jpg,train,leaf_scald,1,74,485436,250080,requires_human_review;high_candidate_coverage,metadata/train/leaf_scald/leaf_scald (290).jpg.json
train/leaf_scald/leaf_scald (292).jpg,train,leaf_scald,1,11,390340,283360,requires_human_review;high_candidate_coverage,metadata/train/leaf_scald/leaf_scald (292).jpg.json
train/leaf_scald/leaf_scald (293).jpg,train,leaf_scald,1,9,636792,451772,requires_human_review;high_candidate_coverage,metadata/train/leaf_scald/leaf_scald (293).jpg.json
train/leaf_scald/leaf_scald (296).jpg,train,leaf_scald,1,45,725476,53436,requires_human_review,metadata/train/leaf_scald/leaf_scald (296).jpg.json
train/leaf_scald/leaf_scald (298).jpg,train,leaf_scald,1,7,420768,313948,requires_human_review;high_candidate_coverage,metadata/train/leaf_scald/leaf_scald (298).jpg.json
train/leaf_scald/leaf_scald (299).jpg,train,leaf_scald,1,8,673388,631640,requires_human_review;high_candidate_coverage,metadata/train/leaf_scald/leaf_scald (299).jpg.json
train/leaf_scald/leaf_scald (3).jpg,train,leaf_scald,1,6,208856,126888,requires_human_review;high_candidate_coverage,metadata/train/leaf_scald/leaf_scald (3).jpg.json
train/leaf_scald/leaf_scald (30).jpg,train,leaf_scald,1,49,443932,237756,requires_human_review;high_candidate_coverage,metadata/train/leaf_scald/leaf_scald (30).jpg.json
train/leaf_scald/leaf_scald (300).jpg,train,leaf_scald,1,27,484900,124452,requires_human_review,metadata/train/leaf_scald/leaf_scald (300).jpg.json
train/leaf_scald/leaf_scald (301).jpg,train,leaf_scald,1,79,530732,255476,requires_human_review,metadata/train/leaf_scald/leaf_scald (301).jpg.json
train/leaf_scald/leaf_scald (303).jpg,train,leaf_scald,1,17,389656,222260,requires_human_review;high_candidate_coverage,metadata/train/leaf_scald/leaf_scald (303).jpg.json
train/leaf_scald/leaf_scald (305).jpg,train,leaf_scald,1,3,439508,412244,requires_human_review;high_candidate_coverage,metadata/train/leaf_scald/leaf_scald (305).jpg.json
train/leaf_scald/leaf_scald (306).jpg,train,leaf_scald,1,8,418360,306612,requires_human_review;high_candidate_coverage,metadata/train/leaf_scald/leaf_scald (306).jpg.json
train/leaf_scald/leaf_scald (311).jpg,train,leaf_scald,1,5,775200,339964,requires_human_review,metadata/train/leaf_scald/leaf_scald (311).jpg.json
train/leaf_scald/leaf_scald (312).jpg,train,leaf_scald,1,5,596984,263984,requires_human_review,metadata/train/leaf_scald/leaf_scald (312).jpg.json
train/leaf_scald/leaf_scald (314).jpg,train,leaf_scald,1,13,474036,281632,requires_human_review;high_candidate_coverage,metadata/train/leaf_scald/leaf_scald (314).jpg.json
train/leaf_scald/leaf_scald (315).jpg,train,leaf_scald,1,8,477976,367516,requires_human_review;high_candidate_coverage,metadata/train/leaf_scald/leaf_scald (315).jpg.json
train/leaf_scald/leaf_scald (317).jpg,train,leaf_scald,1,23,616688,404936,requires_human_review;high_candidate_coverage,metadata/train/leaf_scald/leaf_scald (317).jpg.json
train/leaf_scald/leaf_scald (318).jpg,train,leaf_scald,1,21,542112,333124,requires_human_review;high_candidate_coverage,metadata/train/leaf_scald/leaf_scald (318).jpg.json
train/leaf_scald/leaf_scald (319).jpg,train,leaf_scald,1,4,388956,310760,requires_human_review;high_candidate_coverage,metadata/train/leaf_scald/leaf_scald (319).jpg.json
train/leaf_scald/leaf_scald (32).jpg,train,leaf_scald,1,9,372760,103112,requires_human_review,metadata/train/leaf_scald/leaf_scald (32).jpg.json
train/leaf_scald/leaf_scald (320).jpg,train,leaf_scald,1,6,384840,229636,requires_human_review;high_candidate_coverage,metadata/train/leaf_scald/leaf_scald (320).jpg.json
train/leaf_scald/leaf_scald (321).jpg,train,leaf_scald,1,26,464588,242084,requires_human_review;high_candidate_coverage,metadata/train/leaf_scald/leaf_scald (321).jpg.json
train/leaf_scald/leaf_scald (323).jpg,train,leaf_scald,1,11,289228,177820,requires_human_review;high_candidate_coverage,metadata/train/leaf_scald/leaf_scald (323).jpg.json
train/leaf_scald/leaf_scald (324).jpg,train,leaf_scald,1,25,328728,215916,requires_human_review;high_candidate_coverage,metadata/train/leaf_scald/leaf_scald (324).jpg.json
train/leaf_scald/leaf_scald (330).jpg,train,leaf_scald,1,4,104752,89900,requires_human_review;high_candidate_coverage,metadata/train/leaf_scald/leaf_scald (330).jpg.json
train/leaf_scald/leaf_scald (331).jpg,train,leaf_scald,1,7,212576,181728,requires_human_review;high_candidate_coverage,metadata/train/leaf_scald/leaf_scald (331).jpg.json
train/leaf_scald/leaf_scald (332).jpg,train,leaf_scald,1,2,174932,149568,requires_human_review;high_candidate_coverage,metadata/train/leaf_scald/leaf_scald (332).jpg.json
train/leaf_scald/leaf_scald (334).jpg,train,leaf_scald,1,11,345700,212528,requires_human_review;high_candidate_coverage,metadata/train/leaf_scald/leaf_scald (334).jpg.json
train/leaf_scald/leaf_scald (335).jpg,train,leaf_scald,1,2,115712,95800,requires_human_review;high_candidate_coverage,metadata/train/leaf_scald/leaf_scald (335).jpg.json
train/leaf_scald/leaf_scald (336).jpg,train,leaf_scald,1,17,212964,155580,requires_human_review;high_candidate_coverage,metadata/train/leaf_scald/leaf_scald (336).jpg.json
train/leaf_scald/leaf_scald (337).jpg,train,leaf_scald,1,9,219940,170448,requires_human_review;high_candidate_coverage,metadata/train/leaf_scald/leaf_scald (337).jpg.json
train/leaf_scald/leaf_scald (338).jpg,train,leaf_scald,1,12,315812,209984,requires_human_review;high_candidate_coverage,metadata/train/leaf_scald/leaf_scald (338).jpg.json
train/leaf_scald/leaf_scald (34).jpg,train,leaf_scald,1,7,306384,85444,requires_human_review,metadata/train/leaf_scald/leaf_scald (34).jpg.json
train/leaf_scald/leaf_scald (340).jpg,train,leaf_scald,1,8,193232,123488,requires_human_review;high_candidate_coverage,metadata/train/leaf_scald/leaf_scald (340).jpg.json
train/leaf_scald/leaf_scald (341).jpg,train,leaf_scald,1,10,326652,238628,requires_human_review;high_candidate_coverage,metadata/train/leaf_scald/leaf_scald (341).jpg.json
train/leaf_scald/leaf_scald (342).jpg,train,leaf_scald,1,4,299872,219012,requires_human_review;high_candidate_coverage,metadata/train/leaf_scald/leaf_scald (342).jpg.json
train/leaf_scald/leaf_scald (345).jpg,train,leaf_scald,1,8,296996,186864,requires_human_review;high_candidate_coverage,metadata/train/leaf_scald/leaf_scald (345).jpg.json
train/leaf_scald/leaf_scald (347).jpg,train,leaf_scald,1,26,396508,237124,requires_human_review;high_candidate_coverage,metadata/train/leaf_scald/leaf_scald (347).jpg.json
train/leaf_scald/leaf_scald (349).jpg,train,leaf_scald,1,7,275392,121800,requires_human_review,metadata/train/leaf_scald/leaf_scald (349).jpg.json
train/leaf_scald/leaf_scald (36).jpg,train,leaf_scald,1,6,262160,74512,requires_human_review,metadata/train/leaf_scald/leaf_scald (36).jpg.json
train/leaf_scald/leaf_scald (38).jpg,train,leaf_scald,1,26,274040,148880,requires_human_review;high_candidate_coverage,metadata/train/leaf_scald/leaf_scald (38).jpg.json
train/leaf_scald/leaf_scald (41).jpg,train,leaf_scald,1,16,308996,189952,requires_human_review;high_candidate_coverage,metadata/train/leaf_scald/leaf_scald (41).jpg.json
train/leaf_scald/leaf_scald (42).jpg,train,leaf_scald,1,23,288624,155912,requires_human_review;high_candidate_coverage,metadata/train/leaf_scald/leaf_scald (42).jpg.json
train/leaf_scald/leaf_scald (44).jpg,train,leaf_scald,1,3,186600,159552,requires_human_review;high_candidate_coverage,metadata/train/leaf_scald/leaf_scald (44).jpg.json
train/leaf_scald/leaf_scald (46).jpg,train,leaf_scald,1,4,296728,233096,requires_human_review;high_candidate_coverage,metadata/train/leaf_scald/leaf_scald (46).jpg.json
train/leaf_scald/leaf_scald (48).jpg,train,leaf_scald,1,1,319368,275964,requires_human_review;high_candidate_coverage,metadata/train/leaf_scald/leaf_scald (48).jpg.json
train/leaf_scald/leaf_scald (51).jpg,train,leaf_scald,1,6,313848,88988,requires_human_review,metadata/train/leaf_scald/leaf_scald (51).jpg.json
train/leaf_scald/leaf_scald (54).jpg,train,leaf_scald,1,13,207644,119784,requires_human_review;high_candidate_coverage,metadata/train/leaf_scald/leaf_scald (54).jpg.json
train/leaf_scald/leaf_scald (57).jpg,train,leaf_scald,1,9,202212,132680,requires_human_review;high_candidate_coverage,metadata/train/leaf_scald/leaf_scald (57).jpg.json
train/leaf_scald/leaf_scald (6).jpg,train,leaf_scald,1,9,194480,151012,requires_human_review;high_candidate_coverage,metadata/train/leaf_scald/leaf_scald (6).jpg.json
train/leaf_scald/leaf_scald (60).jpg,train,leaf_scald,1,20,241320,54008,requires_human_review,metadata/train/leaf_scald/leaf_scald (60).jpg.json
train/leaf_scald/leaf_scald (62).jpg,train,leaf_scald,1,36,177864,12860,requires_human_review,metadata/train/leaf_scald/leaf_scald (62).jpg.json
train/leaf_scald/leaf_scald (63).jpg,train,leaf_scald,1,8,259876,186132,requires_human_review;high_candidate_coverage,metadata/train/leaf_scald/leaf_scald (63).jpg.json
train/leaf_scald/leaf_scald (64).jpg,train,leaf_scald,1,2,132228,129188,requires_human_review;high_candidate_coverage,metadata/train/leaf_scald/leaf_scald (64).jpg.json
train/leaf_scald/leaf_scald (65).jpg,train,leaf_scald,1,1,253492,244024,requires_human_review;high_candidate_coverage,metadata/train/leaf_scald/leaf_scald (65).jpg.json
train/leaf_scald/leaf_scald (66).jpg,train,leaf_scald,1,37,255648,119908,requires_human_review,metadata/train/leaf_scald/leaf_scald (66).jpg.json
train/leaf_scald/leaf_scald (67).jpg,train,leaf_scald,1,4,222424,214420,requires_human_review;high_candidate_coverage,metadata/train/leaf_scald/leaf_scald (67).jpg.json
train/leaf_scald/leaf_scald (69).jpg,train,leaf_scald,1,1,212452,204524,requires_human_review;high_candidate_coverage,metadata/train/leaf_scald/leaf_scald (69).jpg.json
train/leaf_scald/leaf_scald (7).jpg,train,leaf_scald,1,4,191168,157080,requires_human_review;high_candidate_coverage,metadata/train/leaf_scald/leaf_scald (7).jpg.json
train/leaf_scald/leaf_scald (75).jpg,train,leaf_scald,1,7,195588,140436,requires_human_review;high_candidate_coverage,metadata/train/leaf_scald/leaf_scald (75).jpg.json
train/leaf_scald/leaf_scald (78).jpg,train,leaf_scald,1,41,209600,99992,requires_human_review,metadata/train/leaf_scald/leaf_scald (78).jpg.json
train/leaf_scald/leaf_scald (8).jpg,train,leaf_scald,1,6,275604,76372,requires_human_review,metadata/train/leaf_scald/leaf_scald (8).jpg.json
train/leaf_scald/leaf_scald (82).jpg,train,leaf_scald,1,31,258532,66072,requires_human_review,metadata/train/leaf_scald/leaf_scald (82).jpg.json
train/leaf_scald/leaf_scald (83).jpg,train,leaf_scald,1,29,168272,42968,requires_human_review,metadata/train/leaf_scald/leaf_scald (83).jpg.json
train/leaf_scald/leaf_scald (85).jpg,train,leaf_scald,1,41,496624,35492,requires_human_review,metadata/train/leaf_scald/leaf_scald (85).jpg.json
train/leaf_scald/leaf_scald (86).jpg,train,leaf_scald,1,32,134184,31696,requires_human_review,metadata/train/leaf_scald/leaf_scald (86).jpg.json
train/leaf_scald/leaf_scald (89).jpg,train,leaf_scald,1,20,241612,43896,requires_human_review,metadata/train/leaf_scald/leaf_scald (89).jpg.json
train/leaf_scald/leaf_scald (9).jpg,train,leaf_scald,1,6,206292,123100,requires_human_review;high_candidate_coverage,metadata/train/leaf_scald/leaf_scald (9).jpg.json
train/leaf_scald/leaf_scald (90).jpg,train,leaf_scald,1,14,484452,81480,requires_human_review,metadata/train/leaf_scald/leaf_scald (90).jpg.json
train/leaf_scald/leaf_scald (92).jpg,train,leaf_scald,1,5,111112,81952,requires_human_review;high_candidate_coverage,metadata/train/leaf_scald/leaf_scald (92).jpg.json
train/leaf_scald/leaf_scald (93).jpg,train,leaf_scald,1,2,117776,112272,requires_human_review;high_candidate_coverage,metadata/train/leaf_scald/leaf_scald (93).jpg.json
train/leaf_scald/leaf_scald (94).jpg,train,leaf_scald,1,22,203332,44904,requires_human_review,metadata/train/leaf_scald/leaf_scald (94).jpg.json
train/leaf_scald/leaf_scald (95).jpg,train,leaf_scald,1,3,180284,171784,requires_human_review;high_candidate_coverage,metadata/train/leaf_scald/leaf_scald (95).jpg.json
train/leaf_scald/leaf_scald (97).jpg,train,leaf_scald,1,6,171736,123228,requires_human_review;high_candidate_coverage,metadata/train/leaf_scald/leaf_scald (97).jpg.json
train/leaf_scald/leaf_scald (99).jpg,train,leaf_scald,1,29,170396,80096,requires_human_review,metadata/train/leaf_scald/leaf_scald (99).jpg.json
train/narrow_brown_spot/narrow_brown (1).jpg,train,narrow_brown_spot,1,32,429484,26648,requires_human_review,metadata/train/narrow_brown_spot/narrow_brown (1).jpg.json
train/narrow_brown_spot/narrow_brown (100).jpg,train,narrow_brown_spot,1,34,328160,36892,requires_human_review,metadata/train/narrow_brown_spot/narrow_brown (100).jpg.json
train/narrow_brown_spot/narrow_brown (101).jpg,train,narrow_brown_spot,1,43,185240,12032,requires_human_review,metadata/train/narrow_brown_spot/narrow_brown (101).jpg.json
train/narrow_brown_spot/narrow_brown (103).jpg,train,narrow_brown_spot,1,34,253508,15816,requires_human_review,metadata/train/narrow_brown_spot/narrow_brown (103).jpg.json
train/narrow_brown_spot/narrow_brown (107).jpg,train,narrow_brown_spot,1,25,247652,53672,requires_human_review,metadata/train/narrow_brown_spot/narrow_brown (107).jpg.json
train/narrow_brown_spot/narrow_brown (108).jpg,train,narrow_brown_spot,1,50,246416,49952,requires_human_review,metadata/train/narrow_brown_spot/narrow_brown (108).jpg.json
train/narrow_brown_spot/narrow_brown (11).jpg,train,narrow_brown_spot,1,37,852828,83388,requires_human_review,metadata/train/narrow_brown_spot/narrow_brown (11).jpg.json
train/narrow_brown_spot/narrow_brown (113).jpg,train,narrow_brown_spot,1,21,235252,6116,requires_human_review,metadata/train/narrow_brown_spot/narrow_brown (113).jpg.json
train/narrow_brown_spot/narrow_brown (115).jpg,train,narrow_brown_spot,1,23,235184,6320,requires_human_review,metadata/train/narrow_brown_spot/narrow_brown (115).jpg.json
train/narrow_brown_spot/narrow_brown (116).jpg,train,narrow_brown_spot,1,27,286112,61080,requires_human_review,metadata/train/narrow_brown_spot/narrow_brown (116).jpg.json
train/narrow_brown_spot/narrow_brown (117).jpg,train,narrow_brown_spot,1,23,235088,6280,requires_human_review,metadata/train/narrow_brown_spot/narrow_brown (117).jpg.json
train/narrow_brown_spot/narrow_brown (119).jpg,train,narrow_brown_spot,1,80,324132,49988,requires_human_review,metadata/train/narrow_brown_spot/narrow_brown (119).jpg.json
train/narrow_brown_spot/narrow_brown (12).jpg,train,narrow_brown_spot,1,79,425048,73608,requires_human_review,metadata/train/narrow_brown_spot/narrow_brown (12).jpg.json
train/narrow_brown_spot/narrow_brown (120).jpg,train,narrow_brown_spot,1,21,235300,6140,requires_human_review,metadata/train/narrow_brown_spot/narrow_brown (120).jpg.json
train/narrow_brown_spot/narrow_brown (122).jpg,train,narrow_brown_spot,1,30,232256,15552,requires_human_review,metadata/train/narrow_brown_spot/narrow_brown (122).jpg.json
train/narrow_brown_spot/narrow_brown (13).jpg,train,narrow_brown_spot,1,45,568776,99508,requires_human_review,metadata/train/narrow_brown_spot/narrow_brown (13).jpg.json
train/narrow_brown_spot/narrow_brown (131).jpg,train,narrow_brown_spot,1,24,230684,24480,requires_human_review,metadata/train/narrow_brown_spot/narrow_brown (131).jpg.json
train/narrow_brown_spot/narrow_brown (132).jpg,train,narrow_brown_spot,1,80,324132,49988,requires_human_review,metadata/train/narrow_brown_spot/narrow_brown (132).jpg.json
train/narrow_brown_spot/narrow_brown (133).jpg,train,narrow_brown_spot,1,18,139912,7304,requires_human_review,metadata/train/narrow_brown_spot/narrow_brown (133).jpg.json
train/narrow_brown_spot/narrow_brown (134).jpg,train,narrow_brown_spot,1,23,252996,15888,requires_human_review,metadata/train/narrow_brown_spot/narrow_brown (134).jpg.json
train/narrow_brown_spot/narrow_brown (135).jpg,train,narrow_brown_spot,1,15,390728,24648,requires_human_review,metadata/train/narrow_brown_spot/narrow_brown (135).jpg.json
train/narrow_brown_spot/narrow_brown (136).jpg,train,narrow_brown_spot,1,36,327868,36676,requires_human_review,metadata/train/narrow_brown_spot/narrow_brown (136).jpg.json
train/narrow_brown_spot/narrow_brown (138).jpg,train,narrow_brown_spot,1,30,264524,55432,requires_human_review,metadata/train/narrow_brown_spot/narrow_brown (138).jpg.json
train/narrow_brown_spot/narrow_brown (14).jpg,train,narrow_brown_spot,1,43,611460,17664,requires_human_review,metadata/train/narrow_brown_spot/narrow_brown (14).jpg.json
train/narrow_brown_spot/narrow_brown (140).jpg,train,narrow_brown_spot,1,24,268564,6752,requires_human_review,metadata/train/narrow_brown_spot/narrow_brown (140).jpg.json
train/narrow_brown_spot/narrow_brown (142).jpg,train,narrow_brown_spot,1,29,445448,24092,requires_human_review,metadata/train/narrow_brown_spot/narrow_brown (142).jpg.json
train/narrow_brown_spot/narrow_brown (143).jpg,train,narrow_brown_spot,1,27,349928,9628,requires_human_review,metadata/train/narrow_brown_spot/narrow_brown (143).jpg.json
train/narrow_brown_spot/narrow_brown (144).jpg,train,narrow_brown_spot,1,23,241004,13428,requires_human_review,metadata/train/narrow_brown_spot/narrow_brown (144).jpg.json
train/narrow_brown_spot/narrow_brown (146).jpg,train,narrow_brown_spot,1,79,263616,40468,requires_human_review,metadata/train/narrow_brown_spot/narrow_brown (146).jpg.json
train/narrow_brown_spot/narrow_brown (149).jpg,train,narrow_brown_spot,1,87,334104,51732,requires_human_review,metadata/train/narrow_brown_spot/narrow_brown (149).jpg.json
train/narrow_brown_spot/narrow_brown (15).jpg,train,narrow_brown_spot,1,50,504028,130688,requires_human_review,metadata/train/narrow_brown_spot/narrow_brown (15).jpg.json
train/narrow_brown_spot/narrow_brown (150).jpg,train,narrow_brown_spot,1,88,358476,55456,requires_human_review,metadata/train/narrow_brown_spot/narrow_brown (150).jpg.json
train/narrow_brown_spot/narrow_brown (151).jpg,train,narrow_brown_spot,1,50,329580,66328,requires_human_review,metadata/train/narrow_brown_spot/narrow_brown (151).jpg.json
train/narrow_brown_spot/narrow_brown (152).jpg,train,narrow_brown_spot,1,47,244876,23960,requires_human_review,metadata/train/narrow_brown_spot/narrow_brown (152).jpg.json
train/narrow_brown_spot/narrow_brown (154).jpg,train,narrow_brown_spot,1,30,712316,315892,requires_human_review,metadata/train/narrow_brown_spot/narrow_brown (154).jpg.json
train/narrow_brown_spot/narrow_brown (155).jpg,train,narrow_brown_spot,1,22,468220,259948,requires_human_review;high_candidate_coverage,metadata/train/narrow_brown_spot/narrow_brown (155).jpg.json
train/narrow_brown_spot/narrow_brown (156).jpg,train,narrow_brown_spot,1,4,648204,560464,requires_human_review;high_candidate_coverage,metadata/train/narrow_brown_spot/narrow_brown (156).jpg.json
train/narrow_brown_spot/narrow_brown (159).jpg,train,narrow_brown_spot,1,30,358348,19708,requires_human_review,metadata/train/narrow_brown_spot/narrow_brown (159).jpg.json
train/narrow_brown_spot/narrow_brown (16).jpg,train,narrow_brown_spot,1,93,809500,141732,requires_human_review,metadata/train/narrow_brown_spot/narrow_brown (16).jpg.json
train/narrow_brown_spot/narrow_brown (160).jpg,train,narrow_brown_spot,1,27,274912,26096,requires_human_review,metadata/train/narrow_brown_spot/narrow_brown (160).jpg.json
train/narrow_brown_spot/narrow_brown (162).jpg,train,narrow_brown_spot,1,72,297260,50748,requires_human_review,metadata/train/narrow_brown_spot/narrow_brown (162).jpg.json
train/narrow_brown_spot/narrow_brown (163).jpg,train,narrow_brown_spot,1,89,491720,76204,requires_human_review,metadata/train/narrow_brown_spot/narrow_brown (163).jpg.json
train/narrow_brown_spot/narrow_brown (169).jpg,train,narrow_brown_spot,1,21,161672,17792,requires_human_review,metadata/train/narrow_brown_spot/narrow_brown (169).jpg.json
train/narrow_brown_spot/narrow_brown (17).jpg,train,narrow_brown_spot,1,32,371112,38416,requires_human_review,metadata/train/narrow_brown_spot/narrow_brown (17).jpg.json
train/narrow_brown_spot/narrow_brown (170).jpg,train,narrow_brown_spot,1,35,569984,65620,requires_human_review,metadata/train/narrow_brown_spot/narrow_brown (170).jpg.json
train/narrow_brown_spot/narrow_brown (171).jpg,train,narrow_brown_spot,1,68,341792,104444,requires_human_review,metadata/train/narrow_brown_spot/narrow_brown (171).jpg.json
train/narrow_brown_spot/narrow_brown (172).jpg,train,narrow_brown_spot,1,63,361316,107368,requires_human_review,metadata/train/narrow_brown_spot/narrow_brown (172).jpg.json
train/narrow_brown_spot/narrow_brown (173).jpg,train,narrow_brown_spot,1,65,324436,92060,requires_human_review,metadata/train/narrow_brown_spot/narrow_brown (173).jpg.json
train/narrow_brown_spot/narrow_brown (175).jpg,train,narrow_brown_spot,1,38,443136,25772,requires_human_review,metadata/train/narrow_brown_spot/narrow_brown (175).jpg.json
train/narrow_brown_spot/narrow_brown (176).jpg,train,narrow_brown_spot,1,62,276348,78460,requires_human_review,metadata/train/narrow_brown_spot/narrow_brown (176).jpg.json
train/narrow_brown_spot/narrow_brown (177).jpg,train,narrow_brown_spot,1,56,275536,84248,requires_human_review,metadata/train/narrow_brown_spot/narrow_brown (177).jpg.json
train/narrow_brown_spot/narrow_brown (178).jpg,train,narrow_brown_spot,1,32,283676,67324,requires_human_review,metadata/train/narrow_brown_spot/narrow_brown (178).jpg.json
train/narrow_brown_spot/narrow_brown (179).jpg,train,narrow_brown_spot,1,76,366628,63032,requires_human_review,metadata/train/narrow_brown_spot/narrow_brown (179).jpg.json
train/narrow_brown_spot/narrow_brown (180).jpg,train,narrow_brown_spot,1,87,424248,72768,requires_human_review,metadata/train/narrow_brown_spot/narrow_brown (180).jpg.json
train/narrow_brown_spot/narrow_brown (182).jpg,train,narrow_brown_spot,1,77,297348,50584,requires_human_review,metadata/train/narrow_brown_spot/narrow_brown (182).jpg.json
train/narrow_brown_spot/narrow_brown (183).jpg,train,narrow_brown_spot,1,89,444828,76412,requires_human_review,metadata/train/narrow_brown_spot/narrow_brown (183).jpg.json
train/narrow_brown_spot/narrow_brown (185).jpg,train,narrow_brown_spot,1,91,558680,86628,requires_human_review,metadata/train/narrow_brown_spot/narrow_brown (185).jpg.json
train/narrow_brown_spot/narrow_brown (186).jpg,train,narrow_brown_spot,1,29,327908,18584,requires_human_review,metadata/train/narrow_brown_spot/narrow_brown (186).jpg.json
train/narrow_brown_spot/narrow_brown (187).jpg,train,narrow_brown_spot,1,89,283064,43332,requires_human_review,metadata/train/narrow_brown_spot/narrow_brown (187).jpg.json
train/narrow_brown_spot/narrow_brown (189).jpg,train,narrow_brown_spot,1,27,478820,12460,requires_human_review,metadata/train/narrow_brown_spot/narrow_brown (189).jpg.json
train/narrow_brown_spot/narrow_brown (190).jpg,train,narrow_brown_spot,1,22,212556,5972,requires_human_review,metadata/train/narrow_brown_spot/narrow_brown (190).jpg.json
train/narrow_brown_spot/narrow_brown (191).jpg,train,narrow_brown_spot,1,28,258940,7556,requires_human_review,metadata/train/narrow_brown_spot/narrow_brown (191).jpg.json
train/narrow_brown_spot/narrow_brown (193).jpg,train,narrow_brown_spot,1,28,331564,69064,requires_human_review,metadata/train/narrow_brown_spot/narrow_brown (193).jpg.json
train/narrow_brown_spot/narrow_brown (194).jpg,train,narrow_brown_spot,1,47,242852,48052,requires_human_review,metadata/train/narrow_brown_spot/narrow_brown (194).jpg.json
train/narrow_brown_spot/narrow_brown (195).jpg,train,narrow_brown_spot,1,48,199956,40264,requires_human_review,metadata/train/narrow_brown_spot/narrow_brown (195).jpg.json
train/narrow_brown_spot/narrow_brown (197).jpg,train,narrow_brown_spot,1,48,352052,64440,requires_human_review,metadata/train/narrow_brown_spot/narrow_brown (197).jpg.json
train/narrow_brown_spot/narrow_brown (198).jpg,train,narrow_brown_spot,1,45,536320,111404,requires_human_review,metadata/train/narrow_brown_spot/narrow_brown (198).jpg.json
train/narrow_brown_spot/narrow_brown (20).jpg,train,narrow_brown_spot,1,73,465740,128172,requires_human_review,metadata/train/narrow_brown_spot/narrow_brown (20).jpg.json
train/narrow_brown_spot/narrow_brown (200).jpg,train,narrow_brown_spot,1,40,538664,15500,requires_human_review,metadata/train/narrow_brown_spot/narrow_brown (200).jpg.json
train/narrow_brown_spot/narrow_brown (202).jpg,train,narrow_brown_spot,1,39,689536,18044,requires_human_review,metadata/train/narrow_brown_spot/narrow_brown (202).jpg.json
train/narrow_brown_spot/narrow_brown (203).jpg,train,narrow_brown_spot,1,87,403980,63652,requires_human_review,metadata/train/narrow_brown_spot/narrow_brown (203).jpg.json
train/narrow_brown_spot/narrow_brown (204).jpg,train,narrow_brown_spot,1,111,797280,127340,requires_human_review,metadata/train/narrow_brown_spot/narrow_brown (204).jpg.json
train/narrow_brown_spot/narrow_brown (206).jpg,train,narrow_brown_spot,1,34,465856,30856,requires_human_review,metadata/train/narrow_brown_spot/narrow_brown (206).jpg.json
train/narrow_brown_spot/narrow_brown (207).jpg,train,narrow_brown_spot,1,88,636200,110572,requires_human_review,metadata/train/narrow_brown_spot/narrow_brown (207).jpg.json
train/narrow_brown_spot/narrow_brown (208).jpg,train,narrow_brown_spot,1,80,424932,73292,requires_human_review,metadata/train/narrow_brown_spot/narrow_brown (208).jpg.json
train/narrow_brown_spot/narrow_brown (210).jpg,train,narrow_brown_spot,1,38,303256,32940,requires_human_review,metadata/train/narrow_brown_spot/narrow_brown (210).jpg.json
train/narrow_brown_spot/narrow_brown (211).jpg,train,narrow_brown_spot,1,91,607152,106192,requires_human_review,metadata/train/narrow_brown_spot/narrow_brown (211).jpg.json
train/narrow_brown_spot/narrow_brown (212).jpg,train,narrow_brown_spot,1,83,524588,91004,requires_human_review,metadata/train/narrow_brown_spot/narrow_brown (212).jpg.json
train/narrow_brown_spot/narrow_brown (213).jpg,train,narrow_brown_spot,1,30,411104,94736,requires_human_review,metadata/train/narrow_brown_spot/narrow_brown (213).jpg.json
train/narrow_brown_spot/narrow_brown (214).jpg,train,narrow_brown_spot,1,61,396816,120804,requires_human_review,metadata/train/narrow_brown_spot/narrow_brown (214).jpg.json
train/narrow_brown_spot/narrow_brown (215).jpg,train,narrow_brown_spot,1,64,396968,109652,requires_human_review,metadata/train/narrow_brown_spot/narrow_brown (215).jpg.json
train/narrow_brown_spot/narrow_brown (216).jpg,train,narrow_brown_spot,1,29,387176,11320,requires_human_review,metadata/train/narrow_brown_spot/narrow_brown (216).jpg.json
train/narrow_brown_spot/narrow_brown (217).jpg,train,narrow_brown_spot,1,69,465740,128060,requires_human_review,metadata/train/narrow_brown_spot/narrow_brown (217).jpg.json
train/narrow_brown_spot/narrow_brown (218).jpg,train,narrow_brown_spot,1,72,520652,153616,requires_human_review,metadata/train/narrow_brown_spot/narrow_brown (218).jpg.json
train/narrow_brown_spot/narrow_brown (219).jpg,train,narrow_brown_spot,1,73,520064,147924,requires_human_review,metadata/train/narrow_brown_spot/narrow_brown (219).jpg.json
train/narrow_brown_spot/narrow_brown (22).jpg,train,narrow_brown_spot,1,60,396832,120748,requires_human_review,metadata/train/narrow_brown_spot/narrow_brown (22).jpg.json
train/narrow_brown_spot/narrow_brown (220).jpg,train,narrow_brown_spot,1,46,840864,93384,requires_human_review,metadata/train/narrow_brown_spot/narrow_brown (220).jpg.json
train/narrow_brown_spot/narrow_brown (221).jpg,train,narrow_brown_spot,1,33,371096,38468,requires_human_review,metadata/train/narrow_brown_spot/narrow_brown (221).jpg.json
train/narrow_brown_spot/narrow_brown (222).jpg,train,narrow_brown_spot,1,14,266248,129100,requires_human_review,metadata/train/narrow_brown_spot/narrow_brown (222).jpg.json
train/narrow_brown_spot/narrow_brown (224).jpg,train,narrow_brown_spot,1,51,504064,130652,requires_human_review,metadata/train/narrow_brown_spot/narrow_brown (224).jpg.json
train/narrow_brown_spot/narrow_brown (226).jpg,train,narrow_brown_spot,1,30,943848,97492,requires_human_review,metadata/train/narrow_brown_spot/narrow_brown (226).jpg.json
train/narrow_brown_spot/narrow_brown (227).jpg,train,narrow_brown_spot,1,79,425048,73696,requires_human_review,metadata/train/narrow_brown_spot/narrow_brown (227).jpg.json
train/narrow_brown_spot/narrow_brown (228).jpg,train,narrow_brown_spot,1,35,852848,83416,requires_human_review,metadata/train/narrow_brown_spot/narrow_brown (228).jpg.json
train/narrow_brown_spot/narrow_brown (229).jpg,train,narrow_brown_spot,1,34,408152,11040,requires_human_review,metadata/train/narrow_brown_spot/narrow_brown (229).jpg.json
train/narrow_brown_spot/narrow_brown (23).jpg,train,narrow_brown_spot,1,30,411164,94820,requires_human_review,metadata/train/narrow_brown_spot/narrow_brown (23).jpg.json
train/narrow_brown_spot/narrow_brown (233).jpg,train,narrow_brown_spot,1,39,514096,32448,requires_human_review,metadata/train/narrow_brown_spot/narrow_brown (233).jpg.json
train/narrow_brown_spot/narrow_brown (234).jpg,train,narrow_brown_spot,1,34,721644,69528,requires_human_review,metadata/train/narrow_brown_spot/narrow_brown (234).jpg.json
train/narrow_brown_spot/narrow_brown (235).jpg,train,narrow_brown_spot,1,7,939556,822960,requires_human_review;high_candidate_coverage,metadata/train/narrow_brown_spot/narrow_brown (235).jpg.json
train/narrow_brown_spot/narrow_brown (236).jpg,train,narrow_brown_spot,1,31,677444,377124,requires_human_review;high_candidate_coverage,metadata/train/narrow_brown_spot/narrow_brown (236).jpg.json
train/narrow_brown_spot/narrow_brown (24).jpg,train,narrow_brown_spot,1,24,283356,69192,requires_human_review,metadata/train/narrow_brown_spot/narrow_brown (24).jpg.json
train/narrow_brown_spot/narrow_brown (240).jpg,train,narrow_brown_spot,1,58,472992,88080,requires_human_review,metadata/train/narrow_brown_spot/narrow_brown (240).jpg.json
train/narrow_brown_spot/narrow_brown (242).jpg,train,narrow_brown_spot,1,101,513244,80176,requires_human_review,metadata/train/narrow_brown_spot/narrow_brown (242).jpg.json
train/narrow_brown_spot/narrow_brown (246).jpg,train,narrow_brown_spot,1,41,366296,27848,requires_human_review,metadata/train/narrow_brown_spot/narrow_brown (246).jpg.json
train/narrow_brown_spot/narrow_brown (250).jpg,train,narrow_brown_spot,1,29,317740,20608,requires_human_review,metadata/train/narrow_brown_spot/narrow_brown (250).jpg.json
train/narrow_brown_spot/narrow_brown (252).jpg,train,narrow_brown_spot,1,71,562492,181084,requires_human_review,metadata/train/narrow_brown_spot/narrow_brown (252).jpg.json
train/narrow_brown_spot/narrow_brown (253).jpg,train,narrow_brown_spot,1,36,379792,77356,requires_human_review,metadata/train/narrow_brown_spot/narrow_brown (253).jpg.json
train/narrow_brown_spot/narrow_brown (255).jpg,train,narrow_brown_spot,1,43,471356,59424,requires_human_review,metadata/train/narrow_brown_spot/narrow_brown (255).jpg.json
train/narrow_brown_spot/narrow_brown (258).jpg,train,narrow_brown_spot,1,41,363132,39692,requires_human_review,metadata/train/narrow_brown_spot/narrow_brown (258).jpg.json
train/narrow_brown_spot/narrow_brown (259).jpg,train,narrow_brown_spot,1,30,229548,24172,requires_human_review,metadata/train/narrow_brown_spot/narrow_brown (259).jpg.json
train/narrow_brown_spot/narrow_brown (26).jpg,train,narrow_brown_spot,1,36,303292,32880,requires_human_review,metadata/train/narrow_brown_spot/narrow_brown (26).jpg.json
train/narrow_brown_spot/narrow_brown (260).jpg,train,narrow_brown_spot,1,27,354948,74784,requires_human_review,metadata/train/narrow_brown_spot/narrow_brown (260).jpg.json
train/narrow_brown_spot/narrow_brown (263).jpg,train,narrow_brown_spot,1,37,332248,55152,requires_human_review,metadata/train/narrow_brown_spot/narrow_brown (263).jpg.json
train/narrow_brown_spot/narrow_brown (266).jpg,train,narrow_brown_spot,1,35,333348,24296,requires_human_review,metadata/train/narrow_brown_spot/narrow_brown (266).jpg.json
train/narrow_brown_spot/narrow_brown (269).jpg,train,narrow_brown_spot,1,33,689436,17668,requires_human_review,metadata/train/narrow_brown_spot/narrow_brown (269).jpg.json
train/narrow_brown_spot/narrow_brown (27).jpg,train,narrow_brown_spot,1,37,369884,46532,requires_human_review,metadata/train/narrow_brown_spot/narrow_brown (27).jpg.json
train/narrow_brown_spot/narrow_brown (273).jpg,train,narrow_brown_spot,1,43,479784,83828,requires_human_review,metadata/train/narrow_brown_spot/narrow_brown (273).jpg.json
train/narrow_brown_spot/narrow_brown (275).jpg,train,narrow_brown_spot,1,42,544536,96420,requires_human_review,metadata/train/narrow_brown_spot/narrow_brown (275).jpg.json
train/narrow_brown_spot/narrow_brown (279).jpg,train,narrow_brown_spot,1,35,376636,26968,requires_human_review,metadata/train/narrow_brown_spot/narrow_brown (279).jpg.json
train/narrow_brown_spot/narrow_brown (28).jpg,train,narrow_brown_spot,1,81,425128,73644,requires_human_review,metadata/train/narrow_brown_spot/narrow_brown (28).jpg.json
train/narrow_brown_spot/narrow_brown (280).jpg,train,narrow_brown_spot,1,68,403988,30352,requires_human_review,metadata/train/narrow_brown_spot/narrow_brown (280).jpg.json
train/narrow_brown_spot/narrow_brown (281).jpg,train,narrow_brown_spot,1,71,498028,37708,requires_human_review,metadata/train/narrow_brown_spot/narrow_brown (281).jpg.json
train/narrow_brown_spot/narrow_brown (282).jpg,train,narrow_brown_spot,1,43,624396,50832,requires_human_review,metadata/train/narrow_brown_spot/narrow_brown (282).jpg.json
train/narrow_brown_spot/narrow_brown (283).jpg,train,narrow_brown_spot,1,43,435564,59720,requires_human_review,metadata/train/narrow_brown_spot/narrow_brown (283).jpg.json
train/narrow_brown_spot/narrow_brown (284).jpg,train,narrow_brown_spot,1,53,536564,95000,requires_human_review,metadata/train/narrow_brown_spot/narrow_brown (284).jpg.json
train/narrow_brown_spot/narrow_brown (286).jpg,train,narrow_brown_spot,1,36,379904,77032,requires_human_review,metadata/train/narrow_brown_spot/narrow_brown (286).jpg.json
train/narrow_brown_spot/narrow_brown (287).jpg,train,narrow_brown_spot,1,27,255908,53508,requires_human_review,metadata/train/narrow_brown_spot/narrow_brown (287).jpg.json
train/narrow_brown_spot/narrow_brown (29).jpg,train,narrow_brown_spot,1,89,636200,110556,requires_human_review,metadata/train/narrow_brown_spot/narrow_brown (29).jpg.json
train/narrow_brown_spot/narrow_brown (290).jpg,train,narrow_brown_spot,1,36,296412,50836,requires_human_review,metadata/train/narrow_brown_spot/narrow_brown (290).jpg.json
train/narrow_brown_spot/narrow_brown (292).jpg,train,narrow_brown_spot,1,37,300376,31752,requires_human_review,metadata/train/narrow_brown_spot/narrow_brown (292).jpg.json
train/narrow_brown_spot/narrow_brown (295).jpg,train,narrow_brown_spot,1,32,434676,74352,requires_human_review,metadata/train/narrow_brown_spot/narrow_brown (295).jpg.json
train/narrow_brown_spot/narrow_brown (296).jpg,train,narrow_brown_spot,1,27,264588,55612,requires_human_review,metadata/train/narrow_brown_spot/narrow_brown (296).jpg.json
train/narrow_brown_spot/narrow_brown (297).jpg,train,narrow_brown_spot,1,25,255928,54032,requires_human_review,metadata/train/narrow_brown_spot/narrow_brown (297).jpg.json
train/narrow_brown_spot/narrow_brown (298).jpg,train,narrow_brown_spot,1,35,379936,77192,requires_human_review,metadata/train/narrow_brown_spot/narrow_brown (298).jpg.json
train/narrow_brown_spot/narrow_brown (299).jpg,train,narrow_brown_spot,1,45,435596,59808,requires_human_review,metadata/train/narrow_brown_spot/narrow_brown (299).jpg.json
train/narrow_brown_spot/narrow_brown (30).jpg,train,narrow_brown_spot,1,33,465964,30792,requires_human_review,metadata/train/narrow_brown_spot/narrow_brown (30).jpg.json
train/narrow_brown_spot/narrow_brown (300).jpg,train,narrow_brown_spot,1,40,624460,50964,requires_human_review,metadata/train/narrow_brown_spot/narrow_brown (300).jpg.json
train/narrow_brown_spot/narrow_brown (301).jpg,train,narrow_brown_spot,1,37,498172,30404,requires_human_review,metadata/train/narrow_brown_spot/narrow_brown (301).jpg.json
train/narrow_brown_spot/narrow_brown (302).jpg,train,narrow_brown_spot,1,70,498016,37632,requires_human_review,metadata/train/narrow_brown_spot/narrow_brown (302).jpg.json
train/narrow_brown_spot/narrow_brown (303).jpg,train,narrow_brown_spot,1,69,404016,30484,requires_human_review,metadata/train/narrow_brown_spot/narrow_brown (303).jpg.json
train/narrow_brown_spot/narrow_brown (305).jpg,train,narrow_brown_spot,1,33,376092,25436,requires_human_review,metadata/train/narrow_brown_spot/narrow_brown (305).jpg.json
train/narrow_brown_spot/narrow_brown (306).jpg,train,narrow_brown_spot,1,46,636908,17484,requires_human_review,metadata/train/narrow_brown_spot/narrow_brown (306).jpg.json
train/narrow_brown_spot/narrow_brown (307).jpg,train,narrow_brown_spot,1,46,636376,17052,requires_human_review,metadata/train/narrow_brown_spot/narrow_brown (307).jpg.json
train/narrow_brown_spot/narrow_brown (308).jpg,train,narrow_brown_spot,1,43,481604,33136,requires_human_review,metadata/train/narrow_brown_spot/narrow_brown (308).jpg.json
train/narrow_brown_spot/narrow_brown (309).jpg,train,narrow_brown_spot,1,44,544524,96436,requires_human_review,metadata/train/narrow_brown_spot/narrow_brown (309).jpg.json
train/narrow_brown_spot/narrow_brown (310).jpg,train,narrow_brown_spot,1,37,379800,77568,requires_human_review,metadata/train/narrow_brown_spot/narrow_brown (310).jpg.json
train/narrow_brown_spot/narrow_brown (312).jpg,train,narrow_brown_spot,1,41,479852,83844,requires_human_review,metadata/train/narrow_brown_spot/narrow_brown (312).jpg.json
train/narrow_brown_spot/narrow_brown (313).jpg,train,narrow_brown_spot,1,41,740244,157012,requires_human_review,metadata/train/narrow_brown_spot/narrow_brown (313).jpg.json
train/narrow_brown_spot/narrow_brown (314).jpg,train,narrow_brown_spot,1,30,431528,50132,requires_human_review,metadata/train/narrow_brown_spot/narrow_brown (314).jpg.json
train/narrow_brown_spot/narrow_brown (315).jpg,train,narrow_brown_spot,1,28,410548,87128,requires_human_review,metadata/train/narrow_brown_spot/narrow_brown (315).jpg.json
train/narrow_brown_spot/narrow_brown (317).jpg,train,narrow_brown_spot,1,98,505584,78960,requires_human_review,metadata/train/narrow_brown_spot/narrow_brown (317).jpg.json
train/narrow_brown_spot/narrow_brown (319).jpg,train,narrow_brown_spot,1,38,606496,17076,requires_human_review,metadata/train/narrow_brown_spot/narrow_brown (319).jpg.json
train/narrow_brown_spot/narrow_brown (320).jpg,train,narrow_brown_spot,1,38,580808,19524,requires_human_review,metadata/train/narrow_brown_spot/narrow_brown (320).jpg.json
train/narrow_brown_spot/narrow_brown (321).jpg,train,narrow_brown_spot,1,31,333500,24228,requires_human_review,metadata/train/narrow_brown_spot/narrow_brown (321).jpg.json
train/narrow_brown_spot/narrow_brown (322).jpg,train,narrow_brown_spot,1,47,625264,112548,requires_human_review,metadata/train/narrow_brown_spot/narrow_brown (322).jpg.json
train/narrow_brown_spot/narrow_brown (323).jpg,train,narrow_brown_spot,1,39,332252,55256,requires_human_review,metadata/train/narrow_brown_spot/narrow_brown (323).jpg.json
train/narrow_brown_spot/narrow_brown (327).jpg,train,narrow_brown_spot,1,40,363236,39780,requires_human_review,metadata/train/narrow_brown_spot/narrow_brown (327).jpg.json
train/narrow_brown_spot/narrow_brown (328).jpg,train,narrow_brown_spot,1,98,505584,78960,requires_human_review,metadata/train/narrow_brown_spot/narrow_brown (328).jpg.json
train/narrow_brown_spot/narrow_brown (329).jpg,train,narrow_brown_spot,1,41,363776,25512,requires_human_review,metadata/train/narrow_brown_spot/narrow_brown (329).jpg.json
train/narrow_brown_spot/narrow_brown (33).jpg,train,narrow_brown_spot,1,39,470584,30436,requires_human_review,metadata/train/narrow_brown_spot/narrow_brown (33).jpg.json
train/narrow_brown_spot/narrow_brown (331).jpg,train,narrow_brown_spot,1,42,471348,59396,requires_human_review,metadata/train/narrow_brown_spot/narrow_brown (331).jpg.json
train/narrow_brown_spot/narrow_brown (332).jpg,train,narrow_brown_spot,1,47,468028,81644,requires_human_review,metadata/train/narrow_brown_spot/narrow_brown (332).jpg.json
train/narrow_brown_spot/narrow_brown (333).jpg,train,narrow_brown_spot,1,37,325404,38192,requires_human_review,metadata/train/narrow_brown_spot/narrow_brown (333).jpg.json
train/narrow_brown_spot/narrow_brown (335).jpg,train,narrow_brown_spot,1,72,562416,181324,requires_human_review,metadata/train/narrow_brown_spot/narrow_brown (335).jpg.json
train/narrow_brown_spot/narrow_brown (337).jpg,train,narrow_brown_spot,1,30,317776,20596,requires_human_review,metadata/train/narrow_brown_spot/narrow_brown (337).jpg.json
train/narrow_brown_spot/narrow_brown (338).jpg,train,narrow_brown_spot,1,37,639036,38980,requires_human_review,metadata/train/narrow_brown_spot/narrow_brown (338).jpg.json
train/narrow_brown_spot/narrow_brown (339).jpg,train,narrow_brown_spot,1,34,504972,15328,requires_human_review,metadata/train/narrow_brown_spot/narrow_brown (339).jpg.json
train/narrow_brown_spot/narrow_brown (340).jpg,train,narrow_brown_spot,1,33,346404,21476,requires_human_review,metadata/train/narrow_brown_spot/narrow_brown (340).jpg.json
train/narrow_brown_spot/narrow_brown (344).jpg,train,narrow_brown_spot,1,42,611524,17748,requires_human_review,metadata/train/narrow_brown_spot/narrow_brown (344).jpg.json
train/narrow_brown_spot/narrow_brown (345).jpg,train,narrow_brown_spot,1,29,400768,11408,requires_human_review,metadata/train/narrow_brown_spot/narrow_brown (345).jpg.json
train/narrow_brown_spot/narrow_brown (347).jpg,train,narrow_brown_spot,1,100,513268,80156,requires_human_review,metadata/train/narrow_brown_spot/narrow_brown (347).jpg.json
train/narrow_brown_spot/narrow_brown (36).jpg,train,narrow_brown_spot,1,37,689564,17964,requires_human_review,metadata/train/narrow_brown_spot/narrow_brown (36).jpg.json
train/narrow_brown_spot/narrow_brown (38).jpg,train,narrow_brown_spot,1,35,372944,10820,requires_human_review,metadata/train/narrow_brown_spot/narrow_brown (38).jpg.json
train/narrow_brown_spot/narrow_brown (4).jpg,train,narrow_brown_spot,1,33,677440,377292,requires_human_review;high_candidate_coverage,metadata/train/narrow_brown_spot/narrow_brown (4).jpg.json
train/narrow_brown_spot/narrow_brown (40).jpg,train,narrow_brown_spot,1,47,536320,111600,requires_human_review,metadata/train/narrow_brown_spot/narrow_brown (40).jpg.json
train/narrow_brown_spot/narrow_brown (41).jpg,train,narrow_brown_spot,1,48,352124,64512,requires_human_review,metadata/train/narrow_brown_spot/narrow_brown (41).jpg.json
train/narrow_brown_spot/narrow_brown (42).jpg,train,narrow_brown_spot,1,51,264648,51132,requires_human_review,metadata/train/narrow_brown_spot/narrow_brown (42).jpg.json
train/narrow_brown_spot/narrow_brown (43).jpg,train,narrow_brown_spot,1,51,200492,40444,requires_human_review,metadata/train/narrow_brown_spot/narrow_brown (43).jpg.json
train/narrow_brown_spot/narrow_brown (46).jpg,train,narrow_brown_spot,1,37,300376,31752,requires_human_review,metadata/train/narrow_brown_spot/narrow_brown (46).jpg.json
train/narrow_brown_spot/narrow_brown (47).jpg,train,narrow_brown_spot,1,31,258848,7352,requires_human_review,metadata/train/narrow_brown_spot/narrow_brown (47).jpg.json
train/narrow_brown_spot/narrow_brown (5).jpg,train,narrow_brown_spot,1,7,939568,823024,requires_human_review;high_candidate_coverage,metadata/train/narrow_brown_spot/narrow_brown (5).jpg.json
train/narrow_brown_spot/narrow_brown (50).jpg,train,narrow_brown_spot,1,82,283264,43144,requires_human_review,metadata/train/narrow_brown_spot/narrow_brown (50).jpg.json
train/narrow_brown_spot/narrow_brown (51).jpg,train,narrow_brown_spot,1,32,328228,18764,requires_human_review,metadata/train/narrow_brown_spot/narrow_brown (51).jpg.json
train/narrow_brown_spot/narrow_brown (54).jpg,train,narrow_brown_spot,1,29,325300,21568,requires_human_review,metadata/train/narrow_brown_spot/narrow_brown (54).jpg.json
train/narrow_brown_spot/narrow_brown (56).jpg,train,narrow_brown_spot,1,37,257528,29616,requires_human_review,metadata/train/narrow_brown_spot/narrow_brown (56).jpg.json
train/narrow_brown_spot/narrow_brown (57).jpg,train,narrow_brown_spot,1,84,424696,72376,requires_human_review,metadata/train/narrow_brown_spot/narrow_brown (57).jpg.json
train/narrow_brown_spot/narrow_brown (59).jpg,train,narrow_brown_spot,1,30,195296,48284,requires_human_review,metadata/train/narrow_brown_spot/narrow_brown (59).jpg.json
train/narrow_brown_spot/narrow_brown (61).jpg,train,narrow_brown_spot,1,53,275876,84620,requires_human_review,metadata/train/narrow_brown_spot/narrow_brown (61).jpg.json
train/narrow_brown_spot/narrow_brown (62).jpg,train,narrow_brown_spot,1,37,443328,25852,requires_human_review,metadata/train/narrow_brown_spot/narrow_brown (62).jpg.json
train/narrow_brown_spot/narrow_brown (63).jpg,train,narrow_brown_spot,1,66,324772,92988,requires_human_review,metadata/train/narrow_brown_spot/narrow_brown (63).jpg.json
train/narrow_brown_spot/narrow_brown (66).jpg,train,narrow_brown_spot,1,34,570592,65772,requires_human_review,metadata/train/narrow_brown_spot/narrow_brown (66).jpg.json
train/narrow_brown_spot/narrow_brown (67).jpg,train,narrow_brown_spot,1,16,247316,23400,requires_human_review,metadata/train/narrow_brown_spot/narrow_brown (67).jpg.json
train/narrow_brown_spot/narrow_brown (68).jpg,train,narrow_brown_spot,1,21,161908,18000,requires_human_review,metadata/train/narrow_brown_spot/narrow_brown (68).jpg.json
train/narrow_brown_spot/narrow_brown (69).jpg,train,narrow_brown_spot,1,13,181740,87604,requires_human_review,metadata/train/narrow_brown_spot/narrow_brown (69).jpg.json
train/narrow_brown_spot/narrow_brown (70).jpg,train,narrow_brown_spot,1,25,424024,10912,requires_human_review,metadata/train/narrow_brown_spot/narrow_brown (70).jpg.json
train/narrow_brown_spot/narrow_brown (72).jpg,train,narrow_brown_spot,1,24,351612,61616,requires_human_review,metadata/train/narrow_brown_spot/narrow_brown (72).jpg.json
train/narrow_brown_spot/narrow_brown (74).jpg,train,narrow_brown_spot,1,76,297196,50472,requires_human_review,metadata/train/narrow_brown_spot/narrow_brown (74).jpg.json
train/narrow_brown_spot/narrow_brown (75).jpg,train,narrow_brown_spot,1,47,542624,52916,requires_human_review,metadata/train/narrow_brown_spot/narrow_brown (75).jpg.json
train/narrow_brown_spot/narrow_brown (80).jpg,train,narrow_brown_spot,1,30,358612,19632,requires_human_review,metadata/train/narrow_brown_spot/narrow_brown (80).jpg.json
train/narrow_brown_spot/narrow_brown (81).jpg,train,narrow_brown_spot,1,24,468540,259984,requires_human_review;high_candidate_coverage,metadata/train/narrow_brown_spot/narrow_brown (81).jpg.json
train/narrow_brown_spot/narrow_brown (82).jpg,train,narrow_brown_spot,1,32,712768,315968,requires_human_review,metadata/train/narrow_brown_spot/narrow_brown (82).jpg.json
train/narrow_brown_spot/narrow_brown (84).jpg,train,narrow_brown_spot,1,25,298960,15872,requires_human_review,metadata/train/narrow_brown_spot/narrow_brown (84).jpg.json
train/narrow_brown_spot/narrow_brown (85).jpg,train,narrow_brown_spot,1,55,244908,24196,requires_human_review,metadata/train/narrow_brown_spot/narrow_brown (85).jpg.json
train/narrow_brown_spot/narrow_brown (86).jpg,train,narrow_brown_spot,1,55,330084,66884,requires_human_review,metadata/train/narrow_brown_spot/narrow_brown (86).jpg.json
train/narrow_brown_spot/narrow_brown (87).jpg,train,narrow_brown_spot,1,91,358616,55780,requires_human_review,metadata/train/narrow_brown_spot/narrow_brown (87).jpg.json
train/narrow_brown_spot/narrow_brown (88).jpg,train,narrow_brown_spot,1,89,334380,52180,requires_human_review,metadata/train/narrow_brown_spot/narrow_brown (88).jpg.json
train/narrow_brown_spot/narrow_brown (89).jpg,train,narrow_brown_spot,1,27,163560,16036,requires_human_review,metadata/train/narrow_brown_spot/narrow_brown (89).jpg.json
train/narrow_brown_spot/narrow_brown (9).jpg,train,narrow_brown_spot,1,34,445076,43188,requires_human_review,metadata/train/narrow_brown_spot/narrow_brown (9).jpg.json
train/narrow_brown_spot/narrow_brown (90).jpg,train,narrow_brown_spot,1,29,277412,7572,requires_human_review,metadata/train/narrow_brown_spot/narrow_brown (90).jpg.json
train/narrow_brown_spot/narrow_brown (91).jpg,train,narrow_brown_spot,1,30,423988,11120,requires_human_review,metadata/train/narrow_brown_spot/narrow_brown (91).jpg.json
train/narrow_brown_spot/narrow_brown (92).jpg,train,narrow_brown_spot,1,37,226228,16908,requires_human_review,metadata/train/narrow_brown_spot/narrow_brown (92).jpg.json
train/narrow_brown_spot/narrow_brown (96).jpg,train,narrow_brown_spot,1,21,221516,12620,requires_human_review,metadata/train/narrow_brown_spot/narrow_brown (96).jpg.json
train/narrow_brown_spot/narrow_brown (97).jpg,train,narrow_brown_spot,1,23,268548,7000,requires_human_review,metadata/train/narrow_brown_spot/narrow_brown (97).jpg.json
train/bacterial_leaf_blight/bacterial_leaf_blight (100).JPG,validation,bacterial_leaf_blight,1,13,1422716,105684,requires_human_review,metadata/validation/bacterial_leaf_blight/bacterial_leaf_blight (100).JPG.json
train/bacterial_leaf_blight/bacterial_leaf_blight (112).JPG,validation,bacterial_leaf_blight,1,4,792216,41352,requires_human_review,metadata/validation/bacterial_leaf_blight/bacterial_leaf_blight (112).JPG.json
train/bacterial_leaf_blight/bacterial_leaf_blight (119).JPG,validation,bacterial_leaf_blight,1,11,1161456,115440,requires_human_review,metadata/validation/bacterial_leaf_blight/bacterial_leaf_blight (119).JPG.json
train/bacterial_leaf_blight/bacterial_leaf_blight (12).JPG,validation,bacterial_leaf_blight,1,19,319532,49464,requires_human_review,metadata/validation/bacterial_leaf_blight/bacterial_leaf_blight (12).JPG.json
train/bacterial_leaf_blight/bacterial_leaf_blight (14).JPG,validation,bacterial_leaf_blight,1,25,301080,36476,requires_human_review,metadata/validation/bacterial_leaf_blight/bacterial_leaf_blight (14).JPG.json
train/bacterial_leaf_blight/bacterial_leaf_blight (151).JPG,validation,bacterial_leaf_blight,1,11,659448,241976,requires_human_review,metadata/validation/bacterial_leaf_blight/bacterial_leaf_blight (151).JPG.json
train/bacterial_leaf_blight/bacterial_leaf_blight (154).jpg,validation,bacterial_leaf_blight,1,14,128820,57540,requires_human_review,metadata/validation/bacterial_leaf_blight/bacterial_leaf_blight (154).jpg.json
train/bacterial_leaf_blight/bacterial_leaf_blight (158).jpg,validation,bacterial_leaf_blight,1,14,277584,82996,requires_human_review,metadata/validation/bacterial_leaf_blight/bacterial_leaf_blight (158).jpg.json
train/bacterial_leaf_blight/bacterial_leaf_blight (16).JPG,validation,bacterial_leaf_blight,1,38,216556,27344,requires_human_review,metadata/validation/bacterial_leaf_blight/bacterial_leaf_blight (16).JPG.json
train/bacterial_leaf_blight/bacterial_leaf_blight (162).JPG,validation,bacterial_leaf_blight,1,8,231768,12148,requires_human_review,metadata/validation/bacterial_leaf_blight/bacterial_leaf_blight (162).JPG.json
train/bacterial_leaf_blight/bacterial_leaf_blight (163).jpg,validation,bacterial_leaf_blight,1,38,307692,6764,requires_human_review,metadata/validation/bacterial_leaf_blight/bacterial_leaf_blight (163).jpg.json
train/bacterial_leaf_blight/bacterial_leaf_blight (168).jpg,validation,bacterial_leaf_blight,1,9,846148,231048,requires_human_review,metadata/validation/bacterial_leaf_blight/bacterial_leaf_blight (168).jpg.json
train/bacterial_leaf_blight/bacterial_leaf_blight (175).JPG,validation,bacterial_leaf_blight,1,29,470020,48404,requires_human_review,metadata/validation/bacterial_leaf_blight/bacterial_leaf_blight (175).JPG.json
train/bacterial_leaf_blight/bacterial_leaf_blight (183).jpg,validation,bacterial_leaf_blight,1,8,846132,230832,requires_human_review,metadata/validation/bacterial_leaf_blight/bacterial_leaf_blight (183).jpg.json
train/bacterial_leaf_blight/bacterial_leaf_blight (198).JPG,validation,bacterial_leaf_blight,1,7,456516,42304,requires_human_review,metadata/validation/bacterial_leaf_blight/bacterial_leaf_blight (198).JPG.json
train/bacterial_leaf_blight/bacterial_leaf_blight (199).jpg,validation,bacterial_leaf_blight,1,5,706076,39704,requires_human_review,metadata/validation/bacterial_leaf_blight/bacterial_leaf_blight (199).jpg.json
train/bacterial_leaf_blight/bacterial_leaf_blight (201).JPG,validation,bacterial_leaf_blight,1,16,475440,56728,requires_human_review,metadata/validation/bacterial_leaf_blight/bacterial_leaf_blight (201).JPG.json
train/bacterial_leaf_blight/bacterial_leaf_blight (209).JPG,validation,bacterial_leaf_blight,1,26,432072,82628,requires_human_review,metadata/validation/bacterial_leaf_blight/bacterial_leaf_blight (209).JPG.json
train/bacterial_leaf_blight/bacterial_leaf_blight (212).jpg,validation,bacterial_leaf_blight,1,10,576412,13396,requires_human_review,metadata/validation/bacterial_leaf_blight/bacterial_leaf_blight (212).jpg.json
train/bacterial_leaf_blight/bacterial_leaf_blight (213).JPG,validation,bacterial_leaf_blight,1,20,602932,128940,requires_human_review,metadata/validation/bacterial_leaf_blight/bacterial_leaf_blight (213).JPG.json
train/bacterial_leaf_blight/bacterial_leaf_blight (217).JPG,validation,bacterial_leaf_blight,1,39,253596,75868,requires_human_review,metadata/validation/bacterial_leaf_blight/bacterial_leaf_blight (217).JPG.json
train/bacterial_leaf_blight/bacterial_leaf_blight (218).JPG,validation,bacterial_leaf_blight,1,38,253896,75836,requires_human_review,metadata/validation/bacterial_leaf_blight/bacterial_leaf_blight (218).JPG.json
train/bacterial_leaf_blight/bacterial_leaf_blight (23).JPG,validation,bacterial_leaf_blight,1,39,244388,20044,requires_human_review,metadata/validation/bacterial_leaf_blight/bacterial_leaf_blight (23).JPG.json
train/bacterial_leaf_blight/bacterial_leaf_blight (235).JPG,validation,bacterial_leaf_blight,1,6,378732,38896,requires_human_review,metadata/validation/bacterial_leaf_blight/bacterial_leaf_blight (235).JPG.json
train/bacterial_leaf_blight/bacterial_leaf_blight (249).JPG,validation,bacterial_leaf_blight,1,35,271188,80620,requires_human_review,metadata/validation/bacterial_leaf_blight/bacterial_leaf_blight (249).JPG.json
train/bacterial_leaf_blight/bacterial_leaf_blight (25).JPG,validation,bacterial_leaf_blight,1,18,193996,65908,requires_human_review,metadata/validation/bacterial_leaf_blight/bacterial_leaf_blight (25).JPG.json
train/bacterial_leaf_blight/bacterial_leaf_blight (269).JPG,validation,bacterial_leaf_blight,1,28,175164,41424,requires_human_review,metadata/validation/bacterial_leaf_blight/bacterial_leaf_blight (269).JPG.json
train/bacterial_leaf_blight/bacterial_leaf_blight (270).JPG,validation,bacterial_leaf_blight,1,17,146036,36528,requires_human_review,metadata/validation/bacterial_leaf_blight/bacterial_leaf_blight (270).JPG.json
train/bacterial_leaf_blight/bacterial_leaf_blight (277).JPG,validation,bacterial_leaf_blight,1,14,746988,135092,requires_human_review,metadata/validation/bacterial_leaf_blight/bacterial_leaf_blight (277).JPG.json
train/bacterial_leaf_blight/bacterial_leaf_blight (280).jpg,validation,bacterial_leaf_blight,1,8,685608,27868,requires_human_review,metadata/validation/bacterial_leaf_blight/bacterial_leaf_blight (280).jpg.json
train/bacterial_leaf_blight/bacterial_leaf_blight (29).JPG,validation,bacterial_leaf_blight,1,35,289560,20444,requires_human_review,metadata/validation/bacterial_leaf_blight/bacterial_leaf_blight (29).JPG.json
train/bacterial_leaf_blight/bacterial_leaf_blight (296).JPG,validation,bacterial_leaf_blight,1,14,786544,123204,requires_human_review,metadata/validation/bacterial_leaf_blight/bacterial_leaf_blight (296).JPG.json
train/bacterial_leaf_blight/bacterial_leaf_blight (304).jpg,validation,bacterial_leaf_blight,1,22,718196,188496,requires_human_review,metadata/validation/bacterial_leaf_blight/bacterial_leaf_blight (304).jpg.json
train/bacterial_leaf_blight/bacterial_leaf_blight (312).JPG,validation,bacterial_leaf_blight,1,10,610156,203296,requires_human_review,metadata/validation/bacterial_leaf_blight/bacterial_leaf_blight (312).JPG.json
train/bacterial_leaf_blight/bacterial_leaf_blight (313).JPG,validation,bacterial_leaf_blight,1,17,739192,94940,requires_human_review,metadata/validation/bacterial_leaf_blight/bacterial_leaf_blight (313).JPG.json
train/bacterial_leaf_blight/bacterial_leaf_blight (315).JPG,validation,bacterial_leaf_blight,1,8,1173952,126744,requires_human_review,metadata/validation/bacterial_leaf_blight/bacterial_leaf_blight (315).JPG.json
train/bacterial_leaf_blight/bacterial_leaf_blight (32).JPG,validation,bacterial_leaf_blight,1,64,429972,115224,requires_human_review,metadata/validation/bacterial_leaf_blight/bacterial_leaf_blight (32).JPG.json
train/bacterial_leaf_blight/bacterial_leaf_blight (330).JPG,validation,bacterial_leaf_blight,1,64,1349768,283832,requires_human_review,metadata/validation/bacterial_leaf_blight/bacterial_leaf_blight (330).JPG.json
train/bacterial_leaf_blight/bacterial_leaf_blight (332).jpg,validation,bacterial_leaf_blight,1,11,1054700,23056,requires_human_review,metadata/validation/bacterial_leaf_blight/bacterial_leaf_blight (332).jpg.json
train/bacterial_leaf_blight/bacterial_leaf_blight (350).JPG,validation,bacterial_leaf_blight,1,38,1322492,184432,requires_human_review,metadata/validation/bacterial_leaf_blight/bacterial_leaf_blight (350).JPG.json
train/bacterial_leaf_blight/bacterial_leaf_blight (36).JPG,validation,bacterial_leaf_blight,1,9,230092,36908,requires_human_review,metadata/validation/bacterial_leaf_blight/bacterial_leaf_blight (36).JPG.json
train/bacterial_leaf_blight/bacterial_leaf_blight (44).JPG,validation,bacterial_leaf_blight,1,32,251616,23356,requires_human_review,metadata/validation/bacterial_leaf_blight/bacterial_leaf_blight (44).JPG.json
train/bacterial_leaf_blight/bacterial_leaf_blight (45).JPG,validation,bacterial_leaf_blight,1,18,194008,65896,requires_human_review,metadata/validation/bacterial_leaf_blight/bacterial_leaf_blight (45).JPG.json
train/bacterial_leaf_blight/bacterial_leaf_blight (51).JPG,validation,bacterial_leaf_blight,1,13,343804,37900,requires_human_review,metadata/validation/bacterial_leaf_blight/bacterial_leaf_blight (51).JPG.json
train/bacterial_leaf_blight/bacterial_leaf_blight (61).JPG,validation,bacterial_leaf_blight,1,13,351092,107060,requires_human_review,metadata/validation/bacterial_leaf_blight/bacterial_leaf_blight (61).JPG.json
train/bacterial_leaf_blight/bacterial_leaf_blight (8).JPG,validation,bacterial_leaf_blight,1,6,660764,123732,requires_human_review,metadata/validation/bacterial_leaf_blight/bacterial_leaf_blight (8).JPG.json
train/bacterial_leaf_blight/bacterial_leaf_blight (93).JPG,validation,bacterial_leaf_blight,1,5,837924,66344,requires_human_review,metadata/validation/bacterial_leaf_blight/bacterial_leaf_blight (93).JPG.json
train/bacterial_leaf_blight/bacterial_leaf_blight (99).JPG,validation,bacterial_leaf_blight,1,9,1174056,126904,requires_human_review,metadata/validation/bacterial_leaf_blight/bacterial_leaf_blight (99).JPG.json
train/brown_spot/brown_spot (10).jpg,validation,brown_spot,1,36,286036,10884,requires_human_review,metadata/validation/brown_spot/brown_spot (10).jpg.json
train/brown_spot/brown_spot (105).jpg,validation,brown_spot,1,35,360560,41780,requires_human_review,metadata/validation/brown_spot/brown_spot (105).jpg.json
train/brown_spot/brown_spot (107).jpg,validation,brown_spot,1,14,502784,7060,requires_human_review,metadata/validation/brown_spot/brown_spot (107).jpg.json
train/brown_spot/brown_spot (110).jpg,validation,brown_spot,1,52,1247724,306728,requires_human_review,metadata/validation/brown_spot/brown_spot (110).jpg.json
train/brown_spot/brown_spot (145).jpg,validation,brown_spot,1,12,782236,59756,requires_human_review,metadata/validation/brown_spot/brown_spot (145).jpg.json
train/brown_spot/brown_spot (148).jpg,validation,brown_spot,2,10,342348,197792,requires_human_review;multiple_leaf_components;high_candidate_coverage,metadata/validation/brown_spot/brown_spot (148).jpg.json
train/brown_spot/brown_spot (150).jpg,validation,brown_spot,1,3,531900,423644,requires_human_review;high_candidate_coverage,metadata/validation/brown_spot/brown_spot (150).jpg.json
train/brown_spot/brown_spot (157).jpg,validation,brown_spot,1,149,2560000,354232,requires_human_review;high_foreground_coverage,metadata/validation/brown_spot/brown_spot (157).jpg.json
train/brown_spot/brown_spot (161).jpg,validation,brown_spot,1,30,280176,35924,requires_human_review,metadata/validation/brown_spot/brown_spot (161).jpg.json
train/brown_spot/brown_spot (163).jpg,validation,brown_spot,1,15,385872,83136,requires_human_review,metadata/validation/brown_spot/brown_spot (163).jpg.json
train/brown_spot/brown_spot (169).jpg,validation,brown_spot,1,30,2213728,351064,requires_human_review;high_foreground_coverage,metadata/validation/brown_spot/brown_spot (169).jpg.json
train/brown_spot/brown_spot (186).jpg,validation,brown_spot,1,22,268672,117560,requires_human_review,metadata/validation/brown_spot/brown_spot (186).jpg.json
train/brown_spot/brown_spot (195).jpg,validation,brown_spot,1,30,290660,9840,requires_human_review,metadata/validation/brown_spot/brown_spot (195).jpg.json
train/brown_spot/brown_spot (206).jpg,validation,brown_spot,1,30,371088,19072,requires_human_review,metadata/validation/brown_spot/brown_spot (206).jpg.json
train/brown_spot/brown_spot (213).JPG,validation,brown_spot,1,19,1489696,57020,requires_human_review,metadata/validation/brown_spot/brown_spot (213).JPG.json
train/brown_spot/brown_spot (216).JPG,validation,brown_spot,1,9,802752,30896,requires_human_review,metadata/validation/brown_spot/brown_spot (216).JPG.json
train/brown_spot/brown_spot (220).JPG,validation,brown_spot,1,9,802752,30896,requires_human_review,metadata/validation/brown_spot/brown_spot (220).JPG.json
train/brown_spot/brown_spot (230).JPG,validation,brown_spot,1,15,694860,104740,requires_human_review,metadata/validation/brown_spot/brown_spot (230).JPG.json
train/brown_spot/brown_spot (231).JPG,validation,brown_spot,1,11,738852,91052,requires_human_review,metadata/validation/brown_spot/brown_spot (231).JPG.json
train/brown_spot/brown_spot (234).JPG,validation,brown_spot,1,44,298192,95644,requires_human_review,metadata/validation/brown_spot/brown_spot (234).JPG.json
train/brown_spot/brown_spot (238).jpg,validation,brown_spot,1,27,441152,42488,requires_human_review,metadata/validation/brown_spot/brown_spot (238).jpg.json
train/brown_spot/brown_spot (253).jpg,validation,brown_spot,1,18,332276,130088,requires_human_review,metadata/validation/brown_spot/brown_spot (253).jpg.json
train/brown_spot/brown_spot (255).jpg,validation,brown_spot,1,21,394572,165800,requires_human_review,metadata/validation/brown_spot/brown_spot (255).jpg.json
train/brown_spot/brown_spot (258).jpg,validation,brown_spot,1,21,394560,165692,requires_human_review,metadata/validation/brown_spot/brown_spot (258).jpg.json
train/brown_spot/brown_spot (266).jpg,validation,brown_spot,1,28,599080,135704,requires_human_review,metadata/validation/brown_spot/brown_spot (266).jpg.json
train/brown_spot/brown_spot (27).jpg,validation,brown_spot,1,33,459156,27260,requires_human_review,metadata/validation/brown_spot/brown_spot (27).jpg.json
train/brown_spot/brown_spot (272).jpg,validation,brown_spot,1,28,561420,107332,requires_human_review,metadata/validation/brown_spot/brown_spot (272).jpg.json
train/brown_spot/brown_spot (273).jpg,validation,brown_spot,1,18,392748,76628,requires_human_review,metadata/validation/brown_spot/brown_spot (273).jpg.json
train/brown_spot/brown_spot (277).jpg,validation,brown_spot,1,18,519164,151612,requires_human_review,metadata/validation/brown_spot/brown_spot (277).jpg.json
train/brown_spot/brown_spot (278).jpg,validation,brown_spot,1,22,323060,38788,requires_human_review,metadata/validation/brown_spot/brown_spot (278).jpg.json
train/brown_spot/brown_spot (285).jpg,validation,brown_spot,1,24,514472,113556,requires_human_review,metadata/validation/brown_spot/brown_spot (285).jpg.json
train/brown_spot/brown_spot (29).jpg,validation,brown_spot,1,53,800008,156544,requires_human_review,metadata/validation/brown_spot/brown_spot (29).jpg.json
train/brown_spot/brown_spot (292).jpg,validation,brown_spot,1,25,633364,226196,requires_human_review,metadata/validation/brown_spot/brown_spot (292).jpg.json
train/brown_spot/brown_spot (303).jpg,validation,brown_spot,1,13,451048,232056,requires_human_review;high_candidate_coverage,metadata/validation/brown_spot/brown_spot (303).jpg.json
train/brown_spot/brown_spot (316).jpg,validation,brown_spot,1,21,394592,165952,requires_human_review,metadata/validation/brown_spot/brown_spot (316).jpg.json
train/brown_spot/brown_spot (328).jpg,validation,brown_spot,1,50,2560000,221828,requires_human_review;high_foreground_coverage,metadata/validation/brown_spot/brown_spot (328).jpg.json
train/brown_spot/brown_spot (343).JPG,validation,brown_spot,1,48,635812,64836,requires_human_review,metadata/validation/brown_spot/brown_spot (343).JPG.json
train/brown_spot/brown_spot (345).JPG,validation,brown_spot,1,6,561980,31244,requires_human_review,metadata/validation/brown_spot/brown_spot (345).JPG.json
train/brown_spot/brown_spot (38).jpg,validation,brown_spot,1,39,580848,171664,requires_human_review,metadata/validation/brown_spot/brown_spot (38).jpg.json
train/brown_spot/brown_spot (44).jpg,validation,brown_spot,1,36,510872,142124,requires_human_review,metadata/validation/brown_spot/brown_spot (44).jpg.json
train/brown_spot/brown_spot (52).jpg,validation,brown_spot,1,43,800000,93972,requires_human_review,metadata/validation/brown_spot/brown_spot (52).jpg.json
train/brown_spot/brown_spot (55).jpg,validation,brown_spot,1,35,389568,94900,requires_human_review,metadata/validation/brown_spot/brown_spot (55).jpg.json
train/brown_spot/brown_spot (57).jpg,validation,brown_spot,1,30,510888,142028,requires_human_review,metadata/validation/brown_spot/brown_spot (57).jpg.json
train/brown_spot/brown_spot (6).jpg,validation,brown_spot,1,31,290652,9756,requires_human_review,metadata/validation/brown_spot/brown_spot (6).jpg.json
train/brown_spot/brown_spot (64).jpg,validation,brown_spot,1,51,664172,268240,requires_human_review,metadata/validation/brown_spot/brown_spot (64).jpg.json
train/brown_spot/brown_spot (70).jpg,validation,brown_spot,1,38,294296,49228,requires_human_review,metadata/validation/brown_spot/brown_spot (70).jpg.json
train/brown_spot/brown_spot (71).jpg,validation,brown_spot,1,21,394616,165964,requires_human_review,metadata/validation/brown_spot/brown_spot (71).jpg.json
train/brown_spot/brown_spot (83).jpg,validation,brown_spot,1,31,880256,315968,requires_human_review,metadata/validation/brown_spot/brown_spot (83).jpg.json
train/brown_spot/brown_spot (89).jpg,validation,brown_spot,1,16,609272,209684,requires_human_review,metadata/validation/brown_spot/brown_spot (89).jpg.json
train/brown_spot/brown_spot (98).jpg,validation,brown_spot,2,10,463496,404460,requires_human_review;multiple_leaf_components;high_candidate_coverage,metadata/validation/brown_spot/brown_spot (98).jpg.json
train/brown_spot/brown_spot (99).JPG,validation,brown_spot,1,16,1227128,218244,requires_human_review,metadata/validation/brown_spot/brown_spot (99).JPG.json
train/healthy/healthy (104).jpg,validation,healthy,1,6,327204,38020,requires_human_review;candidate_on_healthy_image,metadata/validation/healthy/healthy (104).jpg.json
train/healthy/healthy (109).jpg,validation,healthy,1,12,328368,24216,requires_human_review;candidate_on_healthy_image,metadata/validation/healthy/healthy (109).jpg.json
train/healthy/healthy (112).jpg,validation,healthy,1,6,474248,96000,requires_human_review;candidate_on_healthy_image,metadata/validation/healthy/healthy (112).jpg.json
train/healthy/healthy (117).jpg,validation,healthy,1,27,537868,164360,requires_human_review;candidate_on_healthy_image,metadata/validation/healthy/healthy (117).jpg.json
train/healthy/healthy (121).jpg,validation,healthy,1,3,532732,136392,requires_human_review;candidate_on_healthy_image,metadata/validation/healthy/healthy (121).jpg.json
train/healthy/healthy (134).jpg,validation,healthy,1,4,173412,8728,requires_human_review;candidate_on_healthy_image,metadata/validation/healthy/healthy (134).jpg.json
train/healthy/healthy (136).jpg,validation,healthy,1,0,420404,0,requires_human_review,metadata/validation/healthy/healthy (136).jpg.json
train/healthy/healthy (137).jpg,validation,healthy,1,36,460440,63260,requires_human_review;candidate_on_healthy_image,metadata/validation/healthy/healthy (137).jpg.json
train/healthy/healthy (145).jpg,validation,healthy,1,28,231548,1728,requires_human_review;candidate_on_healthy_image,metadata/validation/healthy/healthy (145).jpg.json
train/healthy/healthy (147).jpg,validation,healthy,1,20,360804,14924,requires_human_review;candidate_on_healthy_image,metadata/validation/healthy/healthy (147).jpg.json
train/healthy/healthy (163).jpg,validation,healthy,1,2,226852,50312,requires_human_review;candidate_on_healthy_image,metadata/validation/healthy/healthy (163).jpg.json
train/healthy/healthy (170).jpg,validation,healthy,1,42,448532,24424,requires_human_review;candidate_on_healthy_image,metadata/validation/healthy/healthy (170).jpg.json
train/healthy/healthy (182).jpg,validation,healthy,1,19,268196,9268,requires_human_review;candidate_on_healthy_image,metadata/validation/healthy/healthy (182).jpg.json
train/healthy/healthy (188).jpg,validation,healthy,1,25,312208,75564,requires_human_review;candidate_on_healthy_image,metadata/validation/healthy/healthy (188).jpg.json
train/healthy/healthy (198).jpg,validation,healthy,1,30,421948,19268,requires_human_review;candidate_on_healthy_image,metadata/validation/healthy/healthy (198).jpg.json
train/healthy/healthy (20).jpg,validation,healthy,1,32,488512,33892,requires_human_review;candidate_on_healthy_image,metadata/validation/healthy/healthy (20).jpg.json
train/healthy/healthy (203).jpg,validation,healthy,1,10,1014424,57796,requires_human_review;candidate_on_healthy_image,metadata/validation/healthy/healthy (203).jpg.json
train/healthy/healthy (204).jpg,validation,healthy,1,5,450688,69812,requires_human_review;candidate_on_healthy_image,metadata/validation/healthy/healthy (204).jpg.json
train/healthy/healthy (208).jpg,validation,healthy,1,33,384644,19972,requires_human_review;candidate_on_healthy_image,metadata/validation/healthy/healthy (208).jpg.json
train/healthy/healthy (21).jpg,validation,healthy,1,22,466284,51636,requires_human_review;candidate_on_healthy_image,metadata/validation/healthy/healthy (21).jpg.json
train/healthy/healthy (214).jpg,validation,healthy,1,18,348772,8716,requires_human_review;candidate_on_healthy_image,metadata/validation/healthy/healthy (214).jpg.json
train/healthy/healthy (223).jpg,validation,healthy,1,4,499180,114164,requires_human_review;candidate_on_healthy_image,metadata/validation/healthy/healthy (223).jpg.json
train/healthy/healthy (224).jpg,validation,healthy,1,49,428300,26076,requires_human_review;candidate_on_healthy_image,metadata/validation/healthy/healthy (224).jpg.json
train/healthy/healthy (229).jpg,validation,healthy,1,29,583084,14820,requires_human_review;candidate_on_healthy_image,metadata/validation/healthy/healthy (229).jpg.json
train/healthy/healthy (247).jpg,validation,healthy,1,25,420200,74224,requires_human_review;candidate_on_healthy_image,metadata/validation/healthy/healthy (247).jpg.json
train/healthy/healthy (252).jpg,validation,healthy,1,34,598180,99656,requires_human_review;candidate_on_healthy_image,metadata/validation/healthy/healthy (252).jpg.json
train/healthy/healthy (263).jpg,validation,healthy,1,9,691172,15012,requires_human_review;candidate_on_healthy_image,metadata/validation/healthy/healthy (263).jpg.json
train/healthy/healthy (27).jpg,validation,healthy,1,15,298476,18980,requires_human_review;candidate_on_healthy_image,metadata/validation/healthy/healthy (27).jpg.json
train/healthy/healthy (271).jpg,validation,healthy,1,23,513892,125492,requires_human_review;candidate_on_healthy_image,metadata/validation/healthy/healthy (271).jpg.json
train/healthy/healthy (275).jpg,validation,healthy,1,31,334232,21524,requires_human_review;candidate_on_healthy_image,metadata/validation/healthy/healthy (275).jpg.json
train/healthy/healthy (281).jpg,validation,healthy,1,29,421596,19956,requires_human_review;candidate_on_healthy_image,metadata/validation/healthy/healthy (281).jpg.json
train/healthy/healthy (283).jpg,validation,healthy,1,23,498468,5312,requires_human_review;candidate_on_healthy_image,metadata/validation/healthy/healthy (283).jpg.json
train/healthy/healthy (284).jpg,validation,healthy,1,9,294416,19528,requires_human_review;candidate_on_healthy_image,metadata/validation/healthy/healthy (284).jpg.json
train/healthy/healthy (286).jpg,validation,healthy,1,15,472052,7616,requires_human_review;candidate_on_healthy_image,metadata/validation/healthy/healthy (286).jpg.json
train/healthy/healthy (29).jpg,validation,healthy,1,11,398868,34512,requires_human_review;candidate_on_healthy_image,metadata/validation/healthy/healthy (29).jpg.json
train/healthy/healthy (30).jpg,validation,healthy,1,16,459900,28800,requires_human_review;candidate_on_healthy_image,metadata/validation/healthy/healthy (30).jpg.json
train/healthy/healthy (300).jpg,validation,healthy,1,20,465124,29740,requires_human_review;candidate_on_healthy_image,metadata/validation/healthy/healthy (300).jpg.json
train/healthy/healthy (301).jpg,validation,healthy,1,2,278536,37708,requires_human_review;candidate_on_healthy_image,metadata/validation/healthy/healthy (301).jpg.json
train/healthy/healthy (317).jpg,validation,healthy,1,21,322536,43492,requires_human_review;candidate_on_healthy_image,metadata/validation/healthy/healthy (317).jpg.json
train/healthy/healthy (321).jpg,validation,healthy,1,4,399772,30412,requires_human_review;candidate_on_healthy_image,metadata/validation/healthy/healthy (321).jpg.json
train/healthy/healthy (329).jpg,validation,healthy,1,4,421816,70324,requires_human_review;candidate_on_healthy_image,metadata/validation/healthy/healthy (329).jpg.json
train/healthy/healthy (33).jpg,validation,healthy,1,15,334600,29436,requires_human_review;candidate_on_healthy_image,metadata/validation/healthy/healthy (33).jpg.json
train/healthy/healthy (341).jpg,validation,healthy,1,27,579520,207504,requires_human_review;candidate_on_healthy_image,metadata/validation/healthy/healthy (341).jpg.json
train/healthy/healthy (349).jpg,validation,healthy,1,29,438368,27452,requires_human_review;candidate_on_healthy_image,metadata/validation/healthy/healthy (349).jpg.json
train/healthy/healthy (36).jpg,validation,healthy,1,2,386380,48356,requires_human_review;candidate_on_healthy_image,metadata/validation/healthy/healthy (36).jpg.json
train/healthy/healthy (46).jpg,validation,healthy,1,8,382496,80476,requires_human_review;candidate_on_healthy_image,metadata/validation/healthy/healthy (46).jpg.json
train/healthy/healthy (54).jpg,validation,healthy,1,18,380116,43608,requires_human_review;candidate_on_healthy_image,metadata/validation/healthy/healthy (54).jpg.json
train/healthy/healthy (55).jpg,validation,healthy,1,25,396512,43080,requires_human_review;candidate_on_healthy_image,metadata/validation/healthy/healthy (55).jpg.json
train/healthy/healthy (60).jpg,validation,healthy,1,15,431648,10320,requires_human_review;candidate_on_healthy_image,metadata/validation/healthy/healthy (60).jpg.json
train/healthy/healthy (65).jpg,validation,healthy,1,11,370808,23416,requires_human_review;candidate_on_healthy_image,metadata/validation/healthy/healthy (65).jpg.json
train/healthy/healthy (70).jpg,validation,healthy,1,38,478864,13556,requires_human_review;candidate_on_healthy_image,metadata/validation/healthy/healthy (70).jpg.json
train/healthy/healthy (74).jpg,validation,healthy,1,9,691172,15012,requires_human_review;candidate_on_healthy_image,metadata/validation/healthy/healthy (74).jpg.json
train/healthy/healthy (75).jpg,validation,healthy,1,21,813544,210668,requires_human_review;candidate_on_healthy_image,metadata/validation/healthy/healthy (75).jpg.json
train/healthy/healthy (83).jpg,validation,healthy,1,22,626532,139480,requires_human_review;candidate_on_healthy_image,metadata/validation/healthy/healthy (83).jpg.json
train/healthy/healthy (91).jpg,validation,healthy,1,41,631228,50004,requires_human_review;candidate_on_healthy_image,metadata/validation/healthy/healthy (91).jpg.json
train/healthy/healthy (93).jpg,validation,healthy,1,30,770420,307744,requires_human_review;candidate_on_healthy_image,metadata/validation/healthy/healthy (93).jpg.json
train/leaf_blast/leaf_blast (104).jpg,validation,leaf_blast,1,63,285700,83812,requires_human_review,metadata/validation/leaf_blast/leaf_blast (104).jpg.json
train/leaf_blast/leaf_blast (117).jpg,validation,leaf_blast,1,43,289676,7900,requires_human_review,metadata/validation/leaf_blast/leaf_blast (117).jpg.json
train/leaf_blast/leaf_blast (131).jpg,validation,leaf_blast,1,30,352624,160952,requires_human_review,metadata/validation/leaf_blast/leaf_blast (131).jpg.json
train/leaf_blast/leaf_blast (132).jpg,validation,leaf_blast,1,29,315052,143592,requires_human_review,metadata/validation/leaf_blast/leaf_blast (132).jpg.json
train/leaf_blast/leaf_blast (138).jpg,validation,leaf_blast,1,43,230760,63300,requires_human_review,metadata/validation/leaf_blast/leaf_blast (138).jpg.json
train/leaf_blast/leaf_blast (143).jpg,validation,leaf_blast,1,72,511208,60152,requires_human_review,metadata/validation/leaf_blast/leaf_blast (143).jpg.json
train/leaf_blast/leaf_blast (15).jpg,validation,leaf_blast,1,13,657732,29572,requires_human_review,metadata/validation/leaf_blast/leaf_blast (15).jpg.json
train/leaf_blast/leaf_blast (157).jpg,validation,leaf_blast,1,26,467544,25508,requires_human_review,metadata/validation/leaf_blast/leaf_blast (157).jpg.json
train/leaf_blast/leaf_blast (158).jpg,validation,leaf_blast,1,8,427172,170004,requires_human_review,metadata/validation/leaf_blast/leaf_blast (158).jpg.json
train/leaf_blast/leaf_blast (159).jpg,validation,leaf_blast,1,11,599592,265524,requires_human_review,metadata/validation/leaf_blast/leaf_blast (159).jpg.json
train/leaf_blast/leaf_blast (16).jpg,validation,leaf_blast,1,47,961768,23852,requires_human_review,metadata/validation/leaf_blast/leaf_blast (16).jpg.json
train/leaf_blast/leaf_blast (162).jpg,validation,leaf_blast,1,28,430504,18996,requires_human_review,metadata/validation/leaf_blast/leaf_blast (162).jpg.json
train/leaf_blast/leaf_blast (177).jpg,validation,leaf_blast,1,7,984840,31704,requires_human_review,metadata/validation/leaf_blast/leaf_blast (177).jpg.json
train/leaf_blast/leaf_blast (182).jpg,validation,leaf_blast,1,5,1127828,318876,requires_human_review,metadata/validation/leaf_blast/leaf_blast (182).jpg.json
train/leaf_blast/leaf_blast (188).jpg,validation,leaf_blast,1,5,163436,19260,requires_human_review,metadata/validation/leaf_blast/leaf_blast (188).jpg.json
train/leaf_blast/leaf_blast (189).jpg,validation,leaf_blast,1,3,196116,45244,requires_human_review,metadata/validation/leaf_blast/leaf_blast (189).jpg.json
train/leaf_blast/leaf_blast (193).jpg,validation,leaf_blast,1,68,511568,60352,requires_human_review,metadata/validation/leaf_blast/leaf_blast (193).jpg.json
train/leaf_blast/leaf_blast (196).jpg,validation,leaf_blast,1,27,464204,69444,requires_human_review,metadata/validation/leaf_blast/leaf_blast (196).jpg.json
train/leaf_blast/leaf_blast (198).jpg,validation,leaf_blast,1,12,339436,94016,requires_human_review,metadata/validation/leaf_blast/leaf_blast (198).jpg.json
train/leaf_blast/leaf_blast (2).jpg,validation,leaf_blast,1,21,278964,14600,requires_human_review,metadata/validation/leaf_blast/leaf_blast (2).jpg.json
train/leaf_blast/leaf_blast (208).jpg,validation,leaf_blast,1,13,339404,94040,requires_human_review,metadata/validation/leaf_blast/leaf_blast (208).jpg.json
train/leaf_blast/leaf_blast (216).jpg,validation,leaf_blast,1,29,352600,160788,requires_human_review,metadata/validation/leaf_blast/leaf_blast (216).jpg.json
train/leaf_blast/leaf_blast (224).jpg,validation,leaf_blast,1,24,145756,72500,requires_human_review,metadata/validation/leaf_blast/leaf_blast (224).jpg.json
train/leaf_blast/leaf_blast (227).jpg,validation,leaf_blast,1,37,131720,53804,requires_human_review,metadata/validation/leaf_blast/leaf_blast (227).jpg.json
train/leaf_blast/leaf_blast (233).jpg,validation,leaf_blast,1,15,787296,182636,requires_human_review,metadata/validation/leaf_blast/leaf_blast (233).jpg.json
train/leaf_blast/leaf_blast (240).jpg,validation,leaf_blast,1,46,309256,68900,requires_human_review,metadata/validation/leaf_blast/leaf_blast (240).jpg.json
train/leaf_blast/leaf_blast (25).jpg,validation,leaf_blast,1,7,896632,90420,requires_human_review,metadata/validation/leaf_blast/leaf_blast (25).jpg.json
train/leaf_blast/leaf_blast (257).jpg,validation,leaf_blast,1,62,501992,22872,requires_human_review,metadata/validation/leaf_blast/leaf_blast (257).jpg.json
train/leaf_blast/leaf_blast (259).jpg,validation,leaf_blast,1,13,176104,12736,requires_human_review,metadata/validation/leaf_blast/leaf_blast (259).jpg.json
train/leaf_blast/leaf_blast (263).jpg,validation,leaf_blast,1,16,314792,3148,requires_human_review,metadata/validation/leaf_blast/leaf_blast (263).jpg.json
train/leaf_blast/leaf_blast (272).jpg,validation,leaf_blast,1,3,171672,332,requires_human_review,metadata/validation/leaf_blast/leaf_blast (272).jpg.json
train/leaf_blast/leaf_blast (294).jpg,validation,leaf_blast,1,8,245380,1744,requires_human_review,metadata/validation/leaf_blast/leaf_blast (294).jpg.json
train/leaf_blast/leaf_blast (311).jpg,validation,leaf_blast,1,6,315188,2808,requires_human_review,metadata/validation/leaf_blast/leaf_blast (311).jpg.json
train/leaf_blast/leaf_blast (316).jpg,validation,leaf_blast,1,3,164752,20524,requires_human_review,metadata/validation/leaf_blast/leaf_blast (316).jpg.json
train/leaf_blast/leaf_blast (323).jpg,validation,leaf_blast,1,6,416140,97552,requires_human_review,metadata/validation/leaf_blast/leaf_blast (323).jpg.json
train/leaf_blast/leaf_blast (324).jpg,validation,leaf_blast,1,5,984792,31792,requires_human_review,metadata/validation/leaf_blast/leaf_blast (324).jpg.json
train/leaf_blast/leaf_blast (326).jpg,validation,leaf_blast,1,31,289152,3312,requires_human_review,metadata/validation/leaf_blast/leaf_blast (326).jpg.json
train/leaf_blast/leaf_blast (336).jpg,validation,leaf_blast,1,3,677204,103652,requires_human_review,metadata/validation/leaf_blast/leaf_blast (336).jpg.json
train/leaf_blast/leaf_blast (338).jpg,validation,leaf_blast,1,22,531716,22836,requires_human_review,metadata/validation/leaf_blast/leaf_blast (338).jpg.json
train/leaf_blast/leaf_blast (346).jpg,validation,leaf_blast,1,0,324580,0,requires_human_review;no_candidate_on_diseased_image,metadata/validation/leaf_blast/leaf_blast (346).jpg.json
train/leaf_blast/leaf_blast (36).jpg,validation,leaf_blast,1,9,425448,63608,requires_human_review,metadata/validation/leaf_blast/leaf_blast (36).jpg.json
train/leaf_blast/leaf_blast (39).jpg,validation,leaf_blast,1,27,980560,27580,requires_human_review,metadata/validation/leaf_blast/leaf_blast (39).jpg.json
train/leaf_blast/leaf_blast (40).jpg,validation,leaf_blast,1,7,911848,84660,requires_human_review,metadata/validation/leaf_blast/leaf_blast (40).jpg.json
train/leaf_blast/leaf_blast (44).jpg,validation,leaf_blast,2,8,1048832,477428,requires_human_review;multiple_leaf_components,metadata/validation/leaf_blast/leaf_blast (44).jpg.json
train/leaf_blast/leaf_blast (54).jpg,validation,leaf_blast,1,72,602440,239404,requires_human_review,metadata/validation/leaf_blast/leaf_blast (54).jpg.json
train/leaf_blast/leaf_blast (58).jpg,validation,leaf_blast,1,14,231140,6812,requires_human_review,metadata/validation/leaf_blast/leaf_blast (58).jpg.json
train/leaf_blast/leaf_blast (67).jpg,validation,leaf_blast,1,19,444872,141648,requires_human_review,metadata/validation/leaf_blast/leaf_blast (67).jpg.json
train/leaf_blast/leaf_blast (68).jpg,validation,leaf_blast,1,3,164864,20572,requires_human_review,metadata/validation/leaf_blast/leaf_blast (68).jpg.json
train/leaf_blast/leaf_blast (71).jpg,validation,leaf_blast,1,26,323180,114852,requires_human_review,metadata/validation/leaf_blast/leaf_blast (71).jpg.json
train/leaf_blast/leaf_blast (72).jpg,validation,leaf_blast,1,40,230752,63096,requires_human_review,metadata/validation/leaf_blast/leaf_blast (72).jpg.json
train/leaf_blast/leaf_blast (73).jpg,validation,leaf_blast,1,42,230772,63280,requires_human_review,metadata/validation/leaf_blast/leaf_blast (73).jpg.json
train/leaf_blast/leaf_blast (76).jpg,validation,leaf_blast,1,42,230772,63280,requires_human_review,metadata/validation/leaf_blast/leaf_blast (76).jpg.json
train/leaf_blast/leaf_blast (8).jpg,validation,leaf_blast,1,3,187156,412,requires_human_review,metadata/validation/leaf_blast/leaf_blast (8).jpg.json
train/leaf_blast/leaf_blast (82).jpg,validation,leaf_blast,1,15,561784,127480,requires_human_review,metadata/validation/leaf_blast/leaf_blast (82).jpg.json
train/leaf_scald/leaf_scald (104).jpg,validation,leaf_scald,1,25,172732,31224,requires_human_review,metadata/validation/leaf_scald/leaf_scald (104).jpg.json
train/leaf_scald/leaf_scald (113).jpg,validation,leaf_scald,1,4,125512,90184,requires_human_review;high_candidate_coverage,metadata/validation/leaf_scald/leaf_scald (113).jpg.json
train/leaf_scald/leaf_scald (126).jpg,validation,leaf_scald,1,3,150840,123508,requires_human_review;high_candidate_coverage,metadata/validation/leaf_scald/leaf_scald (126).jpg.json
train/leaf_scald/leaf_scald (132).jpg,validation,leaf_scald,1,11,146856,78824,requires_human_review;high_candidate_coverage,metadata/validation/leaf_scald/leaf_scald (132).jpg.json
train/leaf_scald/leaf_scald (136).jpg,validation,leaf_scald,1,13,207380,119828,requires_human_review;high_candidate_coverage,metadata/validation/leaf_scald/leaf_scald (136).jpg.json
train/leaf_scald/leaf_scald (139).jpg,validation,leaf_scald,1,3,111204,82000,requires_human_review;high_candidate_coverage,metadata/validation/leaf_scald/leaf_scald (139).jpg.json
train/leaf_scald/leaf_scald (142).jpg,validation,leaf_scald,1,22,241456,44044,requires_human_review,metadata/validation/leaf_scald/leaf_scald (142).jpg.json
train/leaf_scald/leaf_scald (145).jpg,validation,leaf_scald,1,48,496332,36216,requires_human_review,metadata/validation/leaf_scald/leaf_scald (145).jpg.json
train/leaf_scald/leaf_scald (149).jpg,validation,leaf_scald,1,28,258188,65756,requires_human_review,metadata/validation/leaf_scald/leaf_scald (149).jpg.json
train/leaf_scald/leaf_scald (167).jpg,validation,leaf_scald,1,2,133228,129940,requires_human_review;high_candidate_coverage,metadata/validation/leaf_scald/leaf_scald (167).jpg.json
train/leaf_scald/leaf_scald (176).jpg,validation,leaf_scald,1,9,241640,127820,requires_human_review;high_candidate_coverage,metadata/validation/leaf_scald/leaf_scald (176).jpg.json
train/leaf_scald/leaf_scald (18).jpg,validation,leaf_scald,1,18,203908,108836,requires_human_review;high_candidate_coverage,metadata/validation/leaf_scald/leaf_scald (18).jpg.json
train/leaf_scald/leaf_scald (180).jpg,validation,leaf_scald,1,42,394120,210992,requires_human_review;high_candidate_coverage,metadata/validation/leaf_scald/leaf_scald (180).jpg.json
train/leaf_scald/leaf_scald (185).jpg,validation,leaf_scald,1,38,193156,105740,requires_human_review;high_candidate_coverage,metadata/validation/leaf_scald/leaf_scald (185).jpg.json
train/leaf_scald/leaf_scald (192).jpg,validation,leaf_scald,1,3,429560,367852,requires_human_review;high_candidate_coverage,metadata/validation/leaf_scald/leaf_scald (192).jpg.json
train/leaf_scald/leaf_scald (20).jpg,validation,leaf_scald,1,6,263288,172488,requires_human_review;high_candidate_coverage,metadata/validation/leaf_scald/leaf_scald (20).jpg.json
train/leaf_scald/leaf_scald (205).jpg,validation,leaf_scald,1,22,265096,156920,requires_human_review;high_candidate_coverage,metadata/validation/leaf_scald/leaf_scald (205).jpg.json
train/leaf_scald/leaf_scald (210).jpg,validation,leaf_scald,1,25,463796,305420,requires_human_review;high_candidate_coverage,metadata/validation/leaf_scald/leaf_scald (210).jpg.json
train/leaf_scald/leaf_scald (222).jpg,validation,leaf_scald,1,9,253356,110048,requires_human_review,metadata/validation/leaf_scald/leaf_scald (222).jpg.json
train/leaf_scald/leaf_scald (235).jpg,validation,leaf_scald,1,13,297536,187680,requires_human_review;high_candidate_coverage,metadata/validation/leaf_scald/leaf_scald (235).jpg.json
train/leaf_scald/leaf_scald (259).jpg,validation,leaf_scald,3,33,376596,226080,requires_human_review;multiple_leaf_components;high_candidate_coverage,metadata/validation/leaf_scald/leaf_scald (259).jpg.json
train/leaf_scald/leaf_scald (260).jpg,validation,leaf_scald,1,4,152348,126004,requires_human_review;high_candidate_coverage,metadata/validation/leaf_scald/leaf_scald (260).jpg.json
train/leaf_scald/leaf_scald (271).jpg,validation,leaf_scald,1,4,124880,89452,requires_human_review;high_candidate_coverage,metadata/validation/leaf_scald/leaf_scald (271).jpg.json
train/leaf_scald/leaf_scald (273).jpg,validation,leaf_scald,1,20,123204,23356,requires_human_review,metadata/validation/leaf_scald/leaf_scald (273).jpg.json
train/leaf_scald/leaf_scald (274).jpg,validation,leaf_scald,1,27,303600,57344,requires_human_review,metadata/validation/leaf_scald/leaf_scald (274).jpg.json
train/leaf_scald/leaf_scald (284).jpg,validation,leaf_scald,1,10,475132,282776,requires_human_review;high_candidate_coverage,metadata/validation/leaf_scald/leaf_scald (284).jpg.json
train/leaf_scald/leaf_scald (286).jpg,validation,leaf_scald,2,11,494420,421456,requires_human_review;multiple_leaf_components;high_candidate_coverage,metadata/validation/leaf_scald/leaf_scald (286).jpg.json
train/leaf_scald/leaf_scald (287).jpg,validation,leaf_scald,1,16,757896,487584,requires_human_review;high_candidate_coverage,metadata/validation/leaf_scald/leaf_scald (287).jpg.json
train/leaf_scald/leaf_scald (294).jpg,validation,leaf_scald,1,17,550340,287828,requires_human_review;high_candidate_coverage,metadata/validation/leaf_scald/leaf_scald (294).jpg.json
train/leaf_scald/leaf_scald (295).jpg,validation,leaf_scald,1,67,636876,302932,requires_human_review,metadata/validation/leaf_scald/leaf_scald (295).jpg.json
train/leaf_scald/leaf_scald (307).jpg,validation,leaf_scald,1,15,504364,121756,requires_human_review,metadata/validation/leaf_scald/leaf_scald (307).jpg.json
train/leaf_scald/leaf_scald (309).jpg,validation,leaf_scald,1,7,370836,270800,requires_human_review;high_candidate_coverage,metadata/validation/leaf_scald/leaf_scald (309).jpg.json
train/leaf_scald/leaf_scald (326).jpg,validation,leaf_scald,1,5,127416,99272,requires_human_review;high_candidate_coverage,metadata/validation/leaf_scald/leaf_scald (326).jpg.json
train/leaf_scald/leaf_scald (344).jpg,validation,leaf_scald,2,17,145684,88312,requires_human_review;multiple_leaf_components;high_candidate_coverage,metadata/validation/leaf_scald/leaf_scald (344).jpg.json
train/leaf_scald/leaf_scald (346).jpg,validation,leaf_scald,2,13,160348,102504,requires_human_review;multiple_leaf_components;high_candidate_coverage,metadata/validation/leaf_scald/leaf_scald (346).jpg.json
train/leaf_scald/leaf_scald (37).jpg,validation,leaf_scald,1,4,429592,367964,requires_human_review;high_candidate_coverage,metadata/validation/leaf_scald/leaf_scald (37).jpg.json
train/leaf_scald/leaf_scald (4).jpg,validation,leaf_scald,1,3,296200,129232,requires_human_review,metadata/validation/leaf_scald/leaf_scald (4).jpg.json
train/leaf_scald/leaf_scald (50).jpg,validation,leaf_scald,1,30,308844,167208,requires_human_review;high_candidate_coverage,metadata/validation/leaf_scald/leaf_scald (50).jpg.json
train/leaf_scald/leaf_scald (52).jpg,validation,leaf_scald,1,12,227500,132856,requires_human_review;high_candidate_coverage,metadata/validation/leaf_scald/leaf_scald (52).jpg.json
train/leaf_scald/leaf_scald (56).jpg,validation,leaf_scald,1,26,106684,26592,requires_human_review,metadata/validation/leaf_scald/leaf_scald (56).jpg.json
train/leaf_scald/leaf_scald (58).jpg,validation,leaf_scald,1,22,137472,29660,requires_human_review,metadata/validation/leaf_scald/leaf_scald (58).jpg.json
train/leaf_scald/leaf_scald (59).jpg,validation,leaf_scald,1,12,357380,187080,requires_human_review;high_candidate_coverage,metadata/validation/leaf_scald/leaf_scald (59).jpg.json
train/leaf_scald/leaf_scald (68).jpg,validation,leaf_scald,1,3,207492,182604,requires_human_review;high_candidate_coverage,metadata/validation/leaf_scald/leaf_scald (68).jpg.json
train/leaf_scald/leaf_scald (70).jpg,validation,leaf_scald,1,9,258684,187520,requires_human_review;high_candidate_coverage,metadata/validation/leaf_scald/leaf_scald (70).jpg.json
train/leaf_scald/leaf_scald (73).jpg,validation,leaf_scald,1,2,190884,183848,requires_human_review;high_candidate_coverage,metadata/validation/leaf_scald/leaf_scald (73).jpg.json
train/leaf_scald/leaf_scald (79).jpg,validation,leaf_scald,1,28,129656,66224,requires_human_review;high_candidate_coverage,metadata/validation/leaf_scald/leaf_scald (79).jpg.json
train/leaf_scald/leaf_scald (80).jpg,validation,leaf_scald,1,51,283000,136648,requires_human_review,metadata/validation/leaf_scald/leaf_scald (80).jpg.json
train/leaf_scald/leaf_scald (81).jpg,validation,leaf_scald,1,7,168628,90504,requires_human_review;high_candidate_coverage,metadata/validation/leaf_scald/leaf_scald (81).jpg.json
train/leaf_scald/leaf_scald (98).jpg,validation,leaf_scald,1,7,146672,78996,requires_human_review;high_candidate_coverage,metadata/validation/leaf_scald/leaf_scald (98).jpg.json
train/narrow_brown_spot/narrow_brown (10).jpg,validation,narrow_brown_spot,1,34,408200,11016,requires_human_review,metadata/validation/narrow_brown_spot/narrow_brown (10).jpg.json
train/narrow_brown_spot/narrow_brown (102).jpg,validation,narrow_brown_spot,1,20,391140,24680,requires_human_review,metadata/validation/narrow_brown_spot/narrow_brown (102).jpg.json
train/narrow_brown_spot/narrow_brown (106).jpg,validation,narrow_brown_spot,1,32,349512,60628,requires_human_review,metadata/validation/narrow_brown_spot/narrow_brown (106).jpg.json
train/narrow_brown_spot/narrow_brown (111).jpg,validation,narrow_brown_spot,1,36,420744,11008,requires_human_review,metadata/validation/narrow_brown_spot/narrow_brown (111).jpg.json
train/narrow_brown_spot/narrow_brown (124).jpg,validation,narrow_brown_spot,1,41,434824,74340,requires_human_review,metadata/validation/narrow_brown_spot/narrow_brown (124).jpg.json
train/narrow_brown_spot/narrow_brown (139).jpg,validation,narrow_brown_spot,1,55,347544,111348,requires_human_review,metadata/validation/narrow_brown_spot/narrow_brown (139).jpg.json
train/narrow_brown_spot/narrow_brown (141).jpg,validation,narrow_brown_spot,1,25,221344,12980,requires_human_review,metadata/validation/narrow_brown_spot/narrow_brown (141).jpg.json
train/narrow_brown_spot/narrow_brown (145).jpg,validation,narrow_brown_spot,1,42,226188,16964,requires_human_review,metadata/validation/narrow_brown_spot/narrow_brown (145).jpg.json
train/narrow_brown_spot/narrow_brown (157).jpg,validation,narrow_brown_spot,1,34,446324,43140,requires_human_review,metadata/validation/narrow_brown_spot/narrow_brown (157).jpg.json
train/narrow_brown_spot/narrow_brown (158).jpg,validation,narrow_brown_spot,1,35,488984,46852,requires_human_review,metadata/validation/narrow_brown_spot/narrow_brown (158).jpg.json
train/narrow_brown_spot/narrow_brown (161).jpg,validation,narrow_brown_spot,1,28,283640,7804,requires_human_review,metadata/validation/narrow_brown_spot/narrow_brown (161).jpg.json
train/narrow_brown_spot/narrow_brown (164).jpg,validation,narrow_brown_spot,1,30,351664,60520,requires_human_review,metadata/validation/narrow_brown_spot/narrow_brown (164).jpg.json
train/narrow_brown_spot/narrow_brown (165).jpg,validation,narrow_brown_spot,1,37,656580,63396,requires_human_review,metadata/validation/narrow_brown_spot/narrow_brown (165).jpg.json
train/narrow_brown_spot/narrow_brown (18).jpg,validation,narrow_brown_spot,1,49,840896,93684,requires_human_review,metadata/validation/narrow_brown_spot/narrow_brown (18).jpg.json
train/narrow_brown_spot/narrow_brown (188).jpg,validation,narrow_brown_spot,1,85,331940,50652,requires_human_review,metadata/validation/narrow_brown_spot/narrow_brown (188).jpg.json
train/narrow_brown_spot/narrow_brown (192).jpg,validation,narrow_brown_spot,1,27,300044,31416,requires_human_review,metadata/validation/narrow_brown_spot/narrow_brown (192).jpg.json
train/narrow_brown_spot/narrow_brown (196).jpg,validation,narrow_brown_spot,1,46,264136,51024,requires_human_review,metadata/validation/narrow_brown_spot/narrow_brown (196).jpg.json
train/narrow_brown_spot/narrow_brown (199).jpg,validation,narrow_brown_spot,1,31,431552,50100,requires_human_review,metadata/validation/narrow_brown_spot/narrow_brown (199).jpg.json
train/narrow_brown_spot/narrow_brown (201).jpg,validation,narrow_brown_spot,1,32,372884,10772,requires_human_review,metadata/validation/narrow_brown_spot/narrow_brown (201).jpg.json
train/narrow_brown_spot/narrow_brown (205).jpg,validation,narrow_brown_spot,1,29,756684,19096,requires_human_review,metadata/validation/narrow_brown_spot/narrow_brown (205).jpg.json
train/narrow_brown_spot/narrow_brown (209).jpg,validation,narrow_brown_spot,1,38,369836,46412,requires_human_review,metadata/validation/narrow_brown_spot/narrow_brown (209).jpg.json
train/narrow_brown_spot/narrow_brown (21).jpg,validation,narrow_brown_spot,1,28,387276,11424,requires_human_review,metadata/validation/narrow_brown_spot/narrow_brown (21).jpg.json
train/narrow_brown_spot/narrow_brown (223).jpg,validation,narrow_brown_spot,1,94,809468,141580,requires_human_review,metadata/validation/narrow_brown_spot/narrow_brown (223).jpg.json
train/narrow_brown_spot/narrow_brown (230).jpg,validation,narrow_brown_spot,1,35,445052,43252,requires_human_review,metadata/validation/narrow_brown_spot/narrow_brown (230).jpg.json
train/narrow_brown_spot/narrow_brown (232).jpg,validation,narrow_brown_spot,1,38,766476,75160,requires_human_review,metadata/validation/narrow_brown_spot/narrow_brown (232).jpg.json
train/narrow_brown_spot/narrow_brown (238).jpg,validation,narrow_brown_spot,1,31,343628,223920,requires_human_review;high_candidate_coverage,metadata/validation/narrow_brown_spot/narrow_brown (238).jpg.json
train/narrow_brown_spot/narrow_brown (244).jpg,validation,narrow_brown_spot,1,30,400748,11428,requires_human_review,metadata/validation/narrow_brown_spot/narrow_brown (244).jpg.json
train/narrow_brown_spot/narrow_brown (245).jpg,validation,narrow_brown_spot,1,93,410704,64292,requires_human_review,metadata/validation/narrow_brown_spot/narrow_brown (245).jpg.json
train/narrow_brown_spot/narrow_brown (261).jpg,validation,narrow_brown_spot,1,53,352904,66204,requires_human_review,metadata/validation/narrow_brown_spot/narrow_brown (261).jpg.json
train/narrow_brown_spot/narrow_brown (264).jpg,validation,narrow_brown_spot,1,52,625328,112700,requires_human_review,metadata/validation/narrow_brown_spot/narrow_brown (264).jpg.json
train/narrow_brown_spot/narrow_brown (268).jpg,validation,narrow_brown_spot,1,37,606460,17056,requires_human_review,metadata/validation/narrow_brown_spot/narrow_brown (268).jpg.json
train/narrow_brown_spot/narrow_brown (270).jpg,validation,narrow_brown_spot,1,32,561324,39584,requires_human_review,metadata/validation/narrow_brown_spot/narrow_brown (270).jpg.json
train/narrow_brown_spot/narrow_brown (271).jpg,validation,narrow_brown_spot,1,30,410480,86960,requires_human_review,metadata/validation/narrow_brown_spot/narrow_brown (271).jpg.json
train/narrow_brown_spot/narrow_brown (278).jpg,validation,narrow_brown_spot,1,33,376120,25512,requires_human_review,metadata/validation/narrow_brown_spot/narrow_brown (278).jpg.json
train/narrow_brown_spot/narrow_brown (288).jpg,validation,narrow_brown_spot,1,49,326424,66488,requires_human_review,metadata/validation/narrow_brown_spot/narrow_brown (288).jpg.json
train/narrow_brown_spot/narrow_brown (293).jpg,validation,narrow_brown_spot,1,32,516132,112044,requires_human_review,metadata/validation/narrow_brown_spot/narrow_brown (293).jpg.json
train/narrow_brown_spot/narrow_brown (304).jpg,validation,narrow_brown_spot,1,34,376632,26892,requires_human_review,metadata/validation/narrow_brown_spot/narrow_brown (304).jpg.json
train/narrow_brown_spot/narrow_brown (31).jpg,validation,narrow_brown_spot,1,30,756724,19096,requires_human_review,metadata/validation/narrow_brown_spot/narrow_brown (31).jpg.json
train/narrow_brown_spot/narrow_brown (316).jpg,validation,narrow_brown_spot,1,29,561328,39516,requires_human_review,metadata/validation/narrow_brown_spot/narrow_brown (316).jpg.json
train/narrow_brown_spot/narrow_brown (324).jpg,validation,narrow_brown_spot,1,44,399564,71208,requires_human_review,metadata/validation/narrow_brown_spot/narrow_brown (324).jpg.json
train/narrow_brown_spot/narrow_brown (325).jpg,validation,narrow_brown_spot,1,56,353016,66348,requires_human_review,metadata/validation/narrow_brown_spot/narrow_brown (325).jpg.json
train/narrow_brown_spot/narrow_brown (326).jpg,validation,narrow_brown_spot,1,48,502748,90904,requires_human_review,metadata/validation/narrow_brown_spot/narrow_brown (326).jpg.json
train/narrow_brown_spot/narrow_brown (343).jpg,validation,narrow_brown_spot,1,94,410748,64348,requires_human_review,metadata/validation/narrow_brown_spot/narrow_brown (343).jpg.json
train/narrow_brown_spot/narrow_brown (346).jpg,validation,narrow_brown_spot,1,37,263912,25684,requires_human_review,metadata/validation/narrow_brown_spot/narrow_brown (346).jpg.json
train/narrow_brown_spot/narrow_brown (350).jpg,validation,narrow_brown_spot,1,36,395740,39272,requires_human_review,metadata/validation/narrow_brown_spot/narrow_brown (350).jpg.json
train/narrow_brown_spot/narrow_brown (45).jpg,validation,narrow_brown_spot,1,29,331584,69528,requires_human_review,metadata/validation/narrow_brown_spot/narrow_brown (45).jpg.json
train/narrow_brown_spot/narrow_brown (52).jpg,validation,narrow_brown_spot,1,94,559248,87044,requires_human_review,metadata/validation/narrow_brown_spot/narrow_brown (52).jpg.json
train/narrow_brown_spot/narrow_brown (58).jpg,validation,narrow_brown_spot,1,77,366804,62672,requires_human_review,metadata/validation/narrow_brown_spot/narrow_brown (58).jpg.json
train/narrow_brown_spot/narrow_brown (60).jpg,validation,narrow_brown_spot,1,32,283884,67688,requires_human_review,metadata/validation/narrow_brown_spot/narrow_brown (60).jpg.json
train/narrow_brown_spot/narrow_brown (65).jpg,validation,narrow_brown_spot,1,68,342256,105200,requires_human_review,metadata/validation/narrow_brown_spot/narrow_brown (65).jpg.json
train/narrow_brown_spot/narrow_brown (7).jpg,validation,narrow_brown_spot,1,37,766464,75292,requires_human_review,metadata/validation/narrow_brown_spot/narrow_brown (7).jpg.json
train/narrow_brown_spot/narrow_brown (79).jpg,validation,narrow_brown_spot,1,35,489228,46308,requires_human_review,metadata/validation/narrow_brown_spot/narrow_brown (79).jpg.json
train/narrow_brown_spot/narrow_brown (95).jpg,validation,narrow_brown_spot,1,31,445564,24048,requires_human_review,metadata/validation/narrow_brown_spot/narrow_brown (95).jpg.json
test/bacterial_leaf_blight/bacterial_leaf_blight (10).JPG,test,bacterial_leaf_blight,1,16,361852,162544,requires_human_review,metadata/test/bacterial_leaf_blight/bacterial_leaf_blight (10).JPG.json
test/bacterial_leaf_blight/bacterial_leaf_blight (115).JPG,test,bacterial_leaf_blight,1,66,1349840,283936,requires_human_review,metadata/test/bacterial_leaf_blight/bacterial_leaf_blight (115).JPG.json
test/bacterial_leaf_blight/bacterial_leaf_blight (125).jpg,test,bacterial_leaf_blight,1,9,669688,9500,requires_human_review,metadata/test/bacterial_leaf_blight/bacterial_leaf_blight (125).jpg.json
test/bacterial_leaf_blight/bacterial_leaf_blight (129).JPG,test,bacterial_leaf_blight,1,8,450152,57980,requires_human_review,metadata/test/bacterial_leaf_blight/bacterial_leaf_blight (129).JPG.json
test/bacterial_leaf_blight/bacterial_leaf_blight (133).JPG,test,bacterial_leaf_blight,1,8,549480,69668,requires_human_review,metadata/test/bacterial_leaf_blight/bacterial_leaf_blight (133).JPG.json
test/bacterial_leaf_blight/bacterial_leaf_blight (134).JPG,test,bacterial_leaf_blight,1,33,522540,50584,requires_human_review,metadata/test/bacterial_leaf_blight/bacterial_leaf_blight (134).JPG.json
test/bacterial_leaf_blight/bacterial_leaf_blight (136).jpg,test,bacterial_leaf_blight,1,8,685616,27792,requires_human_review,metadata/test/bacterial_leaf_blight/bacterial_leaf_blight (136).jpg.json
test/bacterial_leaf_blight/bacterial_leaf_blight (137).JPG,test,bacterial_leaf_blight,1,26,715212,70364,requires_human_review,metadata/test/bacterial_leaf_blight/bacterial_leaf_blight (137).JPG.json
test/bacterial_leaf_blight/bacterial_leaf_blight (142).JPG,test,bacterial_leaf_blight,1,18,860900,56696,requires_human_review,metadata/test/bacterial_leaf_blight/bacterial_leaf_blight (142).JPG.json
test/bacterial_leaf_blight/bacterial_leaf_blight (147).JPG,test,bacterial_leaf_blight,1,17,545668,75848,requires_human_review,metadata/test/bacterial_leaf_blight/bacterial_leaf_blight (147).JPG.json
test/bacterial_leaf_blight/bacterial_leaf_blight (153).JPG,test,bacterial_leaf_blight,1,23,293388,107320,requires_human_review,metadata/test/bacterial_leaf_blight/bacterial_leaf_blight (153).JPG.json
test/bacterial_leaf_blight/bacterial_leaf_blight (155).jpg,test,bacterial_leaf_blight,1,35,320076,76068,requires_human_review,metadata/test/bacterial_leaf_blight/bacterial_leaf_blight (155).jpg.json
test/bacterial_leaf_blight/bacterial_leaf_blight (157).jpg,test,bacterial_leaf_blight,1,7,450172,124372,requires_human_review,metadata/test/bacterial_leaf_blight/bacterial_leaf_blight (157).jpg.json
test/bacterial_leaf_blight/bacterial_leaf_blight (176).JPG,test,bacterial_leaf_blight,1,16,477888,58624,requires_human_review,metadata/test/bacterial_leaf_blight/bacterial_leaf_blight (176).JPG.json
test/bacterial_leaf_blight/bacterial_leaf_blight (177).JPG,test,bacterial_leaf_blight,1,15,408144,52268,requires_human_review,metadata/test/bacterial_leaf_blight/bacterial_leaf_blight (177).JPG.json
test/bacterial_leaf_blight/bacterial_leaf_blight (178).JPG,test,bacterial_leaf_blight,1,13,342332,118828,requires_human_review,metadata/test/bacterial_leaf_blight/bacterial_leaf_blight (178).JPG.json
test/bacterial_leaf_blight/bacterial_leaf_blight (180).JPG,test,bacterial_leaf_blight,1,23,662616,67996,requires_human_review,metadata/test/bacterial_leaf_blight/bacterial_leaf_blight (180).JPG.json
test/bacterial_leaf_blight/bacterial_leaf_blight (181).JPG,test,bacterial_leaf_blight,1,11,478764,83496,requires_human_review,metadata/test/bacterial_leaf_blight/bacterial_leaf_blight (181).JPG.json
test/bacterial_leaf_blight/bacterial_leaf_blight (182).jpg,test,bacterial_leaf_blight,1,15,394524,109792,requires_human_review,metadata/test/bacterial_leaf_blight/bacterial_leaf_blight (182).jpg.json
test/bacterial_leaf_blight/bacterial_leaf_blight (190).JPG,test,bacterial_leaf_blight,1,7,475176,140284,requires_human_review,metadata/test/bacterial_leaf_blight/bacterial_leaf_blight (190).JPG.json
test/bacterial_leaf_blight/bacterial_leaf_blight (193).jpg,test,bacterial_leaf_blight,1,8,420512,77168,requires_human_review,metadata/test/bacterial_leaf_blight/bacterial_leaf_blight (193).jpg.json
test/bacterial_leaf_blight/bacterial_leaf_blight (194).JPG,test,bacterial_leaf_blight,1,10,370000,64700,requires_human_review,metadata/test/bacterial_leaf_blight/bacterial_leaf_blight (194).JPG.json
test/bacterial_leaf_blight/bacterial_leaf_blight (204).JPG,test,bacterial_leaf_blight,1,13,563892,77176,requires_human_review,metadata/test/bacterial_leaf_blight/bacterial_leaf_blight (204).JPG.json
test/bacterial_leaf_blight/bacterial_leaf_blight (210).jpg,test,bacterial_leaf_blight,1,8,846148,230920,requires_human_review,metadata/test/bacterial_leaf_blight/bacterial_leaf_blight (210).jpg.json
test/bacterial_leaf_blight/bacterial_leaf_blight (216).JPG,test,bacterial_leaf_blight,1,28,320308,65628,requires_human_review,metadata/test/bacterial_leaf_blight/bacterial_leaf_blight (216).JPG.json
test/bacterial_leaf_blight/bacterial_leaf_blight (219).JPG,test,bacterial_leaf_blight,1,27,320308,65904,requires_human_review,metadata/test/bacterial_leaf_blight/bacterial_leaf_blight (219).JPG.json
test/bacterial_leaf_blight/bacterial_leaf_blight (223).jpg,test,bacterial_leaf_blight,1,38,743048,126548,requires_human_review,metadata/test/bacterial_leaf_blight/bacterial_leaf_blight (223).jpg.json
test/bacterial_leaf_blight/bacterial_leaf_blight (224).jpg,test,bacterial_leaf_blight,1,13,277612,83184,requires_human_review,metadata/test/bacterial_leaf_blight/bacterial_leaf_blight (224).jpg.json
test/bacterial_leaf_blight/bacterial_leaf_blight (229).JPG,test,bacterial_leaf_blight,1,10,659448,242044,requires_human_review,metadata/test/bacterial_leaf_blight/bacterial_leaf_blight (229).JPG.json
test/bacterial_leaf_blight/bacterial_leaf_blight (232).JPG,test,bacterial_leaf_blight,2,13,508040,68516,requires_human_review;multiple_leaf_components,metadata/test/bacterial_leaf_blight/bacterial_leaf_blight (232).JPG.json
test/bacterial_leaf_blight/bacterial_leaf_blight (236).JPG,test,bacterial_leaf_blight,1,20,218708,31468,requires_human_review,metadata/test/bacterial_leaf_blight/bacterial_leaf_blight (236).JPG.json
test/bacterial_leaf_blight/bacterial_leaf_blight (239).JPG,test,bacterial_leaf_blight,1,11,244636,37780,requires_human_review,metadata/test/bacterial_leaf_blight/bacterial_leaf_blight (239).JPG.json
test/bacterial_leaf_blight/bacterial_leaf_blight (241).JPG,test,bacterial_leaf_blight,1,17,146024,36448,requires_human_review,metadata/test/bacterial_leaf_blight/bacterial_leaf_blight (241).JPG.json
test/bacterial_leaf_blight/bacterial_leaf_blight (243).JPG,test,bacterial_leaf_blight,1,19,172840,22372,requires_human_review,metadata/test/bacterial_leaf_blight/bacterial_leaf_blight (243).JPG.json
test/bacterial_leaf_blight/bacterial_leaf_blight (246).JPG,test,bacterial_leaf_blight,1,23,238596,18608,requires_human_review,metadata/test/bacterial_leaf_blight/bacterial_leaf_blight (246).JPG.json
test/bacterial_leaf_blight/bacterial_leaf_blight (247).JPG,test,bacterial_leaf_blight,1,30,269408,44720,requires_human_review,metadata/test/bacterial_leaf_blight/bacterial_leaf_blight (247).JPG.json
test/bacterial_leaf_blight/bacterial_leaf_blight (248).JPG,test,bacterial_leaf_blight,1,22,208964,36256,requires_human_review,metadata/test/bacterial_leaf_blight/bacterial_leaf_blight (248).JPG.json
test/bacterial_leaf_blight/bacterial_leaf_blight (250).JPG,test,bacterial_leaf_blight,1,55,472612,126916,requires_human_review,metadata/test/bacterial_leaf_blight/bacterial_leaf_blight (250).JPG.json
test/bacterial_leaf_blight/bacterial_leaf_blight (258).JPG,test,bacterial_leaf_blight,1,28,277596,35076,requires_human_review,metadata/test/bacterial_leaf_blight/bacterial_leaf_blight (258).JPG.json
test/bacterial_leaf_blight/bacterial_leaf_blight (275).JPG,test,bacterial_leaf_blight,1,20,218708,31464,requires_human_review,metadata/test/bacterial_leaf_blight/bacterial_leaf_blight (275).JPG.json
test/bacterial_leaf_blight/bacterial_leaf_blight (278).JPG,test,bacterial_leaf_blight,1,22,754452,18876,requires_human_review,metadata/test/bacterial_leaf_blight/bacterial_leaf_blight (278).JPG.json
test/bacterial_leaf_blight/bacterial_leaf_blight (284).JPG,test,bacterial_leaf_blight,1,31,758864,55656,requires_human_review,metadata/test/bacterial_leaf_blight/bacterial_leaf_blight (284).JPG.json
test/bacterial_leaf_blight/bacterial_leaf_blight (291).JPG,test,bacterial_leaf_blight,1,21,663000,113196,requires_human_review,metadata/test/bacterial_leaf_blight/bacterial_leaf_blight (291).JPG.json
test/bacterial_leaf_blight/bacterial_leaf_blight (310).JPG,test,bacterial_leaf_blight,1,26,1216004,112732,requires_human_review,metadata/test/bacterial_leaf_blight/bacterial_leaf_blight (310).JPG.json
test/bacterial_leaf_blight/bacterial_leaf_blight (314).JPG,test,bacterial_leaf_blight,1,13,1422644,105924,requires_human_review,metadata/test/bacterial_leaf_blight/bacterial_leaf_blight (314).JPG.json
test/bacterial_leaf_blight/bacterial_leaf_blight (319).JPG,test,bacterial_leaf_blight,1,29,1302172,118744,requires_human_review,metadata/test/bacterial_leaf_blight/bacterial_leaf_blight (319).JPG.json
test/bacterial_leaf_blight/bacterial_leaf_blight (320).JPG,test,bacterial_leaf_blight,1,5,838000,66392,requires_human_review,metadata/test/bacterial_leaf_blight/bacterial_leaf_blight (320).JPG.json
test/bacterial_leaf_blight/bacterial_leaf_blight (323).JPG,test,bacterial_leaf_blight,1,12,794820,259928,requires_human_review,metadata/test/bacterial_leaf_blight/bacterial_leaf_blight (323).JPG.json
test/bacterial_leaf_blight/bacterial_leaf_blight (327).JPG,test,bacterial_leaf_blight,1,9,989376,68740,requires_human_review,metadata/test/bacterial_leaf_blight/bacterial_leaf_blight (327).JPG.json
test/bacterial_leaf_blight/bacterial_leaf_blight (334).jpg,test,bacterial_leaf_blight,1,6,747220,152032,requires_human_review,metadata/test/bacterial_leaf_blight/bacterial_leaf_blight (334).jpg.json
test/bacterial_leaf_blight/bacterial_leaf_blight (335).JPG,test,bacterial_leaf_blight,1,22,790436,153344,requires_human_review,metadata/test/bacterial_leaf_blight/bacterial_leaf_blight (335).JPG.json
test/bacterial_leaf_blight/bacterial_leaf_blight (37).JPG,test,bacterial_leaf_blight,1,7,199108,42380,requires_human_review,metadata/test/bacterial_leaf_blight/bacterial_leaf_blight (37).JPG.json
test/bacterial_leaf_blight/bacterial_leaf_blight (42).JPG,test,bacterial_leaf_blight,1,45,232128,75852,requires_human_review,metadata/test/bacterial_leaf_blight/bacterial_leaf_blight (42).JPG.json
test/bacterial_leaf_blight/bacterial_leaf_blight (47).JPG,test,bacterial_leaf_blight,1,27,375432,31508,requires_human_review,metadata/test/bacterial_leaf_blight/bacterial_leaf_blight (47).JPG.json
test/bacterial_leaf_blight/bacterial_leaf_blight (49).JPG,test,bacterial_leaf_blight,1,30,415880,50708,requires_human_review,metadata/test/bacterial_leaf_blight/bacterial_leaf_blight (49).JPG.json
test/bacterial_leaf_blight/bacterial_leaf_blight (5).jpg,test,bacterial_leaf_blight,1,9,1290884,67324,requires_human_review,metadata/test/bacterial_leaf_blight/bacterial_leaf_blight (5).jpg.json
test/bacterial_leaf_blight/bacterial_leaf_blight (58).JPG,test,bacterial_leaf_blight,1,15,316656,47272,requires_human_review,metadata/test/bacterial_leaf_blight/bacterial_leaf_blight (58).JPG.json
test/bacterial_leaf_blight/bacterial_leaf_blight (92).JPG,test,bacterial_leaf_blight,1,10,666420,224300,requires_human_review,metadata/test/bacterial_leaf_blight/bacterial_leaf_blight (92).JPG.json
test/bacterial_leaf_blight/bacterial_leaf_blight (96).JPG,test,bacterial_leaf_blight,1,17,1418504,161920,requires_human_review,metadata/test/bacterial_leaf_blight/bacterial_leaf_blight (96).JPG.json
test/brown_spot/brown_spot (102).jpg,test,brown_spot,1,119,1940776,567216,requires_human_review,metadata/test/brown_spot/brown_spot (102).jpg.json
test/brown_spot/brown_spot (109).jpg,test,brown_spot,1,21,578612,240000,requires_human_review,metadata/test/brown_spot/brown_spot (109).jpg.json
test/brown_spot/brown_spot (11).jpg,test,brown_spot,1,35,389496,94764,requires_human_review,metadata/test/brown_spot/brown_spot (11).jpg.json
test/brown_spot/brown_spot (113).jpg,test,brown_spot,1,56,151856,30856,requires_human_review,metadata/test/brown_spot/brown_spot (113).jpg.json
test/brown_spot/brown_spot (115).jpg,test,brown_spot,1,44,269752,53656,requires_human_review,metadata/test/brown_spot/brown_spot (115).jpg.json
test/brown_spot/brown_spot (118).jpg,test,brown_spot,1,11,246688,183660,requires_human_review;high_candidate_coverage,metadata/test/brown_spot/brown_spot (118).jpg.json
test/brown_spot/brown_spot (124).jpg,test,brown_spot,1,38,294252,49144,requires_human_review,metadata/test/brown_spot/brown_spot (124).jpg.json
test/brown_spot/brown_spot (13).jpg,test,brown_spot,1,28,657044,242820,requires_human_review,metadata/test/brown_spot/brown_spot (13).jpg.json
test/brown_spot/brown_spot (130).jpg,test,brown_spot,1,22,568452,97748,requires_human_review,metadata/test/brown_spot/brown_spot (130).jpg.json
test/brown_spot/brown_spot (139).jpg,test,brown_spot,1,19,332212,130044,requires_human_review,metadata/test/brown_spot/brown_spot (139).jpg.json
test/brown_spot/brown_spot (146).jpg,test,brown_spot,2,15,665508,440936,requires_human_review;multiple_leaf_components;high_candidate_coverage,metadata/test/brown_spot/brown_spot (146).jpg.json
test/brown_spot/brown_spot (153).jpg,test,brown_spot,1,18,200308,87040,requires_human_review,metadata/test/brown_spot/brown_spot (153).jpg.json
test/brown_spot/brown_spot (160).jpg,test,brown_spot,1,49,201212,28256,requires_human_review,metadata/test/brown_spot/brown_spot (160).jpg.json
test/brown_spot/brown_spot (170).jpg,test,brown_spot,1,53,1633244,452528,requires_human_review,metadata/test/brown_spot/brown_spot (170).jpg.json
test/brown_spot/brown_spot (171).jpg,test,brown_spot,1,67,220436,17748,requires_human_review,metadata/test/brown_spot/brown_spot (171).jpg.json
test/brown_spot/brown_spot (177).jpg,test,brown_spot,1,45,264868,35728,requires_human_review,metadata/test/brown_spot/brown_spot (177).jpg.json
test/brown_spot/brown_spot (182).jpg,test,brown_spot,1,69,232324,28496,requires_human_review,metadata/test/brown_spot/brown_spot (182).jpg.json
test/brown_spot/brown_spot (189).jpg,test,brown_spot,1,20,269208,147216,requires_human_review;high_candidate_coverage,metadata/test/brown_spot/brown_spot (189).jpg.json
test/brown_spot/brown_spot (191).jpg,test,brown_spot,1,10,363416,279484,requires_human_review;high_candidate_coverage,metadata/test/brown_spot/brown_spot (191).jpg.json
test/brown_spot/brown_spot (192).jpg,test,brown_spot,1,26,398340,47776,requires_human_review,metadata/test/brown_spot/brown_spot (192).jpg.json
test/brown_spot/brown_spot (196).jpg,test,brown_spot,1,14,430632,41744,requires_human_review,metadata/test/brown_spot/brown_spot (196).jpg.json
test/brown_spot/brown_spot (198).jpg,test,brown_spot,1,37,286012,10816,requires_human_review,metadata/test/brown_spot/brown_spot (198).jpg.json
test/brown_spot/brown_spot (199).jpg,test,brown_spot,1,20,534356,87444,requires_human_review,metadata/test/brown_spot/brown_spot (199).jpg.json
test/brown_spot/brown_spot (20).jpg,test,brown_spot,1,40,691776,108740,requires_human_review,metadata/test/brown_spot/brown_spot (20).jpg.json
test/brown_spot/brown_spot (200).jpg,test,brown_spot,1,20,434652,46996,requires_human_review,metadata/test/brown_spot/brown_spot (200).jpg.json
test/brown_spot/brown_spot (207).jpg,test,brown_spot,1,13,413632,16164,requires_human_review,metadata/test/brown_spot/brown_spot (207).jpg.json
test/brown_spot/brown_spot (212).JPG,test,brown_spot,1,15,1197840,63068,requires_human_review,metadata/test/brown_spot/brown_spot (212).JPG.json
test/brown_spot/brown_spot (224).JPG,test,brown_spot,1,14,692316,102496,requires_human_review,metadata/test/brown_spot/brown_spot (224).JPG.json
test/brown_spot/brown_spot (225).JPG,test,brown_spot,1,48,635812,64836,requires_human_review,metadata/test/brown_spot/brown_spot (225).JPG.json
test/brown_spot/brown_spot (227).JPG,test,brown_spot,1,14,533740,37928,requires_human_review,metadata/test/brown_spot/brown_spot (227).JPG.json
test/brown_spot/brown_spot (244).jpg,test,brown_spot,1,52,355852,57720,requires_human_review,metadata/test/brown_spot/brown_spot (244).jpg.json
test/brown_spot/brown_spot (245).jpg,test,brown_spot,1,38,294240,49168,requires_human_review,metadata/test/brown_spot/brown_spot (245).jpg.json
test/brown_spot/brown_spot (248).jpg,test,brown_spot,1,39,505916,85028,requires_human_review,metadata/test/brown_spot/brown_spot (248).jpg.json
test/brown_spot/brown_spot (25).jpg,test,brown_spot,1,35,691392,209884,requires_human_review,metadata/test/brown_spot/brown_spot (25).jpg.json
test/brown_spot/brown_spot (250).jpg,test,brown_spot,1,53,355876,57592,requires_human_review,metadata/test/brown_spot/brown_spot (250).jpg.json
test/brown_spot/brown_spot (257).jpg,test,brown_spot,1,54,355860,57536,requires_human_review,metadata/test/brown_spot/brown_spot (257).jpg.json
test/brown_spot/brown_spot (276).jpg,test,brown_spot,1,20,487560,140168,requires_human_review,metadata/test/brown_spot/brown_spot (276).jpg.json
test/brown_spot/brown_spot (279).jpg,test,brown_spot,1,52,302288,36248,requires_human_review,metadata/test/brown_spot/brown_spot (279).jpg.json
test/brown_spot/brown_spot (291).jpg,test,brown_spot,1,4,354788,295812,requires_human_review;high_candidate_coverage,metadata/test/brown_spot/brown_spot (291).jpg.json
test/brown_spot/brown_spot (294).jpg,test,brown_spot,1,13,872036,93784,requires_human_review,metadata/test/brown_spot/brown_spot (294).jpg.json
test/brown_spot/brown_spot (296).jpg,test,brown_spot,1,17,575048,103552,requires_human_review,metadata/test/brown_spot/brown_spot (296).jpg.json
test/brown_spot/brown_spot (297).jpg,test,brown_spot,1,24,648252,35388,requires_human_review,metadata/test/brown_spot/brown_spot (297).jpg.json
test/brown_spot/brown_spot (3).jpg,test,brown_spot,1,11,363436,279376,requires_human_review;high_candidate_coverage,metadata/test/brown_spot/brown_spot (3).jpg.json
test/brown_spot/brown_spot (30).jpg,test,brown_spot,1,73,800004,104708,requires_human_review,metadata/test/brown_spot/brown_spot (30).jpg.json
test/brown_spot/brown_spot (306).jpg,test,brown_spot,1,13,401792,258516,requires_human_review;high_candidate_coverage,metadata/test/brown_spot/brown_spot (306).jpg.json
test/brown_spot/brown_spot (31).jpg,test,brown_spot,1,51,480184,158272,requires_human_review,metadata/test/brown_spot/brown_spot (31).jpg.json
test/brown_spot/brown_spot (310).jpg,test,brown_spot,1,40,505912,85108,requires_human_review,metadata/test/brown_spot/brown_spot (310).jpg.json
test/brown_spot/brown_spot (337).jpg,test,brown_spot,1,20,331984,129676,requires_human_review,metadata/test/brown_spot/brown_spot (337).jpg.json
test/brown_spot/brown_spot (34).jpg,test,brown_spot,1,27,784284,128740,requires_human_review,metadata/test/brown_spot/brown_spot (34).jpg.json
test/brown_spot/brown_spot (39).jpg,test,brown_spot,1,38,691756,108876,requires_human_review,metadata/test/brown_spot/brown_spot (39).jpg.json
test/brown_spot/brown_spot (42).jpg,test,brown_spot,1,75,535868,66316,requires_human_review,metadata/test/brown_spot/brown_spot (42).jpg.json
test/brown_spot/brown_spot (45).jpg,test,brown_spot,1,35,691380,210084,requires_human_review,metadata/test/brown_spot/brown_spot (45).jpg.json
test/brown_spot/brown_spot (46).jpg,test,brown_spot,1,28,657044,242820,requires_human_review,metadata/test/brown_spot/brown_spot (46).jpg.json
test/brown_spot/brown_spot (49).jpg,test,brown_spot,1,74,800364,105064,requires_human_review,metadata/test/brown_spot/brown_spot (49).jpg.json
test/brown_spot/brown_spot (5).jpg,test,brown_spot,1,45,269048,13188,requires_human_review,metadata/test/brown_spot/brown_spot (5).jpg.json
test/brown_spot/brown_spot (51).jpg,test,brown_spot,1,27,784292,128840,requires_human_review,metadata/test/brown_spot/brown_spot (51).jpg.json
test/brown_spot/brown_spot (61).jpg,test,brown_spot,1,43,646948,36248,requires_human_review,metadata/test/brown_spot/brown_spot (61).jpg.json
test/brown_spot/brown_spot (62).jpg,test,brown_spot,1,74,801312,105268,requires_human_review,metadata/test/brown_spot/brown_spot (62).jpg.json
test/brown_spot/brown_spot (66).jpg,test,brown_spot,1,21,434608,46792,requires_human_review,metadata/test/brown_spot/brown_spot (66).jpg.json
test/brown_spot/brown_spot (7).jpg,test,brown_spot,1,10,445688,66528,requires_human_review,metadata/test/brown_spot/brown_spot (7).jpg.json
test/brown_spot/brown_spot (74).jpg,test,brown_spot,1,21,394568,165704,requires_human_review,metadata/test/brown_spot/brown_spot (74).jpg.json
test/brown_spot/brown_spot (8).jpg,test,brown_spot,1,16,430632,41636,requires_human_review,metadata/test/brown_spot/brown_spot (8).jpg.json
test/brown_spot/brown_spot (92).jpg,test,brown_spot,1,6,455408,349252,requires_human_review;high_candidate_coverage,metadata/test/brown_spot/brown_spot (92).jpg.json
test/brown_spot/brown_spot (95).jpg,test,brown_spot,1,87,849352,105612,requires_human_review,metadata/test/brown_spot/brown_spot (95).jpg.json
test/healthy/healthy (1).jpg,test,healthy,1,9,538420,132612,requires_human_review;candidate_on_healthy_image,metadata/test/healthy/healthy (1).jpg.json
test/healthy/healthy (10).jpg,test,healthy,1,19,526248,105276,requires_human_review;candidate_on_healthy_image,metadata/test/healthy/healthy (10).jpg.json
test/healthy/healthy (103).jpg,test,healthy,1,27,385080,100056,requires_human_review;candidate_on_healthy_image,metadata/test/healthy/healthy (103).jpg.json
test/healthy/healthy (108).jpg,test,healthy,1,5,272116,14448,requires_human_review;candidate_on_healthy_image,metadata/test/healthy/healthy (108).jpg.json
test/healthy/healthy (116).jpg,test,healthy,1,1,450004,153056,requires_human_review;candidate_on_healthy_image,metadata/test/healthy/healthy (116).jpg.json
test/healthy/healthy (131).jpg,test,healthy,1,25,412160,11528,requires_human_review;candidate_on_healthy_image,metadata/test/healthy/healthy (131).jpg.json
test/healthy/healthy (132).jpg,test,healthy,1,11,211664,5360,requires_human_review;candidate_on_healthy_image,metadata/test/healthy/healthy (132).jpg.json
test/healthy/healthy (142).jpg,test,healthy,1,14,222012,4660,requires_human_review;candidate_on_healthy_image,metadata/test/healthy/healthy (142).jpg.json
test/healthy/healthy (143).jpg,test,healthy,1,13,259932,55416,requires_human_review;candidate_on_healthy_image,metadata/test/healthy/healthy (143).jpg.json
test/healthy/healthy (146).jpg,test,healthy,1,15,293220,9596,requires_human_review;candidate_on_healthy_image,metadata/test/healthy/healthy (146).jpg.json
test/healthy/healthy (150).jpg,test,healthy,1,16,398580,864,requires_human_review;candidate_on_healthy_image,metadata/test/healthy/healthy (150).jpg.json
test/healthy/healthy (152).jpg,test,healthy,1,16,363044,44416,requires_human_review;candidate_on_healthy_image,metadata/test/healthy/healthy (152).jpg.json
test/healthy/healthy (154).jpg,test,healthy,1,10,286440,54576,requires_human_review;candidate_on_healthy_image,metadata/test/healthy/healthy (154).jpg.json
test/healthy/healthy (159).jpg,test,healthy,1,6,413224,36176,requires_human_review;candidate_on_healthy_image,metadata/test/healthy/healthy (159).jpg.json
test/healthy/healthy (165).jpg,test,healthy,1,4,314712,63384,requires_human_review;candidate_on_healthy_image,metadata/test/healthy/healthy (165).jpg.json
test/healthy/healthy (175).jpg,test,healthy,1,18,230464,8528,requires_human_review;candidate_on_healthy_image,metadata/test/healthy/healthy (175).jpg.json
test/healthy/healthy (179).jpg,test,healthy,1,44,342132,35268,requires_human_review;candidate_on_healthy_image,metadata/test/healthy/healthy (179).jpg.json
test/healthy/healthy (180).jpg,test,healthy,1,30,326444,44220,requires_human_review;candidate_on_healthy_image,metadata/test/healthy/healthy (180).jpg.json
test/healthy/healthy (191).jpg,test,healthy,1,19,572876,105808,requires_human_review;candidate_on_healthy_image,metadata/test/healthy/healthy (191).jpg.json
test/healthy/healthy (192).jpg,test,healthy,1,7,455752,26180,requires_human_review;candidate_on_healthy_image,metadata/test/healthy/healthy (192).jpg.json
test/healthy/healthy (201).jpg,test,healthy,1,2,824268,243700,requires_human_review;candidate_on_healthy_image,metadata/test/healthy/healthy (201).jpg.json
test/healthy/healthy (202).jpg,test,healthy,1,17,943048,49808,requires_human_review;candidate_on_healthy_image,metadata/test/healthy/healthy (202).jpg.json
test/healthy/healthy (206).jpg,test,healthy,1,13,577276,65688,requires_human_review;candidate_on_healthy_image,metadata/test/healthy/healthy (206).jpg.json
test/healthy/healthy (213).jpg,test,healthy,1,31,352416,20936,requires_human_review;candidate_on_healthy_image,metadata/test/healthy/healthy (213).jpg.json
test/healthy/healthy (215).jpg,test,healthy,1,14,401428,90272,requires_human_review;candidate_on_healthy_image,metadata/test/healthy/healthy (215).jpg.json
test/healthy/healthy (231).jpg,test,healthy,1,14,471296,54328,requires_human_review;candidate_on_healthy_image,metadata/test/healthy/healthy (231).jpg.json
test/healthy/healthy (233).jpg,test,healthy,1,20,738732,237676,requires_human_review;candidate_on_healthy_image,metadata/test/healthy/healthy (233).jpg.json
test/healthy/healthy (234).jpg,test,healthy,1,31,552968,57476,requires_human_review;candidate_on_healthy_image,metadata/test/healthy/healthy (234).jpg.json
test/healthy/healthy (24).jpg,test,healthy,1,6,327208,38020,requires_human_review;candidate_on_healthy_image,metadata/test/healthy/healthy (24).jpg.json
test/healthy/healthy (243).jpg,test,healthy,1,19,570684,197752,requires_human_review;candidate_on_healthy_image,metadata/test/healthy/healthy (243).jpg.json
test/healthy/healthy (248).jpg,test,healthy,1,33,427404,39624,requires_human_review;candidate_on_healthy_image,metadata/test/healthy/healthy (248).jpg.json
test/healthy/healthy (249).jpg,test,healthy,1,40,386964,28652,requires_human_review;candidate_on_healthy_image,metadata/test/healthy/healthy (249).jpg.json
test/healthy/healthy (25).jpg,test,healthy,1,5,386204,53512,requires_human_review;candidate_on_healthy_image,metadata/test/healthy/healthy (25).jpg.json
test/healthy/healthy (254).jpg,test,healthy,1,6,423520,42180,requires_human_review;candidate_on_healthy_image,metadata/test/healthy/healthy (254).jpg.json
test/healthy/healthy (255).jpg,test,healthy,1,14,513116,132280,requires_human_review;candidate_on_healthy_image,metadata/test/healthy/healthy (255).jpg.json
test/healthy/healthy (256).jpg,test,healthy,1,1,417624,137996,requires_human_review;candidate_on_healthy_image,metadata/test/healthy/healthy (256).jpg.json
test/healthy/healthy (265).jpg,test,healthy,1,4,615148,20784,requires_human_review;candidate_on_healthy_image,metadata/test/healthy/healthy (265).jpg.json
test/healthy/healthy (269).jpg,test,healthy,1,21,813544,210664,requires_human_review;candidate_on_healthy_image,metadata/test/healthy/healthy (269).jpg.json
test/healthy/healthy (272).jpg,test,healthy,1,22,626120,145104,requires_human_review;candidate_on_healthy_image,metadata/test/healthy/healthy (272).jpg.json
test/healthy/healthy (278).jpg,test,healthy,1,23,417800,32092,requires_human_review;candidate_on_healthy_image,metadata/test/healthy/healthy (278).jpg.json
test/healthy/healthy (279).jpg,test,healthy,1,49,291088,20316,requires_human_review;candidate_on_healthy_image,metadata/test/healthy/healthy (279).jpg.json
test/healthy/healthy (28).jpg,test,healthy,1,9,362812,32932,requires_human_review;candidate_on_healthy_image,metadata/test/healthy/healthy (28).jpg.json
test/healthy/healthy (280).jpg,test,healthy,1,32,272156,28788,requires_human_review;candidate_on_healthy_image,metadata/test/healthy/healthy (280).jpg.json
test/healthy/healthy (285).jpg,test,healthy,1,37,345076,6796,requires_human_review;candidate_on_healthy_image,metadata/test/healthy/healthy (285).jpg.json
test/healthy/healthy (290).jpg,test,healthy,1,43,449932,27164,requires_human_review;candidate_on_healthy_image,metadata/test/healthy/healthy (290).jpg.json
test/healthy/healthy (294).jpg,test,healthy,1,4,433480,53828,requires_human_review;candidate_on_healthy_image,metadata/test/healthy/healthy (294).jpg.json
test/healthy/healthy (296).jpg,test,healthy,1,15,480672,89608,requires_human_review;candidate_on_healthy_image,metadata/test/healthy/healthy (296).jpg.json
test/healthy/healthy (303).jpg,test,healthy,1,14,497584,55896,requires_human_review;candidate_on_healthy_image,metadata/test/healthy/healthy (303).jpg.json
test/healthy/healthy (309).jpg,test,healthy,1,2,343696,72,requires_human_review;candidate_on_healthy_image,metadata/test/healthy/healthy (309).jpg.json
test/healthy/healthy (314).jpg,test,healthy,1,13,276100,40448,requires_human_review;candidate_on_healthy_image,metadata/test/healthy/healthy (314).jpg.json
test/healthy/healthy (315).jpg,test,healthy,1,42,320152,16560,requires_human_review;candidate_on_healthy_image,metadata/test/healthy/healthy (315).jpg.json
test/healthy/healthy (320).jpg,test,healthy,1,15,387272,43684,requires_human_review;candidate_on_healthy_image,metadata/test/healthy/healthy (320).jpg.json
test/healthy/healthy (324).jpg,test,healthy,1,42,344640,40932,requires_human_review;candidate_on_healthy_image,metadata/test/healthy/healthy (324).jpg.json
test/healthy/healthy (327).jpg,test,healthy,1,18,588276,50544,requires_human_review;candidate_on_healthy_image,metadata/test/healthy/healthy (327).jpg.json
test/healthy/healthy (328).jpg,test,healthy,1,2,440844,60304,requires_human_review;candidate_on_healthy_image,metadata/test/healthy/healthy (328).jpg.json
test/healthy/healthy (336).jpg,test,healthy,1,10,831424,177468,requires_human_review;candidate_on_healthy_image,metadata/test/healthy/healthy (336).jpg.json
test/healthy/healthy (337).jpg,test,healthy,1,20,544420,188656,requires_human_review;candidate_on_healthy_image,metadata/test/healthy/healthy (337).jpg.json
test/healthy/healthy (34).jpg,test,healthy,1,4,426728,51648,requires_human_review;candidate_on_healthy_image,metadata/test/healthy/healthy (34).jpg.json
test/healthy/healthy (340).jpg,test,healthy,1,49,530600,211056,requires_human_review;candidate_on_healthy_image,metadata/test/healthy/healthy (340).jpg.json
test/healthy/healthy (342).jpg,test,healthy,1,8,524116,146488,requires_human_review;candidate_on_healthy_image,metadata/test/healthy/healthy (342).jpg.json
test/healthy/healthy (343).jpg,test,healthy,1,22,720944,346900,requires_human_review;candidate_on_healthy_image,metadata/test/healthy/healthy (343).jpg.json
test/healthy/healthy (346).jpg,test,healthy,1,31,538712,50512,requires_human_review;candidate_on_healthy_image,metadata/test/healthy/healthy (346).jpg.json
test/healthy/healthy (350).jpg,test,healthy,1,34,541856,162272,requires_human_review;candidate_on_healthy_image,metadata/test/healthy/healthy (350).jpg.json
test/healthy/healthy (40).jpg,test,healthy,1,37,587144,94516,requires_human_review;candidate_on_healthy_image,metadata/test/healthy/healthy (40).jpg.json
test/healthy/healthy (57).jpg,test,healthy,1,1,462380,97760,requires_human_review;candidate_on_healthy_image,metadata/test/healthy/healthy (57).jpg.json
test/healthy/healthy (76).jpg,test,healthy,1,23,513892,125492,requires_human_review;candidate_on_healthy_image,metadata/test/healthy/healthy (76).jpg.json
test/healthy/healthy (77).jpg,test,healthy,1,22,626120,145104,requires_human_review;candidate_on_healthy_image,metadata/test/healthy/healthy (77).jpg.json
test/healthy/healthy (84).jpg,test,healthy,1,12,353972,44480,requires_human_review;candidate_on_healthy_image,metadata/test/healthy/healthy (84).jpg.json
test/healthy/healthy (88).jpg,test,healthy,1,9,564228,142112,requires_human_review;candidate_on_healthy_image,metadata/test/healthy/healthy (88).jpg.json
test/healthy/healthy (89).jpg,test,healthy,1,25,721544,143960,requires_human_review;candidate_on_healthy_image,metadata/test/healthy/healthy (89).jpg.json
test/leaf_blast/leaf_blast (100).jpg,test,leaf_blast,1,31,169936,65328,requires_human_review,metadata/test/leaf_blast/leaf_blast (100).jpg.json
test/leaf_blast/leaf_blast (106).jpg,test,leaf_blast,1,22,323260,115076,requires_human_review,metadata/test/leaf_blast/leaf_blast (106).jpg.json
test/leaf_blast/leaf_blast (111).jpg,test,leaf_blast,1,37,251952,10792,requires_human_review,metadata/test/leaf_blast/leaf_blast (111).jpg.json
test/leaf_blast/leaf_blast (112).jpg,test,leaf_blast,1,20,256260,5024,requires_human_review,metadata/test/leaf_blast/leaf_blast (112).jpg.json
test/leaf_blast/leaf_blast (118).jpg,test,leaf_blast,1,51,271424,9512,requires_human_review,metadata/test/leaf_blast/leaf_blast (118).jpg.json
test/leaf_blast/leaf_blast (120).jpg,test,leaf_blast,1,42,230776,63372,requires_human_review,metadata/test/leaf_blast/leaf_blast (120).jpg.json
test/leaf_blast/leaf_blast (125).jpg,test,leaf_blast,1,44,215608,76824,requires_human_review,metadata/test/leaf_blast/leaf_blast (125).jpg.json
test/leaf_blast/leaf_blast (133).jpg,test,leaf_blast,1,23,236272,107996,requires_human_review,metadata/test/leaf_blast/leaf_blast (133).jpg.json
test/leaf_blast/leaf_blast (136).jpg,test,leaf_blast,1,39,279924,76208,requires_human_review,metadata/test/leaf_blast/leaf_blast (136).jpg.json
test/leaf_blast/leaf_blast (14).jpg,test,leaf_blast,1,72,2559940,628260,requires_human_review;high_foreground_coverage,metadata/test/leaf_blast/leaf_blast (14).jpg.json
test/leaf_blast/leaf_blast (146).jpg,test,leaf_blast,1,48,316976,37316,requires_human_review,metadata/test/leaf_blast/leaf_blast (146).jpg.json
test/leaf_blast/leaf_blast (160).jpg,test,leaf_blast,1,4,150328,44796,requires_human_review,metadata/test/leaf_blast/leaf_blast (160).jpg.json
test/leaf_blast/leaf_blast (161).jpg,test,leaf_blast,1,10,156368,72876,requires_human_review,metadata/test/leaf_blast/leaf_blast (161).jpg.json
test/leaf_blast/leaf_blast (163).jpg,test,leaf_blast,1,42,362760,25528,requires_human_review,metadata/test/leaf_blast/leaf_blast (163).jpg.json
test/leaf_blast/leaf_blast (170).jpg,test,leaf_blast,1,3,403212,67496,requires_human_review,metadata/test/leaf_blast/leaf_blast (170).jpg.json
test/leaf_blast/leaf_blast (172).jpg,test,leaf_blast,1,38,331252,92068,requires_human_review,metadata/test/leaf_blast/leaf_blast (172).jpg.json
test/leaf_blast/leaf_blast (175).jpg,test,leaf_blast,1,9,425492,63764,requires_human_review,metadata/test/leaf_blast/leaf_blast (175).jpg.json
test/leaf_blast/leaf_blast (18).jpg,test,leaf_blast,1,37,246076,68916,requires_human_review,metadata/test/leaf_blast/leaf_blast (18).jpg.json
test/leaf_blast/leaf_blast (180).jpg,test,leaf_blast,1,32,1264296,72660,requires_human_review,metadata/test/leaf_blast/leaf_blast (180).jpg.json
test/leaf_blast/leaf_blast (181).jpg,test,leaf_blast,1,18,1127156,90196,requires_human_review,metadata/test/leaf_blast/leaf_blast (181).jpg.json
test/leaf_blast/leaf_blast (187).jpg,test,leaf_blast,1,3,138808,15412,requires_human_review,metadata/test/leaf_blast/leaf_blast (187).jpg.json
test/leaf_blast/leaf_blast (190).jpg,test,leaf_blast,1,29,297976,63940,requires_human_review,metadata/test/leaf_blast/leaf_blast (190).jpg.json
test/leaf_blast/leaf_blast (195).jpg,test,leaf_blast,1,29,352600,160788,requires_human_review,metadata/test/leaf_blast/leaf_blast (195).jpg.json
test/leaf_blast/leaf_blast (197).jpg,test,leaf_blast,1,54,434908,39356,requires_human_review,metadata/test/leaf_blast/leaf_blast (197).jpg.json
test/leaf_blast/leaf_blast (205).jpg,test,leaf_blast,1,32,278272,127276,requires_human_review,metadata/test/leaf_blast/leaf_blast (205).jpg.json
test/leaf_blast/leaf_blast (21).jpg,test,leaf_blast,1,28,298192,23072,requires_human_review,metadata/test/leaf_blast/leaf_blast (21).jpg.json
test/leaf_blast/leaf_blast (219).jpg,test,leaf_blast,1,40,230752,63096,requires_human_review,metadata/test/leaf_blast/leaf_blast (219).jpg.json
test/leaf_blast/leaf_blast (221).jpg,test,leaf_blast,1,12,339436,94016,requires_human_review,metadata/test/leaf_blast/leaf_blast (221).jpg.json
test/leaf_blast/leaf_blast (223).jpg,test,leaf_blast,1,33,278368,127424,requires_human_review,metadata/test/leaf_blast/leaf_blast (223).jpg.json
test/leaf_blast/leaf_blast (23).jpg,test,leaf_blast,1,13,355624,4472,requires_human_review,metadata/test/leaf_blast/leaf_blast (23).jpg.json
test/leaf_blast/leaf_blast (234).jpg,test,leaf_blast,1,4,570328,53912,requires_human_review,metadata/test/leaf_blast/leaf_blast (234).jpg.json
test/leaf_blast/leaf_blast (239).jpg,test,leaf_blast,1,43,337600,47400,requires_human_review,metadata/test/leaf_blast/leaf_blast (239).jpg.json
test/leaf_blast/leaf_blast (244).jpg,test,leaf_blast,1,14,438724,155960,requires_human_review,metadata/test/leaf_blast/leaf_blast (244).jpg.json
test/leaf_blast/leaf_blast (247).jpg,test,leaf_blast,1,10,953056,265108,requires_human_review,metadata/test/leaf_blast/leaf_blast (247).jpg.json
test/leaf_blast/leaf_blast (251).jpg,test,leaf_blast,1,30,416532,173456,requires_human_review,metadata/test/leaf_blast/leaf_blast (251).jpg.json
test/leaf_blast/leaf_blast (254).jpg,test,leaf_blast,1,8,454928,73664,requires_human_review,metadata/test/leaf_blast/leaf_blast (254).jpg.json
test/leaf_blast/leaf_blast (258).jpg,test,leaf_blast,1,37,685548,20860,requires_human_review,metadata/test/leaf_blast/leaf_blast (258).jpg.json
test/leaf_blast/leaf_blast (264).jpg,test,leaf_blast,1,22,391624,55800,requires_human_review,metadata/test/leaf_blast/leaf_blast (264).jpg.json
test/leaf_blast/leaf_blast (266).jpg,test,leaf_blast,1,18,313200,34272,requires_human_review,metadata/test/leaf_blast/leaf_blast (266).jpg.json
test/leaf_blast/leaf_blast (267).jpg,test,leaf_blast,1,46,655604,24104,requires_human_review,metadata/test/leaf_blast/leaf_blast (267).jpg.json
test/leaf_blast/leaf_blast (279).jpg,test,leaf_blast,1,12,408764,45684,requires_human_review,metadata/test/leaf_blast/leaf_blast (279).jpg.json
test/leaf_blast/leaf_blast (285).jpg,test,leaf_blast,1,33,191680,118676,requires_human_review;high_candidate_coverage,metadata/test/leaf_blast/leaf_blast (285).jpg.json
test/leaf_blast/leaf_blast (289).jpg,test,leaf_blast,1,4,315244,2724,requires_human_review,metadata/test/leaf_blast/leaf_blast (289).jpg.json
test/leaf_blast/leaf_blast (295).jpg,test,leaf_blast,1,41,255588,22888,requires_human_review,metadata/test/leaf_blast/leaf_blast (295).jpg.json
test/leaf_blast/leaf_blast (308).jpg,test,leaf_blast,1,35,250660,88772,requires_human_review,metadata/test/leaf_blast/leaf_blast (308).jpg.json
test/leaf_blast/leaf_blast (310).jpg,test,leaf_blast,1,26,219252,6948,requires_human_review,metadata/test/leaf_blast/leaf_blast (310).jpg.json
test/leaf_blast/leaf_blast (319).jpg,test,leaf_blast,1,42,476900,9488,requires_human_review,metadata/test/leaf_blast/leaf_blast (319).jpg.json
test/leaf_blast/leaf_blast (4).jpg,test,leaf_blast,1,15,280244,46208,requires_human_review,metadata/test/leaf_blast/leaf_blast (4).jpg.json
test/leaf_blast/leaf_blast (41).jpg,test,leaf_blast,1,9,504020,83620,requires_human_review,metadata/test/leaf_blast/leaf_blast (41).jpg.json
test/leaf_blast/leaf_blast (46).jpg,test,leaf_blast,1,35,292476,88260,requires_human_review,metadata/test/leaf_blast/leaf_blast (46).jpg.json
test/leaf_blast/leaf_blast (51).jpg,test,leaf_blast,1,50,434852,39312,requires_human_review,metadata/test/leaf_blast/leaf_blast (51).jpg.json
test/leaf_blast/leaf_blast (53).jpg,test,leaf_blast,1,34,352980,161076,requires_human_review,metadata/test/leaf_blast/leaf_blast (53).jpg.json
test/leaf_blast/leaf_blast (55).jpg,test,leaf_blast,1,47,316828,37140,requires_human_review,metadata/test/leaf_blast/leaf_blast (55).jpg.json
test/leaf_blast/leaf_blast (59).jpg,test,leaf_blast,1,27,351364,9968,requires_human_review,metadata/test/leaf_blast/leaf_blast (59).jpg.json
test/leaf_blast/leaf_blast (63).jpg,test,leaf_blast,1,4,677448,103688,requires_human_review,metadata/test/leaf_blast/leaf_blast (63).jpg.json
test/leaf_blast/leaf_blast (70).jpg,test,leaf_blast,1,57,325292,129024,requires_human_review,metadata/test/leaf_blast/leaf_blast (70).jpg.json
test/leaf_blast/leaf_blast (74).jpg,test,leaf_blast,1,47,186256,66032,requires_human_review,metadata/test/leaf_blast/leaf_blast (74).jpg.json
test/leaf_blast/leaf_blast (77).jpg,test,leaf_blast,1,46,215624,76744,requires_human_review,metadata/test/leaf_blast/leaf_blast (77).jpg.json
test/leaf_blast/leaf_blast (78).jpg,test,leaf_blast,1,72,602412,239408,requires_human_review,metadata/test/leaf_blast/leaf_blast (78).jpg.json
test/leaf_blast/leaf_blast (79).jpg,test,leaf_blast,1,21,200140,36484,requires_human_review,metadata/test/leaf_blast/leaf_blast (79).jpg.json
test/leaf_blast/leaf_blast (83).jpg,test,leaf_blast,1,18,797240,174992,requires_human_review,metadata/test/leaf_blast/leaf_blast (83).jpg.json
test/leaf_blast/leaf_blast (84).jpg,test,leaf_blast,1,23,585080,42220,requires_human_review,metadata/test/leaf_blast/leaf_blast (84).jpg.json
test/leaf_blast/leaf_blast (86).jpg,test,leaf_blast,1,25,596084,141572,requires_human_review,metadata/test/leaf_blast/leaf_blast (86).jpg.json
test/leaf_blast/leaf_blast (88).jpg,test,leaf_blast,1,43,909312,309532,requires_human_review,metadata/test/leaf_blast/leaf_blast (88).jpg.json
test/leaf_blast/leaf_blast (9).jpg,test,leaf_blast,1,22,312476,18696,requires_human_review,metadata/test/leaf_blast/leaf_blast (9).jpg.json
test/leaf_blast/leaf_blast (94).jpg,test,leaf_blast,1,32,613412,16164,requires_human_review,metadata/test/leaf_blast/leaf_blast (94).jpg.json
test/leaf_blast/leaf_blast (97).jpg,test,leaf_blast,1,9,363948,337268,requires_human_review;high_candidate_coverage,metadata/test/leaf_blast/leaf_blast (97).jpg.json
test/leaf_blast/leaf_blast (99).jpg,test,leaf_blast,1,61,261896,89804,requires_human_review,metadata/test/leaf_blast/leaf_blast (99).jpg.json
test/leaf_scald/leaf_scald (1).jpg,test,leaf_scald,1,21,206708,91860,requires_human_review,metadata/test/leaf_scald/leaf_scald (1).jpg.json
test/leaf_scald/leaf_scald (103).jpg,test,leaf_scald,1,16,392280,65500,requires_human_review,metadata/test/leaf_scald/leaf_scald (103).jpg.json
test/leaf_scald/leaf_scald (115).jpg,test,leaf_scald,1,3,153864,145544,requires_human_review;high_candidate_coverage,metadata/test/leaf_scald/leaf_scald (115).jpg.json
test/leaf_scald/leaf_scald (118).jpg,test,leaf_scald,1,37,299088,22484,requires_human_review,metadata/test/leaf_scald/leaf_scald (118).jpg.json
test/leaf_scald/leaf_scald (120).jpg,test,leaf_scald,1,28,168872,76464,requires_human_review,metadata/test/leaf_scald/leaf_scald (120).jpg.json
test/leaf_scald/leaf_scald (135).jpg,test,leaf_scald,1,8,147588,89044,requires_human_review;high_candidate_coverage,metadata/test/leaf_scald/leaf_scald (135).jpg.json
test/leaf_scald/leaf_scald (144).jpg,test,leaf_scald,1,33,137188,34820,requires_human_review,metadata/test/leaf_scald/leaf_scald (144).jpg.json
test/leaf_scald/leaf_scald (148).jpg,test,leaf_scald,1,3,99300,72976,requires_human_review;high_candidate_coverage,metadata/test/leaf_scald/leaf_scald (148).jpg.json
test/leaf_scald/leaf_scald (151).jpg,test,leaf_scald,1,7,169012,90516,requires_human_review;high_candidate_coverage,metadata/test/leaf_scald/leaf_scald (151).jpg.json
test/leaf_scald/leaf_scald (154).jpg,test,leaf_scald,1,9,220628,157608,requires_human_review;high_candidate_coverage,metadata/test/leaf_scald/leaf_scald (154).jpg.json
test/leaf_scald/leaf_scald (155).jpg,test,leaf_scald,1,5,158056,112828,requires_human_review;high_candidate_coverage,metadata/test/leaf_scald/leaf_scald (155).jpg.json
test/leaf_scald/leaf_scald (161).jpg,test,leaf_scald,1,1,212868,204792,requires_human_review;high_candidate_coverage,metadata/test/leaf_scald/leaf_scald (161).jpg.json
test/leaf_scald/leaf_scald (162).jpg,test,leaf_scald,1,4,207932,183352,requires_human_review;high_candidate_coverage,metadata/test/leaf_scald/leaf_scald (162).jpg.json
test/leaf_scald/leaf_scald (164).jpg,test,leaf_scald,1,40,255472,119968,requires_human_review,metadata/test/leaf_scald/leaf_scald (164).jpg.json
test/leaf_scald/leaf_scald (166).jpg,test,leaf_scald,1,3,253032,242700,requires_human_review;high_candidate_coverage,metadata/test/leaf_scald/leaf_scald (166).jpg.json
test/leaf_scald/leaf_scald (172).jpg,test,leaf_scald,1,11,357640,187456,requires_human_review;high_candidate_coverage,metadata/test/leaf_scald/leaf_scald (172).jpg.json
test/leaf_scald/leaf_scald (182).jpg,test,leaf_scald,1,4,288120,248368,requires_human_review;high_candidate_coverage,metadata/test/leaf_scald/leaf_scald (182).jpg.json
test/leaf_scald/leaf_scald (187).jpg,test,leaf_scald,1,23,288672,155360,requires_human_review;high_candidate_coverage,metadata/test/leaf_scald/leaf_scald (187).jpg.json
test/leaf_scald/leaf_scald (19).jpg,test,leaf_scald,1,5,253312,110240,requires_human_review,metadata/test/leaf_scald/leaf_scald (19).jpg.json
test/leaf_scald/leaf_scald (197).jpg,test,leaf_scald,1,7,372560,104124,requires_human_review,metadata/test/leaf_scald/leaf_scald (197).jpg.json
test/leaf_scald/leaf_scald (199).jpg,test,leaf_scald,1,4,287724,225676,requires_human_review;high_candidate_coverage,metadata/test/leaf_scald/leaf_scald (199).jpg.json
test/leaf_scald/leaf_scald (200).jpg,test,leaf_scald,1,35,225536,122828,requires_human_review;high_candidate_coverage,metadata/test/leaf_scald/leaf_scald (200).jpg.json
test/leaf_scald/leaf_scald (213).jpg,test,leaf_scald,1,17,401416,266236,requires_human_review;high_candidate_coverage,metadata/test/leaf_scald/leaf_scald (213).jpg.json
test/leaf_scald/leaf_scald (215).jpg,test,leaf_scald,1,21,194468,128500,requires_human_review;high_candidate_coverage,metadata/test/leaf_scald/leaf_scald (215).jpg.json
test/leaf_scald/leaf_scald (219).jpg,test,leaf_scald,1,3,193208,159668,requires_human_review;high_candidate_coverage,metadata/test/leaf_scald/leaf_scald (219).jpg.json
test/leaf_scald/leaf_scald (223).jpg,test,leaf_scald,1,3,296152,129368,requires_human_review,metadata/test/leaf_scald/leaf_scald (223).jpg.json
test/leaf_scald/leaf_scald (224).jpg,test,leaf_scald,1,9,247872,149076,requires_human_review;high_candidate_coverage,metadata/test/leaf_scald/leaf_scald (224).jpg.json
test/leaf_scald/leaf_scald (23).jpg,test,leaf_scald,1,25,264776,157004,requires_human_review;high_candidate_coverage,metadata/test/leaf_scald/leaf_scald (23).jpg.json
test/leaf_scald/leaf_scald (232).jpg,test,leaf_scald,1,6,112396,67360,requires_human_review;high_candidate_coverage,metadata/test/leaf_scald/leaf_scald (232).jpg.json
test/leaf_scald/leaf_scald (234).jpg,test,leaf_scald,2,20,159440,99624,requires_human_review;multiple_leaf_components;high_candidate_coverage,metadata/test/leaf_scald/leaf_scald (234).jpg.json
test/leaf_scald/leaf_scald (237).jpg,test,leaf_scald,1,3,299972,219264,requires_human_review;high_candidate_coverage,metadata/test/leaf_scald/leaf_scald (237).jpg.json
test/leaf_scald/leaf_scald (242).jpg,test,leaf_scald,2,19,227708,136496,requires_human_review;multiple_leaf_components;high_candidate_coverage,metadata/test/leaf_scald/leaf_scald (242).jpg.json
test/leaf_scald/leaf_scald (249).jpg,test,leaf_scald,1,5,153024,121188,requires_human_review;high_candidate_coverage,metadata/test/leaf_scald/leaf_scald (249).jpg.json
test/leaf_scald/leaf_scald (251).jpg,test,leaf_scald,1,5,126916,76048,requires_human_review;high_candidate_coverage,metadata/test/leaf_scald/leaf_scald (251).jpg.json
test/leaf_scald/leaf_scald (255).jpg,test,leaf_scald,1,13,289488,178268,requires_human_review;high_candidate_coverage,metadata/test/leaf_scald/leaf_scald (255).jpg.json
test/leaf_scald/leaf_scald (262).jpg,test,leaf_scald,1,4,312688,266548,requires_human_review;high_candidate_coverage,metadata/test/leaf_scald/leaf_scald (262).jpg.json
test/leaf_scald/leaf_scald (264).jpg,test,leaf_scald,1,13,206704,114912,requires_human_review;high_candidate_coverage,metadata/test/leaf_scald/leaf_scald (264).jpg.json
test/leaf_scald/leaf_scald (267).jpg,test,leaf_scald,1,38,299036,22744,requires_human_review,metadata/test/leaf_scald/leaf_scald (267).jpg.json
test/leaf_scald/leaf_scald (276).jpg,test,leaf_scald,1,30,358616,67804,requires_human_review,metadata/test/leaf_scald/leaf_scald (276).jpg.json
test/leaf_scald/leaf_scald (277).jpg,test,leaf_scald,1,32,391148,74616,requires_human_review,metadata/test/leaf_scald/leaf_scald (277).jpg.json
test/leaf_scald/leaf_scald (291).jpg,test,leaf_scald,1,8,672460,629168,requires_human_review;high_candidate_coverage,metadata/test/leaf_scald/leaf_scald (291).jpg.json
test/leaf_scald/leaf_scald (302).jpg,test,leaf_scald,1,18,555468,324224,requires_human_review;high_candidate_coverage,metadata/test/leaf_scald/leaf_scald (302).jpg.json
test/leaf_scald/leaf_scald (304).jpg,test,leaf_scald,1,15,382032,84168,requires_human_review,metadata/test/leaf_scald/leaf_scald (304).jpg.json
test/leaf_scald/leaf_scald (31).jpg,test,leaf_scald,1,45,344548,185392,requires_human_review;high_candidate_coverage,metadata/test/leaf_scald/leaf_scald (31).jpg.json
test/leaf_scald/leaf_scald (310).jpg,test,leaf_scald,1,13,630712,162856,requires_human_review,metadata/test/leaf_scald/leaf_scald (310).jpg.json
test/leaf_scald/leaf_scald (313).jpg,test,leaf_scald,1,8,571540,446188,requires_human_review;high_candidate_coverage,metadata/test/leaf_scald/leaf_scald (313).jpg.json
test/leaf_scald/leaf_scald (316).jpg,test,leaf_scald,1,7,446028,324340,requires_human_review;high_candidate_coverage,metadata/test/leaf_scald/leaf_scald (316).jpg.json
test/leaf_scald/leaf_scald (322).jpg,test,leaf_scald,1,5,207500,165744,requires_human_review;high_candidate_coverage,metadata/test/leaf_scald/leaf_scald (322).jpg.json
test/leaf_scald/leaf_scald (325).jpg,test,leaf_scald,1,10,119088,87272,requires_human_review;high_candidate_coverage,metadata/test/leaf_scald/leaf_scald (325).jpg.json
test/leaf_scald/leaf_scald (328).jpg,test,leaf_scald,1,4,152520,121000,requires_human_review;high_candidate_coverage,metadata/test/leaf_scald/leaf_scald (328).jpg.json
test/leaf_scald/leaf_scald (33).jpg,test,leaf_scald,1,4,476324,411760,requires_human_review;high_candidate_coverage,metadata/test/leaf_scald/leaf_scald (33).jpg.json
test/leaf_scald/leaf_scald (333).jpg,test,leaf_scald,1,5,216972,170836,requires_human_review;high_candidate_coverage,metadata/test/leaf_scald/leaf_scald (333).jpg.json
test/leaf_scald/leaf_scald (35).jpg,test,leaf_scald,1,37,337052,182364,requires_human_review;high_candidate_coverage,metadata/test/leaf_scald/leaf_scald (35).jpg.json
test/leaf_scald/leaf_scald (43).jpg,test,leaf_scald,1,31,308580,166420,requires_human_review;high_candidate_coverage,metadata/test/leaf_scald/leaf_scald (43).jpg.json
test/leaf_scald/leaf_scald (47).jpg,test,leaf_scald,1,4,287704,247672,requires_human_review;high_candidate_coverage,metadata/test/leaf_scald/leaf_scald (47).jpg.json
test/leaf_scald/leaf_scald (49).jpg,test,leaf_scald,1,52,394076,210456,requires_human_review;high_candidate_coverage,metadata/test/leaf_scald/leaf_scald (49).jpg.json
test/leaf_scald/leaf_scald (55).jpg,test,leaf_scald,1,8,241208,127468,requires_human_review;high_candidate_coverage,metadata/test/leaf_scald/leaf_scald (55).jpg.json
test/leaf_scald/leaf_scald (72).jpg,test,leaf_scald,1,2,145144,141428,requires_human_review;high_candidate_coverage,metadata/test/leaf_scald/leaf_scald (72).jpg.json
test/leaf_scald/leaf_scald (76).jpg,test,leaf_scald,1,6,160284,115248,requires_human_review;high_candidate_coverage,metadata/test/leaf_scald/leaf_scald (76).jpg.json
test/leaf_scald/leaf_scald (77).jpg,test,leaf_scald,1,9,222944,159952,requires_human_review;high_candidate_coverage,metadata/test/leaf_scald/leaf_scald (77).jpg.json
test/leaf_scald/leaf_scald (87).jpg,test,leaf_scald,1,42,212044,102860,requires_human_review,metadata/test/leaf_scald/leaf_scald (87).jpg.json
test/leaf_scald/leaf_scald (91).jpg,test,leaf_scald,1,10,430684,73144,requires_human_review,metadata/test/leaf_scald/leaf_scald (91).jpg.json
test/narrow_brown_spot/narrow_brown (104).jpg,test,narrow_brown_spot,1,32,230828,24924,requires_human_review,metadata/test/narrow_brown_spot/narrow_brown (104).jpg.json
test/narrow_brown_spot/narrow_brown (105).jpg,test,narrow_brown_spot,1,19,141980,14912,requires_human_review,metadata/test/narrow_brown_spot/narrow_brown (105).jpg.json
test/narrow_brown_spot/narrow_brown (109).jpg,test,narrow_brown_spot,1,31,232716,15860,requires_human_review,metadata/test/narrow_brown_spot/narrow_brown (109).jpg.json
test/narrow_brown_spot/narrow_brown (110).jpg,test,narrow_brown_spot,1,26,403048,11996,requires_human_review,metadata/test/narrow_brown_spot/narrow_brown (110).jpg.json
test/narrow_brown_spot/narrow_brown (112).jpg,test,narrow_brown_spot,1,36,479220,12852,requires_human_review,metadata/test/narrow_brown_spot/narrow_brown (112).jpg.json
test/narrow_brown_spot/narrow_brown (121).jpg,test,narrow_brown_spot,1,25,402760,12048,requires_human_review,metadata/test/narrow_brown_spot/narrow_brown (121).jpg.json
test/narrow_brown_spot/narrow_brown (125).jpg,test,narrow_brown_spot,1,30,271320,45604,requires_human_review,metadata/test/narrow_brown_spot/narrow_brown (125).jpg.json
test/narrow_brown_spot/narrow_brown (126).jpg,test,narrow_brown_spot,1,17,139524,7460,requires_human_review,metadata/test/narrow_brown_spot/narrow_brown (126).jpg.json
test/narrow_brown_spot/narrow_brown (127).jpg,test,narrow_brown_spot,1,49,246020,49676,requires_human_review,metadata/test/narrow_brown_spot/narrow_brown (127).jpg.json
test/narrow_brown_spot/narrow_brown (128).jpg,test,narrow_brown_spot,1,24,247584,53736,requires_human_review,metadata/test/narrow_brown_spot/narrow_brown (128).jpg.json
test/narrow_brown_spot/narrow_brown (129).jpg,test,narrow_brown_spot,1,39,349748,59732,requires_human_review,metadata/test/narrow_brown_spot/narrow_brown (129).jpg.json
test/narrow_brown_spot/narrow_brown (130).jpg,test,narrow_brown_spot,1,16,141748,14664,requires_human_review,metadata/test/narrow_brown_spot/narrow_brown (130).jpg.json
test/narrow_brown_spot/narrow_brown (137).jpg,test,narrow_brown_spot,1,29,226140,24036,requires_human_review,metadata/test/narrow_brown_spot/narrow_brown (137).jpg.json
test/narrow_brown_spot/narrow_brown (147).jpg,test,narrow_brown_spot,1,30,423652,10804,requires_human_review,metadata/test/narrow_brown_spot/narrow_brown (147).jpg.json
test/narrow_brown_spot/narrow_brown (148).jpg,test,narrow_brown_spot,1,30,277400,7420,requires_human_review,metadata/test/narrow_brown_spot/narrow_brown (148).jpg.json
test/narrow_brown_spot/narrow_brown (153).jpg,test,narrow_brown_spot,1,26,211756,139448,requires_human_review;high_candidate_coverage,metadata/test/narrow_brown_spot/narrow_brown (153).jpg.json
test/narrow_brown_spot/narrow_brown (166).jpg,test,narrow_brown_spot,1,29,423692,10756,requires_human_review,metadata/test/narrow_brown_spot/narrow_brown (166).jpg.json
test/narrow_brown_spot/narrow_brown (167).jpg,test,narrow_brown_spot,1,64,311628,81244,requires_human_review,metadata/test/narrow_brown_spot/narrow_brown (167).jpg.json
test/narrow_brown_spot/narrow_brown (168).jpg,test,narrow_brown_spot,1,10,181312,88088,requires_human_review,metadata/test/narrow_brown_spot/narrow_brown (168).jpg.json
test/narrow_brown_spot/narrow_brown (181).jpg,test,narrow_brown_spot,1,25,190912,20648,requires_human_review,metadata/test/narrow_brown_spot/narrow_brown (181).jpg.json
test/narrow_brown_spot/narrow_brown (184).jpg,test,narrow_brown_spot,1,25,525388,13636,requires_human_review,metadata/test/narrow_brown_spot/narrow_brown (184).jpg.json
test/narrow_brown_spot/narrow_brown (19).jpg,test,narrow_brown_spot,1,72,520608,153664,requires_human_review,metadata/test/narrow_brown_spot/narrow_brown (19).jpg.json
test/narrow_brown_spot/narrow_brown (2).jpg,test,narrow_brown_spot,1,31,343520,223648,requires_human_review;high_candidate_coverage,metadata/test/narrow_brown_spot/narrow_brown (2).jpg.json
test/narrow_brown_spot/narrow_brown (225).jpg,test,narrow_brown_spot,1,41,611440,17588,requires_human_review,metadata/test/narrow_brown_spot/narrow_brown (225).jpg.json
test/narrow_brown_spot/narrow_brown (237).jpg,test,narrow_brown_spot,1,32,1023692,460728,requires_human_review,metadata/test/narrow_brown_spot/narrow_brown (237).jpg.json
test/narrow_brown_spot/narrow_brown (239).jpg,test,narrow_brown_spot,1,33,429492,26744,requires_human_review,metadata/test/narrow_brown_spot/narrow_brown (239).jpg.json
test/narrow_brown_spot/narrow_brown (241).jpg,test,narrow_brown_spot,1,98,511364,80908,requires_human_review,metadata/test/narrow_brown_spot/narrow_brown (241).jpg.json
test/narrow_brown_spot/narrow_brown (243).jpg,test,narrow_brown_spot,1,35,263976,25624,requires_human_review,metadata/test/narrow_brown_spot/narrow_brown (243).jpg.json
test/narrow_brown_spot/narrow_brown (247).jpg,test,narrow_brown_spot,1,34,346356,21584,requires_human_review,metadata/test/narrow_brown_spot/narrow_brown (247).jpg.json
test/narrow_brown_spot/narrow_brown (248).jpg,test,narrow_brown_spot,1,32,504916,15256,requires_human_review,metadata/test/narrow_brown_spot/narrow_brown (248).jpg.json
test/narrow_brown_spot/narrow_brown (249).jpg,test,narrow_brown_spot,1,38,639008,38960,requires_human_review,metadata/test/narrow_brown_spot/narrow_brown (249).jpg.json
test/narrow_brown_spot/narrow_brown (25).jpg,test,narrow_brown_spot,1,84,524592,90932,requires_human_review,metadata/test/narrow_brown_spot/narrow_brown (25).jpg.json
test/narrow_brown_spot/narrow_brown (254).jpg,test,narrow_brown_spot,1,37,325340,38096,requires_human_review,metadata/test/narrow_brown_spot/narrow_brown (254).jpg.json
test/narrow_brown_spot/narrow_brown (257).jpg,test,narrow_brown_spot,1,96,505604,78944,requires_human_review,metadata/test/narrow_brown_spot/narrow_brown (257).jpg.json
test/narrow_brown_spot/narrow_brown (262).jpg,test,narrow_brown_spot,1,41,399536,70928,requires_human_review,metadata/test/narrow_brown_spot/narrow_brown (262).jpg.json
test/narrow_brown_spot/narrow_brown (267).jpg,test,narrow_brown_spot,1,38,580748,19420,requires_human_review,metadata/test/narrow_brown_spot/narrow_brown (267).jpg.json
test/narrow_brown_spot/narrow_brown (276).jpg,test,narrow_brown_spot,1,42,481620,33056,requires_human_review,metadata/test/narrow_brown_spot/narrow_brown (276).jpg.json
test/narrow_brown_spot/narrow_brown (277).jpg,test,narrow_brown_spot,1,46,636872,17468,requires_human_review,metadata/test/narrow_brown_spot/narrow_brown (277).jpg.json
test/narrow_brown_spot/narrow_brown (285).jpg,test,narrow_brown_spot,1,52,482864,93564,requires_human_review,metadata/test/narrow_brown_spot/narrow_brown (285).jpg.json
test/narrow_brown_spot/narrow_brown (291).jpg,test,narrow_brown_spot,1,30,515732,111272,requires_human_review,metadata/test/narrow_brown_spot/narrow_brown (291).jpg.json
test/narrow_brown_spot/narrow_brown (294).jpg,test,narrow_brown_spot,1,33,296516,51916,requires_human_review,metadata/test/narrow_brown_spot/narrow_brown (294).jpg.json
test/narrow_brown_spot/narrow_brown (3).jpg,test,narrow_brown_spot,1,32,1023700,460936,requires_human_review,metadata/test/narrow_brown_spot/narrow_brown (3).jpg.json
test/narrow_brown_spot/narrow_brown (318).jpg,test,narrow_brown_spot,1,33,689512,17756,requires_human_review,metadata/test/narrow_brown_spot/narrow_brown (318).jpg.json
test/narrow_brown_spot/narrow_brown (32).jpg,test,narrow_brown_spot,1,112,797296,127392,requires_human_review,metadata/test/narrow_brown_spot/narrow_brown (32).jpg.json
test/narrow_brown_spot/narrow_brown (34).jpg,test,narrow_brown_spot,1,90,404072,63844,requires_human_review,metadata/test/narrow_brown_spot/narrow_brown (34).jpg.json
test/narrow_brown_spot/narrow_brown (341).jpg,test,narrow_brown_spot,1,39,366364,28032,requires_human_review,metadata/test/narrow_brown_spot/narrow_brown (341).jpg.json
test/narrow_brown_spot/narrow_brown (348).jpg,test,narrow_brown_spot,1,99,511420,80948,requires_human_review,metadata/test/narrow_brown_spot/narrow_brown (348).jpg.json
test/narrow_brown_spot/narrow_brown (349).jpg,test,narrow_brown_spot,1,57,472992,88032,requires_human_review,metadata/test/narrow_brown_spot/narrow_brown (349).jpg.json
test/narrow_brown_spot/narrow_brown (35).jpg,test,narrow_brown_spot,1,97,473632,74836,requires_human_review,metadata/test/narrow_brown_spot/narrow_brown (35).jpg.json
test/narrow_brown_spot/narrow_brown (37).jpg,test,narrow_brown_spot,1,37,306792,9144,requires_human_review,metadata/test/narrow_brown_spot/narrow_brown (37).jpg.json
test/narrow_brown_spot/narrow_brown (39).jpg,test,narrow_brown_spot,1,39,538712,15504,requires_human_review,metadata/test/narrow_brown_spot/narrow_brown (39).jpg.json
test/narrow_brown_spot/narrow_brown (44).jpg,test,narrow_brown_spot,1,45,244416,48624,requires_human_review,metadata/test/narrow_brown_spot/narrow_brown (44).jpg.json
test/narrow_brown_spot/narrow_brown (48).jpg,test,narrow_brown_spot,1,19,212656,5924,requires_human_review,metadata/test/narrow_brown_spot/narrow_brown (48).jpg.json
test/narrow_brown_spot/narrow_brown (49).jpg,test,narrow_brown_spot,1,36,479240,12800,requires_human_review,metadata/test/narrow_brown_spot/narrow_brown (49).jpg.json
test/narrow_brown_spot/narrow_brown (53).jpg,test,narrow_brown_spot,1,32,525724,13900,requires_human_review,metadata/test/narrow_brown_spot/narrow_brown (53).jpg.json
test/narrow_brown_spot/narrow_brown (55).jpg,test,narrow_brown_spot,1,87,444600,75464,requires_human_review,metadata/test/narrow_brown_spot/narrow_brown (55).jpg.json
test/narrow_brown_spot/narrow_brown (6).jpg,test,narrow_brown_spot,1,34,721700,69372,requires_human_review,metadata/test/narrow_brown_spot/narrow_brown (6).jpg.json
test/narrow_brown_spot/narrow_brown (64).jpg,test,narrow_brown_spot,1,65,362672,106636,requires_human_review,metadata/test/narrow_brown_spot/narrow_brown (64).jpg.json
test/narrow_brown_spot/narrow_brown (71).jpg,test,narrow_brown_spot,1,38,656964,63292,requires_human_review,metadata/test/narrow_brown_spot/narrow_brown (71).jpg.json
test/narrow_brown_spot/narrow_brown (76).jpg,test,narrow_brown_spot,1,22,185316,11552,requires_human_review,metadata/test/narrow_brown_spot/narrow_brown (76).jpg.json
test/narrow_brown_spot/narrow_brown (77).jpg,test,narrow_brown_spot,1,29,275168,26040,requires_human_review,metadata/test/narrow_brown_spot/narrow_brown (77).jpg.json
test/narrow_brown_spot/narrow_brown (8).jpg,test,narrow_brown_spot,1,37,514204,32436,requires_human_review,metadata/test/narrow_brown_spot/narrow_brown (8).jpg.json
test/narrow_brown_spot/narrow_brown (83).jpg,test,narrow_brown_spot,1,23,212108,139332,requires_human_review;high_candidate_coverage,metadata/test/narrow_brown_spot/narrow_brown (83).jpg.json
test/narrow_brown_spot/narrow_brown (93).jpg,test,narrow_brown_spot,1,18,241316,13232,requires_human_review,metadata/test/narrow_brown_spot/narrow_brown (93).jpg.json
test/narrow_brown_spot/narrow_brown (94).jpg,test,narrow_brown_spot,1,35,350304,9824,requires_human_review,metadata/test/narrow_brown_spot/narrow_brown (94).jpg.json
test/narrow_brown_spot/narrow_brown (99).jpg,test,narrow_brown_spot,1,26,289136,49380,requires_human_review,metadata/test/narrow_brown_spot/narrow_brown (99).jpg.json
