source_path,split,class_name,leaf_instances,lesion_candidates,leaf_pixels,candidate_lesion_pixels,review_flags,metadata
train/bacterial_leaf_blight/bacterial_leaf_blight (1).JPG,train,bacterial_leaf_blight,1,5,1333596,40504,requires_human_review,metadata/train/bacterial_leaf_blight/bacterial_leaf_blight (1).JPG.json
train/bacterial_leaf_blight/bacterial_leaf_blight (101).JPG,train,bacterial_leaf_blight,1,42,720404,17772,requires_human_review,metadata/train/bacterial_leaf_blight/bacterial_leaf_blight (101).JPG.json
train/bacterial_leaf_blight/bacterial_leaf_blight (102).JPG,train,bacterial_leaf_blight,1,16,505620,47408,requires_human_review,metadata/train/bacterial_leaf_blight/bacterial_leaf_blight (102).JPG.json
train/bacterial_leaf_blight/bacterial_leaf_blight (103).JPG,train,bacterial_leaf_blight,1,18,1005736,32856,requires_human_review,metadata/train/bacterial_leaf_blight/bacterial_leaf_blight (103).JPG.json
train/bacterial_leaf_blight/bacterial_leaf_blight (104).JPG,train,bacterial_leaf_blight,1,13,1195424,38208,requires_human_review,metadata/train/bacterial_leaf_blight/bacterial_leaf_blight (104).JPG.json
train/bacterial_leaf_blight/bacterial_leaf_blight (105).JPG,train,bacterial_leaf_blight,1,15,721528,12892,requires_human_review,metadata/train/bacterial_leaf_blight/bacterial_leaf_blight (105).JPG.json
train/bacterial_leaf_blight/bacterial_leaf_blight (106).JPG,train,bacterial_leaf_blight,1,18,1147184,24652,requires_human_review,metadata/train/bacterial_leaf_blight/bacterial_leaf_blight (106).JPG.json
train/bacterial_leaf_blight/bacterial_leaf_blight (107).JPG,train,bacterial_leaf_blight,1,29,804816,13432,requires_human_review,metadata/train/bacterial_leaf_blight/bacterial_leaf_blight (107).JPG.json
train/bacterial_leaf_blight/bacterial_leaf_blight (108).jpg,train,bacterial_leaf_blight,1,39,707400,88116,requires_human_review,metadata/train/bacterial_leaf_blight/bacterial_leaf_blight (108).jpg.json
train/bacterial_leaf_blight/bacterial_leaf_blight (109).jpg,train,bacterial_leaf_blight,2,9,188912,33912,requires_human_review;multiple_leaf_components,metadata/train/bacterial_leaf_blight/bacterial_leaf_blight (109).jpg.json
train/bacterial_leaf_blight/bacterial_leaf_blight (11).JPG,train,bacterial_leaf_blight,1,9,334648,6600,requires_human_review,metadata/train/bacterial_leaf_blight/bacterial_leaf_blight (11).JPG.json
train/bacterial_leaf_blight/bacterial_leaf_blight (110).jpg,train,bacterial_leaf_blight,1,2,1058048,104,requires_human_review,metadata/train/bacterial_leaf_blight/bacterial_leaf_blight (110).jpg.json
train/bacterial_leaf_blight/bacterial_leaf_blight (111).JPG,train,bacterial_leaf_blight,1,11,740100,3276,requires_human_review,metadata/train/bacterial_leaf_blight/bacterial_leaf_blight (111).JPG.json
train/bacterial_leaf_blight/bacterial_leaf_blight (113).jpg,train,bacterial_leaf_blight,1,4,1031472,5116,requires_human_review,metadata/train/bacterial_leaf_blight/bacterial_leaf_blight (113).jpg.json
train/bacterial_leaf_blight/bacterial_leaf_blight (114).JPG,train,bacterial_leaf_blight,1,6,739484,95572,requires_human_review,metadata/train/bacterial_leaf_blight/bacterial_leaf_blight (114).JPG.json
train/bacterial_leaf_blight/bacterial_leaf_blight (116).JPG,train,bacterial_leaf_blight,1,14,749224,38732,requires_human_review,metadata/train/bacterial_leaf_blight/bacterial_leaf_blight (116).JPG.json
train/bacterial_leaf_blight/bacterial_leaf_blight (117).JPG,train,bacterial_leaf_blight,1,11,638736,37068,requires_human_review,metadata/train/bacterial_leaf_blight/bacterial_leaf_blight (117).JPG.json
train/bacterial_leaf_blight/bacterial_leaf_blight (118).JPG,train,bacterial_leaf_blight,1,2,952540,100,requires_human_review,metadata/train/bacterial_leaf_blight/bacterial_leaf_blight (118).JPG.json
train/bacterial_leaf_blight/bacterial_leaf_blight (120).JPG,train,bacterial_leaf_blight,1,12,1000080,5592,requires_human_review,metadata/train/bacterial_leaf_blight/bacterial_leaf_blight (120).JPG.json
train/bacterial_leaf_blight/bacterial_leaf_blight (121).JPG,train,bacterial_leaf_blight,1,29,724504,77160,requires_human_review,metadata/train/bacterial_leaf_blight/bacterial_leaf_blight (121).JPG.json
train/bacterial_leaf_blight/bacterial_leaf_blight (122).JPG,train,bacterial_leaf_blight,1,21,817964,13748,requires_human_review,metadata/train/bacterial_leaf_blight/bacterial_leaf_blight (122).JPG.json
train/bacterial_leaf_blight/bacterial_leaf_blight (123).JPG,train,bacterial_leaf_blight,1,10,356808,31488,requires_human_review,metadata/train/bacterial_leaf_blight/bacterial_leaf_blight (123).JPG.json
train/bacterial_leaf_blight/bacterial_leaf_blight (124).jpg,train,bacterial_leaf_blight,1,4,376816,1232,requires_human_review,metadata/train/bacterial_leaf_blight/bacterial_leaf_blight (124).jpg.json
train/bacterial_leaf_blight/bacterial_leaf_blight (126).JPG,train,bacterial_leaf_blight,1,40,649472,29612,requires_human_review,metadata/train/bacterial_leaf_blight/bacterial_leaf_blight (126).JPG.json
train/bacterial_leaf_blight/bacterial_leaf_blight (127).JPG,train,bacterial_leaf_blight,1,29,828016,36024,requires_human_review,metadata/train/bacterial_leaf_blight/bacterial_leaf_blight (127).JPG.json
train/bacterial_leaf_blight/bacterial_leaf_blight (128).JPG,train,bacterial_leaf_blight,1,17,481804,12068,requires_human_review,metadata/train/bacterial_leaf_blight/bacterial_leaf_blight (128).JPG.json
train/bacterial_leaf_blight/bacterial_leaf_blight (13).JPG,train,bacterial_leaf_blight,1,8,348512,10460,requires_human_review,metadata/train/bacterial_leaf_blight/bacterial_leaf_blight (13).JPG.json
train/bacterial_leaf_blight/bacterial_leaf_blight (130).JPG,train,bacterial_leaf_blight,1,1,566120,32,requires_human_review,metadata/train/bacterial_leaf_blight/bacterial_leaf_blight (130).JPG.json
train/bacterial_leaf_blight/bacterial_leaf_blight (131).JPG,train,bacterial_leaf_blight,1,15,499504,10804,requires_human_review,metadata/train/bacterial_leaf_blight/bacterial_leaf_blight (131).JPG.json
train/bacterial_leaf_blight/bacterial_leaf_blight (132).JPG,train,bacterial_leaf_blight,1,13,618508,5952,requires_human_review,metadata/train/bacterial_leaf_blight/bacterial_leaf_blight (132).JPG.json
train/bacterial_leaf_blight/bacterial_leaf_blight (135).JPG,train,bacterial_leaf_blight,1,9,446892,31700,requires_human_review,metadata/train/bacterial_leaf_blight/bacterial_leaf_blight (135).JPG.json
train/bacterial_leaf_blight/bacterial_leaf_blight (138).JPG,train,bacterial_leaf_blight,1,21,617328,11440,requires_human_review,metadata/train/bacterial_leaf_blight/bacterial_leaf_blight (138).JPG.json
train/bacterial_leaf_blight/bacterial_leaf_blight (139).JPG,train,bacterial_leaf_blight,1,5,735900,660,requires_human_review,metadata/train/bacterial_leaf_blight/bacterial_leaf_blight (139).JPG.json
train/bacterial_leaf_blight/bacterial_leaf_blight (140).JPG,train,bacterial_leaf_blight,1,2,626416,28400,requires_human_review,metadata/train/bacterial_leaf_blight/bacterial_leaf_blight (140).JPG.json
train/bacterial_leaf_blight/bacterial_leaf_blight (141).JPG,train,bacterial_leaf_blight,1,23,645624,12504,requires_human_review,metadata/train/bacterial_leaf_blight/bacterial_leaf_blight (141).JPG.json
train/bacterial_leaf_blight/bacterial_leaf_blight (143).JPG,train,bacterial_leaf_blight,1,11,367492,7732,requires_human_review,metadata/train/bacterial_leaf_blight/bacterial_leaf_blight (143).JPG.json
train/bacterial_leaf_blight/bacterial_leaf_blight (144).JPG,train,bacterial_leaf_blight,1,9,333724,19340,requires_human_review,metadata/train/bacterial_leaf_blight/bacterial_leaf_blight (144).JPG.json
train/bacterial_leaf_blight/bacterial_leaf_blight (145).JPG,train,bacterial_leaf_blight,1,7,606040,16540,requires_human_review,metadata/train/bacterial_leaf_blight/bacterial_leaf_blight (145).JPG.json
train/bacterial_leaf_blight/bacterial_leaf_blight (146).JPG,train,bacterial_leaf_blight,1,9,683556,40544,requires_human_review,metadata/train/bacterial_leaf_blight/bacterial_leaf_blight (146).JPG.json
train/bacterial_leaf_blight/bacterial_leaf_blight (148).JPG,train,bacterial_leaf_blight,1,21,477796,8080,requires_human_review,metadata/train/bacterial_leaf_blight/bacterial_leaf_blight (148).JPG.json
train/bacterial_leaf_blight/bacterial_leaf_blight (149).JPG,train,bacterial_leaf_blight,1,27,711540,64708,requires_human_review,metadata/train/bacterial_leaf_blight/bacterial_leaf_blight (149).JPG.json
train/bacterial_leaf_blight/bacterial_leaf_blight (15).JPG,train,bacterial_leaf_blight,1,14,147724,12812,requires_human_review,metadata/train/bacterial_leaf_blight/bacterial_leaf_blight (15).JPG.json
train/bacterial_leaf_blight/bacterial_leaf_blight (150).JPG,train,bacterial_leaf_blight,1,17,720636,7588,requires_human_review,metadata/train/bacterial_leaf_blight/bacterial_leaf_blight (150).JPG.json
train/bacterial_leaf_blight/bacterial_leaf_blight (152).JPG,train,bacterial_leaf_blight,1,8,460300,2640,requires_human_review,metadata/train/bacterial_leaf_blight/bacterial_leaf_blight (152).JPG.json
train/bacterial_leaf_blight/bacterial_leaf_blight (156).JPG,train,bacterial_leaf_blight,1,4,216004,696,requires_human_review,metadata/train/bacterial_leaf_blight/bacterial_leaf_blight (156).JPG.json
train/bacterial_leaf_blight/bacterial_leaf_blight (159).jpg,train,bacterial_leaf_blight,1,3,722588,136,requires_human_review,metadata/train/bacterial_leaf_blight/bacterial_leaf_blight (159).jpg.json
train/bacterial_leaf_blight/bacterial_leaf_blight (160).JPG,train,bacterial_leaf_blight,1,10,177828,11664,requires_human_review,metadata/train/bacterial_leaf_blight/bacterial_leaf_blight (160).JPG.json
train/bacterial_leaf_blight/bacterial_leaf_blight (161).jpg,train,bacterial_leaf_blight,1,7,198032,14172,requires_human_review,metadata/train/bacterial_leaf_blight/bacterial_leaf_blight (161).jpg.json
train/bacterial_leaf_blight/bacterial_leaf_blight (164).JPG,train,bacterial_leaf_blight,1,33,581096,38924,requires_human_review,metadata/train/bacterial_leaf_blight/bacterial_leaf_blight (164).JPG.json
train/bacterial_leaf_blight/bacterial_leaf_blight (165).jpg,train,bacterial_leaf_blight,1,2,564260,2804,requires_human_review,metadata/train/bacterial_leaf_blight/bacterial_leaf_blight (165).jpg.json
train/bacterial_leaf_blight/bacterial_leaf_blight (166).JPG,train,bacterial_leaf_blight,1,11,417148,3132,requires_human_review,metadata/train/bacterial_leaf_blight/bacterial_leaf_blight (166).JPG.json
train/bacterial_leaf_blight/bacterial_leaf_blight (167).jpg,train,bacterial_leaf_blight,2,9,299152,60660,requires_human_review;multiple_leaf_components,metadata/train/bacterial_leaf_blight/bacterial_leaf_blight (167).jpg.json
train/bacterial_leaf_blight/bacterial_leaf_blight (169).JPG,train,bacterial_leaf_blight,1,8,407660,1240,requires_human_review,metadata/train/bacterial_leaf_blight/bacterial_leaf_blight (169).JPG.json
train/bacterial_leaf_blight/bacterial_leaf_blight (17).JPG,train,bacterial_leaf_blight,1,6,402820,3332,requires_human_review,metadata/train/bacterial_leaf_blight/bacterial_leaf_blight (17).JPG.json
train/bacterial_leaf_blight/bacterial_leaf_blight (170).jpg,train,bacterial_leaf_blight,1,2,584676,124,requires_human_review,metadata/train/bacterial_leaf_blight/bacterial_leaf_blight (170).jpg.json
train/bacterial_leaf_blight/bacterial_leaf_blight (171).jpg,train,bacterial_leaf_blight,1,8,109536,18836,requires_human_review,metadata/train/bacterial_leaf_blight/bacterial_leaf_blight (171).jpg.json
train/bacterial_leaf_blight/bacterial_leaf_blight (172).jpg,train,bacterial_leaf_blight,1,32,385724,45672,requires_human_review,metadata/train/bacterial_leaf_blight/bacterial_leaf_blight (172).jpg.json
train/bacterial_leaf_blight/bacterial_leaf_blight (173).JPG,train,bacterial_leaf_blight,1,4,440636,19200,requires_human_review,metadata/train/bacterial_leaf_blight/bacterial_leaf_blight (173).JPG.json
train/bacterial_leaf_blight/bacterial_leaf_blight (174).JPG,train,bacterial_leaf_blight,1,6,340852,44192,requires_human_review,metadata/train/bacterial_leaf_blight/bacterial_leaf_blight (174).JPG.json
train/bacterial_leaf_blight/bacterial_leaf_blight (179).JPG,train,bacterial_leaf_blight,1,13,550280,19444,requires_human_review,metadata/train/bacterial_leaf_blight/bacterial_leaf_blight (179).JPG.json
train/bacterial_leaf_blight/bacterial_leaf_blight (18).JPG,train,bacterial_leaf_blight,1,8,313932,2944,requires_human_review,metadata/train/bacterial_leaf_blight/bacterial_leaf_blight (18).JPG.json
train/bacterial_leaf_blight/bacterial_leaf_blight (184).jpg,train,bacterial_leaf_blight,2,11,297632,61640,requires_human_review;multiple_leaf_components,metadata/train/bacterial_leaf_blight/bacterial_leaf_blight (184).jpg.json
train/bacterial_leaf_blight/bacterial_leaf_blight (185).JPG,train,bacterial_leaf_blight,1,11,347880,24604,requires_human_review,metadata/train/bacterial_leaf_blight/bacterial_leaf_blight (185).JPG.json
train/bacterial_leaf_blight/bacterial_leaf_blight (186).jpg,train,bacterial_leaf_blight,1,5,392640,29092,requires_human_review,metadata/train/bacterial_leaf_blight/bacterial_leaf_blight (186).jpg.json
train/bacterial_leaf_blight/bacterial_leaf_blight (187).JPG,train,bacterial_leaf_blight,1,14,417188,3580,requires_human_review,metadata/train/bacterial_leaf_blight/bacterial_leaf_blight (187).JPG.json
train/bacterial_leaf_blight/bacterial_leaf_blight (188).jpg,train,bacterial_leaf_blight,1,2,564204,2876,requires_human_review,metadata/train/bacterial_leaf_blight/bacterial_leaf_blight (188).jpg.json
train/bacterial_leaf_blight/bacterial_leaf_blight (189).JPG,train,bacterial_leaf_blight,1,38,580956,38708,requires_human_review,metadata/train/bacterial_leaf_blight/bacterial_leaf_blight (189).JPG.json
train/bacterial_leaf_blight/bacterial_leaf_blight (19).JPG,train,bacterial_leaf_blight,1,5,304248,15644,requires_human_review,metadata/train/bacterial_leaf_blight/bacterial_leaf_blight (19).JPG.json
train/bacterial_leaf_blight/bacterial_leaf_blight (191).jpg,train,bacterial_leaf_blight,1,2,564124,2804,requires_human_review,metadata/train/bacterial_leaf_blight/bacterial_leaf_blight (191).jpg.json
train/bacterial_leaf_blight/bacterial_leaf_blight (192).JPG,train,bacterial_leaf_blight,1,11,417124,3136,requires_human_review,metadata/train/bacterial_leaf_blight/bacterial_leaf_blight (192).JPG.json
train/bacterial_leaf_blight/bacterial_leaf_blight (195).jpg,train,bacterial_leaf_blight,3,9,298956,60492,requires_human_review;multiple_leaf_components,metadata/train/bacterial_leaf_blight/bacterial_leaf_blight (195).jpg.json
train/bacterial_leaf_blight/bacterial_leaf_blight (196).jpg,train,bacterial_leaf_blight,1,31,837304,126096,requires_human_review,metadata/train/bacterial_leaf_blight/bacterial_leaf_blight (196).jpg.json
train/bacterial_leaf_blight/bacterial_leaf_blight (197).jpg,train,bacterial_leaf_blight,1,7,109740,18852,requires_human_review,metadata/train/bacterial_leaf_blight/bacterial_leaf_blight (197).jpg.json
train/bacterial_leaf_blight/bacterial_leaf_blight (2).JPG,train,bacterial_leaf_blight,1,36,962832,15872,requires_human_review,metadata/train/bacterial_leaf_blight/bacterial_leaf_blight (2).JPG.json
train/bacterial_leaf_blight/bacterial_leaf_blight (20).JPG,train,bacterial_leaf_blight,1,1,387972,12156,requires_human_review,metadata/train/bacterial_leaf_blight/bacterial_leaf_blight (20).JPG.json
train/bacterial_leaf_blight/bacterial_leaf_blight (200).JPG,train,bacterial_leaf_blight,1,10,450872,7992,requires_human_review,metadata/train/bacterial_leaf_blight/bacterial_leaf_blight (200).JPG.json
train/bacterial_leaf_blight/bacterial_leaf_blight (202).JPG,train,bacterial_leaf_blight,1,20,397128,10136,requires_human_review,metadata/train/bacterial_leaf_blight/bacterial_leaf_blight (202).JPG.json
train/bacterial_leaf_blight/bacterial_leaf_blight (203).JPG,train,bacterial_leaf_blight,1,17,284524,23872,requires_human_review,metadata/train/bacterial_leaf_blight/bacterial_leaf_blight (203).JPG.json
train/bacterial_leaf_blight/bacterial_leaf_blight (205).JPG,train,bacterial_leaf_blight,1,5,651192,23808,requires_human_review,metadata/train/bacterial_leaf_blight/bacterial_leaf_blight (205).JPG.json
train/bacterial_leaf_blight/bacterial_leaf_blight (206).JPG,train,bacterial_leaf_blight,1,15,392456,7540,requires_human_review,metadata/train/bacterial_leaf_blight/bacterial_leaf_blight (206).JPG.json
train/bacterial_leaf_blight/bacterial_leaf_blight (207).JPG,train,bacterial_leaf_blight,1,33,439528,7260,requires_human_review,metadata/train/bacterial_leaf_blight/bacterial_leaf_blight (207).JPG.json
train/bacterial_leaf_blight/bacterial_leaf_blight (208).jpg,train,bacterial_leaf_blight,1,36,385768,45744,requires_human_review,metadata/train/bacterial_leaf_blight/bacterial_leaf_blight (208).jpg.json
train/bacterial_leaf_blight/bacterial_leaf_blight (21).JPG,train,bacterial_leaf_blight,1,19,281432,2792,requires_human_review,metadata/train/bacterial_leaf_blight/bacterial_leaf_blight (21).JPG.json
train/bacterial_leaf_blight/bacterial_leaf_blight (211).JPG,train,bacterial_leaf_blight,1,13,417012,3628,requires_human_review,metadata/train/bacterial_leaf_blight/bacterial_leaf_blight (211).JPG.json
train/bacterial_leaf_blight/bacterial_leaf_blight (214).JPG,train,bacterial_leaf_blight,1,6,407092,49304,requires_human_review,metadata/train/bacterial_leaf_blight/bacterial_leaf_blight (214).JPG.json
train/bacterial_leaf_blight/bacterial_leaf_blight (215).JPG,train,bacterial_leaf_blight,1,5,407036,49392,requires_human_review,metadata/train/bacterial_leaf_blight/bacterial_leaf_blight (215).JPG.json
train/bacterial_leaf_blight/bacterial_leaf_blight (22).JPG,train,bacterial_leaf_blight,1,9,358948,1932,requires_human_review,metadata/train/bacterial_leaf_blight/bacterial_leaf_blight (22).JPG.json
train/bacterial_leaf_blight/bacterial_leaf_blight (220).jpg,train,bacterial_leaf_blight,1,1,301184,1368,requires_human_review,metadata/train/bacterial_leaf_blight/bacterial_leaf_blight (220).jpg.json
train/bacterial_leaf_blight/bacterial_leaf_blight (221).JPG,train,bacterial_leaf_blight,1,9,222456,1244,requires_human_review,metadata/train/bacterial_leaf_blight/bacterial_leaf_blight (221).JPG.json
train/bacterial_leaf_blight/bacterial_leaf_blight (222).JPG,train,bacterial_leaf_blight,1,9,177836,11564,requires_human_review,metadata/train/bacterial_leaf_blight/bacterial_leaf_blight (222).JPG.json
train/bacterial_leaf_blight/bacterial_leaf_blight (225).JPG,train,bacterial_leaf_blight,1,4,216012,708,requires_human_review,metadata/train/bacterial_leaf_blight/bacterial_leaf_blight (225).JPG.json
train/bacterial_leaf_blight/bacterial_leaf_blight (226).jpg,train,bacterial_leaf_blight,1,0,307564,0,requires_human_review;no_candidate_on_diseased_image,metadata/train/bacterial_leaf_blight/bacterial_leaf_blight (226).jpg.json
train/bacterial_leaf_blight/bacterial_leaf_blight (227).jpg,train,bacterial_leaf_blight,1,4,59172,10364,requires_human_review,metadata/train/bacterial_leaf_blight/bacterial_leaf_blight (227).jpg.json
train/bacterial_leaf_blight/bacterial_leaf_blight (228).JPG,train,bacterial_leaf_blight,1,7,460192,2560,requires_human_review,metadata/train/bacterial_leaf_blight/bacterial_leaf_blight (228).JPG.json
train/bacterial_leaf_blight/bacterial_leaf_blight (230).JPG,train,bacterial_leaf_blight,1,27,711620,64580,requires_human_review,metadata/train/bacterial_leaf_blight/bacterial_leaf_blight (230).JPG.json
train/bacterial_leaf_blight/bacterial_leaf_blight (231).JPG,train,bacterial_leaf_blight,1,13,706900,9556,requires_human_review,metadata/train/bacterial_leaf_blight/bacterial_leaf_blight (231).JPG.json
train/bacterial_leaf_blight/bacterial_leaf_blight (233).JPG,train,bacterial_leaf_blight,1,4,452456,6748,requires_human_review,metadata/train/bacterial_leaf_blight/bacterial_leaf_blight (233).JPG.json
train/bacterial_leaf_blight/bacterial_leaf_blight (234).JPG,train,bacterial_leaf_blight,1,9,683568,40452,requires_human_review,metadata/train/bacterial_leaf_blight/bacterial_leaf_blight (234).JPG.json
train/bacterial_leaf_blight/bacterial_leaf_blight (237).JPG,train,bacterial_leaf_blight,1,10,222056,2132,requires_human_review,metadata/train/bacterial_leaf_blight/bacterial_leaf_blight (237).JPG.json
train/bacterial_leaf_blight/bacterial_leaf_blight (238).JPG,train,bacterial_leaf_blight,1,27,223280,17780,requires_human_review,metadata/train/bacterial_leaf_blight/bacterial_leaf_blight (238).JPG.json
train/bacterial_leaf_blight/bacterial_leaf_blight (24).jpg,train,bacterial_leaf_blight,1,3,364348,192,requires_human_review,metadata/train/bacterial_leaf_blight/bacterial_leaf_blight (24).jpg.json
train/bacterial_leaf_blight/bacterial_leaf_blight (240).JPG,train,bacterial_leaf_blight,1,13,163956,2352,requires_human_review,metadata/train/bacterial_leaf_blight/bacterial_leaf_blight (240).JPG.json
train/bacterial_leaf_blight/bacterial_leaf_blight (242).JPG,train,bacterial_leaf_blight,1,5,155564,368,requires_human_review,metadata/train/bacterial_leaf_blight/bacterial_leaf_blight (242).JPG.json
train/bacterial_leaf_blight/bacterial_leaf_blight (244).JPG,train,bacterial_leaf_blight,1,17,165612,2688,requires_human_review,metadata/train/bacterial_leaf_blight/bacterial_leaf_blight (244).JPG.json
train/bacterial_leaf_blight/bacterial_leaf_blight (245).JPG,train,bacterial_leaf_blight,1,5,193464,1408,requires_human_review,metadata/train/bacterial_leaf_blight/bacterial_leaf_blight (245).JPG.json
train/bacterial_leaf_blight/bacterial_leaf_blight (251).JPG,train,bacterial_leaf_blight,1,10,234940,12012,requires_human_review,metadata/train/bacterial_leaf_blight/bacterial_leaf_blight (251).JPG.json
train/bacterial_leaf_blight/bacterial_leaf_blight (252).JPG,train,bacterial_leaf_blight,1,11,200504,11328,requires_human_review,metadata/train/bacterial_leaf_blight/bacterial_leaf_blight (252).JPG.json
train/bacterial_leaf_blight/bacterial_leaf_blight (253).JPG,train,bacterial_leaf_blight,1,0,297904,0,requires_human_review;no_candidate_on_diseased_image,metadata/train/bacterial_leaf_blight/bacterial_leaf_blight (253).JPG.json
train/bacterial_leaf_blight/bacterial_leaf_blight (254).JPG,train,bacterial_leaf_blight,1,9,290228,3852,requires_human_review,metadata/train/bacterial_leaf_blight/bacterial_leaf_blight (254).JPG.json
train/bacterial_leaf_blight/bacterial_leaf_blight (255).JPG,train,bacterial_leaf_blight,1,26,355752,5532,requires_human_review,metadata/train/bacterial_leaf_blight/bacterial_leaf_blight (255).JPG.json
train/bacterial_leaf_blight/bacterial_leaf_blight (256).JPG,train,bacterial_leaf_blight,1,13,226464,22240,requires_human_review,metadata/train/bacterial_leaf_blight/bacterial_leaf_blight (256).JPG.json
train/bacterial_leaf_blight/bacterial_leaf_blight (257).JPG,train,bacterial_leaf_blight,1,12,255716,3616,requires_human_review,metadata/train/bacterial_leaf_blight/bacterial_leaf_blight (257).JPG.json
train/bacterial_leaf_blight/bacterial_leaf_blight (259).JPG,train,bacterial_leaf_blight,1,13,226392,22168,requires_human_review,metadata/train/bacterial_leaf_blight/bacterial_leaf_blight (259).JPG.json
train/bacterial_leaf_blight/bacterial_leaf_blight (26).JPG,train,bacterial_leaf_blight,1,14,238792,3112,requires_human_review,metadata/train/bacterial_leaf_blight/bacterial_leaf_blight (26).JPG.json
train/bacterial_leaf_blight/bacterial_leaf_blight (260).JPG,train,bacterial_leaf_blight,1,8,312876,1456,requires_human_review,metadata/train/bacterial_leaf_blight/bacterial_leaf_blight (260).JPG.json
train/bacterial_leaf_blight/bacterial_leaf_blight (261).JPG,train,bacterial_leaf_blight,1,9,290204,3924,requires_human_review,metadata/train/bacterial_leaf_blight/bacterial_leaf_blight (261).JPG.json
train/bacterial_leaf_blight/bacterial_leaf_blight (262).JPG,train,bacterial_leaf_blight,1,0,298088,0,requires_human_review;no_candidate_on_diseased_image,metadata/train/bacterial_leaf_blight/bacterial_leaf_blight (262).JPG.json
train/bacterial_leaf_blight/bacterial_leaf_blight (263).JPG,train,bacterial_leaf_blight,1,10,234760,12068,requires_human_review,metadata/train/bacterial_leaf_blight/bacterial_leaf_blight (263).JPG.json
train/bacterial_leaf_blight/bacterial_leaf_blight (264).JPG,train,bacterial_leaf_blight,1,28,401724,31684,requires_human_review,metadata/train/bacterial_leaf_blight/bacterial_leaf_blight (264).JPG.json
train/bacterial_leaf_blight/bacterial_leaf_blight (265).JPG,train,bacterial_leaf_blight,1,4,231948,30012,requires_human_review,metadata/train/bacterial_leaf_blight/bacterial_leaf_blight (265).JPG.json
train/bacterial_leaf_blight/bacterial_leaf_blight (266).JPG,train,bacterial_leaf_blight,1,6,204144,7128,requires_human_review,metadata/train/bacterial_leaf_blight/bacterial_leaf_blight (266).JPG.json
train/bacterial_leaf_blight/bacterial_leaf_blight (267).JPG,train,bacterial_leaf_blight,1,17,259556,8844,requires_human_review,metadata/train/bacterial_leaf_blight/bacterial_leaf_blight (267).JPG.json
train/bacterial_leaf_blight/bacterial_leaf_blight (268).JPG,train,bacterial_leaf_blight,1,9,232900,2136,requires_human_review,metadata/train/bacterial_leaf_blight/bacterial_leaf_blight (268).JPG.json
train/bacterial_leaf_blight/bacterial_leaf_blight (27).JPG,train,bacterial_leaf_blight,1,18,331628,5592,requires_human_review,metadata/train/bacterial_leaf_blight/bacterial_leaf_blight (27).JPG.json
train/bacterial_leaf_blight/bacterial_leaf_blight (271).jpg,train,bacterial_leaf_blight,1,0,208264,0,requires_human_review;no_candidate_on_diseased_image,metadata/train/bacterial_leaf_blight/bacterial_leaf_blight (271).jpg.json
train/bacterial_leaf_blight/bacterial_leaf_blight (272).JPG,train,bacterial_leaf_blight,1,9,225012,1724,requires_human_review,metadata/train/bacterial_leaf_blight/bacterial_leaf_blight (272).JPG.json
train/bacterial_leaf_blight/bacterial_leaf_blight (273).JPG,train,bacterial_leaf_blight,1,8,222044,2072,requires_human_review,metadata/train/bacterial_leaf_blight/bacterial_leaf_blight (273).JPG.json
train/bacterial_leaf_blight/bacterial_leaf_blight (274).JPG,train,bacterial_leaf_blight,1,1,141372,2388,requires_human_review,metadata/train/bacterial_leaf_blight/bacterial_leaf_blight (274).JPG.json
train/bacterial_leaf_blight/bacterial_leaf_blight (276).JPG,train,bacterial_leaf_blight,1,7,189820,4244,requires_human_review,metadata/train/bacterial_leaf_blight/bacterial_leaf_blight (276).JPG.json
train/bacterial_leaf_blight/bacterial_leaf_blight (279).JPG,train,bacterial_leaf_blight,1,22,617368,11396,requires_human_review,metadata/train/bacterial_leaf_blight/bacterial_leaf_blight (279).JPG.json
train/bacterial_leaf_blight/bacterial_leaf_blight (28).JPG,train,bacterial_leaf_blight,1,10,270916,3848,requires_human_review,metadata/train/bacterial_leaf_blight/bacterial_leaf_blight (28).JPG.json
train/bacterial_leaf_blight/bacterial_leaf_blight (281).JPG,train,bacterial_leaf_blight,1,11,447112,31696,requires_human_review,metadata/train/bacterial_leaf_blight/bacterial_leaf_blight (281).JPG.json
train/bacterial_leaf_blight/bacterial_leaf_blight (282).JPG,train,bacterial_leaf_blight,1,6,496112,1912,requires_human_review,metadata/train/bacterial_leaf_blight/bacterial_leaf_blight (282).JPG.json
train/bacterial_leaf_blight/bacterial_leaf_blight (283).JPG,train,bacterial_leaf_blight,1,26,507056,9064,requires_human_review,metadata/train/bacterial_leaf_blight/bacterial_leaf_blight (283).JPG.json
train/bacterial_leaf_blight/bacterial_leaf_blight (285).JPG,train,bacterial_leaf_blight,1,18,499480,10848,requires_human_review,metadata/train/bacterial_leaf_blight/bacterial_leaf_blight (285).JPG.json
train/bacterial_leaf_blight/bacterial_leaf_blight (286).JPG,train,bacterial_leaf_blight,1,1,565848,32,requires_human_review,metadata/train/bacterial_leaf_blight/bacterial_leaf_blight (286).JPG.json
train/bacterial_leaf_blight/bacterial_leaf_blight (287).JPG,train,bacterial_leaf_blight,1,11,435656,24116,requires_human_review,metadata/train/bacterial_leaf_blight/bacterial_leaf_blight (287).JPG.json
train/bacterial_leaf_blight/bacterial_leaf_blight (288).JPG,train,bacterial_leaf_blight,1,16,481804,12048,requires_human_review,metadata/train/bacterial_leaf_blight/bacterial_leaf_blight (288).JPG.json
train/bacterial_leaf_blight/bacterial_leaf_blight (289).JPG,train,bacterial_leaf_blight,1,27,827884,35944,requires_human_review,metadata/train/bacterial_leaf_blight/bacterial_leaf_blight (289).JPG.json
train/bacterial_leaf_blight/bacterial_leaf_blight (290).JPG,train,bacterial_leaf_blight,1,3,515800,37232,requires_human_review,metadata/train/bacterial_leaf_blight/bacterial_leaf_blight (290).JPG.json
train/bacterial_leaf_blight/bacterial_leaf_blight (292).jpg,train,bacterial_leaf_blight,1,5,376856,1288,requires_human_review,metadata/train/bacterial_leaf_blight/bacterial_leaf_blight (292).jpg.json
train/bacterial_leaf_blight/bacterial_leaf_blight (294).JPG,train,bacterial_leaf_blight,1,31,1136964,22728,requires_human_review,metadata/train/bacterial_leaf_blight/bacterial_leaf_blight (294).JPG.json
train/bacterial_leaf_blight/bacterial_leaf_blight (295).JPG,train,bacterial_leaf_blight,1,13,926616,15860,requires_human_review,metadata/train/bacterial_leaf_blight/bacterial_leaf_blight (295).JPG.json
train/bacterial_leaf_blight/bacterial_leaf_blight (298).JPG,train,bacterial_leaf_blight,1,59,1058772,71052,requires_human_review,metadata/train/bacterial_leaf_blight/bacterial_leaf_blight (298).JPG.json
train/bacterial_leaf_blight/bacterial_leaf_blight (30).JPG,train,bacterial_leaf_blight,1,8,186780,10468,requires_human_review,metadata/train/bacterial_leaf_blight/bacterial_leaf_blight (30).JPG.json
train/bacterial_leaf_blight/bacterial_leaf_blight (302).jpg,train,bacterial_leaf_blight,1,2,1058276,104,requires_human_review,metadata/train/bacterial_leaf_blight/bacterial_leaf_blight (302).jpg.json
train/bacterial_leaf_blight/bacterial_leaf_blight (303).jpg,train,bacterial_leaf_blight,2,10,183224,32952,requires_human_review;multiple_leaf_components,metadata/train/bacterial_leaf_blight/bacterial_leaf_blight (303).jpg.json
train/bacterial_leaf_blight/bacterial_leaf_blight (305).JPG,train,bacterial_leaf_blight,1,30,804832,13492,requires_human_review,metadata/train/bacterial_leaf_blight/bacterial_leaf_blight (305).JPG.json
train/bacterial_leaf_blight/bacterial_leaf_blight (306).JPG,train,bacterial_leaf_blight,1,25,1093656,85860,requires_human_review,metadata/train/bacterial_leaf_blight/bacterial_leaf_blight (306).JPG.json
train/bacterial_leaf_blight/bacterial_leaf_blight (307).JPG,train,bacterial_leaf_blight,1,33,1172732,169120,requires_human_review,metadata/train/bacterial_leaf_blight/bacterial_leaf_blight (307).JPG.json
train/bacterial_leaf_blight/bacterial_leaf_blight (308).JPG,train,bacterial_leaf_blight,1,17,1147100,24540,requires_human_review,metadata/train/bacterial_leaf_blight/bacterial_leaf_blight (308).JPG.json
train/bacterial_leaf_blight/bacterial_leaf_blight (309).JPG,train,bacterial_leaf_blight,1,46,1020728,19300,requires_human_review,metadata/train/bacterial_leaf_blight/bacterial_leaf_blight (309).JPG.json
train/bacterial_leaf_blight/bacterial_leaf_blight (31).JPG,train,bacterial_leaf_blight,1,13,218464,11300,requires_human_review,metadata/train/bacterial_leaf_blight/bacterial_leaf_blight (31).JPG.json
train/bacterial_leaf_blight/bacterial_leaf_blight (311).JPG,train,bacterial_leaf_blight,1,17,1005708,32772,requires_human_review,metadata/train/bacterial_leaf_blight/bacterial_leaf_blight (311).JPG.json
train/bacterial_leaf_blight/bacterial_leaf_blight (316).JPG,train,bacterial_leaf_blight,1,8,1042836,52384,requires_human_review,metadata/train/bacterial_leaf_blight/bacterial_leaf_blight (316).JPG.json
train/bacterial_leaf_blight/bacterial_leaf_blight (321).JPG,train,bacterial_leaf_blight,1,16,613972,79888,requires_human_review,metadata/train/bacterial_leaf_blight/bacterial_leaf_blight (321).JPG.json
train/bacterial_leaf_blight/bacterial_leaf_blight (322).JPG,train,bacterial_leaf_blight,1,14,826868,12800,requires_human_review,metadata/train/bacterial_leaf_blight/bacterial_leaf_blight (322).JPG.json
train/bacterial_leaf_blight/bacterial_leaf_blight (324).JPG,train,bacterial_leaf_blight,1,11,1000060,5564,requires_human_review,metadata/train/bacterial_leaf_blight/bacterial_leaf_blight (324).JPG.json
train/bacterial_leaf_blight/bacterial_leaf_blight (328).JPG,train,bacterial_leaf_blight,1,10,638684,37124,requires_human_review,metadata/train/bacterial_leaf_blight/bacterial_leaf_blight (328).JPG.json
train/bacterial_leaf_blight/bacterial_leaf_blight (333).JPG,train,bacterial_leaf_blight,1,11,763012,5860,requires_human_review,metadata/train/bacterial_leaf_blight/bacterial_leaf_blight (333).JPG.json
train/bacterial_leaf_blight/bacterial_leaf_blight (34).jpg,train,bacterial_leaf_blight,1,11,678444,48908,requires_human_review,metadata/train/bacterial_leaf_blight/bacterial_leaf_blight (34).jpg.json
train/bacterial_leaf_blight/bacterial_leaf_blight (342).JPG,train,bacterial_leaf_blight,1,14,721520,12880,requires_human_review,metadata/train/bacterial_leaf_blight/bacterial_leaf_blight (342).JPG.json
train/bacterial_leaf_blight/bacterial_leaf_blight (35).JPG,train,bacterial_leaf_blight,1,24,374868,29436,requires_human_review,metadata/train/bacterial_leaf_blight/bacterial_leaf_blight (35).JPG.json
train/bacterial_leaf_blight/bacterial_leaf_blight (38).JPG,train,bacterial_leaf_blight,1,0,277916,0,requires_human_review;no_candidate_on_diseased_image,metadata/train/bacterial_leaf_blight/bacterial_leaf_blight (38).JPG.json
train/bacterial_leaf_blight/bacterial_leaf_blight (39).JPG,train,bacterial_leaf_blight,1,11,270932,3828,requires_human_review,metadata/train/bacterial_leaf_blight/bacterial_leaf_blight (39).JPG.json
train/bacterial_leaf_blight/bacterial_leaf_blight (40).JPG,train,bacterial_leaf_blight,1,17,331644,5512,requires_human_review,metadata/train/bacterial_leaf_blight/bacterial_leaf_blight (40).JPG.json
train/bacterial_leaf_blight/bacterial_leaf_blight (41).JPG,train,bacterial_leaf_blight,1,6,291876,1252,requires_human_review,metadata/train/bacterial_leaf_blight/bacterial_leaf_blight (41).JPG.json
train/bacterial_leaf_blight/bacterial_leaf_blight (43).JPG,train,bacterial_leaf_blight,1,15,238800,3024,requires_human_review,metadata/train/bacterial_leaf_blight/bacterial_leaf_blight (43).JPG.json
train/bacterial_leaf_blight/bacterial_leaf_blight (46).JPG,train,bacterial_leaf_blight,1,2,236464,9476,requires_human_review,metadata/train/bacterial_leaf_blight/bacterial_leaf_blight (46).JPG.json
train/bacterial_leaf_blight/bacterial_leaf_blight (48).JPG,train,bacterial_leaf_blight,1,20,281596,2816,requires_human_review,metadata/train/bacterial_leaf_blight/bacterial_leaf_blight (48).JPG.json
train/bacterial_leaf_blight/bacterial_leaf_blight (50).JPG,train,bacterial_leaf_blight,1,5,304268,15672,requires_human_review,metadata/train/bacterial_leaf_blight/bacterial_leaf_blight (50).JPG.json
train/bacterial_leaf_blight/bacterial_leaf_blight (52).JPG,train,bacterial_leaf_blight,1,7,402752,3388,requires_human_review,metadata/train/bacterial_leaf_blight/bacterial_leaf_blight (52).JPG.json
train/bacterial_leaf_blight/bacterial_leaf_blight (53).JPG,train,bacterial_leaf_blight,1,14,210536,4504,requires_human_review,metadata/train/bacterial_leaf_blight/bacterial_leaf_blight (53).JPG.json
train/bacterial_leaf_blight/bacterial_leaf_blight (54).JPG,train,bacterial_leaf_blight,1,14,147692,12812,requires_human_review,metadata/train/bacterial_leaf_blight/bacterial_leaf_blight (54).JPG.json
train/bacterial_leaf_blight/bacterial_leaf_blight (55).JPG,train,bacterial_leaf_blight,1,15,293628,8416,requires_human_review,metadata/train/bacterial_leaf_blight/bacterial_leaf_blight (55).JPG.json
train/bacterial_leaf_blight/bacterial_leaf_blight (56).JPG,train,bacterial_leaf_blight,1,9,348540,10416,requires_human_review,metadata/train/bacterial_leaf_blight/bacterial_leaf_blight (56).JPG.json
train/bacterial_leaf_blight/bacterial_leaf_blight (57).JPG,train,bacterial_leaf_blight,1,9,210644,3132,requires_human_review,metadata/train/bacterial_leaf_blight/bacterial_leaf_blight (57).JPG.json
train/bacterial_leaf_blight/bacterial_leaf_blight (59).JPG,train,bacterial_leaf_blight,1,9,334728,6604,requires_human_review,metadata/train/bacterial_leaf_blight/bacterial_leaf_blight (59).JPG.json
train/bacterial_leaf_blight/bacterial_leaf_blight (60).JPG,train,bacterial_leaf_blight,1,30,341944,48156,requires_human_review,metadata/train/bacterial_leaf_blight/bacterial_leaf_blight (60).JPG.json
train/bacterial_leaf_blight/bacterial_leaf_blight (62).JPG,train,bacterial_leaf_blight,1,13,826876,12836,requires_human_review,metadata/train/bacterial_leaf_blight/bacterial_leaf_blight (62).JPG.json
train/bacterial_leaf_blight/bacterial_leaf_blight (65).JPG,train,bacterial_leaf_blight,1,36,962708,15800,requires_human_review,metadata/train/bacterial_leaf_blight/bacterial_leaf_blight (65).JPG.json
train/bacterial_leaf_blight/bacterial_leaf_blight (67).JPG,train,bacterial_leaf_blight,1,8,1043028,52452,requires_human_review,metadata/train/bacterial_leaf_blight/bacterial_leaf_blight (67).JPG.json
train/bacterial_leaf_blight/bacterial_leaf_blight (72).JPG,train,bacterial_leaf_blight,1,46,1020568,19296,requires_human_review,metadata/train/bacterial_leaf_blight/bacterial_leaf_blight (72).JPG.json
train/bacterial_leaf_blight/bacterial_leaf_blight (74).JPG,train,bacterial_leaf_blight,1,26,1093680,85864,requires_human_review,metadata/train/bacterial_leaf_blight/bacterial_leaf_blight (74).JPG.json
train/bacterial_leaf_blight/bacterial_leaf_blight (76).jpg,train,bacterial_leaf_blight,1,39,707400,88116,requires_human_review,metadata/train/bacterial_leaf_blight/bacterial_leaf_blight (76).jpg.json
train/bacterial_leaf_blight/bacterial_leaf_blight (82).JPG,train,bacterial_leaf_blight,1,58,1058864,71272,requires_human_review,metadata/train/bacterial_leaf_blight/bacterial_leaf_blight (82).JPG.json
train/bacterial_leaf_blight/bacterial_leaf_blight (87).JPG,train,bacterial_leaf_blight,1,13,926636,15736,requires_human_review,metadata/train/bacterial_leaf_blight/bacterial_leaf_blight (87).JPG.json
train/bacterial_leaf_blight/bacterial_leaf_blight (9).JPG,train,bacterial_leaf_blight,1,16,318620,24592,requires_human_review,metadata/train/bacterial_leaf_blight/bacterial_leaf_blight (9).JPG.json
train/bacterial_leaf_blight/bacterial_leaf_blight (94).JPG,train,bacterial_leaf_blight,1,18,1231920,8872,requires_human_review,metadata/train/bacterial_leaf_blight/bacterial_leaf_blight (94).JPG.json
train/bacterial_leaf_blight/bacterial_leaf_blight (97).JPG,train,bacterial_leaf_blight,1,6,1217384,18808,requires_human_review,metadata/train/bacterial_leaf_blight/bacterial_leaf_blight (97).JPG.json
train/brown_spot/brown_spot (1).jpg,train,brown_spot,1,19,259204,28932,requires_human_review,metadata/train/brown_spot/brown_spot (1).jpg.json
train/brown_spot/brown_spot (100).JPG,train,brown_spot,1,6,1232164,14084,requires_human_review,metadata/train/brown_spot/brown_spot (100).JPG.json
train/brown_spot/brown_spot (101).jpg,train,brown_spot,1,4,514460,3908,requires_human_review,metadata/train/brown_spot/brown_spot (101).jpg.json
train/brown_spot/brown_spot (103).jpg,train,brown_spot,1,26,1463952,58160,requires_human_review,metadata/train/brown_spot/brown_spot (103).jpg.json
train/brown_spot/brown_spot (104).jpg,train,brown_spot,1,4,226740,2376,requires_human_review,metadata/train/brown_spot/brown_spot (104).jpg.json
train/brown_spot/brown_spot (106).jpg,train,brown_spot,1,3,379436,5244,requires_human_review,metadata/train/brown_spot/brown_spot (106).jpg.json
train/brown_spot/brown_spot (108).jpg,train,brown_spot,1,1,555308,5060,requires_human_review,metadata/train/brown_spot/brown_spot (108).jpg.json
train/brown_spot/brown_spot (111).jpg,train,brown_spot,1,8,215400,4904,requires_human_review,metadata/train/brown_spot/brown_spot (111).jpg.json
train/brown_spot/brown_spot (112).jpg,train,brown_spot,1,11,322256,8632,requires_human_review,metadata/train/brown_spot/brown_spot (112).jpg.json
train/brown_spot/brown_spot (114).jpg,train,brown_spot,1,7,216932,2636,requires_human_review,metadata/train/brown_spot/brown_spot (114).jpg.json
train/brown_spot/brown_spot (116).jpg,train,brown_spot,1,7,366352,2296,requires_human_review,metadata/train/brown_spot/brown_spot (116).jpg.json
train/brown_spot/brown_spot (117).jpg,train,brown_spot,1,4,332980,1140,requires_human_review,metadata/train/brown_spot/brown_spot (117).jpg.json
train/brown_spot/brown_spot (119).jpg,train,brown_spot,1,30,293088,29532,requires_human_review,metadata/train/brown_spot/brown_spot (119).jpg.json
train/brown_spot/brown_spot (12).jpg,train,brown_spot,1,61,463208,77180,requires_human_review,metadata/train/brown_spot/brown_spot (12).jpg.json
train/brown_spot/brown_spot (121).jpg,train,brown_spot,1,33,351328,28624,requires_human_review,metadata/train/brown_spot/brown_spot (121).jpg.json
train/brown_spot/brown_spot (122).jpg,train,brown_spot,1,21,424248,102400,requires_human_review,metadata/train/brown_spot/brown_spot (122).jpg.json
train/brown_spot/brown_spot (123).jpg,train,brown_spot,1,25,404608,23880,requires_human_review,metadata/train/brown_spot/brown_spot (123).jpg.json
train/brown_spot/brown_spot (125).jpg,train,brown_spot,1,20,424200,102500,requires_human_review,metadata/train/brown_spot/brown_spot (125).jpg.json
train/brown_spot/brown_spot (126).jpg,train,brown_spot,1,33,351336,28624,requires_human_review,metadata/train/brown_spot/brown_spot (126).jpg.json
train/brown_spot/brown_spot (128).jpg,train,brown_spot,1,3,264876,4464,requires_human_review,metadata/train/brown_spot/brown_spot (128).jpg.json
train/brown_spot/brown_spot (129).jpg,train,brown_spot,1,1,433020,440,requires_human_review,metadata/train/brown_spot/brown_spot (129).jpg.json
train/brown_spot/brown_spot (133).jpg,train,brown_spot,1,30,546336,97176,requires_human_review,metadata/train/brown_spot/brown_spot (133).jpg.json
train/brown_spot/brown_spot (134).jpg,train,brown_spot,1,7,384484,5128,requires_human_review,metadata/train/brown_spot/brown_spot (134).jpg.json
train/brown_spot/brown_spot (135).jpg,train,brown_spot,1,1,1031008,5120,requires_human_review,metadata/train/brown_spot/brown_spot (135).jpg.json
train/brown_spot/brown_spot (136).jpg,train,brown_spot,1,3,634272,10720,requires_human_review,metadata/train/brown_spot/brown_spot (136).jpg.json
train/brown_spot/brown_spot (137).jpg,train,brown_spot,1,21,424248,102400,requires_human_review,metadata/train/brown_spot/brown_spot (137).jpg.json
train/brown_spot/brown_spot (14).jpg,train,brown_spot,1,30,646192,25244,requires_human_review,metadata/train/brown_spot/brown_spot (14).jpg.json
train/brown_spot/brown_spot (140).jpg,train,brown_spot,1,20,388516,96804,requires_human_review,metadata/train/brown_spot/brown_spot (140).jpg.json
train/brown_spot/brown_spot (141).jpg,train,brown_spot,1,31,282292,22324,requires_human_review,metadata/train/brown_spot/brown_spot (141).jpg.json
train/brown_spot/brown_spot (142).jpg,train,brown_spot,1,20,326452,77072,requires_human_review,metadata/train/brown_spot/brown_spot (142).jpg.json
train/brown_spot/brown_spot (143).jpg,train,brown_spot,1,30,293080,29480,requires_human_review,metadata/train/brown_spot/brown_spot (143).jpg.json
train/brown_spot/brown_spot (144).jpg,train,brown_spot,1,33,2486576,83320,requires_human_review;high_foreground_coverage;complex_foreground_review,metadata/train/brown_spot/brown_spot (144).jpg.json
train/brown_spot/brown_spot (147).jpg,train,brown_spot,1,1,423096,22808,requires_human_review,metadata/train/brown_spot/brown_spot (147).jpg.json
train/brown_spot/brown_spot (149).jpg,train,brown_spot,1,39,1668732,142004,requires_human_review,metadata/train/brown_spot/brown_spot (149).jpg.json
train/brown_spot/brown_spot (15).jpg,train,brown_spot,1,12,602340,25536,requires_human_review,metadata/train/brown_spot/brown_spot (15).jpg.json
train/brown_spot/brown_spot (151).JPG,train,brown_spot,1,3,1271904,7872,requires_human_review,metadata/train/brown_spot/brown_spot (151).JPG.json
train/brown_spot/brown_spot (152).jpg,train,brown_spot,1,11,277284,10456,requires_human_review,metadata/train/brown_spot/brown_spot (152).jpg.json
train/brown_spot/brown_spot (154).jpg,train,brown_spot,1,7,165344,3184,requires_human_review,metadata/train/brown_spot/brown_spot (154).jpg.json
train/brown_spot/brown_spot (155).jpg,train,brown_spot,1,2,182132,280,requires_human_review,metadata/train/brown_spot/brown_spot (155).jpg.json
train/brown_spot/brown_spot (156).jpg,train,brown_spot,1,13,337464,10364,requires_human_review,metadata/train/brown_spot/brown_spot (156).jpg.json
train/brown_spot/brown_spot (158).jpg,train,brown_spot,1,4,241368,4464,requires_human_review,metadata/train/brown_spot/brown_spot (158).jpg.json
train/brown_spot/brown_spot (159).jpg,train,brown_spot,1,4,537620,38192,requires_human_review,metadata/train/brown_spot/brown_spot (159).jpg.json
train/brown_spot/brown_spot (16).jpg,train,brown_spot,1,7,800000,40212,requires_human_review,metadata/train/brown_spot/brown_spot (16).jpg.json
train/brown_spot/brown_spot (162).jpg,train,brown_spot,1,6,257484,2996,requires_human_review,metadata/train/brown_spot/brown_spot (162).jpg.json
train/brown_spot/brown_spot (164).jpg,train,brown_spot,1,12,447200,37984,requires_human_review,metadata/train/brown_spot/brown_spot (164).jpg.json
train/brown_spot/brown_spot (165).jpg,train,brown_spot,1,3,1546884,3416,requires_human_review,metadata/train/brown_spot/brown_spot (165).jpg.json
train/brown_spot/brown_spot (166).jpg,train,brown_spot,1,37,2560000,97056,requires_human_review;high_foreground_coverage;complex_foreground_review,metadata/train/brown_spot/brown_spot (166).jpg.json
train/brown_spot/brown_spot (167).JPG,train,brown_spot,1,9,1056172,7228,requires_human_review,metadata/train/brown_spot/brown_spot (167).JPG.json
train/brown_spot/brown_spot (168).JPG,train,brown_spot,1,10,686424,6764,requires_human_review,metadata/train/brown_spot/brown_spot (168).JPG.json
train/brown_spot/brown_spot (17).jpg,train,brown_spot,1,4,800000,24588,requires_human_review,metadata/train/brown_spot/brown_spot (17).jpg.json
train/brown_spot/brown_spot (172).jpg,train,brown_spot,1,1,207020,4080,requires_human_review,metadata/train/brown_spot/brown_spot (172).jpg.json
train/brown_spot/brown_spot (173).jpg,train,brown_spot,1,1,145392,488,requires_human_review,metadata/train/brown_spot/brown_spot (173).jpg.json
train/brown_spot/brown_spot (174).jpg,train,brown_spot,1,7,213108,6136,requires_human_review,metadata/train/brown_spot/brown_spot (174).jpg.json
train/brown_spot/brown_spot (175).jpg,train,brown_spot,1,5,246604,6548,requires_human_review,metadata/train/brown_spot/brown_spot (175).jpg.json
train/brown_spot/brown_spot (176).jpg,train,brown_spot,1,3,234360,5428,requires_human_review,metadata/train/brown_spot/brown_spot (176).jpg.json
train/brown_spot/brown_spot (178).jpg,train,brown_spot,1,5,258964,13108,requires_human_review,metadata/train/brown_spot/brown_spot (178).jpg.json
train/brown_spot/brown_spot (179).jpg,train,brown_spot,1,3,242376,9160,requires_human_review,metadata/train/brown_spot/brown_spot (179).jpg.json
train/brown_spot/brown_spot (18).jpg,train,brown_spot,1,10,477276,17388,requires_human_review,metadata/train/brown_spot/brown_spot (18).jpg.json
train/brown_spot/brown_spot (180).jpg,train,brown_spot,1,2,263744,15416,requires_human_review,metadata/train/brown_spot/brown_spot (180).jpg.json
train/brown_spot/brown_spot (181).jpg,train,brown_spot,1,1,257824,14784,requires_human_review,metadata/train/brown_spot/brown_spot (181).jpg.json
train/brown_spot/brown_spot (183).jpg,train,brown_spot,1,4,299680,920,requires_human_review,metadata/train/brown_spot/brown_spot (183).jpg.json
train/brown_spot/brown_spot (184).jpg,train,brown_spot,1,2,560776,6972,requires_human_review,metadata/train/brown_spot/brown_spot (184).jpg.json
train/brown_spot/brown_spot (185).jpg,train,brown_spot,1,2,372472,3040,requires_human_review,metadata/train/brown_spot/brown_spot (185).jpg.json
train/brown_spot/brown_spot (187).jpg,train,brown_spot,1,6,233756,5328,requires_human_review,metadata/train/brown_spot/brown_spot (187).jpg.json
train/brown_spot/brown_spot (188).jpg,train,brown_spot,1,18,196844,24052,requires_human_review,metadata/train/brown_spot/brown_spot (188).jpg.json
train/brown_spot/brown_spot (19).jpg,train,brown_spot,1,17,574688,47252,requires_human_review,metadata/train/brown_spot/brown_spot (19).jpg.json
train/brown_spot/brown_spot (190).jpg,train,brown_spot,1,15,346640,8004,requires_human_review,metadata/train/brown_spot/brown_spot (190).jpg.json
train/brown_spot/brown_spot (193).jpg,train,brown_spot,1,3,262464,904,requires_human_review,metadata/train/brown_spot/brown_spot (193).jpg.json
train/brown_spot/brown_spot (194).jpg,train,brown_spot,1,2,259776,568,requires_human_review,metadata/train/brown_spot/brown_spot (194).jpg.json
train/brown_spot/brown_spot (197).jpg,train,brown_spot,1,4,299476,1764,requires_human_review,metadata/train/brown_spot/brown_spot (197).jpg.json
train/brown_spot/brown_spot (2).jpg,train,brown_spot,1,15,346644,7936,requires_human_review,metadata/train/brown_spot/brown_spot (2).jpg.json
train/brown_spot/brown_spot (201).jpg,train,brown_spot,1,7,324004,2460,requires_human_review,metadata/train/brown_spot/brown_spot (201).jpg.json
train/brown_spot/brown_spot (202).jpg,train,brown_spot,1,3,280120,3444,requires_human_review,metadata/train/brown_spot/brown_spot (202).jpg.json
train/brown_spot/brown_spot (203).jpg,train,brown_spot,1,3,569116,15980,requires_human_review,metadata/train/brown_spot/brown_spot (203).jpg.json
train/brown_spot/brown_spot (204).jpg,train,brown_spot,1,3,603124,6528,requires_human_review,metadata/train/brown_spot/brown_spot (204).jpg.json
train/brown_spot/brown_spot (205).jpg,train,brown_spot,1,2,291600,1068,requires_human_review,metadata/train/brown_spot/brown_spot (205).jpg.json
train/brown_spot/brown_spot (208).jpg,train,brown_spot,1,2,329448,2480,requires_human_review,metadata/train/brown_spot/brown_spot (208).jpg.json
train/brown_spot/brown_spot (209).jpg,train,brown_spot,1,65,1481556,247812,requires_human_review,metadata/train/brown_spot/brown_spot (209).jpg.json
train/brown_spot/brown_spot (21).jpg,train,brown_spot,1,27,783300,35304,requires_human_review,metadata/train/brown_spot/brown_spot (21).jpg.json
train/brown_spot/brown_spot (210).jpg,train,brown_spot,1,20,1840044,153248,requires_human_review,metadata/train/brown_spot/brown_spot (210).jpg.json
train/brown_spot/brown_spot (211).JPG,train,brown_spot,1,4,797152,19028,requires_human_review,metadata/train/brown_spot/brown_spot (211).JPG.json
train/brown_spot/brown_spot (214).jpg,train,brown_spot,1,3,421372,4464,requires_human_review,metadata/train/brown_spot/brown_spot (214).jpg.json
train/brown_spot/brown_spot (215).jpg,train,brown_spot,1,6,665368,35668,requires_human_review,metadata/train/brown_spot/brown_spot (215).jpg.json
train/brown_spot/brown_spot (217).JPG,train,brown_spot,1,2,531244,384,requires_human_review,metadata/train/brown_spot/brown_spot (217).JPG.json
train/brown_spot/brown_spot (218).JPG,train,brown_spot,1,1,778904,1460,requires_human_review,metadata/train/brown_spot/brown_spot (218).JPG.json
train/brown_spot/brown_spot (219).JPG,train,brown_spot,1,3,244144,6816,requires_human_review,metadata/train/brown_spot/brown_spot (219).JPG.json
train/brown_spot/brown_spot (22).jpg,train,brown_spot,1,35,800000,30264,requires_human_review,metadata/train/brown_spot/brown_spot (22).jpg.json
train/brown_spot/brown_spot (221).JPG,train,brown_spot,1,3,244192,6972,requires_human_review,metadata/train/brown_spot/brown_spot (221).JPG.json
train/brown_spot/brown_spot (222).JPG,train,brown_spot,1,4,417056,11632,requires_human_review,metadata/train/brown_spot/brown_spot (222).JPG.json
train/brown_spot/brown_spot (223).JPG,train,brown_spot,1,4,497476,18856,requires_human_review,metadata/train/brown_spot/brown_spot (223).JPG.json
train/brown_spot/brown_spot (226).JPG,train,brown_spot,1,3,668956,9112,requires_human_review,metadata/train/brown_spot/brown_spot (226).JPG.json
train/brown_spot/brown_spot (228).JPG,train,brown_spot,1,4,417024,11528,requires_human_review,metadata/train/brown_spot/brown_spot (228).JPG.json
train/brown_spot/brown_spot (229).JPG,train,brown_spot,1,4,496728,18728,requires_human_review,metadata/train/brown_spot/brown_spot (229).JPG.json
train/brown_spot/brown_spot (23).jpg,train,brown_spot,1,45,480740,48204,requires_human_review,metadata/train/brown_spot/brown_spot (23).jpg.json
train/brown_spot/brown_spot (232).JPG,train,brown_spot,1,5,647992,4496,requires_human_review,metadata/train/brown_spot/brown_spot (232).JPG.json
train/brown_spot/brown_spot (233).JPG,train,brown_spot,1,1,778904,1460,requires_human_review,metadata/train/brown_spot/brown_spot (233).JPG.json
train/brown_spot/brown_spot (235).jpg,train,brown_spot,1,4,398884,3940,requires_human_review,metadata/train/brown_spot/brown_spot (235).jpg.json
train/brown_spot/brown_spot (236).jpg,train,brown_spot,1,1,175704,2228,requires_human_review,metadata/train/brown_spot/brown_spot (236).jpg.json
train/brown_spot/brown_spot (237).jpg,train,brown_spot,1,5,330844,2756,requires_human_review,metadata/train/brown_spot/brown_spot (237).jpg.json
train/brown_spot/brown_spot (239).jpg,train,brown_spot,1,5,501804,1680,requires_human_review,metadata/train/brown_spot/brown_spot (239).jpg.json
train/brown_spot/brown_spot (24).jpg,train,brown_spot,1,33,388568,68692,requires_human_review,metadata/train/brown_spot/brown_spot (24).jpg.json
train/brown_spot/brown_spot (240).jpg,train,brown_spot,1,11,402140,5124,requires_human_review,metadata/train/brown_spot/brown_spot (240).jpg.json
train/brown_spot/brown_spot (241).jpg,train,brown_spot,1,11,353932,41296,requires_human_review,metadata/train/brown_spot/brown_spot (241).jpg.json
train/brown_spot/brown_spot (242).jpg,train,brown_spot,1,5,721408,5048,requires_human_review,metadata/train/brown_spot/brown_spot (242).jpg.json
train/brown_spot/brown_spot (243).jpg,train,brown_spot,1,25,404616,23928,requires_human_review,metadata/train/brown_spot/brown_spot (243).jpg.json
train/brown_spot/brown_spot (246).jpg,train,brown_spot,1,27,352432,20876,requires_human_review,metadata/train/brown_spot/brown_spot (246).jpg.json
train/brown_spot/brown_spot (256).jpg,train,brown_spot,1,31,282292,22320,requires_human_review,metadata/train/brown_spot/brown_spot (256).jpg.json
train/brown_spot/brown_spot (259).jpg,train,brown_spot,1,32,282284,22328,requires_human_review,metadata/train/brown_spot/brown_spot (259).jpg.json
train/brown_spot/brown_spot (26).jpg,train,brown_spot,1,24,644136,159364,requires_human_review,metadata/train/brown_spot/brown_spot (26).jpg.json
train/brown_spot/brown_spot (260).jpg,train,brown_spot,1,19,267268,66020,requires_human_review,metadata/train/brown_spot/brown_spot (260).jpg.json
train/brown_spot/brown_spot (261).jpg,train,brown_spot,1,33,503648,52192,requires_human_review,metadata/train/brown_spot/brown_spot (261).jpg.json
train/brown_spot/brown_spot (262).jpg,train,brown_spot,1,4,651308,6392,requires_human_review,metadata/train/brown_spot/brown_spot (262).jpg.json
train/brown_spot/brown_spot (263).jpg,train,brown_spot,1,2,444896,1924,requires_human_review,metadata/train/brown_spot/brown_spot (263).jpg.json
train/brown_spot/brown_spot (264).jpg,train,brown_spot,1,2,453692,2116,requires_human_review,metadata/train/brown_spot/brown_spot (264).jpg.json
train/brown_spot/brown_spot (265).jpg,train,brown_spot,1,4,501876,3144,requires_human_review,metadata/train/brown_spot/brown_spot (265).jpg.json
train/brown_spot/brown_spot (267).jpg,train,brown_spot,1,3,431900,1708,requires_human_review,metadata/train/brown_spot/brown_spot (267).jpg.json
train/brown_spot/brown_spot (268).jpg,train,brown_spot,1,1,566012,956,requires_human_review,metadata/train/brown_spot/brown_spot (268).jpg.json
train/brown_spot/brown_spot (269).jpg,train,brown_spot,1,6,461392,10336,requires_human_review,metadata/train/brown_spot/brown_spot (269).jpg.json
train/brown_spot/brown_spot (270).jpg,train,brown_spot,1,2,491236,1576,requires_human_review,metadata/train/brown_spot/brown_spot (270).jpg.json
train/brown_spot/brown_spot (271).jpg,train,brown_spot,1,1,550092,392,requires_human_review,metadata/train/brown_spot/brown_spot (271).jpg.json
train/brown_spot/brown_spot (274).jpg,train,brown_spot,1,2,424704,1760,requires_human_review,metadata/train/brown_spot/brown_spot (274).jpg.json
train/brown_spot/brown_spot (275).jpg,train,brown_spot,1,5,449624,6444,requires_human_review,metadata/train/brown_spot/brown_spot (275).jpg.json
train/brown_spot/brown_spot (28).jpg,train,brown_spot,1,30,646172,25232,requires_human_review,metadata/train/brown_spot/brown_spot (28).jpg.json
train/brown_spot/brown_spot (280).jpg,train,brown_spot,1,9,621820,2768,requires_human_review,metadata/train/brown_spot/brown_spot (280).jpg.json
train/brown_spot/brown_spot (281).jpg,train,brown_spot,1,10,594540,3440,requires_human_review,metadata/train/brown_spot/brown_spot (281).jpg.json
train/brown_spot/brown_spot (282).jpg,train,brown_spot,1,14,515120,12240,requires_human_review,metadata/train/brown_spot/brown_spot (282).jpg.json
train/brown_spot/brown_spot (283).jpg,train,brown_spot,1,3,558784,3200,requires_human_review,metadata/train/brown_spot/brown_spot (283).jpg.json
train/brown_spot/brown_spot (284).jpg,train,brown_spot,1,4,331704,1140,requires_human_review,metadata/train/brown_spot/brown_spot (284).jpg.json
train/brown_spot/brown_spot (293).jpg,train,brown_spot,1,1,1200764,8848,requires_human_review,metadata/train/brown_spot/brown_spot (293).jpg.json
train/brown_spot/brown_spot (295).jpg,train,brown_spot,1,6,623912,7908,requires_human_review,metadata/train/brown_spot/brown_spot (295).jpg.json
train/brown_spot/brown_spot (299).jpg,train,brown_spot,1,7,519464,4160,requires_human_review,metadata/train/brown_spot/brown_spot (299).jpg.json
train/brown_spot/brown_spot (300).jpg,train,brown_spot,1,2,548076,2024,requires_human_review,metadata/train/brown_spot/brown_spot (300).jpg.json
train/brown_spot/brown_spot (301).jpg,train,brown_spot,1,6,367064,3424,requires_human_review,metadata/train/brown_spot/brown_spot (301).jpg.json
train/brown_spot/brown_spot (302).jpg,train,brown_spot,1,2,416604,1560,requires_human_review,metadata/train/brown_spot/brown_spot (302).jpg.json
train/brown_spot/brown_spot (304).jpg,train,brown_spot,1,6,308452,2284,requires_human_review,metadata/train/brown_spot/brown_spot (304).jpg.json
train/brown_spot/brown_spot (305).jpg,train,brown_spot,1,5,312844,2272,requires_human_review,metadata/train/brown_spot/brown_spot (305).jpg.json
train/brown_spot/brown_spot (307).jpg,train,brown_spot,1,13,393472,6460,requires_human_review,metadata/train/brown_spot/brown_spot (307).jpg.json
train/brown_spot/brown_spot (308).jpg,train,brown_spot,1,12,441620,3936,requires_human_review,metadata/train/brown_spot/brown_spot (308).jpg.json
train/brown_spot/brown_spot (309).jpg,train,brown_spot,1,10,439284,5404,requires_human_review,metadata/train/brown_spot/brown_spot (309).jpg.json
train/brown_spot/brown_spot (311).jpg,train,brown_spot,1,33,351328,28624,requires_human_review,metadata/train/brown_spot/brown_spot (311).jpg.json
train/brown_spot/brown_spot (313).jpg,train,brown_spot,1,18,267308,66068,requires_human_review,metadata/train/brown_spot/brown_spot (313).jpg.json
train/brown_spot/brown_spot (314).jpg,train,brown_spot,1,18,267308,66068,requires_human_review,metadata/train/brown_spot/brown_spot (314).jpg.json
train/brown_spot/brown_spot (315).jpg,train,brown_spot,1,33,503648,52076,requires_human_review,metadata/train/brown_spot/brown_spot (315).jpg.json
train/brown_spot/brown_spot (317).jpg,train,brown_spot,1,31,282292,22324,requires_human_review,metadata/train/brown_spot/brown_spot (317).jpg.json
train/brown_spot/brown_spot (32).jpg,train,brown_spot,1,48,655296,161328,requires_human_review,metadata/train/brown_spot/brown_spot (32).jpg.json
train/brown_spot/brown_spot (321).jpg,train,brown_spot,1,19,267268,66008,requires_human_review,metadata/train/brown_spot/brown_spot (321).jpg.json
train/brown_spot/brown_spot (322).jpg,train,brown_spot,1,24,404616,23764,requires_human_review,metadata/train/brown_spot/brown_spot (322).jpg.json
train/brown_spot/brown_spot (325).jpg,train,brown_spot,1,34,351340,28708,requires_human_review,metadata/train/brown_spot/brown_spot (325).jpg.json
train/brown_spot/brown_spot (327).jpg,train,brown_spot,2,113,2341456,425844,requires_human_review;multiple_leaf_components;high_foreground_coverage;complex_foreground_review,metadata/train/brown_spot/brown_spot (327).jpg.json
train/brown_spot/brown_spot (329).jpg,train,brown_spot,1,103,2502992,667560,requires_human_review;high_foreground_coverage;complex_foreground_review,metadata/train/brown_spot/brown_spot (329).jpg.json
train/brown_spot/brown_spot (33).jpg,train,brown_spot,1,16,689104,35672,requires_human_review,metadata/train/brown_spot/brown_spot (33).jpg.json
train/brown_spot/brown_spot (330).jpg,train,brown_spot,1,24,404588,23744,requires_human_review,metadata/train/brown_spot/brown_spot (330).jpg.json
train/brown_spot/brown_spot (331).jpg,train,brown_spot,1,30,293008,30196,requires_human_review,metadata/train/brown_spot/brown_spot (331).jpg.json
train/brown_spot/brown_spot (332).jpg,train,brown_spot,1,26,352436,20724,requires_human_review,metadata/train/brown_spot/brown_spot (332).jpg.json
train/brown_spot/brown_spot (334).jpg,train,brown_spot,1,33,503696,52548,requires_human_review,metadata/train/brown_spot/brown_spot (334).jpg.json
train/brown_spot/brown_spot (335).jpg,train,brown_spot,1,20,424364,102188,requires_human_review,metadata/train/brown_spot/brown_spot (335).jpg.json
train/brown_spot/brown_spot (339).jpg,train,brown_spot,1,22,386432,95420,requires_human_review,metadata/train/brown_spot/brown_spot (339).jpg.json
train/brown_spot/brown_spot (340).jpg,train,brown_spot,1,32,351276,28624,requires_human_review,metadata/train/brown_spot/brown_spot (340).jpg.json
train/brown_spot/brown_spot (341).JPG,train,brown_spot,1,3,668036,9268,requires_human_review,metadata/train/brown_spot/brown_spot (341).JPG.json
train/brown_spot/brown_spot (342).JPG,train,brown_spot,1,5,621548,11604,requires_human_review,metadata/train/brown_spot/brown_spot (342).JPG.json
train/brown_spot/brown_spot (344).JPG,train,brown_spot,1,3,668956,9112,requires_human_review,metadata/train/brown_spot/brown_spot (344).JPG.json
train/brown_spot/brown_spot (346).JPG,train,brown_spot,1,4,417024,11528,requires_human_review,metadata/train/brown_spot/brown_spot (346).JPG.json
train/brown_spot/brown_spot (347).JPG,train,brown_spot,1,4,496728,18728,requires_human_review,metadata/train/brown_spot/brown_spot (347).JPG.json
train/brown_spot/brown_spot (348).JPG,train,brown_spot,1,5,621780,11584,requires_human_review,metadata/train/brown_spot/brown_spot (348).JPG.json
train/brown_spot/brown_spot (349).JPG,train,brown_spot,1,4,605912,4240,requires_human_review,metadata/train/brown_spot/brown_spot (349).JPG.json
train/brown_spot/brown_spot (35).jpg,train,brown_spot,1,36,800000,30188,requires_human_review,metadata/train/brown_spot/brown_spot (35).jpg.json
train/brown_spot/brown_spot (350).jpg,train,brown_spot,1,1,257808,14944,requires_human_review,metadata/train/brown_spot/brown_spot (350).jpg.json
train/brown_spot/brown_spot (36).jpg,train,brown_spot,1,46,480728,48196,requires_human_review,metadata/train/brown_spot/brown_spot (36).jpg.json
train/brown_spot/brown_spot (37).jpg,train,brown_spot,1,44,533240,43168,requires_human_review,metadata/train/brown_spot/brown_spot (37).jpg.json
train/brown_spot/brown_spot (4).jpg,train,brown_spot,1,11,386380,13244,requires_human_review,metadata/train/brown_spot/brown_spot (4).jpg.json
train/brown_spot/brown_spot (40).jpg,train,brown_spot,1,27,783312,35228,requires_human_review,metadata/train/brown_spot/brown_spot (40).jpg.json
train/brown_spot/brown_spot (41).jpg,train,brown_spot,1,35,800000,30364,requires_human_review,metadata/train/brown_spot/brown_spot (41).jpg.json
train/brown_spot/brown_spot (43).jpg,train,brown_spot,1,32,388596,68656,requires_human_review,metadata/train/brown_spot/brown_spot (43).jpg.json
train/brown_spot/brown_spot (47).jpg,train,brown_spot,1,30,646196,25236,requires_human_review,metadata/train/brown_spot/brown_spot (47).jpg.json
train/brown_spot/brown_spot (48).jpg,train,brown_spot,1,6,800000,40196,requires_human_review,metadata/train/brown_spot/brown_spot (48).jpg.json
train/brown_spot/brown_spot (50).jpg,train,brown_spot,1,17,574668,47332,requires_human_review,metadata/train/brown_spot/brown_spot (50).jpg.json
train/brown_spot/brown_spot (53).jpg,train,brown_spot,1,46,480728,48220,requires_human_review,metadata/train/brown_spot/brown_spot (53).jpg.json
train/brown_spot/brown_spot (54).jpg,train,brown_spot,1,44,533268,43160,requires_human_review,metadata/train/brown_spot/brown_spot (54).jpg.json
train/brown_spot/brown_spot (56).jpg,train,brown_spot,1,59,463216,77132,requires_human_review,metadata/train/brown_spot/brown_spot (56).jpg.json
train/brown_spot/brown_spot (58).jpg,train,brown_spot,1,37,676748,108896,requires_human_review,metadata/train/brown_spot/brown_spot (58).jpg.json
train/brown_spot/brown_spot (59).jpg,train,brown_spot,1,26,644164,159216,requires_human_review,metadata/train/brown_spot/brown_spot (59).jpg.json
train/brown_spot/brown_spot (60).jpg,train,brown_spot,1,24,458008,18116,requires_human_review,metadata/train/brown_spot/brown_spot (60).jpg.json
train/brown_spot/brown_spot (63).jpg,train,brown_spot,1,10,477292,17400,requires_human_review,metadata/train/brown_spot/brown_spot (63).jpg.json
train/brown_spot/brown_spot (65).jpg,train,brown_spot,1,7,518668,19612,requires_human_review,metadata/train/brown_spot/brown_spot (65).jpg.json
train/brown_spot/brown_spot (67).jpg,train,brown_spot,1,3,280156,3468,requires_human_review,metadata/train/brown_spot/brown_spot (67).jpg.json
train/brown_spot/brown_spot (68).jpg,train,brown_spot,1,33,503716,52096,requires_human_review,metadata/train/brown_spot/brown_spot (68).jpg.json
train/brown_spot/brown_spot (69).jpg,train,brown_spot,1,25,404592,23988,requires_human_review,metadata/train/brown_spot/brown_spot (69).jpg.json
train/brown_spot/brown_spot (72).jpg,train,brown_spot,1,25,352420,20920,requires_human_review,metadata/train/brown_spot/brown_spot (72).jpg.json
train/brown_spot/brown_spot (73).jpg,train,brown_spot,1,33,503716,52096,requires_human_review,metadata/train/brown_spot/brown_spot (73).jpg.json
train/brown_spot/brown_spot (75).jpg,train,brown_spot,1,25,352452,20736,requires_human_review,metadata/train/brown_spot/brown_spot (75).jpg.json
train/brown_spot/brown_spot (76).jpg,train,brown_spot,1,34,351344,28700,requires_human_review,metadata/train/brown_spot/brown_spot (76).jpg.json
train/brown_spot/brown_spot (77).jpg,train,brown_spot,1,4,285084,3256,requires_human_review,metadata/train/brown_spot/brown_spot (77).jpg.json
train/brown_spot/brown_spot (78).jpg,train,brown_spot,1,3,537640,38244,requires_human_review,metadata/train/brown_spot/brown_spot (78).jpg.json
train/brown_spot/brown_spot (79).jpg,train,brown_spot,1,3,242288,9328,requires_human_review,metadata/train/brown_spot/brown_spot (79).jpg.json
train/brown_spot/brown_spot (80).jpg,train,brown_spot,1,2,263732,15644,requires_human_review,metadata/train/brown_spot/brown_spot (80).jpg.json
train/brown_spot/brown_spot (81).jpg,train,brown_spot,1,21,267092,66440,requires_human_review,metadata/train/brown_spot/brown_spot (81).jpg.json
train/brown_spot/brown_spot (84).jpg,train,brown_spot,1,4,642112,6820,requires_human_review,metadata/train/brown_spot/brown_spot (84).jpg.json
train/brown_spot/brown_spot (85).jpg,train,brown_spot,1,2,391352,1624,requires_human_review,metadata/train/brown_spot/brown_spot (85).jpg.json
train/brown_spot/brown_spot (86).jpg,train,brown_spot,1,2,403528,5044,requires_human_review,metadata/train/brown_spot/brown_spot (86).jpg.json
train/brown_spot/brown_spot (87).jpg,train,brown_spot,1,34,663892,41992,requires_human_review,metadata/train/brown_spot/brown_spot (87).jpg.json
train/brown_spot/brown_spot (88).jpg,train,brown_spot,1,47,665700,47312,requires_human_review,metadata/train/brown_spot/brown_spot (88).jpg.json
train/brown_spot/brown_spot (9).jpg,train,brown_spot,1,4,299484,1780,requires_human_review,metadata/train/brown_spot/brown_spot (9).jpg.json
train/brown_spot/brown_spot (90).jpg,train,brown_spot,1,17,608944,25468,requires_human_review,metadata/train/brown_spot/brown_spot (90).jpg.json
train/brown_spot/brown_spot (91).jpg,train,brown_spot,1,1,588668,908,requires_human_review,metadata/train/brown_spot/brown_spot (91).jpg.json
train/brown_spot/brown_spot (97).jpg,train,brown_spot,1,8,208044,43656,requires_human_review,metadata/train/brown_spot/brown_spot (97).jpg.json
train/healthy/healthy (100).jpg,train,healthy,1,0,333008,0,requires_human_review,metadata/train/healthy/healthy (100).jpg.json
train/healthy/healthy (101).jpg,train,healthy,1,15,446688,1348,requires_human_review;candidate_on_healthy_image,metadata/train/healthy/healthy (101).jpg.json
train/healthy/healthy (102).jpg,train,healthy,1,7,394708,1040,requires_human_review;candidate_on_healthy_image,metadata/train/healthy/healthy (102).jpg.json
train/healthy/healthy (105).jpg,train,healthy,1,5,355528,340,requires_human_review;candidate_on_healthy_image,metadata/train/healthy/healthy (105).jpg.json
train/healthy/healthy (106).jpg,train,healthy,1,3,343768,192,requires_human_review;candidate_on_healthy_image,metadata/train/healthy/healthy (106).jpg.json
train/healthy/healthy (107).jpg,train,healthy,1,9,623976,1604,requires_human_review;candidate_on_healthy_image,metadata/train/healthy/healthy (107).jpg.json
train/healthy/healthy (11).jpg,train,healthy,1,7,394692,1040,requires_human_review;candidate_on_healthy_image,metadata/train/healthy/healthy (11).jpg.json
train/healthy/healthy (110).jpg,train,healthy,1,9,375248,672,requires_human_review;candidate_on_healthy_image,metadata/train/healthy/healthy (110).jpg.json
train/healthy/healthy (111).jpg,train,healthy,1,6,390604,628,requires_human_review;candidate_on_healthy_image,metadata/train/healthy/healthy (111).jpg.json
train/healthy/healthy (113).jpg,train,healthy,2,0,461868,0,requires_human_review;multiple_leaf_components,metadata/train/healthy/healthy (113).jpg.json
train/healthy/healthy (114).jpg,train,healthy,1,4,322304,380,requires_human_review;candidate_on_healthy_image,metadata/train/healthy/healthy (114).jpg.json
train/healthy/healthy (115).jpg,train,healthy,1,0,461288,0,requires_human_review,metadata/train/healthy/healthy (115).jpg.json
train/healthy/healthy (118).jpg,train,healthy,1,2,604400,128,requires_human_review;candidate_on_healthy_image,metadata/train/healthy/healthy (118).jpg.json
train/healthy/healthy (119).jpg,train,healthy,1,0,343616,0,requires_human_review,metadata/train/healthy/healthy (119).jpg.json
train/healthy/healthy (12).jpg,train,healthy,1,0,353428,0,requires_human_review,metadata/train/healthy/healthy (12).jpg.json
train/healthy/healthy (120).jpg,train,healthy,1,0,306864,0,requires_human_review,metadata/train/healthy/healthy (120).jpg.json
train/healthy/healthy (122).jpg,train,healthy,1,7,753808,524,requires_human_review;candidate_on_healthy_image,metadata/train/healthy/healthy (122).jpg.json
train/healthy/healthy (123).jpg,train,healthy,1,9,402924,588,requires_human_review;candidate_on_healthy_image,metadata/train/healthy/healthy (123).jpg.json
train/healthy/healthy (124).jpg,train,healthy,1,0,424420,0,requires_human_review,metadata/train/healthy/healthy (124).jpg.json
train/healthy/healthy (125).jpg,train,healthy,1,0,195860,0,requires_human_review,metadata/train/healthy/healthy (125).jpg.json
train/healthy/healthy (126).jpg,train,healthy,1,0,174128,0,requires_human_review,metadata/train/healthy/healthy (126).jpg.json
train/healthy/healthy (127).jpg,train,healthy,1,0,237004,0,requires_human_review,metadata/train/healthy/healthy (127).jpg.json
train/healthy/healthy (128).jpg,train,healthy,1,0,235984,0,requires_human_review,metadata/train/healthy/healthy (128).jpg.json
train/healthy/healthy (129).jpg,train,healthy,1,0,168296,0,requires_human_review,metadata/train/healthy/healthy (129).jpg.json
train/healthy/healthy (13).jpg,train,healthy,1,7,422100,608,requires_human_review;candidate_on_healthy_image,metadata/train/healthy/healthy (13).jpg.json
train/healthy/healthy (130).jpg,train,healthy,1,0,161660,0,requires_human_review,metadata/train/healthy/healthy (130).jpg.json
train/healthy/healthy (133).jpg,train,healthy,1,0,139548,0,requires_human_review,metadata/train/healthy/healthy (133).jpg.json
train/healthy/healthy (135).jpg,train,healthy,1,0,468952,0,requires_human_review,metadata/train/healthy/healthy (135).jpg.json
train/healthy/healthy (138).jpg,train,healthy,1,0,249552,0,requires_human_review,metadata/train/healthy/healthy (138).jpg.json
train/healthy/healthy (139).jpg,train,healthy,1,2,438228,132,requires_human_review;candidate_on_healthy_image,metadata/train/healthy/healthy (139).jpg.json
train/healthy/healthy (14).jpg,train,healthy,1,9,272976,548,requires_human_review;candidate_on_healthy_image,metadata/train/healthy/healthy (14).jpg.json
train/healthy/healthy (140).jpg,train,healthy,1,0,405712,0,requires_human_review,metadata/train/healthy/healthy (140).jpg.json
train/healthy/healthy (141).jpg,train,healthy,1,0,296364,0,requires_human_review,metadata/train/healthy/healthy (141).jpg.json
train/healthy/healthy (144).jpg,train,healthy,1,0,237852,0,requires_human_review,metadata/train/healthy/healthy (144).jpg.json
train/healthy/healthy (148).jpg,train,healthy,1,0,306908,0,requires_human_review,metadata/train/healthy/healthy (148).jpg.json
train/healthy/healthy (149).jpg,train,healthy,1,0,413896,0,requires_human_review,metadata/train/healthy/healthy (149).jpg.json
train/healthy/healthy (15).jpg,train,healthy,1,11,322252,1904,requires_human_review;candidate_on_healthy_image,metadata/train/healthy/healthy (15).jpg.json
train/healthy/healthy (151).jpg,train,healthy,1,0,396852,0,requires_human_review,metadata/train/healthy/healthy (151).jpg.json
train/healthy/healthy (153).jpg,train,healthy,1,0,264548,0,requires_human_review,metadata/train/healthy/healthy (153).jpg.json
train/healthy/healthy (155).jpg,train,healthy,1,5,237968,3576,requires_human_review;candidate_on_healthy_image,metadata/train/healthy/healthy (155).jpg.json
train/healthy/healthy (156).jpg,train,healthy,1,5,245016,1376,requires_human_review;candidate_on_healthy_image,metadata/train/healthy/healthy (156).jpg.json
train/healthy/healthy (157).jpg,train,healthy,1,0,445556,0,requires_human_review,metadata/train/healthy/healthy (157).jpg.json
train/healthy/healthy (158).jpg,train,healthy,1,34,389256,10208,requires_human_review;candidate_on_healthy_image,metadata/train/healthy/healthy (158).jpg.json
train/healthy/healthy (16).jpg,train,healthy,1,9,403248,6476,requires_human_review;candidate_on_healthy_image,metadata/train/healthy/healthy (16).jpg.json
train/healthy/healthy (160).jpg,train,healthy,1,10,384344,3080,requires_human_review;candidate_on_healthy_image,metadata/train/healthy/healthy (160).jpg.json
train/healthy/healthy (161).jpg,train,healthy,1,4,288920,11868,requires_human_review;candidate_on_healthy_image,metadata/train/healthy/healthy (161).jpg.json
train/healthy/healthy (162).jpg,train,healthy,1,4,422256,1892,requires_human_review;candidate_on_healthy_image,metadata/train/healthy/healthy (162).jpg.json
train/healthy/healthy (164).jpg,train,healthy,1,2,341500,140,requires_human_review;candidate_on_healthy_image,metadata/train/healthy/healthy (164).jpg.json
train/healthy/healthy (166).jpg,train,healthy,1,1,306608,52,requires_human_review;candidate_on_healthy_image,metadata/train/healthy/healthy (166).jpg.json
train/healthy/healthy (167).jpg,train,healthy,1,0,284044,0,requires_human_review,metadata/train/healthy/healthy (167).jpg.json
train/healthy/healthy (168).jpg,train,healthy,1,10,360596,1672,requires_human_review;candidate_on_healthy_image,metadata/train/healthy/healthy (168).jpg.json
train/healthy/healthy (169).jpg,train,healthy,1,16,400864,11296,requires_human_review;candidate_on_healthy_image,metadata/train/healthy/healthy (169).jpg.json
train/healthy/healthy (17).jpg,train,healthy,1,13,459708,1552,requires_human_review;candidate_on_healthy_image,metadata/train/healthy/healthy (17).jpg.json
train/healthy/healthy (171).jpg,train,healthy,1,2,335836,80,requires_human_review;candidate_on_healthy_image,metadata/train/healthy/healthy (171).jpg.json
train/healthy/healthy (172).jpg,train,healthy,1,0,497796,0,requires_human_review,metadata/train/healthy/healthy (172).jpg.json
train/healthy/healthy (173).jpg,train,healthy,1,5,383880,24316,requires_human_review;candidate_on_healthy_image,metadata/train/healthy/healthy (173).jpg.json
train/healthy/healthy (174).jpg,train,healthy,1,15,334596,6188,requires_human_review;candidate_on_healthy_image,metadata/train/healthy/healthy (174).jpg.json
train/healthy/healthy (176).jpg,train,healthy,1,19,318592,3716,requires_human_review;candidate_on_healthy_image,metadata/train/healthy/healthy (176).jpg.json
train/healthy/healthy (177).jpg,train,healthy,1,1,298884,67124,requires_human_review;candidate_on_healthy_image,metadata/train/healthy/healthy (177).jpg.json
train/healthy/healthy (178).jpg,train,healthy,1,18,323780,1100,requires_human_review;candidate_on_healthy_image,metadata/train/healthy/healthy (178).jpg.json
train/healthy/healthy (18).jpg,train,healthy,1,8,335780,3332,requires_human_review;candidate_on_healthy_image,metadata/train/healthy/healthy (18).jpg.json
train/healthy/healthy (181).jpg,train,healthy,1,0,298056,0,requires_human_review,metadata/train/healthy/healthy (181).jpg.json
train/healthy/healthy (183).jpg,train,healthy,1,1,274344,32,requires_human_review;candidate_on_healthy_image,metadata/train/healthy/healthy (183).jpg.json
train/healthy/healthy (184).jpg,train,healthy,1,3,350784,144,requires_human_review;candidate_on_healthy_image,metadata/train/healthy/healthy (184).jpg.json
train/healthy/healthy (185).jpg,train,healthy,1,4,361296,1240,requires_human_review;candidate_on_healthy_image,metadata/train/healthy/healthy (185).jpg.json
train/healthy/healthy (186).jpg,train,healthy,1,6,200104,28824,requires_human_review;candidate_on_healthy_image,metadata/train/healthy/healthy (186).jpg.json
train/healthy/healthy (187).jpg,train,healthy,1,29,296300,3124,requires_human_review;candidate_on_healthy_image,metadata/train/healthy/healthy (187).jpg.json
train/healthy/healthy (189).jpg,train,healthy,1,0,566060,0,requires_human_review,metadata/train/healthy/healthy (189).jpg.json
train/healthy/healthy (19).jpg,train,healthy,1,17,603448,1680,requires_human_review;candidate_on_healthy_image,metadata/train/healthy/healthy (19).jpg.json
train/healthy/healthy (190).jpg,train,healthy,1,0,438856,0,requires_human_review,metadata/train/healthy/healthy (190).jpg.json
train/healthy/healthy (193).jpg,train,healthy,1,0,347504,0,requires_human_review,metadata/train/healthy/healthy (193).jpg.json
train/healthy/healthy (194).jpg,train,healthy,1,0,466100,0,requires_human_review,metadata/train/healthy/healthy (194).jpg.json
train/healthy/healthy (195).jpg,train,healthy,1,0,261604,0,requires_human_review,metadata/train/healthy/healthy (195).jpg.json
train/healthy/healthy (196).jpg,train,healthy,1,0,590060,0,requires_human_review,metadata/train/healthy/healthy (196).jpg.json
train/healthy/healthy (197).jpg,train,healthy,1,0,690196,0,requires_human_review,metadata/train/healthy/healthy (197).jpg.json
train/healthy/healthy (199).jpg,train,healthy,1,0,607220,0,requires_human_review,metadata/train/healthy/healthy (199).jpg.json
train/healthy/healthy (2).jpg,train,healthy,1,0,362784,0,requires_human_review,metadata/train/healthy/healthy (2).jpg.json
train/healthy/healthy (200).jpg,train,healthy,1,0,361464,0,requires_human_review,metadata/train/healthy/healthy (200).jpg.json
train/healthy/healthy (205).jpg,train,healthy,1,0,556756,0,requires_human_review,metadata/train/healthy/healthy (205).jpg.json
train/healthy/healthy (207).jpg,train,healthy,1,0,642328,0,requires_human_review,metadata/train/healthy/healthy (207).jpg.json
train/healthy/healthy (209).jpg,train,healthy,1,3,214316,36736,requires_human_review;candidate_on_healthy_image,metadata/train/healthy/healthy (209).jpg.json
train/healthy/healthy (210).jpg,train,healthy,1,1,195608,13968,requires_human_review;candidate_on_healthy_image,metadata/train/healthy/healthy (210).jpg.json
train/healthy/healthy (211).jpg,train,healthy,1,3,194516,14556,requires_human_review;candidate_on_healthy_image,metadata/train/healthy/healthy (211).jpg.json
train/healthy/healthy (212).jpg,train,healthy,1,3,192780,13656,requires_human_review;candidate_on_healthy_image,metadata/train/healthy/healthy (212).jpg.json
train/healthy/healthy (216).jpg,train,healthy,1,2,330724,79856,requires_human_review;candidate_on_healthy_image,metadata/train/healthy/healthy (216).jpg.json
train/healthy/healthy (217).jpg,train,healthy,1,9,265144,3184,requires_human_review;candidate_on_healthy_image,metadata/train/healthy/healthy (217).jpg.json
train/healthy/healthy (218).jpg,train,healthy,1,0,358872,0,requires_human_review,metadata/train/healthy/healthy (218).jpg.json
train/healthy/healthy (219).jpg,train,healthy,1,0,273776,0,requires_human_review,metadata/train/healthy/healthy (219).jpg.json
train/healthy/healthy (22).jpg,train,healthy,1,8,431216,664,requires_human_review;candidate_on_healthy_image,metadata/train/healthy/healthy (22).jpg.json
train/healthy/healthy (220).jpg,train,healthy,1,0,335052,0,requires_human_review,metadata/train/healthy/healthy (220).jpg.json
train/healthy/healthy (221).jpg,train,healthy,1,18,288024,14696,requires_human_review;candidate_on_healthy_image,metadata/train/healthy/healthy (221).jpg.json
train/healthy/healthy (222).jpg,train,healthy,1,0,495160,0,requires_human_review,metadata/train/healthy/healthy (222).jpg.json
train/healthy/healthy (225).jpg,train,healthy,1,37,451536,3840,requires_human_review;candidate_on_healthy_image,metadata/train/healthy/healthy (225).jpg.json
train/healthy/healthy (226).jpg,train,healthy,1,15,592852,2416,requires_human_review;candidate_on_healthy_image,metadata/train/healthy/healthy (226).jpg.json
train/healthy/healthy (227).jpg,train,healthy,1,21,594164,4876,requires_human_review;candidate_on_healthy_image,metadata/train/healthy/healthy (227).jpg.json
train/healthy/healthy (228).jpg,train,healthy,1,24,644484,8480,requires_human_review;candidate_on_healthy_image,metadata/train/healthy/healthy (228).jpg.json
train/healthy/healthy (23).jpg,train,healthy,1,21,354424,3876,requires_human_review;candidate_on_healthy_image,metadata/train/healthy/healthy (23).jpg.json
train/healthy/healthy (230).jpg,train,healthy,1,54,618832,14556,requires_human_review;candidate_on_healthy_image,metadata/train/healthy/healthy (230).jpg.json
train/healthy/healthy (232).jpg,train,healthy,1,11,893556,4932,requires_human_review;candidate_on_healthy_image,metadata/train/healthy/healthy (232).jpg.json
train/healthy/healthy (235).jpg,train,healthy,1,10,527072,3784,requires_human_review;candidate_on_healthy_image,metadata/train/healthy/healthy (235).jpg.json
train/healthy/healthy (236).jpg,train,healthy,1,0,692316,0,requires_human_review,metadata/train/healthy/healthy (236).jpg.json
train/healthy/healthy (237).jpg,train,healthy,1,13,616332,1032,requires_human_review;candidate_on_healthy_image,metadata/train/healthy/healthy (237).jpg.json
train/healthy/healthy (238).jpg,train,healthy,1,0,329416,0,requires_human_review,metadata/train/healthy/healthy (238).jpg.json
train/healthy/healthy (239).jpg,train,healthy,1,0,504752,0,requires_human_review,metadata/train/healthy/healthy (239).jpg.json
train/healthy/healthy (240).jpg,train,healthy,1,0,360004,0,requires_human_review,metadata/train/healthy/healthy (240).jpg.json
train/healthy/healthy (241).jpg,train,healthy,1,9,529856,3196,requires_human_review;candidate_on_healthy_image,metadata/train/healthy/healthy (241).jpg.json
train/healthy/healthy (242).jpg,train,healthy,1,1,729972,32,requires_human_review;candidate_on_healthy_image,metadata/train/healthy/healthy (242).jpg.json
train/healthy/healthy (244).jpg,train,healthy,1,0,429300,0,requires_human_review,metadata/train/healthy/healthy (244).jpg.json
train/healthy/healthy (245).jpg,train,healthy,1,5,361064,280,requires_human_review;candidate_on_healthy_image,metadata/train/healthy/healthy (245).jpg.json
train/healthy/healthy (246).jpg,train,healthy,1,0,322152,0,requires_human_review,metadata/train/healthy/healthy (246).jpg.json
train/healthy/healthy (250).jpg,train,healthy,1,15,527444,1884,requires_human_review;candidate_on_healthy_image,metadata/train/healthy/healthy (250).jpg.json
train/healthy/healthy (251).jpg,train,healthy,1,3,365568,312,requires_human_review;candidate_on_healthy_image,metadata/train/healthy/healthy (251).jpg.json
train/healthy/healthy (253).jpg,train,healthy,1,6,347656,4812,requires_human_review;candidate_on_healthy_image,metadata/train/healthy/healthy (253).jpg.json
train/healthy/healthy (257).jpg,train,healthy,1,19,451228,6232,requires_human_review;candidate_on_healthy_image,metadata/train/healthy/healthy (257).jpg.json
train/healthy/healthy (258).jpg,train,healthy,1,12,436916,11540,requires_human_review;candidate_on_healthy_image,metadata/train/healthy/healthy (258).jpg.json
train/healthy/healthy (259).jpg,train,healthy,1,27,453852,1944,requires_human_review;candidate_on_healthy_image,metadata/train/healthy/healthy (259).jpg.json
train/healthy/healthy (26).jpg,train,healthy,1,9,339408,444,requires_human_review;candidate_on_healthy_image,metadata/train/healthy/healthy (26).jpg.json
train/healthy/healthy (260).jpg,train,healthy,1,0,832736,0,requires_human_review,metadata/train/healthy/healthy (260).jpg.json
train/healthy/healthy (261).jpg,train,healthy,1,0,693172,0,requires_human_review,metadata/train/healthy/healthy (261).jpg.json
train/healthy/healthy (262).jpg,train,healthy,1,0,716452,0,requires_human_review,metadata/train/healthy/healthy (262).jpg.json
train/healthy/healthy (264).jpg,train,healthy,1,0,583188,0,requires_human_review,metadata/train/healthy/healthy (264).jpg.json
train/healthy/healthy (266).jpg,train,healthy,1,0,589980,0,requires_human_review,metadata/train/healthy/healthy (266).jpg.json
train/healthy/healthy (267).jpg,train,healthy,1,0,727080,0,requires_human_review,metadata/train/healthy/healthy (267).jpg.json
train/healthy/healthy (268).jpg,train,healthy,1,2,608888,332,requires_human_review;candidate_on_healthy_image,metadata/train/healthy/healthy (268).jpg.json
train/healthy/healthy (270).jpg,train,healthy,1,1,481248,128,requires_human_review;candidate_on_healthy_image,metadata/train/healthy/healthy (270).jpg.json
train/healthy/healthy (273).jpg,train,healthy,1,0,877940,0,requires_human_review,metadata/train/healthy/healthy (273).jpg.json
train/healthy/healthy (274).jpg,train,healthy,1,0,380160,0,requires_human_review,metadata/train/healthy/healthy (274).jpg.json
train/healthy/healthy (276).jpg,train,healthy,1,2,363940,144,requires_human_review;candidate_on_healthy_image,metadata/train/healthy/healthy (276).jpg.json
train/healthy/healthy (277).jpg,train,healthy,1,0,395296,0,requires_human_review,metadata/train/healthy/healthy (277).jpg.json
train/healthy/healthy (282).jpg,train,healthy,1,0,545700,0,requires_human_review,metadata/train/healthy/healthy (282).jpg.json
train/healthy/healthy (287).jpg,train,healthy,1,0,466524,0,requires_human_review,metadata/train/healthy/healthy (287).jpg.json
train/healthy/healthy (288).jpg,train,healthy,1,7,652108,1128,requires_human_review;candidate_on_healthy_image,metadata/train/healthy/healthy (288).jpg.json
train/healthy/healthy (289).jpg,train,healthy,1,0,534908,0,requires_human_review,metadata/train/healthy/healthy (289).jpg.json
train/healthy/healthy (291).jpg,train,healthy,1,4,325500,1204,requires_human_review;candidate_on_healthy_image,metadata/train/healthy/healthy (291).jpg.json
train/healthy/healthy (292).jpg,train,healthy,1,0,313760,0,requires_human_review,metadata/train/healthy/healthy (292).jpg.json
train/healthy/healthy (293).jpg,train,healthy,1,5,483908,484,requires_human_review;candidate_on_healthy_image,metadata/train/healthy/healthy (293).jpg.json
train/healthy/healthy (295).jpg,train,healthy,1,4,491900,416,requires_human_review;candidate_on_healthy_image,metadata/train/healthy/healthy (295).jpg.json
train/healthy/healthy (297).jpg,train,healthy,1,15,702172,1420,requires_human_review;candidate_on_healthy_image,metadata/train/healthy/healthy (297).jpg.json
train/healthy/healthy (298).jpg,train,healthy,1,1,535872,48,requires_human_review;candidate_on_healthy_image,metadata/train/healthy/healthy (298).jpg.json
train/healthy/healthy (299).jpg,train,healthy,1,0,313864,0,requires_human_review,metadata/train/healthy/healthy (299).jpg.json
train/healthy/healthy (3).jpg,train,healthy,1,0,495848,0,requires_human_review,metadata/train/healthy/healthy (3).jpg.json
train/healthy/healthy (302).jpg,train,healthy,1,12,290448,2308,requires_human_review;candidate_on_healthy_image,metadata/train/healthy/healthy (302).jpg.json
train/healthy/healthy (304).jpg,train,healthy,1,2,386636,164,requires_human_review;candidate_on_healthy_image,metadata/train/healthy/healthy (304).jpg.json
train/healthy/healthy (305).jpg,train,healthy,1,22,429884,16320,requires_human_review;candidate_on_healthy_image,metadata/train/healthy/healthy (305).jpg.json
train/healthy/healthy (306).jpg,train,healthy,1,8,430920,764,requires_human_review;candidate_on_healthy_image,metadata/train/healthy/healthy (306).jpg.json
train/healthy/healthy (307).jpg,train,healthy,1,1,585300,272,requires_human_review;candidate_on_healthy_image,metadata/train/healthy/healthy (307).jpg.json
train/healthy/healthy (308).jpg,train,healthy,1,5,399896,1056,requires_human_review;candidate_on_healthy_image,metadata/train/healthy/healthy (308).jpg.json
train/healthy/healthy (31).jpg,train,healthy,1,7,349552,496,requires_human_review;candidate_on_healthy_image,metadata/train/healthy/healthy (31).jpg.json
train/healthy/healthy (310).jpg,train,healthy,1,0,385496,0,requires_human_review,metadata/train/healthy/healthy (310).jpg.json
train/healthy/healthy (311).jpg,train,healthy,1,5,694220,8948,requires_human_review;candidate_on_healthy_image,metadata/train/healthy/healthy (311).jpg.json
train/healthy/healthy (312).jpg,train,healthy,1,7,466256,404,requires_human_review;candidate_on_healthy_image,metadata/train/healthy/healthy (312).jpg.json
train/healthy/healthy (313).jpg,train,healthy,1,20,537084,2012,requires_human_review;candidate_on_healthy_image,metadata/train/healthy/healthy (313).jpg.json
train/healthy/healthy (316).jpg,train,healthy,1,4,324448,240,requires_human_review;candidate_on_healthy_image,metadata/train/healthy/healthy (316).jpg.json
train/healthy/healthy (318).jpg,train,healthy,1,4,345940,328,requires_human_review;candidate_on_healthy_image,metadata/train/healthy/healthy (318).jpg.json
train/healthy/healthy (319).jpg,train,healthy,1,0,288392,0,requires_human_review,metadata/train/healthy/healthy (319).jpg.json
train/healthy/healthy (32).jpg,train,healthy,1,3,343764,192,requires_human_review;candidate_on_healthy_image,metadata/train/healthy/healthy (32).jpg.json
train/healthy/healthy (322).jpg,train,healthy,1,1,453348,32,requires_human_review;candidate_on_healthy_image,metadata/train/healthy/healthy (322).jpg.json
train/healthy/healthy (323).jpg,train,healthy,1,6,248332,660,requires_human_review;candidate_on_healthy_image,metadata/train/healthy/healthy (323).jpg.json
train/healthy/healthy (325).jpg,train,healthy,1,0,360032,0,requires_human_review,metadata/train/healthy/healthy (325).jpg.json
train/healthy/healthy (326).jpg,train,healthy,1,8,404224,400,requires_human_review;candidate_on_healthy_image,metadata/train/healthy/healthy (326).jpg.json
train/healthy/healthy (330).jpg,train,healthy,1,7,400296,388,requires_human_review;candidate_on_healthy_image,metadata/train/healthy/healthy (330).jpg.json
train/healthy/healthy (331).jpg,train,healthy,2,0,461868,0,requires_human_review;multiple_leaf_components,metadata/train/healthy/healthy (331).jpg.json
train/healthy/healthy (332).jpg,train,healthy,1,4,417336,228,requires_human_review;candidate_on_healthy_image,metadata/train/healthy/healthy (332).jpg.json
train/healthy/healthy (334).jpg,train,healthy,1,2,459632,96,requires_human_review;candidate_on_healthy_image,metadata/train/healthy/healthy (334).jpg.json
train/healthy/healthy (335).jpg,train,healthy,1,16,411984,2332,requires_human_review;candidate_on_healthy_image,metadata/train/healthy/healthy (335).jpg.json
train/healthy/healthy (338).jpg,train,healthy,1,10,496460,736,requires_human_review;candidate_on_healthy_image,metadata/train/healthy/healthy (338).jpg.json
train/healthy/healthy (339).jpg,train,healthy,1,19,444400,2448,requires_human_review;candidate_on_healthy_image,metadata/train/healthy/healthy (339).jpg.json
train/healthy/healthy (344).jpg,train,healthy,1,3,728844,104,requires_human_review;candidate_on_healthy_image,metadata/train/healthy/healthy (344).jpg.json
train/healthy/healthy (345).jpg,train,healthy,1,6,568824,328,requires_human_review;candidate_on_healthy_image,metadata/train/healthy/healthy (345).jpg.json
train/healthy/healthy (347).jpg,train,healthy,1,0,284796,0,requires_human_review,metadata/train/healthy/healthy (347).jpg.json
train/healthy/healthy (348).jpg,train,healthy,1,1,300048,120,requires_human_review;candidate_on_healthy_image,metadata/train/healthy/healthy (348).jpg.json
train/healthy/healthy (35).jpg,train,healthy,1,20,492464,15296,requires_human_review;candidate_on_healthy_image,metadata/train/healthy/healthy (35).jpg.json
train/healthy/healthy (37).jpg,train,healthy,1,16,399240,1240,requires_human_review;candidate_on_healthy_image,metadata/train/healthy/healthy (37).jpg.json
train/healthy/healthy (38).jpg,train,healthy,1,0,359552,0,requires_human_review,metadata/train/healthy/healthy (38).jpg.json
train/healthy/healthy (39).jpg,train,healthy,1,9,751836,632,requires_human_review;candidate_on_healthy_image,metadata/train/healthy/healthy (39).jpg.json
train/healthy/healthy (4).jpg,train,healthy,1,0,365156,0,requires_human_review,metadata/train/healthy/healthy (4).jpg.json
train/healthy/healthy (41).jpg,train,healthy,1,20,546100,7708,requires_human_review;candidate_on_healthy_image,metadata/train/healthy/healthy (41).jpg.json
train/healthy/healthy (42).jpg,train,healthy,1,25,575448,9436,requires_human_review;candidate_on_healthy_image,metadata/train/healthy/healthy (42).jpg.json
train/healthy/healthy (43).jpg,train,healthy,1,9,623976,1604,requires_human_review;candidate_on_healthy_image,metadata/train/healthy/healthy (43).jpg.json
train/healthy/healthy (44).jpg,train,healthy,1,16,403280,2308,requires_human_review;candidate_on_healthy_image,metadata/train/healthy/healthy (44).jpg.json
train/healthy/healthy (45).jpg,train,healthy,1,6,389464,496,requires_human_review;candidate_on_healthy_image,metadata/train/healthy/healthy (45).jpg.json
train/healthy/healthy (47).jpg,train,healthy,1,0,266104,0,requires_human_review,metadata/train/healthy/healthy (47).jpg.json
train/healthy/healthy (48).jpg,train,healthy,1,0,421384,0,requires_human_review,metadata/train/healthy/healthy (48).jpg.json
train/healthy/healthy (49).jpg,train,healthy,1,11,353264,2096,requires_human_review;candidate_on_healthy_image,metadata/train/healthy/healthy (49).jpg.json
train/healthy/healthy (5).jpg,train,healthy,1,13,299012,12376,requires_human_review;candidate_on_healthy_image,metadata/train/healthy/healthy (5).jpg.json
train/healthy/healthy (50).jpg,train,healthy,1,5,388268,576,requires_human_review;candidate_on_healthy_image,metadata/train/healthy/healthy (50).jpg.json
train/healthy/healthy (51).jpg,train,healthy,1,2,294020,96,requires_human_review;candidate_on_healthy_image,metadata/train/healthy/healthy (51).jpg.json
train/healthy/healthy (52).jpg,train,healthy,1,0,320376,0,requires_human_review,metadata/train/healthy/healthy (52).jpg.json
train/healthy/healthy (53).jpg,train,healthy,1,4,346668,264,requires_human_review;candidate_on_healthy_image,metadata/train/healthy/healthy (53).jpg.json
train/healthy/healthy (56).jpg,train,healthy,1,0,335516,0,requires_human_review,metadata/train/healthy/healthy (56).jpg.json
train/healthy/healthy (58).jpg,train,healthy,1,3,431000,148,requires_human_review;candidate_on_healthy_image,metadata/train/healthy/healthy (58).jpg.json
train/healthy/healthy (59).jpg,train,healthy,1,0,407208,0,requires_human_review,metadata/train/healthy/healthy (59).jpg.json
train/healthy/healthy (6).jpg,train,healthy,1,16,399880,1228,requires_human_review;candidate_on_healthy_image,metadata/train/healthy/healthy (6).jpg.json
train/healthy/healthy (61).jpg,train,healthy,1,6,320008,880,requires_human_review;candidate_on_healthy_image,metadata/train/healthy/healthy (61).jpg.json
train/healthy/healthy (62).jpg,train,healthy,1,8,358548,1928,requires_human_review;candidate_on_healthy_image,metadata/train/healthy/healthy (62).jpg.json
train/healthy/healthy (63).jpg,train,healthy,1,8,679888,1028,requires_human_review;candidate_on_healthy_image,metadata/train/healthy/healthy (63).jpg.json
train/healthy/healthy (64).jpg,train,healthy,1,0,480932,0,requires_human_review,metadata/train/healthy/healthy (64).jpg.json
train/healthy/healthy (66).jpg,train,healthy,1,0,444984,0,requires_human_review,metadata/train/healthy/healthy (66).jpg.json
train/healthy/healthy (67).jpg,train,healthy,1,0,590060,0,requires_human_review,metadata/train/healthy/healthy (67).jpg.json
train/healthy/healthy (68).jpg,train,healthy,1,0,713796,0,requires_human_review,metadata/train/healthy/healthy (68).jpg.json
train/healthy/healthy (69).jpg,train,healthy,1,0,487988,0,requires_human_review,metadata/train/healthy/healthy (69).jpg.json
train/healthy/healthy (7).jpg,train,healthy,1,7,356472,532,requires_human_review;candidate_on_healthy_image,metadata/train/healthy/healthy (7).jpg.json
train/healthy/healthy (71).jpg,train,healthy,1,0,427244,0,requires_human_review,metadata/train/healthy/healthy (71).jpg.json
train/healthy/healthy (72).jpg,train,healthy,1,0,642328,0,requires_human_review,metadata/train/healthy/healthy (72).jpg.json
train/healthy/healthy (73).jpg,train,healthy,1,0,532216,0,requires_human_review,metadata/train/healthy/healthy (73).jpg.json
train/healthy/healthy (78).jpg,train,healthy,1,2,363940,144,requires_human_review;candidate_on_healthy_image,metadata/train/healthy/healthy (78).jpg.json
train/healthy/healthy (79).jpg,train,healthy,1,0,407556,0,requires_human_review,metadata/train/healthy/healthy (79).jpg.json
train/healthy/healthy (8).jpg,train,healthy,1,1,286660,80,requires_human_review;candidate_on_healthy_image,metadata/train/healthy/healthy (8).jpg.json
train/healthy/healthy (80).jpg,train,healthy,1,0,545700,0,requires_human_review,metadata/train/healthy/healthy (80).jpg.json
train/healthy/healthy (81).jpg,train,healthy,1,0,287440,0,requires_human_review,metadata/train/healthy/healthy (81).jpg.json
train/healthy/healthy (82).jpg,train,healthy,1,0,279420,0,requires_human_review,metadata/train/healthy/healthy (82).jpg.json
train/healthy/healthy (86).jpg,train,healthy,1,1,438404,36,requires_human_review;candidate_on_healthy_image,metadata/train/healthy/healthy (86).jpg.json
train/healthy/healthy (87).jpg,train,healthy,1,0,395008,0,requires_human_review,metadata/train/healthy/healthy (87).jpg.json
train/healthy/healthy (9).jpg,train,healthy,1,0,367760,0,requires_human_review,metadata/train/healthy/healthy (9).jpg.json
train/healthy/healthy (90).jpg,train,healthy,1,5,694220,8948,requires_human_review;candidate_on_healthy_image,metadata/train/healthy/healthy (90).jpg.json
train/healthy/healthy (92).jpg,train,healthy,1,2,446868,232,requires_human_review;candidate_on_healthy_image,metadata/train/healthy/healthy (92).jpg.json
train/healthy/healthy (94).jpg,train,healthy,1,17,444808,3400,requires_human_review;candidate_on_healthy_image,metadata/train/healthy/healthy (94).jpg.json
train/healthy/healthy (95).jpg,train,healthy,1,19,444400,2448,requires_human_review;candidate_on_healthy_image,metadata/train/healthy/healthy (95).jpg.json
train/healthy/healthy (96).jpg,train,healthy,1,3,728844,104,requires_human_review;candidate_on_healthy_image,metadata/train/healthy/healthy (96).jpg.json
train/healthy/healthy (97).jpg,train,healthy,1,0,284796,0,requires_human_review,metadata/train/healthy/healthy (97).jpg.json
train/healthy/healthy (98).jpg,train,healthy,1,0,495848,0,requires_human_review,metadata/train/healthy/healthy (98).jpg.json
train/healthy/healthy (99).jpg,train,healthy,1,2,490352,100,requires_human_review;candidate_on_healthy_image,metadata/train/healthy/healthy (99).jpg.json
train/leaf_blast/leaf_blast (1).jpg,train,leaf_blast,1,2,278104,1264,requires_human_review,metadata/train/leaf_blast/leaf_blast (1).jpg.json
train/leaf_blast/leaf_blast (10).jpg,train,leaf_blast,1,0,289904,0,requires_human_review;no_candidate_on_diseased_image,metadata/train/leaf_blast/leaf_blast (10).jpg.json
train/leaf_blast/leaf_blast (101).jpg,train,leaf_blast,1,1,164424,3468,requires_human_review,metadata/train/leaf_blast/leaf_blast (101).jpg.json
train/leaf_blast/leaf_blast (102).jpg,train,leaf_blast,1,2,123248,2508,requires_human_review,metadata/train/leaf_blast/leaf_blast (102).jpg.json
train/leaf_blast/leaf_blast (103).jpg,train,leaf_blast,1,2,175832,3412,requires_human_review,metadata/train/leaf_blast/leaf_blast (103).jpg.json
train/leaf_blast/leaf_blast (105).jpg,train,leaf_blast,1,8,268768,39676,requires_human_review,metadata/train/leaf_blast/leaf_blast (105).jpg.json
train/leaf_blast/leaf_blast (107).jpg,train,leaf_blast,1,12,241668,46336,requires_human_review,metadata/train/leaf_blast/leaf_blast (107).jpg.json
train/leaf_blast/leaf_blast (108).jpg,train,leaf_blast,1,1,387708,936,requires_human_review,metadata/train/leaf_blast/leaf_blast (108).jpg.json
train/leaf_blast/leaf_blast (109).jpg,train,leaf_blast,1,8,262600,484,requires_human_review,metadata/train/leaf_blast/leaf_blast (109).jpg.json
train/leaf_blast/leaf_blast (11).jpg,train,leaf_blast,1,12,436748,1988,requires_human_review,metadata/train/leaf_blast/leaf_blast (11).jpg.json
train/leaf_blast/leaf_blast (110).jpg,train,leaf_blast,1,8,248984,3484,requires_human_review,metadata/train/leaf_blast/leaf_blast (110).jpg.json
train/leaf_blast/leaf_blast (113).jpg,train,leaf_blast,1,2,262424,1260,requires_human_review,metadata/train/leaf_blast/leaf_blast (113).jpg.json
train/leaf_blast/leaf_blast (114).jpg,train,leaf_blast,1,17,353420,14608,requires_human_review,metadata/train/leaf_blast/leaf_blast (114).jpg.json
train/leaf_blast/leaf_blast (115).jpg,train,leaf_blast,1,23,362208,4112,requires_human_review,metadata/train/leaf_blast/leaf_blast (115).jpg.json
train/leaf_blast/leaf_blast (116).jpg,train,leaf_blast,1,1,347836,908,requires_human_review,metadata/train/leaf_blast/leaf_blast (116).jpg.json
train/leaf_blast/leaf_blast (119).jpg,train,leaf_blast,1,14,311508,59308,requires_human_review,metadata/train/leaf_blast/leaf_blast (119).jpg.json
train/leaf_blast/leaf_blast (12).jpg,train,leaf_blast,1,0,265028,0,requires_human_review;no_candidate_on_diseased_image,metadata/train/leaf_blast/leaf_blast (12).jpg.json
train/leaf_blast/leaf_blast (122).jpg,train,leaf_blast,1,8,325232,47840,requires_human_review,metadata/train/leaf_blast/leaf_blast (122).jpg.json
train/leaf_blast/leaf_blast (123).jpg,train,leaf_blast,1,10,179244,35196,requires_human_review,metadata/train/leaf_blast/leaf_blast (123).jpg.json
train/leaf_blast/leaf_blast (124).jpg,train,leaf_blast,1,17,262768,51928,requires_human_review,metadata/train/leaf_blast/leaf_blast (124).jpg.json
train/leaf_blast/leaf_blast (126).jpg,train,leaf_blast,1,47,319776,80848,requires_human_review,metadata/train/leaf_blast/leaf_blast (126).jpg.json
train/leaf_blast/leaf_blast (127).jpg,train,leaf_blast,1,64,594236,150404,requires_human_review,metadata/train/leaf_blast/leaf_blast (127).jpg.json
train/leaf_blast/leaf_blast (128).jpg,train,leaf_blast,4,14,219132,28136,requires_human_review;multiple_leaf_components;complex_foreground_review,metadata/train/leaf_blast/leaf_blast (128).jpg.json
train/leaf_blast/leaf_blast (129).jpg,train,leaf_blast,2,8,81060,12028,requires_human_review;multiple_leaf_components,metadata/train/leaf_blast/leaf_blast (129).jpg.json
train/leaf_blast/leaf_blast (13).jpg,train,leaf_blast,1,20,336048,67320,requires_human_review,metadata/train/leaf_blast/leaf_blast (13).jpg.json
train/leaf_blast/leaf_blast (130).jpg,train,leaf_blast,1,69,687228,173912,requires_human_review,metadata/train/leaf_blast/leaf_blast (130).jpg.json
train/leaf_blast/leaf_blast (134).jpg,train,leaf_blast,2,10,80720,11880,requires_human_review;multiple_leaf_components,metadata/train/leaf_blast/leaf_blast (134).jpg.json
train/leaf_blast/leaf_blast (135).jpg,train,leaf_blast,1,64,2558996,420844,requires_human_review;high_foreground_coverage;complex_foreground_review,metadata/train/leaf_blast/leaf_blast (135).jpg.json
train/leaf_blast/leaf_blast (137).jpg,train,leaf_blast,1,11,241540,46176,requires_human_review,metadata/train/leaf_blast/leaf_blast (137).jpg.json
train/leaf_blast/leaf_blast (139).jpg,train,leaf_blast,1,8,325244,47976,requires_human_review,metadata/train/leaf_blast/leaf_blast (139).jpg.json
train/leaf_blast/leaf_blast (141).jpg,train,leaf_blast,1,10,207732,39780,requires_human_review,metadata/train/leaf_blast/leaf_blast (141).jpg.json
train/leaf_blast/leaf_blast (142).jpg,train,leaf_blast,1,47,319780,80824,requires_human_review,metadata/train/leaf_blast/leaf_blast (142).jpg.json
train/leaf_blast/leaf_blast (144).jpg,train,leaf_blast,2,10,82680,11800,requires_human_review;multiple_leaf_components,metadata/train/leaf_blast/leaf_blast (144).jpg.json
train/leaf_blast/leaf_blast (145).jpg,train,leaf_blast,1,67,687264,175456,requires_human_review,metadata/train/leaf_blast/leaf_blast (145).jpg.json
train/leaf_blast/leaf_blast (147).jpg,train,leaf_blast,4,14,221644,28100,requires_human_review;multiple_leaf_components;complex_foreground_review,metadata/train/leaf_blast/leaf_blast (147).jpg.json
train/leaf_blast/leaf_blast (148).jpg,train,leaf_blast,2,10,80720,11880,requires_human_review;multiple_leaf_components,metadata/train/leaf_blast/leaf_blast (148).jpg.json
train/leaf_blast/leaf_blast (151).jpg,train,leaf_blast,1,8,325176,47936,requires_human_review,metadata/train/leaf_blast/leaf_blast (151).jpg.json
train/leaf_blast/leaf_blast (152).jpg,train,leaf_blast,1,10,179352,34896,requires_human_review,metadata/train/leaf_blast/leaf_blast (152).jpg.json
train/leaf_blast/leaf_blast (153).jpg,train,leaf_blast,1,52,320084,81656,requires_human_review,metadata/train/leaf_blast/leaf_blast (153).jpg.json
train/leaf_blast/leaf_blast (154).jpg,train,leaf_blast,1,22,198628,6468,requires_human_review,metadata/train/leaf_blast/leaf_blast (154).jpg.json
train/leaf_blast/leaf_blast (155).jpg,train,leaf_blast,1,10,620080,87228,requires_human_review,metadata/train/leaf_blast/leaf_blast (155).jpg.json
train/leaf_blast/leaf_blast (156).jpg,train,leaf_blast,1,11,226700,9420,requires_human_review,metadata/train/leaf_blast/leaf_blast (156).jpg.json
train/leaf_blast/leaf_blast (164).jpg,train,leaf_blast,1,3,217484,1152,requires_human_review,metadata/train/leaf_blast/leaf_blast (164).jpg.json
train/leaf_blast/leaf_blast (165).jpg,train,leaf_blast,1,0,205256,0,requires_human_review;no_candidate_on_diseased_image,metadata/train/leaf_blast/leaf_blast (165).jpg.json
train/leaf_blast/leaf_blast (166).jpg,train,leaf_blast,1,1,178812,34348,requires_human_review,metadata/train/leaf_blast/leaf_blast (166).jpg.json
train/leaf_blast/leaf_blast (167).jpg,train,leaf_blast,1,2,435288,42256,requires_human_review,metadata/train/leaf_blast/leaf_blast (167).jpg.json
train/leaf_blast/leaf_blast (168).jpg,train,leaf_blast,1,3,470956,38488,requires_human_review,metadata/train/leaf_blast/leaf_blast (168).jpg.json
train/leaf_blast/leaf_blast (169).jpg,train,leaf_blast,1,3,614048,2620,requires_human_review,metadata/train/leaf_blast/leaf_blast (169).jpg.json
train/leaf_blast/leaf_blast (17).jpg,train,leaf_blast,1,1,527640,6684,requires_human_review,metadata/train/leaf_blast/leaf_blast (17).jpg.json
train/leaf_blast/leaf_blast (171).jpg,train,leaf_blast,1,5,270072,888,requires_human_review,metadata/train/leaf_blast/leaf_blast (171).jpg.json
train/leaf_blast/leaf_blast (173).jpg,train,leaf_blast,1,1,319180,13952,requires_human_review,metadata/train/leaf_blast/leaf_blast (173).jpg.json
train/leaf_blast/leaf_blast (174).jpg,train,leaf_blast,1,1,336300,12180,requires_human_review,metadata/train/leaf_blast/leaf_blast (174).jpg.json
train/leaf_blast/leaf_blast (176).jpg,train,leaf_blast,1,4,1121912,2780,requires_human_review,metadata/train/leaf_blast/leaf_blast (176).jpg.json
train/leaf_blast/leaf_blast (178).jpg,train,leaf_blast,1,1,975004,10936,requires_human_review,metadata/train/leaf_blast/leaf_blast (178).jpg.json
train/leaf_blast/leaf_blast (179).jpg,train,leaf_blast,1,11,401960,133592,requires_human_review,metadata/train/leaf_blast/leaf_blast (179).jpg.json
train/leaf_blast/leaf_blast (183).jpg,train,leaf_blast,1,1,646224,2612,requires_human_review,metadata/train/leaf_blast/leaf_blast (183).jpg.json
train/leaf_blast/leaf_blast (184).jpg,train,leaf_blast,1,1,632988,2608,requires_human_review,metadata/train/leaf_blast/leaf_blast (184).jpg.json
train/leaf_blast/leaf_blast (185).jpg,train,leaf_blast,1,2,156960,1980,requires_human_review,metadata/train/leaf_blast/leaf_blast (185).jpg.json
train/leaf_blast/leaf_blast (186).jpg,train,leaf_blast,1,1,207488,4460,requires_human_review,metadata/train/leaf_blast/leaf_blast (186).jpg.json
train/leaf_blast/leaf_blast (19).jpg,train,leaf_blast,1,18,118656,17340,requires_human_review,metadata/train/leaf_blast/leaf_blast (19).jpg.json
train/leaf_blast/leaf_blast (191).jpg,train,leaf_blast,1,1,332728,28644,requires_human_review,metadata/train/leaf_blast/leaf_blast (191).jpg.json
train/leaf_blast/leaf_blast (192).jpg,train,leaf_blast,3,11,134844,20856,requires_human_review;multiple_leaf_components,metadata/train/leaf_blast/leaf_blast (192).jpg.json
train/leaf_blast/leaf_blast (194).jpg,train,leaf_blast,2,8,81000,12316,requires_human_review;multiple_leaf_components,metadata/train/leaf_blast/leaf_blast (194).jpg.json
train/leaf_blast/leaf_blast (199).jpg,train,leaf_blast,1,10,179240,35080,requires_human_review,metadata/train/leaf_blast/leaf_blast (199).jpg.json
train/leaf_blast/leaf_blast (20).jpg,train,leaf_blast,1,4,162608,7448,requires_human_review,metadata/train/leaf_blast/leaf_blast (20).jpg.json
train/leaf_blast/leaf_blast (200).jpg,train,leaf_blast,1,10,207768,39716,requires_human_review,metadata/train/leaf_blast/leaf_blast (200).jpg.json
train/leaf_blast/leaf_blast (201).jpg,train,leaf_blast,2,12,80036,11484,requires_human_review;multiple_leaf_components,metadata/train/leaf_blast/leaf_blast (201).jpg.json
train/leaf_blast/leaf_blast (202).jpg,train,leaf_blast,1,11,311592,59428,requires_human_review,metadata/train/leaf_blast/leaf_blast (202).jpg.json
train/leaf_blast/leaf_blast (203).jpg,train,leaf_blast,1,9,325220,47852,requires_human_review,metadata/train/leaf_blast/leaf_blast (203).jpg.json
train/leaf_blast/leaf_blast (206).jpg,train,leaf_blast,1,10,207776,39816,requires_human_review,metadata/train/leaf_blast/leaf_blast (206).jpg.json
train/leaf_blast/leaf_blast (209).jpg,train,leaf_blast,1,10,179240,35176,requires_human_review,metadata/train/leaf_blast/leaf_blast (209).jpg.json
train/leaf_blast/leaf_blast (210).jpg,train,leaf_blast,1,21,262784,51908,requires_human_review,metadata/train/leaf_blast/leaf_blast (210).jpg.json
train/leaf_blast/leaf_blast (211).jpg,train,leaf_blast,1,49,319836,81076,requires_human_review,metadata/train/leaf_blast/leaf_blast (211).jpg.json
train/leaf_blast/leaf_blast (212).jpg,train,leaf_blast,3,11,134844,20856,requires_human_review;multiple_leaf_components,metadata/train/leaf_blast/leaf_blast (212).jpg.json
train/leaf_blast/leaf_blast (213).jpg,train,leaf_blast,4,14,218852,27936,requires_human_review;multiple_leaf_components;complex_foreground_review,metadata/train/leaf_blast/leaf_blast (213).jpg.json
train/leaf_blast/leaf_blast (214).jpg,train,leaf_blast,2,8,81000,12316,requires_human_review;multiple_leaf_components,metadata/train/leaf_blast/leaf_blast (214).jpg.json
train/leaf_blast/leaf_blast (217).jpg,train,leaf_blast,1,1,410704,832,requires_human_review,metadata/train/leaf_blast/leaf_blast (217).jpg.json
train/leaf_blast/leaf_blast (218).jpg,train,leaf_blast,1,12,311624,59408,requires_human_review,metadata/train/leaf_blast/leaf_blast (218).jpg.json
train/leaf_blast/leaf_blast (22).jpg,train,leaf_blast,1,2,263836,160,requires_human_review,metadata/train/leaf_blast/leaf_blast (22).jpg.json
train/leaf_blast/leaf_blast (222).jpg,train,leaf_blast,1,10,179240,35080,requires_human_review,metadata/train/leaf_blast/leaf_blast (222).jpg.json
train/leaf_blast/leaf_blast (225).jpg,train,leaf_blast,1,4,128104,15808,requires_human_review,metadata/train/leaf_blast/leaf_blast (225).jpg.json
train/leaf_blast/leaf_blast (226).jpg,train,leaf_blast,1,2,119956,16576,requires_human_review,metadata/train/leaf_blast/leaf_blast (226).jpg.json
train/leaf_blast/leaf_blast (228).jpg,train,leaf_blast,1,3,285424,8632,requires_human_review,metadata/train/leaf_blast/leaf_blast (228).jpg.json
train/leaf_blast/leaf_blast (229).jpg,train,leaf_blast,1,6,435616,5364,requires_human_review,metadata/train/leaf_blast/leaf_blast (229).jpg.json
train/leaf_blast/leaf_blast (230).jpg,train,leaf_blast,1,6,549968,10488,requires_human_review,metadata/train/leaf_blast/leaf_blast (230).jpg.json
train/leaf_blast/leaf_blast (231).jpg,train,leaf_blast,1,5,414316,7660,requires_human_review,metadata/train/leaf_blast/leaf_blast (231).jpg.json
train/leaf_blast/leaf_blast (232).jpg,train,leaf_blast,1,5,583996,7212,requires_human_review,metadata/train/leaf_blast/leaf_blast (232).jpg.json
train/leaf_blast/leaf_blast (235).jpg,train,leaf_blast,1,2,542796,7248,requires_human_review,metadata/train/leaf_blast/leaf_blast (235).jpg.json
train/leaf_blast/leaf_blast (236).jpg,train,leaf_blast,1,2,527836,6916,requires_human_review,metadata/train/leaf_blast/leaf_blast (236).jpg.json
train/leaf_blast/leaf_blast (237).jpg,train,leaf_blast,1,5,404836,3568,requires_human_review,metadata/train/leaf_blast/leaf_blast (237).jpg.json
train/leaf_blast/leaf_blast (238).jpg,train,leaf_blast,1,3,170280,3052,requires_human_review,metadata/train/leaf_blast/leaf_blast (238).jpg.json
train/leaf_blast/leaf_blast (24).jpg,train,leaf_blast,1,2,435356,42416,requires_human_review,metadata/train/leaf_blast/leaf_blast (24).jpg.json
train/leaf_blast/leaf_blast (241).jpg,train,leaf_blast,1,12,457920,35624,requires_human_review,metadata/train/leaf_blast/leaf_blast (241).jpg.json
train/leaf_blast/leaf_blast (242).jpg,train,leaf_blast,1,12,418836,12128,requires_human_review,metadata/train/leaf_blast/leaf_blast (242).jpg.json
train/leaf_blast/leaf_blast (243).jpg,train,leaf_blast,1,6,271836,35988,requires_human_review,metadata/train/leaf_blast/leaf_blast (243).jpg.json
train/leaf_blast/leaf_blast (245).jpg,train,leaf_blast,1,35,336040,26576,requires_human_review,metadata/train/leaf_blast/leaf_blast (245).jpg.json
train/leaf_blast/leaf_blast (246).jpg,train,leaf_blast,1,35,788012,71076,requires_human_review,metadata/train/leaf_blast/leaf_blast (246).jpg.json
train/leaf_blast/leaf_blast (248).jpg,train,leaf_blast,1,1,253420,31016,requires_human_review,metadata/train/leaf_blast/leaf_blast (248).jpg.json
train/leaf_blast/leaf_blast (249).jpg,train,leaf_blast,1,4,420204,83184,requires_human_review,metadata/train/leaf_blast/leaf_blast (249).jpg.json
train/leaf_blast/leaf_blast (250).jpg,train,leaf_blast,1,22,371176,92076,requires_human_review,metadata/train/leaf_blast/leaf_blast (250).jpg.json
train/leaf_blast/leaf_blast (252).jpg,train,leaf_blast,1,6,292192,7352,requires_human_review,metadata/train/leaf_blast/leaf_blast (252).jpg.json
train/leaf_blast/leaf_blast (253).jpg,train,leaf_blast,1,37,519912,25856,requires_human_review,metadata/train/leaf_blast/leaf_blast (253).jpg.json
train/leaf_blast/leaf_blast (255).jpg,train,leaf_blast,1,0,318008,0,requires_human_review;no_candidate_on_diseased_image,metadata/train/leaf_blast/leaf_blast (255).jpg.json
train/leaf_blast/leaf_blast (256).jpg,train,leaf_blast,1,24,379644,8020,requires_human_review,metadata/train/leaf_blast/leaf_blast (256).jpg.json
train/leaf_blast/leaf_blast (26).jpg,train,leaf_blast,1,2,614040,2640,requires_human_review,metadata/train/leaf_blast/leaf_blast (26).jpg.json
train/leaf_blast/leaf_blast (260).jpg,train,leaf_blast,1,3,132524,420,requires_human_review,metadata/train/leaf_blast/leaf_blast (260).jpg.json
train/leaf_blast/leaf_blast (261).jpg,train,leaf_blast,1,5,206356,1464,requires_human_review,metadata/train/leaf_blast/leaf_blast (261).jpg.json
train/leaf_blast/leaf_blast (262).jpg,train,leaf_blast,1,5,281396,1796,requires_human_review,metadata/train/leaf_blast/leaf_blast (262).jpg.json
train/leaf_blast/leaf_blast (265).jpg,train,leaf_blast,1,2,399092,7684,requires_human_review,metadata/train/leaf_blast/leaf_blast (265).jpg.json
train/leaf_blast/leaf_blast (268).jpg,train,leaf_blast,1,5,471184,2512,requires_human_review,metadata/train/leaf_blast/leaf_blast (268).jpg.json
train/leaf_blast/leaf_blast (269).jpg,train,leaf_blast,1,4,284888,1548,requires_human_review,metadata/train/leaf_blast/leaf_blast (269).jpg.json
train/leaf_blast/leaf_blast (27).jpg,train,leaf_blast,1,2,618936,4888,requires_human_review,metadata/train/leaf_blast/leaf_blast (27).jpg.json
train/leaf_blast/leaf_blast (270).jpg,train,leaf_blast,1,4,266204,1152,requires_human_review,metadata/train/leaf_blast/leaf_blast (270).jpg.json
train/leaf_blast/leaf_blast (271).jpg,train,leaf_blast,1,2,349188,6060,requires_human_review,metadata/train/leaf_blast/leaf_blast (271).jpg.json
train/leaf_blast/leaf_blast (273).jpg,train,leaf_blast,1,3,210152,148,requires_human_review,metadata/train/leaf_blast/leaf_blast (273).jpg.json
train/leaf_blast/leaf_blast (274).jpg,train,leaf_blast,1,3,310296,500,requires_human_review,metadata/train/leaf_blast/leaf_blast (274).jpg.json
train/leaf_blast/leaf_blast (275).jpg,train,leaf_blast,1,1,306376,204,requires_human_review,metadata/train/leaf_blast/leaf_blast (275).jpg.json
train/leaf_blast/leaf_blast (276).jpg,train,leaf_blast,1,1,213848,32,requires_human_review,metadata/train/leaf_blast/leaf_blast (276).jpg.json
train/leaf_blast/leaf_blast (277).jpg,train,leaf_blast,1,1,230604,1052,requires_human_review,metadata/train/leaf_blast/leaf_blast (277).jpg.json
train/leaf_blast/leaf_blast (278).jpg,train,leaf_blast,1,3,193168,196,requires_human_review,metadata/train/leaf_blast/leaf_blast (278).jpg.json
train/leaf_blast/leaf_blast (28).jpg,train,leaf_blast,1,2,373460,1652,requires_human_review,metadata/train/leaf_blast/leaf_blast (28).jpg.json
train/leaf_blast/leaf_blast (280).jpg,train,leaf_blast,1,3,316432,4040,requires_human_review,metadata/train/leaf_blast/leaf_blast (280).jpg.json
train/leaf_blast/leaf_blast (281).jpg,train,leaf_blast,1,27,420564,19308,requires_human_review,metadata/train/leaf_blast/leaf_blast (281).jpg.json
train/leaf_blast/leaf_blast (282).jpg,train,leaf_blast,1,1,326444,4956,requires_human_review,metadata/train/leaf_blast/leaf_blast (282).jpg.json
train/leaf_blast/leaf_blast (283).jpg,train,leaf_blast,1,0,190692,0,requires_human_review;no_candidate_on_diseased_image,metadata/train/leaf_blast/leaf_blast (283).jpg.json
train/leaf_blast/leaf_blast (284).jpg,train,leaf_blast,1,3,240500,1768,requires_human_review,metadata/train/leaf_blast/leaf_blast (284).jpg.json
train/leaf_blast/leaf_blast (286).jpg,train,leaf_blast,1,0,191028,0,requires_human_review;no_candidate_on_diseased_image,metadata/train/leaf_blast/leaf_blast (286).jpg.json
train/leaf_blast/leaf_blast (287).jpg,train,leaf_blast,1,1,282252,1152,requires_human_review,metadata/train/leaf_blast/leaf_blast (287).jpg.json
train/leaf_blast/leaf_blast (288).jpg,train,leaf_blast,1,1,249800,3688,requires_human_review,metadata/train/leaf_blast/leaf_blast (288).jpg.json
train/leaf_blast/leaf_blast (29).jpg,train,leaf_blast,1,1,470512,5000,requires_human_review,metadata/train/leaf_blast/leaf_blast (29).jpg.json
train/leaf_blast/leaf_blast (290).jpg,train,leaf_blast,1,3,210944,1696,requires_human_review,metadata/train/leaf_blast/leaf_blast (290).jpg.json
train/leaf_blast/leaf_blast (291).jpg,train,leaf_blast,1,1,654636,588,requires_human_review,metadata/train/leaf_blast/leaf_blast (291).jpg.json
train/leaf_blast/leaf_blast (292).jpg,train,leaf_blast,1,15,347332,26272,requires_human_review,metadata/train/leaf_blast/leaf_blast (292).jpg.json
train/leaf_blast/leaf_blast (293).jpg,train,leaf_blast,1,0,320736,0,requires_human_review;no_candidate_on_diseased_image,metadata/train/leaf_blast/leaf_blast (293).jpg.json
train/leaf_blast/leaf_blast (296).jpg,train,leaf_blast,1,13,159752,1240,requires_human_review,metadata/train/leaf_blast/leaf_blast (296).jpg.json
train/leaf_blast/leaf_blast (297).jpg,train,leaf_blast,1,0,179772,0,requires_human_review;no_candidate_on_diseased_image,metadata/train/leaf_blast/leaf_blast (297).jpg.json
train/leaf_blast/leaf_blast (298).jpg,train,leaf_blast,1,25,333840,66612,requires_human_review,metadata/train/leaf_blast/leaf_blast (298).jpg.json
train/leaf_blast/leaf_blast (3).jpg,train,leaf_blast,1,2,691812,25908,requires_human_review,metadata/train/leaf_blast/leaf_blast (3).jpg.json
train/leaf_blast/leaf_blast (30).jpg,train,leaf_blast,1,5,270148,892,requires_human_review,metadata/train/leaf_blast/leaf_blast (30).jpg.json
train/leaf_blast/leaf_blast (300).jpg,train,leaf_blast,1,17,334660,67424,requires_human_review,metadata/train/leaf_blast/leaf_blast (300).jpg.json
train/leaf_blast/leaf_blast (302).jpg,train,leaf_blast,1,19,300096,59940,requires_human_review,metadata/train/leaf_blast/leaf_blast (302).jpg.json
train/leaf_blast/leaf_blast (303).jpg,train,leaf_blast,1,16,224732,45384,requires_human_review,metadata/train/leaf_blast/leaf_blast (303).jpg.json
train/leaf_blast/leaf_blast (304).jpg,train,leaf_blast,2,10,82680,11800,requires_human_review;multiple_leaf_components,metadata/train/leaf_blast/leaf_blast (304).jpg.json
train/leaf_blast/leaf_blast (305).jpg,train,leaf_blast,1,18,225672,45412,requires_human_review,metadata/train/leaf_blast/leaf_blast (305).jpg.json
train/leaf_blast/leaf_blast (309).jpg,train,leaf_blast,1,6,169044,2032,requires_human_review,metadata/train/leaf_blast/leaf_blast (309).jpg.json
train/leaf_blast/leaf_blast (31).jpg,train,leaf_blast,1,1,238260,2208,requires_human_review,metadata/train/leaf_blast/leaf_blast (31).jpg.json
train/leaf_blast/leaf_blast (312).jpg,train,leaf_blast,1,15,347304,26340,requires_human_review,metadata/train/leaf_blast/leaf_blast (312).jpg.json
train/leaf_blast/leaf_blast (313).jpg,train,leaf_blast,1,2,207128,1368,requires_human_review,metadata/train/leaf_blast/leaf_blast (313).jpg.json
train/leaf_blast/leaf_blast (314).jpg,train,leaf_blast,1,16,323704,5032,requires_human_review,metadata/train/leaf_blast/leaf_blast (314).jpg.json
train/leaf_blast/leaf_blast (315).jpg,train,leaf_blast,1,3,435532,42380,requires_human_review,metadata/train/leaf_blast/leaf_blast (315).jpg.json
train/leaf_blast/leaf_blast (317).jpg,train,leaf_blast,1,9,221316,32768,requires_human_review,metadata/train/leaf_blast/leaf_blast (317).jpg.json
train/leaf_blast/leaf_blast (318).jpg,train,leaf_blast,1,5,526840,13372,requires_human_review,metadata/train/leaf_blast/leaf_blast (318).jpg.json
train/leaf_blast/leaf_blast (32).jpg,train,leaf_blast,1,1,319264,13944,requires_human_review,metadata/train/leaf_blast/leaf_blast (32).jpg.json
train/leaf_blast/leaf_blast (320).jpg,train,leaf_blast,1,18,353440,14644,requires_human_review,metadata/train/leaf_blast/leaf_blast (320).jpg.json
train/leaf_blast/leaf_blast (321).jpg,train,leaf_blast,1,62,2558928,420856,requires_human_review;high_foreground_coverage;complex_foreground_review,metadata/train/leaf_blast/leaf_blast (321).jpg.json
train/leaf_blast/leaf_blast (322).jpg,train,leaf_blast,1,4,238716,64272,requires_human_review,metadata/train/leaf_blast/leaf_blast (322).jpg.json
train/leaf_blast/leaf_blast (325).jpg,train,leaf_blast,1,9,402060,133744,requires_human_review,metadata/train/leaf_blast/leaf_blast (325).jpg.json
train/leaf_blast/leaf_blast (327).jpg,train,leaf_blast,1,0,318032,0,requires_human_review;no_candidate_on_diseased_image,metadata/train/leaf_blast/leaf_blast (327).jpg.json
train/leaf_blast/leaf_blast (328).jpg,train,leaf_blast,1,7,169052,2080,requires_human_review,metadata/train/leaf_blast/leaf_blast (328).jpg.json
train/leaf_blast/leaf_blast (329).jpg,train,leaf_blast,1,3,210156,148,requires_human_review,metadata/train/leaf_blast/leaf_blast (329).jpg.json
train/leaf_blast/leaf_blast (33).jpg,train,leaf_blast,1,1,848020,12212,requires_human_review,metadata/train/leaf_blast/leaf_blast (33).jpg.json
train/leaf_blast/leaf_blast (330).jpg,train,leaf_blast,1,16,347332,26428,requires_human_review,metadata/train/leaf_blast/leaf_blast (330).jpg.json
train/leaf_blast/leaf_blast (331).jpg,train,leaf_blast,1,2,207148,1376,requires_human_review,metadata/train/leaf_blast/leaf_blast (331).jpg.json
train/leaf_blast/leaf_blast (332).jpg,train,leaf_blast,1,2,119780,136,requires_human_review,metadata/train/leaf_blast/leaf_blast (332).jpg.json
train/leaf_blast/leaf_blast (333).jpg,train,leaf_blast,1,3,435468,42388,requires_human_review,metadata/train/leaf_blast/leaf_blast (333).jpg.json
train/leaf_blast/leaf_blast (334).jpg,train,leaf_blast,1,1,479872,10408,requires_human_review,metadata/train/leaf_blast/leaf_blast (334).jpg.json
train/leaf_blast/leaf_blast (335).jpg,train,leaf_blast,1,1,343584,4060,requires_human_review,metadata/train/leaf_blast/leaf_blast (335).jpg.json
train/leaf_blast/leaf_blast (337).jpg,train,leaf_blast,1,9,221300,32784,requires_human_review,metadata/train/leaf_blast/leaf_blast (337).jpg.json
train/leaf_blast/leaf_blast (339).jpg,train,leaf_blast,1,2,468708,2984,requires_human_review,metadata/train/leaf_blast/leaf_blast (339).jpg.json
train/leaf_blast/leaf_blast (34).jpg,train,leaf_blast,1,1,336284,12136,requires_human_review,metadata/train/leaf_blast/leaf_blast (34).jpg.json
train/leaf_blast/leaf_blast (340).jpg,train,leaf_blast,1,62,2558928,420748,requires_human_review;high_foreground_coverage;complex_foreground_review,metadata/train/leaf_blast/leaf_blast (340).jpg.json
train/leaf_blast/leaf_blast (341).jpg,train,leaf_blast,1,1,336156,12160,requires_human_review,metadata/train/leaf_blast/leaf_blast (341).jpg.json
train/leaf_blast/leaf_blast (342).jpg,train,leaf_blast,1,1,384964,2824,requires_human_review,metadata/train/leaf_blast/leaf_blast (342).jpg.json
train/leaf_blast/leaf_blast (343).jpg,train,leaf_blast,1,1,975764,9980,requires_human_review,metadata/train/leaf_blast/leaf_blast (343).jpg.json
train/leaf_blast/leaf_blast (344).jpg,train,leaf_blast,1,9,402072,133812,requires_human_review,metadata/train/leaf_blast/leaf_blast (344).jpg.json
train/leaf_blast/leaf_blast (345).jpg,train,leaf_blast,1,1,284760,1040,requires_human_review,metadata/train/leaf_blast/leaf_blast (345).jpg.json
train/leaf_blast/leaf_blast (347).jpg,train,leaf_blast,1,3,207136,1360,requires_human_review,metadata/train/leaf_blast/leaf_blast (347).jpg.json
train/leaf_blast/leaf_blast (348).jpg,train,leaf_blast,1,2,119796,180,requires_human_review,metadata/train/leaf_blast/leaf_blast (348).jpg.json
train/leaf_blast/leaf_blast (349).jpg,train,leaf_blast,1,2,144328,156,requires_human_review,metadata/train/leaf_blast/leaf_blast (349).jpg.json
train/leaf_blast/leaf_blast (35).jpg,train,leaf_blast,1,1,272244,908,requires_human_review,metadata/train/leaf_blast/leaf_blast (35).jpg.json
train/leaf_blast/leaf_blast (350).jpg,train,leaf_blast,1,4,148304,832,requires_human_review,metadata/train/leaf_blast/leaf_blast (350).jpg.json
train/leaf_blast/leaf_blast (37).jpg,train,leaf_blast,1,4,1121900,2784,requires_human_review,metadata/train/leaf_blast/leaf_blast (37).jpg.json
train/leaf_blast/leaf_blast (38).jpg,train,leaf_blast,1,1,975708,9996,requires_human_review,metadata/train/leaf_blast/leaf_blast (38).jpg.json
train/leaf_blast/leaf_blast (42).jpg,train,leaf_blast,1,1,289020,5116,requires_human_review,metadata/train/leaf_blast/leaf_blast (42).jpg.json
train/leaf_blast/leaf_blast (43).jpg,train,leaf_blast,1,2,594124,7144,requires_human_review,metadata/train/leaf_blast/leaf_blast (43).jpg.json
train/leaf_blast/leaf_blast (45).jpg,train,leaf_blast,1,6,278304,2932,requires_human_review,metadata/train/leaf_blast/leaf_blast (45).jpg.json
train/leaf_blast/leaf_blast (47).jpg,train,leaf_blast,1,6,416240,16592,requires_human_review,metadata/train/leaf_blast/leaf_blast (47).jpg.json
train/leaf_blast/leaf_blast (48).jpg,train,leaf_blast,1,1,153072,2952,requires_human_review,metadata/train/leaf_blast/leaf_blast (48).jpg.json
train/leaf_blast/leaf_blast (49).jpg,train,leaf_blast,1,51,319884,81148,requires_human_review,metadata/train/leaf_blast/leaf_blast (49).jpg.json
train/leaf_blast/leaf_blast (5).jpg,train,leaf_blast,1,13,357764,8452,requires_human_review,metadata/train/leaf_blast/leaf_blast (5).jpg.json
train/leaf_blast/leaf_blast (50).jpg,train,leaf_blast,1,68,687256,173896,requires_human_review,metadata/train/leaf_blast/leaf_blast (50).jpg.json
train/leaf_blast/leaf_blast (56).jpg,train,leaf_blast,1,20,300096,53388,requires_human_review,metadata/train/leaf_blast/leaf_blast (56).jpg.json
train/leaf_blast/leaf_blast (57).jpg,train,leaf_blast,1,3,218860,664,requires_human_review,metadata/train/leaf_blast/leaf_blast (57).jpg.json
train/leaf_blast/leaf_blast (6).jpg,train,leaf_blast,1,8,451508,4908,requires_human_review,metadata/train/leaf_blast/leaf_blast (6).jpg.json
train/leaf_blast/leaf_blast (60).jpg,train,leaf_blast,1,8,232052,43224,requires_human_review,metadata/train/leaf_blast/leaf_blast (60).jpg.json
train/leaf_blast/leaf_blast (61).jpg,train,leaf_blast,1,1,449956,3740,requires_human_review,metadata/train/leaf_blast/leaf_blast (61).jpg.json
train/leaf_blast/leaf_blast (62).jpg,train,leaf_blast,1,1,289116,5120,requires_human_review,metadata/train/leaf_blast/leaf_blast (62).jpg.json
train/leaf_blast/leaf_blast (64).jpg,train,leaf_blast,1,1,589056,8172,requires_human_review,metadata/train/leaf_blast/leaf_blast (64).jpg.json
train/leaf_blast/leaf_blast (65).jpg,train,leaf_blast,1,1,393480,12104,requires_human_review,metadata/train/leaf_blast/leaf_blast (65).jpg.json
train/leaf_blast/leaf_blast (66).jpg,train,leaf_blast,1,5,278388,2896,requires_human_review,metadata/train/leaf_blast/leaf_blast (66).jpg.json
train/leaf_blast/leaf_blast (69).jpg,train,leaf_blast,1,21,148084,22528,requires_human_review,metadata/train/leaf_blast/leaf_blast (69).jpg.json
train/leaf_blast/leaf_blast (7).jpg,train,leaf_blast,1,16,456820,9036,requires_human_review,metadata/train/leaf_blast/leaf_blast (7).jpg.json
train/leaf_blast/leaf_blast (75).jpg,train,leaf_blast,1,10,207768,39716,requires_human_review,metadata/train/leaf_blast/leaf_blast (75).jpg.json
train/leaf_blast/leaf_blast (80).jpg,train,leaf_blast,1,4,697920,13572,requires_human_review,metadata/train/leaf_blast/leaf_blast (80).jpg.json
train/leaf_blast/leaf_blast (81).jpg,train,leaf_blast,1,6,623568,13896,requires_human_review,metadata/train/leaf_blast/leaf_blast (81).jpg.json
train/leaf_blast/leaf_blast (85).jpg,train,leaf_blast,1,5,534176,1608,requires_human_review,metadata/train/leaf_blast/leaf_blast (85).jpg.json
train/leaf_blast/leaf_blast (87).jpg,train,leaf_blast,1,4,677284,10788,requires_human_review,metadata/train/leaf_blast/leaf_blast (87).jpg.json
train/leaf_blast/leaf_blast (89).jpg,train,leaf_blast,1,1,455832,6444,requires_human_review,metadata/train/leaf_blast/leaf_blast (89).jpg.json
train/leaf_blast/leaf_blast (90).jpg,train,leaf_blast,1,4,554472,12828,requires_human_review,metadata/train/leaf_blast/leaf_blast (90).jpg.json
train/leaf_blast/leaf_blast (91).jpg,train,leaf_blast,1,5,526816,13348,requires_human_review,metadata/train/leaf_blast/leaf_blast (91).jpg.json
train/leaf_blast/leaf_blast (92).jpg,train,leaf_blast,1,1,324480,3536,requires_human_review,metadata/train/leaf_blast/leaf_blast (92).jpg.json
train/leaf_blast/leaf_blast (93).jpg,train,leaf_blast,1,1,271776,2776,requires_human_review,metadata/train/leaf_blast/leaf_blast (93).jpg.json
train/leaf_blast/leaf_blast (95).jpg,train,leaf_blast,1,2,504596,6528,requires_human_review,metadata/train/leaf_blast/leaf_blast (95).jpg.json
train/leaf_blast/leaf_blast (96).jpg,train,leaf_blast,1,2,468708,3000,requires_human_review,metadata/train/leaf_blast/leaf_blast (96).jpg.json
train/leaf_blast/leaf_blast (98).jpg,train,leaf_blast,1,3,179420,43056,requires_human_review,metadata/train/leaf_blast/leaf_blast (98).jpg.json
train/leaf_scald/leaf_scald (10).jpg,train,leaf_scald,1,13,273296,6432,requires_human_review,metadata/train/leaf_scald/leaf_scald (10).jpg.json
train/leaf_scald/leaf_scald (100).jpg,train,leaf_scald,1,6,191176,115820,requires_human_review;high_candidate_coverage;large_connected_candidate_review,metadata/train/leaf_scald/leaf_scald (100).jpg.json
train/leaf_scald/leaf_scald (101).jpg,train,leaf_scald,1,9,126976,82908,requires_human_review;high_candidate_coverage;large_connected_candidate_review,metadata/train/leaf_scald/leaf_scald (101).jpg.json
train/leaf_scald/leaf_scald (102).jpg,train,leaf_scald,1,4,104036,67536,requires_human_review;high_candidate_coverage;large_connected_candidate_review,metadata/train/leaf_scald/leaf_scald (102).jpg.json
train/leaf_scald/leaf_scald (105).jpg,train,leaf_scald,1,14,390476,124132,requires_human_review,metadata/train/leaf_scald/leaf_scald (105).jpg.json
train/leaf_scald/leaf_scald (106).jpg,train,leaf_scald,1,31,386224,12488,requires_human_review,metadata/train/leaf_scald/leaf_scald (106).jpg.json
train/leaf_scald/leaf_scald (107).jpg,train,leaf_scald,1,28,354016,11196,requires_human_review,metadata/train/leaf_scald/leaf_scald (107).jpg.json
train/leaf_scald/leaf_scald (109).jpg,train,leaf_scald,1,22,299556,9184,requires_human_review,metadata/train/leaf_scald/leaf_scald (109).jpg.json
train/leaf_scald/leaf_scald (11).jpg,train,leaf_scald,1,2,68084,31816,requires_human_review;large_connected_candidate_review,metadata/train/leaf_scald/leaf_scald (11).jpg.json
train/leaf_scald/leaf_scald (110).jpg,train,leaf_scald,1,18,187340,5348,requires_human_review,metadata/train/leaf_scald/leaf_scald (110).jpg.json
train/leaf_scald/leaf_scald (111).jpg,train,leaf_scald,1,13,120948,2976,requires_human_review,metadata/train/leaf_scald/leaf_scald (111).jpg.json
train/leaf_scald/leaf_scald (112).jpg,train,leaf_scald,1,16,153232,4208,requires_human_review,metadata/train/leaf_scald/leaf_scald (112).jpg.json
train/leaf_scald/leaf_scald (116).jpg,train,leaf_scald,1,53,310404,61044,requires_human_review,metadata/train/leaf_scald/leaf_scald (116).jpg.json
train/leaf_scald/leaf_scald (117).jpg,train,leaf_scald,1,6,161988,7528,requires_human_review,metadata/train/leaf_scald/leaf_scald (117).jpg.json
train/leaf_scald/leaf_scald (119).jpg,train,leaf_scald,1,8,251728,2600,requires_human_review,metadata/train/leaf_scald/leaf_scald (119).jpg.json
train/leaf_scald/leaf_scald (121).jpg,train,leaf_scald,2,7,131180,28480,requires_human_review;multiple_leaf_components,metadata/train/leaf_scald/leaf_scald (121).jpg.json
train/leaf_scald/leaf_scald (122).jpg,train,leaf_scald,1,57,448852,84388,requires_human_review,metadata/train/leaf_scald/leaf_scald (122).jpg.json
train/leaf_scald/leaf_scald (123).jpg,train,leaf_scald,1,39,295848,110424,requires_human_review,metadata/train/leaf_scald/leaf_scald (123).jpg.json
train/leaf_scald/leaf_scald (124).jpg,train,leaf_scald,1,7,156360,1892,requires_human_review,metadata/train/leaf_scald/leaf_scald (124).jpg.json
train/leaf_scald/leaf_scald (125).jpg,train,leaf_scald,1,19,180408,25292,requires_human_review,metadata/train/leaf_scald/leaf_scald (125).jpg.json
train/leaf_scald/leaf_scald (127).jpg,train,leaf_scald,2,12,303036,7320,requires_human_review;multiple_leaf_components,metadata/train/leaf_scald/leaf_scald (127).jpg.json
train/leaf_scald/leaf_scald (128).jpg,train,leaf_scald,1,14,126868,82816,requires_human_review;high_candidate_coverage;large_connected_candidate_review,metadata/train/leaf_scald/leaf_scald (128).jpg.json
train/leaf_scald/leaf_scald (129).jpg,train,leaf_scald,1,5,104012,66968,requires_human_review;high_candidate_coverage;large_connected_candidate_review,metadata/train/leaf_scald/leaf_scald (129).jpg.json
train/leaf_scald/leaf_scald (13).jpg,train,leaf_scald,1,11,304164,217620,requires_human_review;high_candidate_coverage;large_connected_candidate_review,metadata/train/leaf_scald/leaf_scald (13).jpg.json
train/leaf_scald/leaf_scald (130).jpg,train,leaf_scald,4,3,245536,4708,requires_human_review;multiple_leaf_components;complex_foreground_review,metadata/train/leaf_scald/leaf_scald (130).jpg.json
train/leaf_scald/leaf_scald (131).jpg,train,leaf_scald,1,5,153680,33684,requires_human_review,metadata/train/leaf_scald/leaf_scald (131).jpg.json
train/leaf_scald/leaf_scald (133).jpg,train,leaf_scald,1,14,173392,102688,requires_human_review;high_candidate_coverage;large_connected_candidate_review,metadata/train/leaf_scald/leaf_scald (133).jpg.json
train/leaf_scald/leaf_scald (137).jpg,train,leaf_scald,1,6,179816,9172,requires_human_review,metadata/train/leaf_scald/leaf_scald (137).jpg.json
train/leaf_scald/leaf_scald (138).jpg,train,leaf_scald,1,10,113344,67880,requires_human_review;high_candidate_coverage;large_connected_candidate_review,metadata/train/leaf_scald/leaf_scald (138).jpg.json
train/leaf_scald/leaf_scald (14).jpg,train,leaf_scald,1,11,227576,83660,requires_human_review;large_connected_candidate_review,metadata/train/leaf_scald/leaf_scald (14).jpg.json
train/leaf_scald/leaf_scald (140).jpg,train,leaf_scald,1,11,396976,4252,requires_human_review,metadata/train/leaf_scald/leaf_scald (140).jpg.json
train/leaf_scald/leaf_scald (141).jpg,train,leaf_scald,1,15,446740,5080,requires_human_review,metadata/train/leaf_scald/leaf_scald (141).jpg.json
train/leaf_scald/leaf_scald (146).jpg,train,leaf_scald,1,7,121324,28984,requires_human_review,metadata/train/leaf_scald/leaf_scald (146).jpg.json
train/leaf_scald/leaf_scald (15).jpg,train,leaf_scald,1,38,373456,147344,requires_human_review;large_connected_candidate_review,metadata/train/leaf_scald/leaf_scald (15).jpg.json
train/leaf_scald/leaf_scald (150).jpg,train,leaf_scald,1,8,165204,4308,requires_human_review,metadata/train/leaf_scald/leaf_scald (150).jpg.json
train/leaf_scald/leaf_scald (152).jpg,train,leaf_scald,1,7,255604,59128,requires_human_review,metadata/train/leaf_scald/leaf_scald (152).jpg.json
train/leaf_scald/leaf_scald (153).jpg,train,leaf_scald,1,3,114400,27792,requires_human_review,metadata/train/leaf_scald/leaf_scald (153).jpg.json
train/leaf_scald/leaf_scald (156).jpg,train,leaf_scald,1,6,118220,27108,requires_human_review,metadata/train/leaf_scald/leaf_scald (156).jpg.json
train/leaf_scald/leaf_scald (157).jpg,train,leaf_scald,1,6,181104,108364,requires_human_review;high_candidate_coverage;large_connected_candidate_review,metadata/train/leaf_scald/leaf_scald (157).jpg.json
train/leaf_scald/leaf_scald (159).jpg,train,leaf_scald,1,16,139072,85360,requires_human_review;high_candidate_coverage;large_connected_candidate_review,metadata/train/leaf_scald/leaf_scald (159).jpg.json
train/leaf_scald/leaf_scald (16).jpg,train,leaf_scald,1,8,127192,47520,requires_human_review;large_connected_candidate_review,metadata/train/leaf_scald/leaf_scald (16).jpg.json
train/leaf_scald/leaf_scald (163).jpg,train,leaf_scald,1,12,213176,126608,requires_human_review;high_candidate_coverage;large_connected_candidate_review,metadata/train/leaf_scald/leaf_scald (163).jpg.json
train/leaf_scald/leaf_scald (165).jpg,train,leaf_scald,1,4,109288,69952,requires_human_review;high_candidate_coverage;large_connected_candidate_review,metadata/train/leaf_scald/leaf_scald (165).jpg.json
train/leaf_scald/leaf_scald (169).jpg,train,leaf_scald,1,5,239876,142528,requires_human_review;high_candidate_coverage;large_connected_candidate_review,metadata/train/leaf_scald/leaf_scald (169).jpg.json
train/leaf_scald/leaf_scald (17).jpg,train,leaf_scald,1,12,294280,103460,requires_human_review;large_connected_candidate_review,metadata/train/leaf_scald/leaf_scald (17).jpg.json
train/leaf_scald/leaf_scald (171).jpg,train,leaf_scald,1,6,212812,10700,requires_human_review,metadata/train/leaf_scald/leaf_scald (171).jpg.json
train/leaf_scald/leaf_scald (173).jpg,train,leaf_scald,1,5,120764,5292,requires_human_review,metadata/train/leaf_scald/leaf_scald (173).jpg.json
train/leaf_scald/leaf_scald (174).jpg,train,leaf_scald,1,4,111292,34220,requires_human_review;large_connected_candidate_review,metadata/train/leaf_scald/leaf_scald (174).jpg.json
train/leaf_scald/leaf_scald (175).jpg,train,leaf_scald,1,7,80112,1884,requires_human_review,metadata/train/leaf_scald/leaf_scald (175).jpg.json
train/leaf_scald/leaf_scald (179).jpg,train,leaf_scald,1,40,269940,51396,requires_human_review,metadata/train/leaf_scald/leaf_scald (179).jpg.json
train/leaf_scald/leaf_scald (181).jpg,train,leaf_scald,1,54,305112,119260,requires_human_review,metadata/train/leaf_scald/leaf_scald (181).jpg.json
train/leaf_scald/leaf_scald (183).jpg,train,leaf_scald,1,7,205896,75480,requires_human_review;large_connected_candidate_review,metadata/train/leaf_scald/leaf_scald (183).jpg.json
train/leaf_scald/leaf_scald (184).jpg,train,leaf_scald,1,34,290364,109128,requires_human_review;large_connected_candidate_review,metadata/train/leaf_scald/leaf_scald (184).jpg.json
train/leaf_scald/leaf_scald (186).jpg,train,leaf_scald,1,44,304500,58344,requires_human_review,metadata/train/leaf_scald/leaf_scald (186).jpg.json
train/leaf_scald/leaf_scald (188).jpg,train,leaf_scald,1,6,264488,127508,requires_human_review;large_connected_candidate_review,metadata/train/leaf_scald/leaf_scald (188).jpg.json
train/leaf_scald/leaf_scald (189).jpg,train,leaf_scald,1,54,178400,67808,requires_human_review,metadata/train/leaf_scald/leaf_scald (189).jpg.json
train/leaf_scald/leaf_scald (190).jpg,train,leaf_scald,1,10,270288,3484,requires_human_review,metadata/train/leaf_scald/leaf_scald (190).jpg.json
train/leaf_scald/leaf_scald (193).jpg,train,leaf_scald,1,48,332408,62536,requires_human_review,metadata/train/leaf_scald/leaf_scald (193).jpg.json
train/leaf_scald/leaf_scald (195).jpg,train,leaf_scald,1,41,304544,58196,requires_human_review,metadata/train/leaf_scald/leaf_scald (195).jpg.json
train/leaf_scald/leaf_scald (196).jpg,train,leaf_scald,1,61,453136,177340,requires_human_review;large_connected_candidate_review,metadata/train/leaf_scald/leaf_scald (196).jpg.json
train/leaf_scald/leaf_scald (198).jpg,train,leaf_scald,1,50,438204,87712,requires_human_review,metadata/train/leaf_scald/leaf_scald (198).jpg.json
train/leaf_scald/leaf_scald (2).jpg,train,leaf_scald,1,9,244696,89352,requires_human_review;large_connected_candidate_review,metadata/train/leaf_scald/leaf_scald (2).jpg.json
train/leaf_scald/leaf_scald (201).jpg,train,leaf_scald,1,18,177444,26648,requires_human_review,metadata/train/leaf_scald/leaf_scald (201).jpg.json
train/leaf_scald/leaf_scald (202).jpg,train,leaf_scald,1,9,346092,250668,requires_human_review;high_candidate_coverage;large_connected_candidate_review,metadata/train/leaf_scald/leaf_scald (202).jpg.json
train/leaf_scald/leaf_scald (203).jpg,train,leaf_scald,1,13,360864,257792,requires_human_review;high_candidate_coverage;large_connected_candidate_review,metadata/train/leaf_scald/leaf_scald (203).jpg.json
train/leaf_scald/leaf_scald (204).jpg,train,leaf_scald,1,7,349884,169212,requires_human_review;large_connected_candidate_review,metadata/train/leaf_scald/leaf_scald (204).jpg.json
train/leaf_scald/leaf_scald (206).jpg,train,leaf_scald,1,11,359812,270524,requires_human_review;high_candidate_coverage;large_connected_candidate_review,metadata/train/leaf_scald/leaf_scald (206).jpg.json
train/leaf_scald/leaf_scald (207).jpg,train,leaf_scald,1,6,259828,104340,requires_human_review;large_connected_candidate_review,metadata/train/leaf_scald/leaf_scald (207).jpg.json
train/leaf_scald/leaf_scald (208).jpg,train,leaf_scald,1,23,242788,36284,requires_human_review,metadata/train/leaf_scald/leaf_scald (208).jpg.json
train/leaf_scald/leaf_scald (209).jpg,train,leaf_scald,1,15,191712,18796,requires_human_review,metadata/train/leaf_scald/leaf_scald (209).jpg.json
train/leaf_scald/leaf_scald (21).jpg,train,leaf_scald,1,11,360028,270824,requires_human_review;high_candidate_coverage;large_connected_candidate_review,metadata/train/leaf_scald/leaf_scald (21).jpg.json
train/leaf_scald/leaf_scald (212).jpg,train,leaf_scald,1,1,67796,31632,requires_human_review;large_connected_candidate_review,metadata/train/leaf_scald/leaf_scald (212).jpg.json
train/leaf_scald/leaf_scald (214).jpg,train,leaf_scald,1,10,223364,80548,requires_human_review;large_connected_candidate_review,metadata/train/leaf_scald/leaf_scald (214).jpg.json
train/leaf_scald/leaf_scald (217).jpg,train,leaf_scald,1,11,303692,217252,requires_human_review;high_candidate_coverage;large_connected_candidate_review,metadata/train/leaf_scald/leaf_scald (217).jpg.json
train/leaf_scald/leaf_scald (218).jpg,train,leaf_scald,1,4,201768,80348,requires_human_review;large_connected_candidate_review,metadata/train/leaf_scald/leaf_scald (218).jpg.json
train/leaf_scald/leaf_scald (22).jpg,train,leaf_scald,1,14,218776,21672,requires_human_review,metadata/train/leaf_scald/leaf_scald (22).jpg.json
train/leaf_scald/leaf_scald (220).jpg,train,leaf_scald,1,16,185248,67656,requires_human_review;large_connected_candidate_review,metadata/train/leaf_scald/leaf_scald (220).jpg.json
train/leaf_scald/leaf_scald (221).jpg,train,leaf_scald,1,14,218576,21488,requires_human_review,metadata/train/leaf_scald/leaf_scald (221).jpg.json
train/leaf_scald/leaf_scald (225).jpg,train,leaf_scald,1,13,421960,321636,requires_human_review;high_candidate_coverage;large_connected_candidate_review,metadata/train/leaf_scald/leaf_scald (225).jpg.json
train/leaf_scald/leaf_scald (226).jpg,train,leaf_scald,1,20,198296,31576,requires_human_review,metadata/train/leaf_scald/leaf_scald (226).jpg.json
train/leaf_scald/leaf_scald (227).jpg,train,leaf_scald,1,26,304764,48764,requires_human_review,metadata/train/leaf_scald/leaf_scald (227).jpg.json
train/leaf_scald/leaf_scald (229).jpg,train,leaf_scald,1,16,252028,26136,requires_human_review,metadata/train/leaf_scald/leaf_scald (229).jpg.json
train/leaf_scald/leaf_scald (230).jpg,train,leaf_scald,1,5,172132,63228,requires_human_review;large_connected_candidate_review,metadata/train/leaf_scald/leaf_scald (230).jpg.json
train/leaf_scald/leaf_scald (231).jpg,train,leaf_scald,2,13,276728,6744,requires_human_review;multiple_leaf_components,metadata/train/leaf_scald/leaf_scald (231).jpg.json
train/leaf_scald/leaf_scald (238).jpg,train,leaf_scald,1,3,311016,155420,requires_human_review;large_connected_candidate_review,metadata/train/leaf_scald/leaf_scald (238).jpg.json
train/leaf_scald/leaf_scald (239).jpg,train,leaf_scald,1,8,160320,80684,requires_human_review;high_candidate_coverage;large_connected_candidate_review,metadata/train/leaf_scald/leaf_scald (239).jpg.json
train/leaf_scald/leaf_scald (24).jpg,train,leaf_scald,1,9,352972,172080,requires_human_review;large_connected_candidate_review,metadata/train/leaf_scald/leaf_scald (24).jpg.json
train/leaf_scald/leaf_scald (240).jpg,train,leaf_scald,1,29,296428,115616,requires_human_review;large_connected_candidate_review,metadata/train/leaf_scald/leaf_scald (240).jpg.json
train/leaf_scald/leaf_scald (241).jpg,train,leaf_scald,1,21,209828,75936,requires_human_review;large_connected_candidate_review,metadata/train/leaf_scald/leaf_scald (241).jpg.json
train/leaf_scald/leaf_scald (243).jpg,train,leaf_scald,1,3,47908,21012,requires_human_review;large_connected_candidate_review,metadata/train/leaf_scald/leaf_scald (243).jpg.json
train/leaf_scald/leaf_scald (244).jpg,train,leaf_scald,1,4,297488,144336,requires_human_review;large_connected_candidate_review,metadata/train/leaf_scald/leaf_scald (244).jpg.json
train/leaf_scald/leaf_scald (245).jpg,train,leaf_scald,1,33,211584,79040,requires_human_review,metadata/train/leaf_scald/leaf_scald (245).jpg.json
train/leaf_scald/leaf_scald (246).jpg,train,leaf_scald,1,8,205024,131984,requires_human_review;high_candidate_coverage;large_connected_candidate_review,metadata/train/leaf_scald/leaf_scald (246).jpg.json
train/leaf_scald/leaf_scald (247).jpg,train,leaf_scald,1,16,285624,182236,requires_human_review;high_candidate_coverage;large_connected_candidate_review,metadata/train/leaf_scald/leaf_scald (247).jpg.json
train/leaf_scald/leaf_scald (248).jpg,train,leaf_scald,1,13,101900,67044,requires_human_review;high_candidate_coverage;large_connected_candidate_review,metadata/train/leaf_scald/leaf_scald (248).jpg.json
train/leaf_scald/leaf_scald (25).jpg,train,leaf_scald,1,12,361292,258172,requires_human_review;high_candidate_coverage;large_connected_candidate_review,metadata/train/leaf_scald/leaf_scald (25).jpg.json
train/leaf_scald/leaf_scald (252).jpg,train,leaf_scald,1,22,121044,44068,requires_human_review,metadata/train/leaf_scald/leaf_scald (252).jpg.json
train/leaf_scald/leaf_scald (253).jpg,train,leaf_scald,1,25,211224,83480,requires_human_review;large_connected_candidate_review,metadata/train/leaf_scald/leaf_scald (253).jpg.json
train/leaf_scald/leaf_scald (254).jpg,train,leaf_scald,1,10,209096,73852,requires_human_review;large_connected_candidate_review,metadata/train/leaf_scald/leaf_scald (254).jpg.json
train/leaf_scald/leaf_scald (256).jpg,train,leaf_scald,1,11,202484,140672,requires_human_review;high_candidate_coverage;large_connected_candidate_review,metadata/train/leaf_scald/leaf_scald (256).jpg.json
train/leaf_scald/leaf_scald (257).jpg,train,leaf_scald,1,19,436496,43132,requires_human_review,metadata/train/leaf_scald/leaf_scald (257).jpg.json
train/leaf_scald/leaf_scald (258).jpg,train,leaf_scald,1,11,381072,138632,requires_human_review;large_connected_candidate_review,metadata/train/leaf_scald/leaf_scald (258).jpg.json
train/leaf_scald/leaf_scald (26).jpg,train,leaf_scald,1,18,177468,26488,requires_human_review,metadata/train/leaf_scald/leaf_scald (26).jpg.json
train/leaf_scald/leaf_scald (261).jpg,train,leaf_scald,1,17,180500,25168,requires_human_review,metadata/train/leaf_scald/leaf_scald (261).jpg.json
train/leaf_scald/leaf_scald (263).jpg,train,leaf_scald,1,57,448572,84048,requires_human_review,metadata/train/leaf_scald/leaf_scald (263).jpg.json
train/leaf_scald/leaf_scald (265).jpg,train,leaf_scald,1,4,150884,32196,requires_human_review,metadata/train/leaf_scald/leaf_scald (265).jpg.json
train/leaf_scald/leaf_scald (266).jpg,train,leaf_scald,1,9,251784,2824,requires_human_review,metadata/train/leaf_scald/leaf_scald (266).jpg.json
train/leaf_scald/leaf_scald (268).jpg,train,leaf_scald,1,5,120888,2868,requires_human_review,metadata/train/leaf_scald/leaf_scald (268).jpg.json
train/leaf_scald/leaf_scald (270).jpg,train,leaf_scald,1,11,147416,86544,requires_human_review;high_candidate_coverage;large_connected_candidate_review,metadata/train/leaf_scald/leaf_scald (270).jpg.json
train/leaf_scald/leaf_scald (272).jpg,train,leaf_scald,1,9,203524,64340,requires_human_review;large_connected_candidate_review,metadata/train/leaf_scald/leaf_scald (272).jpg.json
train/leaf_scald/leaf_scald (278).jpg,train,leaf_scald,1,18,390356,124304,requires_human_review,metadata/train/leaf_scald/leaf_scald (278).jpg.json
train/leaf_scald/leaf_scald (279).jpg,train,leaf_scald,1,8,159156,1580,requires_human_review,metadata/train/leaf_scald/leaf_scald (279).jpg.json
train/leaf_scald/leaf_scald (28).jpg,train,leaf_scald,1,34,222328,41552,requires_human_review,metadata/train/leaf_scald/leaf_scald (28).jpg.json
train/leaf_scald/leaf_scald (280).jpg,train,leaf_scald,1,8,363500,3548,requires_human_review,metadata/train/leaf_scald/leaf_scald (280).jpg.json
train/leaf_scald/leaf_scald (281).jpg,train,leaf_scald,1,27,351292,10952,requires_human_review,metadata/train/leaf_scald/leaf_scald (281).jpg.json
train/leaf_scald/leaf_scald (282).jpg,train,leaf_scald,1,28,453520,13100,requires_human_review,metadata/train/leaf_scald/leaf_scald (282).jpg.json
train/leaf_scald/leaf_scald (283).jpg,train,leaf_scald,1,20,287112,8584,requires_human_review,metadata/train/leaf_scald/leaf_scald (283).jpg.json
train/leaf_scald/leaf_scald (285).jpg,train,leaf_scald,1,62,557028,205412,requires_human_review,metadata/train/leaf_scald/leaf_scald (285).jpg.json
train/leaf_scald/leaf_scald (288).jpg,train,leaf_scald,1,6,337900,200900,requires_human_review;high_candidate_coverage;large_connected_candidate_review,metadata/train/leaf_scald/leaf_scald (288).jpg.json
train/leaf_scald/leaf_scald (289).jpg,train,leaf_scald,1,10,437756,99152,requires_human_review,metadata/train/leaf_scald/leaf_scald (289).jpg.json
train/leaf_scald/leaf_scald (29).jpg,train,leaf_scald,1,36,281136,105776,requires_human_review,metadata/train/leaf_scald/leaf_scald (29).jpg.json
train/leaf_scald/leaf_scald (290).jpg,train,leaf_scald,1,8,421844,102936,requires_human_review,metadata/train/leaf_scald/leaf_scald (290).jpg.json
train/leaf_scald/leaf_scald (292).jpg,train,leaf_scald,2,8,359184,215912,requires_human_review;multiple_leaf_components;high_candidate_coverage;large_connected_candidate_review,metadata/train/leaf_scald/leaf_scald (292).jpg.json
train/leaf_scald/leaf_scald (293).jpg,train,leaf_scald,2,11,596752,351888,requires_human_review;multiple_leaf_components;high_candidate_coverage;large_connected_candidate_review,metadata/train/leaf_scald/leaf_scald (293).jpg.json
train/leaf_scald/leaf_scald (296).jpg,train,leaf_scald,4,8,463632,8752,requires_human_review;multiple_leaf_components;complex_foreground_review,metadata/train/leaf_scald/leaf_scald (296).jpg.json
train/leaf_scald/leaf_scald (298).jpg,train,leaf_scald,2,10,392524,244420,requires_human_review;multiple_leaf_components;high_candidate_coverage;large_connected_candidate_review,metadata/train/leaf_scald/leaf_scald (298).jpg.json
train/leaf_scald/leaf_scald (299).jpg,train,leaf_scald,1,40,646988,371608,requires_human_review;high_candidate_coverage;large_connected_candidate_review,metadata/train/leaf_scald/leaf_scald (299).jpg.json
train/leaf_scald/leaf_scald (3).jpg,train,leaf_scald,1,9,206292,75372,requires_human_review;large_connected_candidate_review,metadata/train/leaf_scald/leaf_scald (3).jpg.json
train/leaf_scald/leaf_scald (30).jpg,train,leaf_scald,1,50,438424,88244,requires_human_review,metadata/train/leaf_scald/leaf_scald (30).jpg.json
train/leaf_scald/leaf_scald (300).jpg,train,leaf_scald,2,9,369616,8912,requires_human_review;multiple_leaf_components,metadata/train/leaf_scald/leaf_scald (300).jpg.json
train/leaf_scald/leaf_scald (301).jpg,train,leaf_scald,2,8,482656,111568,requires_human_review;multiple_leaf_components,metadata/train/leaf_scald/leaf_scald (301).jpg.json
train/leaf_scald/leaf_scald (303).jpg,train,leaf_scald,2,9,240432,55836,requires_human_review;multiple_leaf_components,metadata/train/leaf_scald/leaf_scald (303).jpg.json
train/leaf_scald/leaf_scald (305).jpg,train,leaf_scald,1,22,422280,241536,requires_human_review;high_candidate_coverage;large_connected_candidate_review,metadata/train/leaf_scald/leaf_scald (305).jpg.json
train/leaf_scald/leaf_scald (306).jpg,train,leaf_scald,2,9,386784,235132,requires_human_review;multiple_leaf_components;high_candidate_coverage;large_connected_candidate_review,metadata/train/leaf_scald/leaf_scald (306).jpg.json
train/leaf_scald/leaf_scald (311).jpg,train,leaf_scald,1,49,743808,117476,requires_human_review,metadata/train/leaf_scald/leaf_scald (311).jpg.json
train/leaf_scald/leaf_scald (312).jpg,train,leaf_scald,1,30,571724,91552,requires_human_review,metadata/train/leaf_scald/leaf_scald (312).jpg.json
train/leaf_scald/leaf_scald (314).jpg,train,leaf_scald,1,16,463908,181716,requires_human_review;large_connected_candidate_review,metadata/train/leaf_scald/leaf_scald (314).jpg.json
train/leaf_scald/leaf_scald (315).jpg,train,leaf_scald,2,44,459240,163640,requires_human_review;multiple_leaf_components;large_connected_candidate_review,metadata/train/leaf_scald/leaf_scald (315).jpg.json
train/leaf_scald/leaf_scald (317).jpg,train,leaf_scald,1,15,391728,136436,requires_human_review;large_connected_candidate_review,metadata/train/leaf_scald/leaf_scald (317).jpg.json
train/leaf_scald/leaf_scald (318).jpg,train,leaf_scald,1,10,494620,253964,requires_human_review;high_candidate_coverage;large_connected_candidate_review,metadata/train/leaf_scald/leaf_scald (318).jpg.json
train/leaf_scald/leaf_scald (319).jpg,train,leaf_scald,1,10,380364,263224,requires_human_review;high_candidate_coverage;large_connected_candidate_review,metadata/train/leaf_scald/leaf_scald (319).jpg.json
train/leaf_scald/leaf_scald (32).jpg,train,leaf_scald,1,8,327412,4120,requires_human_review,metadata/train/leaf_scald/leaf_scald (32).jpg.json
train/leaf_scald/leaf_scald (320).jpg,train,leaf_scald,1,10,381080,138904,requires_human_review;large_connected_candidate_review,metadata/train/leaf_scald/leaf_scald (320).jpg.json
train/leaf_scald/leaf_scald (321).jpg,train,leaf_scald,1,19,439688,43384,requires_human_review,metadata/train/leaf_scald/leaf_scald (321).jpg.json
train/leaf_scald/leaf_scald (323).jpg,train,leaf_scald,1,5,264632,136244,requires_human_review;high_candidate_coverage;large_connected_candidate_review,metadata/train/leaf_scald/leaf_scald (323).jpg.json
train/leaf_scald/leaf_scald (324).jpg,train,leaf_scald,1,9,213400,77304,requires_human_review;large_connected_candidate_review,metadata/train/leaf_scald/leaf_scald (324).jpg.json
train/leaf_scald/leaf_scald (330).jpg,train,leaf_scald,1,12,101972,67060,requires_human_review;high_candidate_coverage;large_connected_candidate_review,metadata/train/leaf_scald/leaf_scald (330).jpg.json
train/leaf_scald/leaf_scald (331).jpg,train,leaf_scald,1,13,205076,132024,requires_human_review;high_candidate_coverage;large_connected_candidate_review,metadata/train/leaf_scald/leaf_scald (331).jpg.json
train/leaf_scald/leaf_scald (332).jpg,train,leaf_scald,1,9,168980,109368,requires_human_review;high_candidate_coverage;large_connected_candidate_review,metadata/train/leaf_scald/leaf_scald (332).jpg.json
train/leaf_scald/leaf_scald (334).jpg,train,leaf_scald,1,6,317456,164016,requires_human_review;high_candidate_coverage;large_connected_candidate_review,metadata/train/leaf_scald/leaf_scald (334).jpg.json
train/leaf_scald/leaf_scald (335).jpg,train,leaf_scald,1,2,48292,21204,requires_human_review;large_connected_candidate_review,metadata/train/leaf_scald/leaf_scald (335).jpg.json
train/leaf_scald/leaf_scald (336).jpg,train,leaf_scald,1,4,202288,100976,requires_human_review;large_connected_candidate_review,metadata/train/leaf_scald/leaf_scald (336).jpg.json
train/leaf_scald/leaf_scald (337).jpg,train,leaf_scald,1,21,210196,76880,requires_human_review;large_connected_candidate_review,metadata/train/leaf_scald/leaf_scald (337).jpg.json
train/leaf_scald/leaf_scald (338).jpg,train,leaf_scald,1,34,294416,115656,requires_human_review;large_connected_candidate_review,metadata/train/leaf_scald/leaf_scald (338).jpg.json
train/leaf_scald/leaf_scald (34).jpg,train,leaf_scald,1,7,269844,3352,requires_human_review,metadata/train/leaf_scald/leaf_scald (34).jpg.json
train/leaf_scald/leaf_scald (340).jpg,train,leaf_scald,1,4,190720,73732,requires_human_review;large_connected_candidate_review,metadata/train/leaf_scald/leaf_scald (340).jpg.json
train/leaf_scald/leaf_scald (341).jpg,train,leaf_scald,1,5,310392,155732,requires_human_review;high_candidate_coverage;large_connected_candidate_review,metadata/train/leaf_scald/leaf_scald (341).jpg.json
train/leaf_scald/leaf_scald (342).jpg,train,leaf_scald,1,6,285388,141980,requires_human_review;large_connected_candidate_review,metadata/train/leaf_scald/leaf_scald (342).jpg.json
train/leaf_scald/leaf_scald (345).jpg,train,leaf_scald,1,6,293800,113520,requires_human_review;large_connected_candidate_review,metadata/train/leaf_scald/leaf_scald (345).jpg.json
train/leaf_scald/leaf_scald (347).jpg,train,leaf_scald,1,22,390700,44516,requires_human_review,metadata/train/leaf_scald/leaf_scald (347).jpg.json
train/leaf_scald/leaf_scald (349).jpg,train,leaf_scald,1,19,263988,42064,requires_human_review,metadata/train/leaf_scald/leaf_scald (349).jpg.json
train/leaf_scald/leaf_scald (36).jpg,train,leaf_scald,1,7,230224,3008,requires_human_review,metadata/train/leaf_scald/leaf_scald (36).jpg.json
train/leaf_scald/leaf_scald (38).jpg,train,leaf_scald,1,39,270208,51432,requires_human_review,metadata/train/leaf_scald/leaf_scald (38).jpg.json
train/leaf_scald/leaf_scald (41).jpg,train,leaf_scald,1,6,267552,130528,requires_human_review;large_connected_candidate_review,metadata/train/leaf_scald/leaf_scald (41).jpg.json
train/leaf_scald/leaf_scald (42).jpg,train,leaf_scald,1,47,284656,54100,requires_human_review,metadata/train/leaf_scald/leaf_scald (42).jpg.json
train/leaf_scald/leaf_scald (44).jpg,train,leaf_scald,1,49,178216,67120,requires_human_review,metadata/train/leaf_scald/leaf_scald (44).jpg.json
train/leaf_scald/leaf_scald (46).jpg,train,leaf_scald,1,42,291136,109904,requires_human_review,metadata/train/leaf_scald/leaf_scald (46).jpg.json
train/leaf_scald/leaf_scald (48).jpg,train,leaf_scald,1,51,304620,118796,requires_human_review,metadata/train/leaf_scald/leaf_scald (48).jpg.json
train/leaf_scald/leaf_scald (51).jpg,train,leaf_scald,1,8,275576,3696,requires_human_review,metadata/train/leaf_scald/leaf_scald (51).jpg.json
train/leaf_scald/leaf_scald (54).jpg,train,leaf_scald,2,10,128324,30016,requires_human_review;multiple_leaf_components,metadata/train/leaf_scald/leaf_scald (54).jpg.json
train/leaf_scald/leaf_scald (57).jpg,train,leaf_scald,1,6,111660,34460,requires_human_review,metadata/train/leaf_scald/leaf_scald (57).jpg.json
train/leaf_scald/leaf_scald (6).jpg,train,leaf_scald,1,13,185596,67844,requires_human_review;large_connected_candidate_review,metadata/train/leaf_scald/leaf_scald (6).jpg.json
train/leaf_scald/leaf_scald (60).jpg,train,leaf_scald,1,5,212864,11064,requires_human_review,metadata/train/leaf_scald/leaf_scald (60).jpg.json
train/leaf_scald/leaf_scald (62).jpg,train,leaf_scald,3,2,116368,2752,requires_human_review;multiple_leaf_components,metadata/train/leaf_scald/leaf_scald (62).jpg.json
train/leaf_scald/leaf_scald (63).jpg,train,leaf_scald,1,7,239844,143072,requires_human_review;high_candidate_coverage;large_connected_candidate_review,metadata/train/leaf_scald/leaf_scald (63).jpg.json
train/leaf_scald/leaf_scald (64).jpg,train,leaf_scald,1,16,127004,78392,requires_human_review;high_candidate_coverage;large_connected_candidate_review,metadata/train/leaf_scald/leaf_scald (64).jpg.json
train/leaf_scald/leaf_scald (65).jpg,train,leaf_scald,1,19,242644,143320,requires_human_review;high_candidate_coverage;large_connected_candidate_review,metadata/train/leaf_scald/leaf_scald (65).jpg.json
train/leaf_scald/leaf_scald (66).jpg,train,leaf_scald,1,8,233040,52032,requires_human_review,metadata/train/leaf_scald/leaf_scald (66).jpg.json
train/leaf_scald/leaf_scald (67).jpg,train,leaf_scald,1,11,213148,126740,requires_human_review;high_candidate_coverage;large_connected_candidate_review,metadata/train/leaf_scald/leaf_scald (67).jpg.json
train/leaf_scald/leaf_scald (69).jpg,train,leaf_scald,1,26,203304,95396,requires_human_review;large_connected_candidate_review,metadata/train/leaf_scald/leaf_scald (69).jpg.json
train/leaf_scald/leaf_scald (7).jpg,train,leaf_scald,1,2,79708,35732,requires_human_review;large_connected_candidate_review,metadata/train/leaf_scald/leaf_scald (7).jpg.json
train/leaf_scald/leaf_scald (75).jpg,train,leaf_scald,1,6,180904,108380,requires_human_review;high_candidate_coverage;large_connected_candidate_review,metadata/train/leaf_scald/leaf_scald (75).jpg.json
train/leaf_scald/leaf_scald (78).jpg,train,leaf_scald,1,7,187152,43452,requires_human_review,metadata/train/leaf_scald/leaf_scald (78).jpg.json
train/leaf_scald/leaf_scald (8).jpg,train,leaf_scald,1,8,242368,2968,requires_human_review,metadata/train/leaf_scald/leaf_scald (8).jpg.json
train/leaf_scald/leaf_scald (82).jpg,train,leaf_scald,1,9,201160,5208,requires_human_review,metadata/train/leaf_scald/leaf_scald (82).jpg.json
train/leaf_scald/leaf_scald (83).jpg,train,leaf_scald,1,8,129084,3172,requires_human_review,metadata/train/leaf_scald/leaf_scald (83).jpg.json
train/leaf_scald/leaf_scald (85).jpg,train,leaf_scald,3,6,319104,5892,requires_human_review;multiple_leaf_components,metadata/train/leaf_scald/leaf_scald (85).jpg.json
train/leaf_scald/leaf_scald (86).jpg,train,leaf_scald,1,6,105324,2452,requires_human_review,metadata/train/leaf_scald/leaf_scald (86).jpg.json
train/leaf_scald/leaf_scald (89).jpg,train,leaf_scald,1,7,222544,2348,requires_human_review,metadata/train/leaf_scald/leaf_scald (89).jpg.json
train/leaf_scald/leaf_scald (9).jpg,train,leaf_scald,1,5,201996,81096,requires_human_review;large_connected_candidate_review,metadata/train/leaf_scald/leaf_scald (9).jpg.json
train/leaf_scald/leaf_scald (90).jpg,train,leaf_scald,1,13,446532,4684,requires_human_review,metadata/train/leaf_scald/leaf_scald (90).jpg.json
train/leaf_scald/leaf_scald (92).jpg,train,leaf_scald,1,6,102444,64468,requires_human_review;high_candidate_coverage;large_connected_candidate_review,metadata/train/leaf_scald/leaf_scald (92).jpg.json
train/leaf_scald/leaf_scald (93).jpg,train,leaf_scald,1,12,113148,68368,requires_human_review;high_candidate_coverage;large_connected_candidate_review,metadata/train/leaf_scald/leaf_scald (93).jpg.json
train/leaf_scald/leaf_scald (94).jpg,train,leaf_scald,1,5,180024,9164,requires_human_review,metadata/train/leaf_scald/leaf_scald (94).jpg.json
train/leaf_scald/leaf_scald (95).jpg,train,leaf_scald,1,14,172996,103096,requires_human_review;high_candidate_coverage;large_connected_candidate_review,metadata/train/leaf_scald/leaf_scald (95).jpg.json
train/leaf_scald/leaf_scald (97).jpg,train,leaf_scald,1,5,158332,95480,requires_human_review;high_candidate_coverage;large_connected_candidate_review,metadata/train/leaf_scald/leaf_scald (97).jpg.json
train/leaf_scald/leaf_scald (99).jpg,train,leaf_scald,1,7,153296,34660,requires_human_review,metadata/train/leaf_scald/leaf_scald (99).jpg.json
train/narrow_brown_spot/narrow_brown (1).jpg,train,narrow_brown_spot,1,6,427364,18392,requires_human_review,metadata/train/narrow_brown_spot/narrow_brown (1).jpg.json
train/narrow_brown_spot/narrow_brown (100).jpg,train,narrow_brown_spot,1,3,325512,27048,requires_human_review,metadata/train/narrow_brown_spot/narrow_brown (100).jpg.json
train/narrow_brown_spot/narrow_brown (101).jpg,train,narrow_brown_spot,1,6,183512,7684,requires_human_review,metadata/train/narrow_brown_spot/narrow_brown (101).jpg.json
train/narrow_brown_spot/narrow_brown (103).jpg,train,narrow_brown_spot,1,6,251344,11436,requires_human_review,metadata/train/narrow_brown_spot/narrow_brown (103).jpg.json
train/narrow_brown_spot/narrow_brown (107).jpg,train,narrow_brown_spot,1,20,245956,24360,requires_human_review,metadata/train/narrow_brown_spot/narrow_brown (107).jpg.json
train/narrow_brown_spot/narrow_brown (108).jpg,train,narrow_brown_spot,1,48,243452,21308,requires_human_review,metadata/train/narrow_brown_spot/narrow_brown (108).jpg.json
train/narrow_brown_spot/narrow_brown (11).jpg,train,narrow_brown_spot,1,13,848620,51448,requires_human_review,metadata/train/narrow_brown_spot/narrow_brown (11).jpg.json
train/narrow_brown_spot/narrow_brown (113).jpg,train,narrow_brown_spot,1,10,234328,3680,requires_human_review,metadata/train/narrow_brown_spot/narrow_brown (113).jpg.json
train/narrow_brown_spot/narrow_brown (115).jpg,train,narrow_brown_spot,1,7,234084,3296,requires_human_review,metadata/train/narrow_brown_spot/narrow_brown (115).jpg.json
train/narrow_brown_spot/narrow_brown (116).jpg,train,narrow_brown_spot,1,25,284652,27836,requires_human_review,metadata/train/narrow_brown_spot/narrow_brown (116).jpg.json
train/narrow_brown_spot/narrow_brown (117).jpg,train,narrow_brown_spot,1,9,234092,3584,requires_human_review,metadata/train/narrow_brown_spot/narrow_brown (117).jpg.json
train/narrow_brown_spot/narrow_brown (119).jpg,train,narrow_brown_spot,1,67,321664,32232,requires_human_review,metadata/train/narrow_brown_spot/narrow_brown (119).jpg.json
train/narrow_brown_spot/narrow_brown (12).jpg,train,narrow_brown_spot,1,69,419532,40012,requires_human_review,metadata/train/narrow_brown_spot/narrow_brown (12).jpg.json
train/narrow_brown_spot/narrow_brown (120).jpg,train,narrow_brown_spot,1,9,234252,3764,requires_human_review,metadata/train/narrow_brown_spot/narrow_brown (120).jpg.json
train/narrow_brown_spot/narrow_brown (122).jpg,train,narrow_brown_spot,1,6,230336,10116,requires_human_review,metadata/train/narrow_brown_spot/narrow_brown (122).jpg.json
train/narrow_brown_spot/narrow_brown (13).jpg,train,narrow_brown_spot,1,8,562412,63608,requires_human_review,metadata/train/narrow_brown_spot/narrow_brown (13).jpg.json
train/narrow_brown_spot/narrow_brown (131).jpg,train,narrow_brown_spot,1,4,228932,18216,requires_human_review,metadata/train/narrow_brown_spot/narrow_brown (131).jpg.json
train/narrow_brown_spot/narrow_brown (132).jpg,train,narrow_brown_spot,1,67,321664,32232,requires_human_review,metadata/train/narrow_brown_spot/narrow_brown (132).jpg.json
train/narrow_brown_spot/narrow_brown (133).jpg,train,narrow_brown_spot,1,6,139068,4740,requires_human_review,metadata/train/narrow_brown_spot/narrow_brown (133).jpg.json
train/narrow_brown_spot/narrow_brown (134).jpg,train,narrow_brown_spot,1,6,251200,11792,requires_human_review,metadata/train/narrow_brown_spot/narrow_brown (134).jpg.json
train/narrow_brown_spot/narrow_brown (135).jpg,train,narrow_brown_spot,1,8,388524,19008,requires_human_review,metadata/train/narrow_brown_spot/narrow_brown (135).jpg.json
train/narrow_brown_spot/narrow_brown (136).jpg,train,narrow_brown_spot,1,4,325216,27096,requires_human_review,metadata/train/narrow_brown_spot/narrow_brown (136).jpg.json
train/narrow_brown_spot/narrow_brown (138).jpg,train,narrow_brown_spot,1,20,263500,25184,requires_human_review,metadata/train/narrow_brown_spot/narrow_brown (138).jpg.json
train/narrow_brown_spot/narrow_brown (14).jpg,train,narrow_brown_spot,1,7,608596,11160,requires_human_review,metadata/train/narrow_brown_spot/narrow_brown (14).jpg.json
train/narrow_brown_spot/narrow_brown (140).jpg,train,narrow_brown_spot,1,7,267140,3704,requires_human_review,metadata/train/narrow_brown_spot/narrow_brown (140).jpg.json
train/narrow_brown_spot/narrow_brown (142).jpg,train,narrow_brown_spot,1,6,444052,17172,requires_human_review,metadata/train/narrow_brown_spot/narrow_brown (142).jpg.json
train/narrow_brown_spot/narrow_brown (143).jpg,train,narrow_brown_spot,1,8,348604,5940,requires_human_review,metadata/train/narrow_brown_spot/narrow_brown (143).jpg.json
train/narrow_brown_spot/narrow_brown (144).jpg,train,narrow_brown_spot,1,7,239712,9076,requires_human_review,metadata/train/narrow_brown_spot/narrow_brown (144).jpg.json
train/narrow_brown_spot/narrow_brown (146).jpg,train,narrow_brown_spot,1,54,261032,25264,requires_human_review,metadata/train/narrow_brown_spot/narrow_brown (146).jpg.json
train/narrow_brown_spot/narrow_brown (149).jpg,train,narrow_brown_spot,1,65,331084,33184,requires_human_review,metadata/train/narrow_brown_spot/narrow_brown (149).jpg.json
train/narrow_brown_spot/narrow_brown (15).jpg,train,narrow_brown_spot,1,57,482380,25788,requires_human_review,metadata/train/narrow_brown_spot/narrow_brown (15).jpg.json
train/narrow_brown_spot/narrow_brown (150).jpg,train,narrow_brown_spot,1,66,355096,35464,requires_human_review,metadata/train/narrow_brown_spot/narrow_brown (150).jpg.json
train/narrow_brown_spot/narrow_brown (151).jpg,train,narrow_brown_spot,1,56,326448,31532,requires_human_review,metadata/train/narrow_brown_spot/narrow_brown (151).jpg.json
train/narrow_brown_spot/narrow_brown (152).jpg,train,narrow_brown_spot,1,18,240044,8712,requires_human_review,metadata/train/narrow_brown_spot/narrow_brown (152).jpg.json
train/narrow_brown_spot/narrow_brown (154).jpg,train,narrow_brown_spot,1,56,672740,166192,requires_human_review,metadata/train/narrow_brown_spot/narrow_brown (154).jpg.json
train/narrow_brown_spot/narrow_brown (155).jpg,train,narrow_brown_spot,1,21,459732,182444,requires_human_review,metadata/train/narrow_brown_spot/narrow_brown (155).jpg.json
train/narrow_brown_spot/narrow_brown (156).jpg,train,narrow_brown_spot,1,48,632044,389768,requires_human_review;high_candidate_coverage;large_connected_candidate_review,metadata/train/narrow_brown_spot/narrow_brown (156).jpg.json
train/narrow_brown_spot/narrow_brown (159).jpg,train,narrow_brown_spot,1,6,356908,13756,requires_human_review,metadata/train/narrow_brown_spot/narrow_brown (159).jpg.json
train/narrow_brown_spot/narrow_brown (16).jpg,train,narrow_brown_spot,1,92,799044,81208,requires_human_review,metadata/train/narrow_brown_spot/narrow_brown (16).jpg.json
train/narrow_brown_spot/narrow_brown (160).jpg,train,narrow_brown_spot,1,12,273368,15468,requires_human_review,metadata/train/narrow_brown_spot/narrow_brown (160).jpg.json
train/narrow_brown_spot/narrow_brown (162).jpg,train,narrow_brown_spot,1,71,293588,27728,requires_human_review,metadata/train/narrow_brown_spot/narrow_brown (162).jpg.json
train/narrow_brown_spot/narrow_brown (163).jpg,train,narrow_brown_spot,1,76,487684,50824,requires_human_review,metadata/train/narrow_brown_spot/narrow_brown (163).jpg.json
train/narrow_brown_spot/narrow_brown (169).jpg,train,narrow_brown_spot,1,2,160192,12872,requires_human_review,metadata/train/narrow_brown_spot/narrow_brown (169).jpg.json
train/narrow_brown_spot/narrow_brown (17).jpg,train,narrow_brown_spot,1,20,367632,12616,requires_human_review,metadata/train/narrow_brown_spot/narrow_brown (17).jpg.json
train/narrow_brown_spot/narrow_brown (170).jpg,train,narrow_brown_spot,1,32,565880,43920,requires_human_review,metadata/train/narrow_brown_spot/narrow_brown (170).jpg.json
train/narrow_brown_spot/narrow_brown (171).jpg,train,narrow_brown_spot,1,71,337820,71184,requires_human_review,metadata/train/narrow_brown_spot/narrow_brown (171).jpg.json
train/narrow_brown_spot/narrow_brown (172).jpg,train,narrow_brown_spot,1,77,357300,72528,requires_human_review,metadata/train/narrow_brown_spot/narrow_brown (172).jpg.json
train/narrow_brown_spot/narrow_brown (173).jpg,train,narrow_brown_spot,1,69,320376,60548,requires_human_review,metadata/train/narrow_brown_spot/narrow_brown (173).jpg.json
train/narrow_brown_spot/narrow_brown (175).jpg,train,narrow_brown_spot,1,7,440264,17528,requires_human_review,metadata/train/narrow_brown_spot/narrow_brown (175).jpg.json
train/narrow_brown_spot/narrow_brown (176).jpg,train,narrow_brown_spot,1,66,273320,51452,requires_human_review,metadata/train/narrow_brown_spot/narrow_brown (176).jpg.json
train/narrow_brown_spot/narrow_brown (177).jpg,train,narrow_brown_spot,1,61,272220,55860,requires_human_review,metadata/train/narrow_brown_spot/narrow_brown (177).jpg.json
train/narrow_brown_spot/narrow_brown (178).jpg,train,narrow_brown_spot,1,53,282592,33348,requires_human_review,metadata/train/narrow_brown_spot/narrow_brown (178).jpg.json
train/narrow_brown_spot/narrow_brown (179).jpg,train,narrow_brown_spot,1,68,362296,34788,requires_human_review,metadata/train/narrow_brown_spot/narrow_brown (179).jpg.json
train/narrow_brown_spot/narrow_brown (180).jpg,train,narrow_brown_spot,1,78,419492,40404,requires_human_review,metadata/train/narrow_brown_spot/narrow_brown (180).jpg.json
train/narrow_brown_spot/narrow_brown (182).jpg,train,narrow_brown_spot,1,60,293604,27376,requires_human_review,metadata/train/narrow_brown_spot/narrow_brown (182).jpg.json
train/narrow_brown_spot/narrow_brown (183).jpg,train,narrow_brown_spot,1,75,439344,42404,requires_human_review,metadata/train/narrow_brown_spot/narrow_brown (183).jpg.json
train/narrow_brown_spot/narrow_brown (185).jpg,train,narrow_brown_spot,1,81,554728,58320,requires_human_review,metadata/train/narrow_brown_spot/narrow_brown (185).jpg.json
train/narrow_brown_spot/narrow_brown (186).jpg,train,narrow_brown_spot,1,6,326112,12752,requires_human_review,metadata/train/narrow_brown_spot/narrow_brown (186).jpg.json
train/narrow_brown_spot/narrow_brown (187).jpg,train,narrow_brown_spot,1,55,280480,26816,requires_human_review,metadata/train/narrow_brown_spot/narrow_brown (187).jpg.json
train/narrow_brown_spot/narrow_brown (189).jpg,train,narrow_brown_spot,1,9,477212,8436,requires_human_review,metadata/train/narrow_brown_spot/narrow_brown (189).jpg.json
train/narrow_brown_spot/narrow_brown (190).jpg,train,narrow_brown_spot,1,9,211488,2948,requires_human_review,metadata/train/narrow_brown_spot/narrow_brown (190).jpg.json
train/narrow_brown_spot/narrow_brown (191).jpg,train,narrow_brown_spot,1,8,257448,4232,requires_human_review,metadata/train/narrow_brown_spot/narrow_brown (191).jpg.json
train/narrow_brown_spot/narrow_brown (193).jpg,train,narrow_brown_spot,1,20,330052,32984,requires_human_review,metadata/train/narrow_brown_spot/narrow_brown (193).jpg.json
train/narrow_brown_spot/narrow_brown (194).jpg,train,narrow_brown_spot,1,45,240556,21356,requires_human_review,metadata/train/narrow_brown_spot/narrow_brown (194).jpg.json
train/narrow_brown_spot/narrow_brown (195).jpg,train,narrow_brown_spot,1,42,197780,16928,requires_human_review,metadata/train/narrow_brown_spot/narrow_brown (195).jpg.json
train/narrow_brown_spot/narrow_brown (197).jpg,train,narrow_brown_spot,1,49,348088,28672,requires_human_review,metadata/train/narrow_brown_spot/narrow_brown (197).jpg.json
train/narrow_brown_spot/narrow_brown (198).jpg,train,narrow_brown_spot,1,26,533496,53128,requires_human_review,metadata/train/narrow_brown_spot/narrow_brown (198).jpg.json
train/narrow_brown_spot/narrow_brown (20).jpg,train,narrow_brown_spot,1,68,460512,82804,requires_human_review,metadata/train/narrow_brown_spot/narrow_brown (20).jpg.json
train/narrow_brown_spot/narrow_brown (200).jpg,train,narrow_brown_spot,1,6,536068,9600,requires_human_review,metadata/train/narrow_brown_spot/narrow_brown (200).jpg.json
train/narrow_brown_spot/narrow_brown (202).jpg,train,narrow_brown_spot,1,8,687412,12268,requires_human_review,metadata/train/narrow_brown_spot/narrow_brown (202).jpg.json
train/narrow_brown_spot/narrow_brown (203).jpg,train,narrow_brown_spot,1,64,400636,40788,requires_human_review,metadata/train/narrow_brown_spot/narrow_brown (203).jpg.json
train/narrow_brown_spot/narrow_brown (204).jpg,train,narrow_brown_spot,1,86,791868,84472,requires_human_review,metadata/train/narrow_brown_spot/narrow_brown (204).jpg.json
train/narrow_brown_spot/narrow_brown (206).jpg,train,narrow_brown_spot,1,7,463048,21112,requires_human_review,metadata/train/narrow_brown_spot/narrow_brown (206).jpg.json
train/narrow_brown_spot/narrow_brown (207).jpg,train,narrow_brown_spot,1,85,628208,62756,requires_human_review,metadata/train/narrow_brown_spot/narrow_brown (207).jpg.json
train/narrow_brown_spot/narrow_brown (208).jpg,train,narrow_brown_spot,1,70,419428,40728,requires_human_review,metadata/train/narrow_brown_spot/narrow_brown (208).jpg.json
train/narrow_brown_spot/narrow_brown (210).jpg,train,narrow_brown_spot,1,6,301020,24356,requires_human_review,metadata/train/narrow_brown_spot/narrow_brown (210).jpg.json
train/narrow_brown_spot/narrow_brown (211).jpg,train,narrow_brown_spot,1,84,599104,59804,requires_human_review,metadata/train/narrow_brown_spot/narrow_brown (211).jpg.json
train/narrow_brown_spot/narrow_brown (212).jpg,train,narrow_brown_spot,1,77,517704,51168,requires_human_review,metadata/train/narrow_brown_spot/narrow_brown (212).jpg.json
train/narrow_brown_spot/narrow_brown (213).jpg,train,narrow_brown_spot,1,52,409864,48236,requires_human_review,metadata/train/narrow_brown_spot/narrow_brown (213).jpg.json
train/narrow_brown_spot/narrow_brown (214).jpg,train,narrow_brown_spot,1,72,391456,80056,requires_human_review,metadata/train/narrow_brown_spot/narrow_brown (214).jpg.json
train/narrow_brown_spot/narrow_brown (215).jpg,train,narrow_brown_spot,1,67,392036,70664,requires_human_review,metadata/train/narrow_brown_spot/narrow_brown (215).jpg.json
train/narrow_brown_spot/narrow_brown (216).jpg,train,narrow_brown_spot,1,7,385088,6788,requires_human_review,metadata/train/narrow_brown_spot/narrow_brown (216).jpg.json
train/narrow_brown_spot/narrow_brown (217).jpg,train,narrow_brown_spot,1,68,460520,82748,requires_human_review,metadata/train/narrow_brown_spot/narrow_brown (217).jpg.json
train/narrow_brown_spot/narrow_brown (218).jpg,train,narrow_brown_spot,1,75,514196,102496,requires_human_review,metadata/train/narrow_brown_spot/narrow_brown (218).jpg.json
train/narrow_brown_spot/narrow_brown (219).jpg,train,narrow_brown_spot,1,70,514112,96628,requires_human_review,metadata/train/narrow_brown_spot/narrow_brown (219).jpg.json
train/narrow_brown_spot/narrow_brown (22).jpg,train,narrow_brown_spot,1,75,391436,80244,requires_human_review,metadata/train/narrow_brown_spot/narrow_brown (22).jpg.json
train/narrow_brown_spot/narrow_brown (220).jpg,train,narrow_brown_spot,1,29,833068,59968,requires_human_review,metadata/train/narrow_brown_spot/narrow_brown (220).jpg.json
train/narrow_brown_spot/narrow_brown (221).jpg,train,narrow_brown_spot,1,20,367604,12640,requires_human_review,metadata/train/narrow_brown_spot/narrow_brown (221).jpg.json
train/narrow_brown_spot/narrow_brown (222).jpg,train,narrow_brown_spot,1,20,263664,46860,requires_human_review,metadata/train/narrow_brown_spot/narrow_brown (222).jpg.json
train/narrow_brown_spot/narrow_brown (224).jpg,train,narrow_brown_spot,1,58,479436,25864,requires_human_review,metadata/train/narrow_brown_spot/narrow_brown (224).jpg.json
train/narrow_brown_spot/narrow_brown (226).jpg,train,narrow_brown_spot,1,13,939572,60920,requires_human_review,metadata/train/narrow_brown_spot/narrow_brown (226).jpg.json
train/narrow_brown_spot/narrow_brown (227).jpg,train,narrow_brown_spot,1,68,419500,40040,requires_human_review,metadata/train/narrow_brown_spot/narrow_brown (227).jpg.json
train/narrow_brown_spot/narrow_brown (228).jpg,train,narrow_brown_spot,1,13,848584,51428,requires_human_review,metadata/train/narrow_brown_spot/narrow_brown (228).jpg.json
train/narrow_brown_spot/narrow_brown (229).jpg,train,narrow_brown_spot,1,9,406432,6860,requires_human_review,metadata/train/narrow_brown_spot/narrow_brown (229).jpg.json
train/narrow_brown_spot/narrow_brown (23).jpg,train,narrow_brown_spot,1,51,409920,48400,requires_human_review,metadata/train/narrow_brown_spot/narrow_brown (23).jpg.json
train/narrow_brown_spot/narrow_brown (233).jpg,train,narrow_brown_spot,1,8,511560,22616,requires_human_review,metadata/train/narrow_brown_spot/narrow_brown (233).jpg.json
train/narrow_brown_spot/narrow_brown (234).jpg,train,narrow_brown_spot,1,13,717500,42512,requires_human_review,metadata/train/narrow_brown_spot/narrow_brown (234).jpg.json
train/narrow_brown_spot/narrow_brown (235).jpg,train,narrow_brown_spot,1,51,915600,578876,requires_human_review;high_candidate_coverage;large_connected_candidate_review,metadata/train/narrow_brown_spot/narrow_brown (235).jpg.json
train/narrow_brown_spot/narrow_brown (236).jpg,train,narrow_brown_spot,1,28,666880,264664,requires_human_review,metadata/train/narrow_brown_spot/narrow_brown (236).jpg.json
train/narrow_brown_spot/narrow_brown (24).jpg,train,narrow_brown_spot,1,47,279904,32424,requires_human_review,metadata/train/narrow_brown_spot/narrow_brown (24).jpg.json
train/narrow_brown_spot/narrow_brown (240).jpg,train,narrow_brown_spot,1,49,468088,41120,requires_human_review,metadata/train/narrow_brown_spot/narrow_brown (240).jpg.json
train/narrow_brown_spot/narrow_brown (242).jpg,train,narrow_brown_spot,1,78,509144,52804,requires_human_review,metadata/train/narrow_brown_spot/narrow_brown (242).jpg.json
train/narrow_brown_spot/narrow_brown (246).jpg,train,narrow_brown_spot,1,29,359476,14448,requires_human_review,metadata/train/narrow_brown_spot/narrow_brown (246).jpg.json
train/narrow_brown_spot/narrow_brown (250).jpg,train,narrow_brown_spot,1,6,315096,13408,requires_human_review,metadata/train/narrow_brown_spot/narrow_brown (250).jpg.json
train/narrow_brown_spot/narrow_brown (252).jpg,train,narrow_brown_spot,1,55,552888,136692,requires_human_review,metadata/train/narrow_brown_spot/narrow_brown (252).jpg.json
train/narrow_brown_spot/narrow_brown (253).jpg,train,narrow_brown_spot,1,20,377844,35880,requires_human_review,metadata/train/narrow_brown_spot/narrow_brown (253).jpg.json
train/narrow_brown_spot/narrow_brown (255).jpg,train,narrow_brown_spot,1,6,467412,44020,requires_human_review,metadata/train/narrow_brown_spot/narrow_brown (255).jpg.json
train/narrow_brown_spot/narrow_brown (258).jpg,train,narrow_brown_spot,1,7,360292,29556,requires_human_review,metadata/train/narrow_brown_spot/narrow_brown (258).jpg.json
train/narrow_brown_spot/narrow_brown (259).jpg,train,narrow_brown_spot,1,5,227560,18144,requires_human_review,metadata/train/narrow_brown_spot/narrow_brown (259).jpg.json
train/narrow_brown_spot/narrow_brown (26).jpg,train,narrow_brown_spot,1,6,301052,24340,requires_human_review,metadata/train/narrow_brown_spot/narrow_brown (26).jpg.json
train/narrow_brown_spot/narrow_brown (260).jpg,train,narrow_brown_spot,1,18,353104,35984,requires_human_review,metadata/train/narrow_brown_spot/narrow_brown (260).jpg.json
train/narrow_brown_spot/narrow_brown (263).jpg,train,narrow_brown_spot,1,4,328876,35344,requires_human_review,metadata/train/narrow_brown_spot/narrow_brown (263).jpg.json
train/narrow_brown_spot/narrow_brown (266).jpg,train,narrow_brown_spot,1,7,331076,16712,requires_human_review,metadata/train/narrow_brown_spot/narrow_brown (266).jpg.json
train/narrow_brown_spot/narrow_brown (269).jpg,train,narrow_brown_spot,1,8,687416,12192,requires_human_review,metadata/train/narrow_brown_spot/narrow_brown (269).jpg.json
train/narrow_brown_spot/narrow_brown (27).jpg,train,narrow_brown_spot,1,3,366560,34036,requires_human_review,metadata/train/narrow_brown_spot/narrow_brown (27).jpg.json
train/narrow_brown_spot/narrow_brown (273).jpg,train,narrow_brown_spot,1,6,474372,54092,requires_human_review,metadata/train/narrow_brown_spot/narrow_brown (273).jpg.json
train/narrow_brown_spot/narrow_brown (275).jpg,train,narrow_brown_spot,1,3,538984,67376,requires_human_review,metadata/train/narrow_brown_spot/narrow_brown (275).jpg.json
train/narrow_brown_spot/narrow_brown (279).jpg,train,narrow_brown_spot,1,6,372864,16736,requires_human_review,metadata/train/narrow_brown_spot/narrow_brown (279).jpg.json
train/narrow_brown_spot/narrow_brown (28).jpg,train,narrow_brown_spot,1,70,419536,40804,requires_human_review,metadata/train/narrow_brown_spot/narrow_brown (28).jpg.json
train/narrow_brown_spot/narrow_brown (280).jpg,train,narrow_brown_spot,1,7,400248,20788,requires_human_review,metadata/train/narrow_brown_spot/narrow_brown (280).jpg.json
train/narrow_brown_spot/narrow_brown (281).jpg,train,narrow_brown_spot,1,7,494120,25924,requires_human_review,metadata/train/narrow_brown_spot/narrow_brown (281).jpg.json
train/narrow_brown_spot/narrow_brown (282).jpg,train,narrow_brown_spot,1,7,620084,35588,requires_human_review,metadata/train/narrow_brown_spot/narrow_brown (282).jpg.json
train/narrow_brown_spot/narrow_brown (283).jpg,train,narrow_brown_spot,1,6,431628,44312,requires_human_review,metadata/train/narrow_brown_spot/narrow_brown (283).jpg.json
train/narrow_brown_spot/narrow_brown (284).jpg,train,narrow_brown_spot,1,45,529604,43100,requires_human_review,metadata/train/narrow_brown_spot/narrow_brown (284).jpg.json
train/narrow_brown_spot/narrow_brown (286).jpg,train,narrow_brown_spot,1,19,377904,36184,requires_human_review,metadata/train/narrow_brown_spot/narrow_brown (286).jpg.json
train/narrow_brown_spot/narrow_brown (287).jpg,train,narrow_brown_spot,1,19,254936,24188,requires_human_review,metadata/train/narrow_brown_spot/narrow_brown (287).jpg.json
train/narrow_brown_spot/narrow_brown (29).jpg,train,narrow_brown_spot,1,85,628204,62616,requires_human_review,metadata/train/narrow_brown_spot/narrow_brown (29).jpg.json
train/narrow_brown_spot/narrow_brown (290).jpg,train,narrow_brown_spot,1,4,293468,33348,requires_human_review,metadata/train/narrow_brown_spot/narrow_brown (290).jpg.json
train/narrow_brown_spot/narrow_brown (292).jpg,train,narrow_brown_spot,1,5,297672,23828,requires_human_review,metadata/train/narrow_brown_spot/narrow_brown (292).jpg.json
train/narrow_brown_spot/narrow_brown (295).jpg,train,narrow_brown_spot,1,4,430436,48708,requires_human_review,metadata/train/narrow_brown_spot/narrow_brown (295).jpg.json
train/narrow_brown_spot/narrow_brown (296).jpg,train,narrow_brown_spot,1,19,263284,25656,requires_human_review,metadata/train/narrow_brown_spot/narrow_brown (296).jpg.json
train/narrow_brown_spot/narrow_brown (297).jpg,train,narrow_brown_spot,1,18,254744,24704,requires_human_review,metadata/train/narrow_brown_spot/narrow_brown (297).jpg.json
train/narrow_brown_spot/narrow_brown (298).jpg,train,narrow_brown_spot,1,21,377820,36188,requires_human_review,metadata/train/narrow_brown_spot/narrow_brown (298).jpg.json
train/narrow_brown_spot/narrow_brown (299).jpg,train,narrow_brown_spot,1,6,431628,44312,requires_human_review,metadata/train/narrow_brown_spot/narrow_brown (299).jpg.json
train/narrow_brown_spot/narrow_brown (30).jpg,train,narrow_brown_spot,1,7,463084,21144,requires_human_review,metadata/train/narrow_brown_spot/narrow_brown (30).jpg.json
train/narrow_brown_spot/narrow_brown (300).jpg,train,narrow_brown_spot,1,7,620076,35616,requires_human_review,metadata/train/narrow_brown_spot/narrow_brown (300).jpg.json
train/narrow_brown_spot/narrow_brown (301).jpg,train,narrow_brown_spot,1,7,494604,20204,requires_human_review,metadata/train/narrow_brown_spot/narrow_brown (301).jpg.json
train/narrow_brown_spot/narrow_brown (302).jpg,train,narrow_brown_spot,1,7,494116,25948,requires_human_review,metadata/train/narrow_brown_spot/narrow_brown (302).jpg.json
train/narrow_brown_spot/narrow_brown (303).jpg,train,narrow_brown_spot,1,7,400252,20820,requires_human_review,metadata/train/narrow_brown_spot/narrow_brown (303).jpg.json
train/narrow_brown_spot/narrow_brown (305).jpg,train,narrow_brown_spot,1,7,373256,16536,requires_human_review,metadata/train/narrow_brown_spot/narrow_brown (305).jpg.json
train/narrow_brown_spot/narrow_brown (306).jpg,train,narrow_brown_spot,1,8,633484,10160,requires_human_review,metadata/train/narrow_brown_spot/narrow_brown (306).jpg.json
train/narrow_brown_spot/narrow_brown (307).jpg,train,narrow_brown_spot,1,8,633576,9912,requires_human_review,metadata/train/narrow_brown_spot/narrow_brown (307).jpg.json
train/narrow_brown_spot/narrow_brown (308).jpg,train,narrow_brown_spot,1,7,478688,22648,requires_human_review,metadata/train/narrow_brown_spot/narrow_brown (308).jpg.json
train/narrow_brown_spot/narrow_brown (309).jpg,train,narrow_brown_spot,1,3,538968,67436,requires_human_review,metadata/train/narrow_brown_spot/narrow_brown (309).jpg.json
train/narrow_brown_spot/narrow_brown (310).jpg,train,narrow_brown_spot,1,20,377740,35948,requires_human_review,metadata/train/narrow_brown_spot/narrow_brown (310).jpg.json
train/narrow_brown_spot/narrow_brown (312).jpg,train,narrow_brown_spot,1,6,474356,53996,requires_human_review,metadata/train/narrow_brown_spot/narrow_brown (312).jpg.json
train/narrow_brown_spot/narrow_brown (313).jpg,train,narrow_brown_spot,1,20,737876,74224,requires_human_review,metadata/train/narrow_brown_spot/narrow_brown (313).jpg.json
train/narrow_brown_spot/narrow_brown (314).jpg,train,narrow_brown_spot,1,4,428148,37880,requires_human_review,metadata/train/narrow_brown_spot/narrow_brown (314).jpg.json
train/narrow_brown_spot/narrow_brown (315).jpg,train,narrow_brown_spot,1,16,408376,41144,requires_human_review,metadata/train/narrow_brown_spot/narrow_brown (315).jpg.json
train/narrow_brown_spot/narrow_brown (317).jpg,train,narrow_brown_spot,1,78,501576,51884,requires_human_review,metadata/train/narrow_brown_spot/narrow_brown (317).jpg.json
train/narrow_brown_spot/narrow_brown (319).jpg,train,narrow_brown_spot,1,7,604028,11576,requires_human_review,metadata/train/narrow_brown_spot/narrow_brown (319).jpg.json
train/narrow_brown_spot/narrow_brown (320).jpg,train,narrow_brown_spot,1,6,577988,13036,requires_human_review,metadata/train/narrow_brown_spot/narrow_brown (320).jpg.json
train/narrow_brown_spot/narrow_brown (321).jpg,train,narrow_brown_spot,1,7,331076,16732,requires_human_review,metadata/train/narrow_brown_spot/narrow_brown (321).jpg.json
train/narrow_brown_spot/narrow_brown (322).jpg,train,narrow_brown_spot,1,5,619448,75508,requires_human_review,metadata/train/narrow_brown_spot/narrow_brown (322).jpg.json
train/narrow_brown_spot/narrow_brown (323).jpg,train,narrow_brown_spot,1,5,328828,35352,requires_human_review,metadata/train/narrow_brown_spot/narrow_brown (323).jpg.json
train/narrow_brown_spot/narrow_brown (327).jpg,train,narrow_brown_spot,1,8,360348,29628,requires_human_review,metadata/train/narrow_brown_spot/narrow_brown (327).jpg.json
train/narrow_brown_spot/narrow_brown (328).jpg,train,narrow_brown_spot,1,78,501576,51884,requires_human_review,metadata/train/narrow_brown_spot/narrow_brown (328).jpg.json
train/narrow_brown_spot/narrow_brown (329).jpg,train,narrow_brown_spot,1,7,360992,18636,requires_human_review,metadata/train/narrow_brown_spot/narrow_brown (329).jpg.json
train/narrow_brown_spot/narrow_brown (33).jpg,train,narrow_brown_spot,1,7,467524,20792,requires_human_review,metadata/train/narrow_brown_spot/narrow_brown (33).jpg.json
train/narrow_brown_spot/narrow_brown (331).jpg,train,narrow_brown_spot,1,7,467416,43988,requires_human_review,metadata/train/narrow_brown_spot/narrow_brown (331).jpg.json
train/narrow_brown_spot/narrow_brown (332).jpg,train,narrow_brown_spot,1,5,463320,52584,requires_human_review,metadata/train/narrow_brown_spot/narrow_brown (332).jpg.json
train/narrow_brown_spot/narrow_brown (333).jpg,train,narrow_brown_spot,1,3,322420,28612,requires_human_review,metadata/train/narrow_brown_spot/narrow_brown (333).jpg.json
train/narrow_brown_spot/narrow_brown (335).jpg,train,narrow_brown_spot,1,57,552816,136924,requires_human_review,metadata/train/narrow_brown_spot/narrow_brown (335).jpg.json
train/narrow_brown_spot/narrow_brown (337).jpg,train,narrow_brown_spot,1,6,315108,13404,requires_human_review,metadata/train/narrow_brown_spot/narrow_brown (337).jpg.json
train/narrow_brown_spot/narrow_brown (338).jpg,train,narrow_brown_spot,1,7,636972,27944,requires_human_review,metadata/train/narrow_brown_spot/narrow_brown (338).jpg.json
train/narrow_brown_spot/narrow_brown (339).jpg,train,narrow_brown_spot,1,6,502452,10012,requires_human_review,metadata/train/narrow_brown_spot/narrow_brown (339).jpg.json
train/narrow_brown_spot/narrow_brown (340).jpg,train,narrow_brown_spot,1,6,344412,14860,requires_human_review,metadata/train/narrow_brown_spot/narrow_brown (340).jpg.json
train/narrow_brown_spot/narrow_brown (344).jpg,train,narrow_brown_spot,1,7,608560,11412,requires_human_review,metadata/train/narrow_brown_spot/narrow_brown (344).jpg.json
train/narrow_brown_spot/narrow_brown (345).jpg,train,narrow_brown_spot,1,9,398608,7060,requires_human_review,metadata/train/narrow_brown_spot/narrow_brown (345).jpg.json
train/narrow_brown_spot/narrow_brown (347).jpg,train,narrow_brown_spot,1,79,509172,52816,requires_human_review,metadata/train/narrow_brown_spot/narrow_brown (347).jpg.json
train/narrow_brown_spot/narrow_brown (36).jpg,train,narrow_brown_spot,1,8,687448,12244,requires_human_review,metadata/train/narrow_brown_spot/narrow_brown (36).jpg.json
train/narrow_brown_spot/narrow_brown (38).jpg,train,narrow_brown_spot,1,9,370792,6236,requires_human_review,metadata/train/narrow_brown_spot/narrow_brown (38).jpg.json
train/narrow_brown_spot/narrow_brown (4).jpg,train,narrow_brown_spot,1,29,666836,264796,requires_human_review,metadata/train/narrow_brown_spot/narrow_brown (4).jpg.json
train/narrow_brown_spot/narrow_brown (40).jpg,train,narrow_brown_spot,1,25,533432,53212,requires_human_review,metadata/train/narrow_brown_spot/narrow_brown (40).jpg.json
train/narrow_brown_spot/narrow_brown (41).jpg,train,narrow_brown_spot,1,51,348096,28880,requires_human_review,metadata/train/narrow_brown_spot/narrow_brown (41).jpg.json
train/narrow_brown_spot/narrow_brown (42).jpg,train,narrow_brown_spot,1,48,261108,23132,requires_human_review,metadata/train/narrow_brown_spot/narrow_brown (42).jpg.json
train/narrow_brown_spot/narrow_brown (43).jpg,train,narrow_brown_spot,1,36,197792,15836,requires_human_review,metadata/train/narrow_brown_spot/narrow_brown (43).jpg.json
train/narrow_brown_spot/narrow_brown (46).jpg,train,narrow_brown_spot,1,5,297672,23828,requires_human_review,metadata/train/narrow_brown_spot/narrow_brown (46).jpg.json
train/narrow_brown_spot/narrow_brown (47).jpg,train,narrow_brown_spot,1,9,257472,4128,requires_human_review,metadata/train/narrow_brown_spot/narrow_brown (47).jpg.json
train/narrow_brown_spot/narrow_brown (5).jpg,train,narrow_brown_spot,1,49,915628,578848,requires_human_review;high_candidate_coverage;large_connected_candidate_review,metadata/train/narrow_brown_spot/narrow_brown (5).jpg.json
train/narrow_brown_spot/narrow_brown (50).jpg,train,narrow_brown_spot,1,60,280756,26864,requires_human_review,metadata/train/narrow_brown_spot/narrow_brown (50).jpg.json
train/narrow_brown_spot/narrow_brown (51).jpg,train,narrow_brown_spot,1,7,326096,12548,requires_human_review,metadata/train/narrow_brown_spot/narrow_brown (51).jpg.json
train/narrow_brown_spot/narrow_brown (54).jpg,train,narrow_brown_spot,1,7,323008,14656,requires_human_review,metadata/train/narrow_brown_spot/narrow_brown (54).jpg.json
train/narrow_brown_spot/narrow_brown (56).jpg,train,narrow_brown_spot,1,2,254892,21068,requires_human_review,metadata/train/narrow_brown_spot/narrow_brown (56).jpg.json
train/narrow_brown_spot/narrow_brown (57).jpg,train,narrow_brown_spot,1,71,419320,39592,requires_human_review,metadata/train/narrow_brown_spot/narrow_brown (57).jpg.json
train/narrow_brown_spot/narrow_brown (59).jpg,train,narrow_brown_spot,1,47,194100,21664,requires_human_review,metadata/train/narrow_brown_spot/narrow_brown (59).jpg.json
train/narrow_brown_spot/narrow_brown (61).jpg,train,narrow_brown_spot,1,61,272324,55160,requires_human_review,metadata/train/narrow_brown_spot/narrow_brown (61).jpg.json
train/narrow_brown_spot/narrow_brown (62).jpg,train,narrow_brown_spot,1,7,440348,17300,requires_human_review,metadata/train/narrow_brown_spot/narrow_brown (62).jpg.json
train/narrow_brown_spot/narrow_brown (63).jpg,train,narrow_brown_spot,1,69,320484,59836,requires_human_review,metadata/train/narrow_brown_spot/narrow_brown (63).jpg.json
train/narrow_brown_spot/narrow_brown (66).jpg,train,narrow_brown_spot,1,33,566068,43280,requires_human_review,metadata/train/narrow_brown_spot/narrow_brown (66).jpg.json
train/narrow_brown_spot/narrow_brown (67).jpg,train,narrow_brown_spot,1,15,244848,7224,requires_human_review,metadata/train/narrow_brown_spot/narrow_brown (67).jpg.json
train/narrow_brown_spot/narrow_brown (68).jpg,train,narrow_brown_spot,1,2,160372,12968,requires_human_review,metadata/train/narrow_brown_spot/narrow_brown (68).jpg.json
train/narrow_brown_spot/narrow_brown (69).jpg,train,narrow_brown_spot,1,19,179972,30892,requires_human_review,metadata/train/narrow_brown_spot/narrow_brown (69).jpg.json
train/narrow_brown_spot/narrow_brown (70).jpg,train,narrow_brown_spot,1,6,421756,6884,requires_human_review,metadata/train/narrow_brown_spot/narrow_brown (70).jpg.json
train/narrow_brown_spot/narrow_brown (72).jpg,train,narrow_brown_spot,1,4,347752,39556,requires_human_review,metadata/train/narrow_brown_spot/narrow_brown (72).jpg.json
train/narrow_brown_spot/narrow_brown (74).jpg,train,narrow_brown_spot,1,62,293420,27232,requires_human_review,metadata/train/narrow_brown_spot/narrow_brown (74).jpg.json
train/narrow_brown_spot/narrow_brown (75).jpg,train,narrow_brown_spot,1,14,538956,32004,requires_human_review,metadata/train/narrow_brown_spot/narrow_brown (75).jpg.json
train/narrow_brown_spot/narrow_brown (80).jpg,train,narrow_brown_spot,1,6,356936,13544,requires_human_review,metadata/train/narrow_brown_spot/narrow_brown (80).jpg.json
train/narrow_brown_spot/narrow_brown (81).jpg,train,narrow_brown_spot,1,22,459800,182548,requires_human_review,metadata/train/narrow_brown_spot/narrow_brown (81).jpg.json
train/narrow_brown_spot/narrow_brown (82).jpg,train,narrow_brown_spot,1,53,672356,165740,requires_human_review,metadata/train/narrow_brown_spot/narrow_brown (82).jpg.json
train/narrow_brown_spot/narrow_brown (84).jpg,train,narrow_brown_spot,1,7,297832,11168,requires_human_review,metadata/train/narrow_brown_spot/narrow_brown (84).jpg.json
train/narrow_brown_spot/narrow_brown (85).jpg,train,narrow_brown_spot,1,17,239948,8656,requires_human_review,metadata/train/narrow_brown_spot/narrow_brown (85).jpg.json
train/narrow_brown_spot/narrow_brown (86).jpg,train,narrow_brown_spot,1,46,326256,30832,requires_human_review,metadata/train/narrow_brown_spot/narrow_brown (86).jpg.json
train/narrow_brown_spot/narrow_brown (87).jpg,train,narrow_brown_spot,1,64,354976,35320,requires_human_review,metadata/train/narrow_brown_spot/narrow_brown (87).jpg.json
train/narrow_brown_spot/narrow_brown (88).jpg,train,narrow_brown_spot,1,65,331004,33268,requires_human_review,metadata/train/narrow_brown_spot/narrow_brown (88).jpg.json
train/narrow_brown_spot/narrow_brown (89).jpg,train,narrow_brown_spot,1,16,160012,8200,requires_human_review,metadata/train/narrow_brown_spot/narrow_brown (89).jpg.json
train/narrow_brown_spot/narrow_brown (9).jpg,train,narrow_brown_spot,1,13,442172,25868,requires_human_review,metadata/train/narrow_brown_spot/narrow_brown (9).jpg.json
train/narrow_brown_spot/narrow_brown (90).jpg,train,narrow_brown_spot,1,10,275632,4032,requires_human_review,metadata/train/narrow_brown_spot/narrow_brown (90).jpg.json
train/narrow_brown_spot/narrow_brown (91).jpg,train,narrow_brown_spot,1,6,421652,6856,requires_human_review,metadata/train/narrow_brown_spot/narrow_brown (91).jpg.json
train/narrow_brown_spot/narrow_brown (92).jpg,train,narrow_brown_spot,1,21,222288,8344,requires_human_review,metadata/train/narrow_brown_spot/narrow_brown (92).jpg.json
train/narrow_brown_spot/narrow_brown (96).jpg,train,narrow_brown_spot,1,8,219408,7736,requires_human_review,metadata/train/narrow_brown_spot/narrow_brown (96).jpg.json
train/narrow_brown_spot/narrow_brown (97).jpg,train,narrow_brown_spot,1,9,266832,3608,requires_human_review,metadata/train/narrow_brown_spot/narrow_brown (97).jpg.json
train/bacterial_leaf_blight/bacterial_leaf_blight (100).JPG,validation,bacterial_leaf_blight,1,10,1380620,11380,requires_human_review,metadata/validation/bacterial_leaf_blight/bacterial_leaf_blight (100).JPG.json
train/bacterial_leaf_blight/bacterial_leaf_blight (112).JPG,validation,bacterial_leaf_blight,1,11,762980,5836,requires_human_review,metadata/validation/bacterial_leaf_blight/bacterial_leaf_blight (112).JPG.json
train/bacterial_leaf_blight/bacterial_leaf_blight (119).JPG,validation,bacterial_leaf_blight,1,32,1136960,22580,requires_human_review,metadata/validation/bacterial_leaf_blight/bacterial_leaf_blight (119).JPG.json
train/bacterial_leaf_blight/bacterial_leaf_blight (12).JPG,validation,bacterial_leaf_blight,1,23,297040,4524,requires_human_review,metadata/validation/bacterial_leaf_blight/bacterial_leaf_blight (12).JPG.json
train/bacterial_leaf_blight/bacterial_leaf_blight (14).JPG,validation,bacterial_leaf_blight,1,15,293652,8484,requires_human_review,metadata/validation/bacterial_leaf_blight/bacterial_leaf_blight (14).JPG.json
train/bacterial_leaf_blight/bacterial_leaf_blight (151).JPG,validation,bacterial_leaf_blight,1,28,523484,11272,requires_human_review,metadata/validation/bacterial_leaf_blight/bacterial_leaf_blight (151).JPG.json
train/bacterial_leaf_blight/bacterial_leaf_blight (154).jpg,validation,bacterial_leaf_blight,1,4,59136,10324,requires_human_review,metadata/validation/bacterial_leaf_blight/bacterial_leaf_blight (154).jpg.json
train/bacterial_leaf_blight/bacterial_leaf_blight (158).jpg,validation,bacterial_leaf_blight,3,12,173164,34516,requires_human_review;multiple_leaf_components,metadata/validation/bacterial_leaf_blight/bacterial_leaf_blight (158).jpg.json
train/bacterial_leaf_blight/bacterial_leaf_blight (16).JPG,validation,bacterial_leaf_blight,1,15,210552,4576,requires_human_review,metadata/validation/bacterial_leaf_blight/bacterial_leaf_blight (16).JPG.json
train/bacterial_leaf_blight/bacterial_leaf_blight (162).JPG,validation,bacterial_leaf_blight,1,9,222556,1248,requires_human_review,metadata/validation/bacterial_leaf_blight/bacterial_leaf_blight (162).JPG.json
train/bacterial_leaf_blight/bacterial_leaf_blight (163).jpg,validation,bacterial_leaf_blight,1,1,301288,1372,requires_human_review,metadata/validation/bacterial_leaf_blight/bacterial_leaf_blight (163).jpg.json
train/bacterial_leaf_blight/bacterial_leaf_blight (168).jpg,validation,bacterial_leaf_blight,1,33,837296,126372,requires_human_review,metadata/validation/bacterial_leaf_blight/bacterial_leaf_blight (168).jpg.json
train/bacterial_leaf_blight/bacterial_leaf_blight (175).JPG,validation,bacterial_leaf_blight,1,11,450992,7880,requires_human_review,metadata/validation/bacterial_leaf_blight/bacterial_leaf_blight (175).JPG.json
train/bacterial_leaf_blight/bacterial_leaf_blight (183).jpg,validation,bacterial_leaf_blight,1,29,836592,125760,requires_human_review,metadata/validation/bacterial_leaf_blight/bacterial_leaf_blight (183).jpg.json
train/bacterial_leaf_blight/bacterial_leaf_blight (198).JPG,validation,bacterial_leaf_blight,1,4,440808,19148,requires_human_review,metadata/validation/bacterial_leaf_blight/bacterial_leaf_blight (198).JPG.json
train/bacterial_leaf_blight/bacterial_leaf_blight (199).jpg,validation,bacterial_leaf_blight,1,4,682572,944,requires_human_review,metadata/validation/bacterial_leaf_blight/bacterial_leaf_blight (199).jpg.json
train/bacterial_leaf_blight/bacterial_leaf_blight (201).JPG,validation,bacterial_leaf_blight,1,10,448864,7696,requires_human_review,metadata/validation/bacterial_leaf_blight/bacterial_leaf_blight (201).JPG.json
train/bacterial_leaf_blight/bacterial_leaf_blight (209).JPG,validation,bacterial_leaf_blight,1,7,407600,1356,requires_human_review,metadata/validation/bacterial_leaf_blight/bacterial_leaf_blight (209).JPG.json
train/bacterial_leaf_blight/bacterial_leaf_blight (212).jpg,validation,bacterial_leaf_blight,1,2,564300,2884,requires_human_review,metadata/validation/bacterial_leaf_blight/bacterial_leaf_blight (212).jpg.json
train/bacterial_leaf_blight/bacterial_leaf_blight (213).JPG,validation,bacterial_leaf_blight,1,42,580880,38576,requires_human_review,metadata/validation/bacterial_leaf_blight/bacterial_leaf_blight (213).JPG.json
train/bacterial_leaf_blight/bacterial_leaf_blight (217).JPG,validation,bacterial_leaf_blight,1,3,215844,27988,requires_human_review,metadata/validation/bacterial_leaf_blight/bacterial_leaf_blight (217).JPG.json
train/bacterial_leaf_blight/bacterial_leaf_blight (218).JPG,validation,bacterial_leaf_blight,1,2,215892,27860,requires_human_review,metadata/validation/bacterial_leaf_blight/bacterial_leaf_blight (218).JPG.json
train/bacterial_leaf_blight/bacterial_leaf_blight (23).JPG,validation,bacterial_leaf_blight,1,2,236416,9472,requires_human_review,metadata/validation/bacterial_leaf_blight/bacterial_leaf_blight (23).JPG.json
train/bacterial_leaf_blight/bacterial_leaf_blight (235).JPG,validation,bacterial_leaf_blight,1,12,367508,7796,requires_human_review,metadata/validation/bacterial_leaf_blight/bacterial_leaf_blight (235).JPG.json
train/bacterial_leaf_blight/bacterial_leaf_blight (249).JPG,validation,bacterial_leaf_blight,1,4,232036,29948,requires_human_review,metadata/validation/bacterial_leaf_blight/bacterial_leaf_blight (249).JPG.json
train/bacterial_leaf_blight/bacterial_leaf_blight (25).JPG,validation,bacterial_leaf_blight,1,7,178716,23448,requires_human_review,metadata/validation/bacterial_leaf_blight/bacterial_leaf_blight (25).JPG.json
train/bacterial_leaf_blight/bacterial_leaf_blight (269).JPG,validation,bacterial_leaf_blight,1,15,165664,2772,requires_human_review,metadata/validation/bacterial_leaf_blight/bacterial_leaf_blight (269).JPG.json
train/bacterial_leaf_blight/bacterial_leaf_blight (270).JPG,validation,bacterial_leaf_blight,1,17,140028,8408,requires_human_review,metadata/validation/bacterial_leaf_blight/bacterial_leaf_blight (270).JPG.json
train/bacterial_leaf_blight/bacterial_leaf_blight (277).JPG,validation,bacterial_leaf_blight,1,2,626432,28424,requires_human_review,metadata/validation/bacterial_leaf_blight/bacterial_leaf_blight (277).JPG.json
train/bacterial_leaf_blight/bacterial_leaf_blight (280).jpg,validation,bacterial_leaf_blight,1,0,664536,0,requires_human_review;no_candidate_on_diseased_image,metadata/validation/bacterial_leaf_blight/bacterial_leaf_blight (280).jpg.json
train/bacterial_leaf_blight/bacterial_leaf_blight (29).JPG,validation,bacterial_leaf_blight,1,0,277840,0,requires_human_review;no_candidate_on_diseased_image,metadata/validation/bacterial_leaf_blight/bacterial_leaf_blight (29).JPG.json
train/bacterial_leaf_blight/bacterial_leaf_blight (296).JPG,validation,bacterial_leaf_blight,1,15,749184,38792,requires_human_review,metadata/validation/bacterial_leaf_blight/bacterial_leaf_blight (296).JPG.json
train/bacterial_leaf_blight/bacterial_leaf_blight (304).jpg,validation,bacterial_leaf_blight,1,38,707596,88496,requires_human_review,metadata/validation/bacterial_leaf_blight/bacterial_leaf_blight (304).jpg.json
train/bacterial_leaf_blight/bacterial_leaf_blight (312).JPG,validation,bacterial_leaf_blight,1,15,505612,47552,requires_human_review,metadata/validation/bacterial_leaf_blight/bacterial_leaf_blight (312).JPG.json
train/bacterial_leaf_blight/bacterial_leaf_blight (313).JPG,validation,bacterial_leaf_blight,1,42,720404,17880,requires_human_review,metadata/validation/bacterial_leaf_blight/bacterial_leaf_blight (313).JPG.json
train/bacterial_leaf_blight/bacterial_leaf_blight (315).JPG,validation,bacterial_leaf_blight,1,41,1075840,13416,requires_human_review,metadata/validation/bacterial_leaf_blight/bacterial_leaf_blight (315).JPG.json
train/bacterial_leaf_blight/bacterial_leaf_blight (32).JPG,validation,bacterial_leaf_blight,1,26,374912,29340,requires_human_review,metadata/validation/bacterial_leaf_blight/bacterial_leaf_blight (32).JPG.json
train/bacterial_leaf_blight/bacterial_leaf_blight (330).JPG,validation,bacterial_leaf_blight,1,35,1281040,105560,requires_human_review,metadata/validation/bacterial_leaf_blight/bacterial_leaf_blight (330).JPG.json
train/bacterial_leaf_blight/bacterial_leaf_blight (332).jpg,validation,bacterial_leaf_blight,1,4,1031764,5116,requires_human_review,metadata/validation/bacterial_leaf_blight/bacterial_leaf_blight (332).jpg.json
train/bacterial_leaf_blight/bacterial_leaf_blight (350).JPG,validation,bacterial_leaf_blight,1,6,1217160,18800,requires_human_review,metadata/validation/bacterial_leaf_blight/bacterial_leaf_blight (350).JPG.json
train/bacterial_leaf_blight/bacterial_leaf_blight (36).JPG,validation,bacterial_leaf_blight,1,11,218444,11192,requires_human_review,metadata/validation/bacterial_leaf_blight/bacterial_leaf_blight (36).JPG.json
train/bacterial_leaf_blight/bacterial_leaf_blight (44).JPG,validation,bacterial_leaf_blight,1,7,241316,3296,requires_human_review,metadata/validation/bacterial_leaf_blight/bacterial_leaf_blight (44).JPG.json
train/bacterial_leaf_blight/bacterial_leaf_blight (45).JPG,validation,bacterial_leaf_blight,1,5,178724,23268,requires_human_review,metadata/validation/bacterial_leaf_blight/bacterial_leaf_blight (45).JPG.json
train/bacterial_leaf_blight/bacterial_leaf_blight (51).JPG,validation,bacterial_leaf_blight,1,7,313796,2956,requires_human_review,metadata/validation/bacterial_leaf_blight/bacterial_leaf_blight (51).JPG.json
train/bacterial_leaf_blight/bacterial_leaf_blight (61).JPG,validation,bacterial_leaf_blight,1,17,318600,24676,requires_human_review,metadata/validation/bacterial_leaf_blight/bacterial_leaf_blight (61).JPG.json
train/bacterial_leaf_blight/bacterial_leaf_blight (8).JPG,validation,bacterial_leaf_blight,1,11,608252,42116,requires_human_review,metadata/validation/bacterial_leaf_blight/bacterial_leaf_blight (8).JPG.json
train/bacterial_leaf_blight/bacterial_leaf_blight (93).JPG,validation,bacterial_leaf_blight,1,9,809088,30668,requires_human_review,metadata/validation/bacterial_leaf_blight/bacterial_leaf_blight (93).JPG.json
train/bacterial_leaf_blight/bacterial_leaf_blight (99).JPG,validation,bacterial_leaf_blight,1,38,1075720,13424,requires_human_review,metadata/validation/bacterial_leaf_blight/bacterial_leaf_blight (99).JPG.json
train/brown_spot/brown_spot (10).jpg,validation,brown_spot,1,1,280128,440,requires_human_review,metadata/validation/brown_spot/brown_spot (10).jpg.json
train/brown_spot/brown_spot (105).jpg,validation,brown_spot,1,1,335676,548,requires_human_review,metadata/validation/brown_spot/brown_spot (105).jpg.json
train/brown_spot/brown_spot (107).jpg,validation,brown_spot,1,1,496796,4180,requires_human_review,metadata/validation/brown_spot/brown_spot (107).jpg.json
train/brown_spot/brown_spot (110).jpg,validation,brown_spot,1,35,1243148,220396,requires_human_review,metadata/validation/brown_spot/brown_spot (110).jpg.json
train/brown_spot/brown_spot (145).jpg,validation,brown_spot,1,1,722504,984,requires_human_review,metadata/validation/brown_spot/brown_spot (145).jpg.json
train/brown_spot/brown_spot (148).jpg,validation,brown_spot,1,1,308500,16780,requires_human_review,metadata/validation/brown_spot/brown_spot (148).jpg.json
train/brown_spot/brown_spot (150).jpg,validation,brown_spot,1,8,238252,52380,requires_human_review,metadata/validation/brown_spot/brown_spot (150).jpg.json
train/brown_spot/brown_spot (157).jpg,validation,brown_spot,1,5,2560000,78744,requires_human_review;high_foreground_coverage;complex_foreground_review,metadata/validation/brown_spot/brown_spot (157).jpg.json
train/brown_spot/brown_spot (161).jpg,validation,brown_spot,1,8,270028,8268,requires_human_review,metadata/validation/brown_spot/brown_spot (161).jpg.json
train/brown_spot/brown_spot (163).jpg,validation,brown_spot,1,5,368664,17256,requires_human_review,metadata/validation/brown_spot/brown_spot (163).jpg.json
train/brown_spot/brown_spot (169).jpg,validation,brown_spot,1,16,2204872,114976,requires_human_review;high_foreground_coverage;complex_foreground_review,metadata/validation/brown_spot/brown_spot (169).jpg.json
train/brown_spot/brown_spot (186).jpg,validation,brown_spot,1,17,260624,10964,requires_human_review,metadata/validation/brown_spot/brown_spot (186).jpg.json
train/brown_spot/brown_spot (195).jpg,validation,brown_spot,1,3,284156,820,requires_human_review,metadata/validation/brown_spot/brown_spot (195).jpg.json
train/brown_spot/brown_spot (206).jpg,validation,brown_spot,1,3,358476,1604,requires_human_review,metadata/validation/brown_spot/brown_spot (206).jpg.json
train/brown_spot/brown_spot (213).JPG,validation,brown_spot,1,3,1447384,4548,requires_human_review,metadata/validation/brown_spot/brown_spot (213).JPG.json
train/brown_spot/brown_spot (216).JPG,validation,brown_spot,1,1,779220,1516,requires_human_review,metadata/validation/brown_spot/brown_spot (216).JPG.json
train/brown_spot/brown_spot (220).JPG,validation,brown_spot,1,1,779220,1516,requires_human_review,metadata/validation/brown_spot/brown_spot (220).JPG.json
train/brown_spot/brown_spot (230).JPG,validation,brown_spot,1,5,621780,11584,requires_human_review,metadata/validation/brown_spot/brown_spot (230).JPG.json
train/brown_spot/brown_spot (231).JPG,validation,brown_spot,1,3,668036,9268,requires_human_review,metadata/validation/brown_spot/brown_spot (231).JPG.json
train/brown_spot/brown_spot (234).JPG,validation,brown_spot,1,3,244144,6816,requires_human_review,metadata/validation/brown_spot/brown_spot (234).JPG.json
train/brown_spot/brown_spot (238).jpg,validation,brown_spot,1,6,429356,4880,requires_human_review,metadata/validation/brown_spot/brown_spot (238).jpg.json
train/brown_spot/brown_spot (253).jpg,validation,brown_spot,1,20,326480,76980,requires_human_review,metadata/validation/brown_spot/brown_spot (253).jpg.json
train/brown_spot/brown_spot (255).jpg,validation,brown_spot,1,21,388444,96720,requires_human_review,metadata/validation/brown_spot/brown_spot (255).jpg.json
train/brown_spot/brown_spot (258).jpg,validation,brown_spot,1,21,388496,96836,requires_human_review,metadata/validation/brown_spot/brown_spot (258).jpg.json
train/brown_spot/brown_spot (266).jpg,validation,brown_spot,1,2,570196,3352,requires_human_review,metadata/validation/brown_spot/brown_spot (266).jpg.json
train/brown_spot/brown_spot (27).jpg,validation,brown_spot,1,24,457920,18036,requires_human_review,metadata/validation/brown_spot/brown_spot (27).jpg.json
train/brown_spot/brown_spot (272).jpg,validation,brown_spot,1,1,514468,384,requires_human_review,metadata/validation/brown_spot/brown_spot (272).jpg.json
train/brown_spot/brown_spot (273).jpg,validation,brown_spot,1,3,369212,1420,requires_human_review,metadata/validation/brown_spot/brown_spot (273).jpg.json
train/brown_spot/brown_spot (277).jpg,validation,brown_spot,1,3,494152,5908,requires_human_review,metadata/validation/brown_spot/brown_spot (277).jpg.json
train/brown_spot/brown_spot (278).jpg,validation,brown_spot,1,4,303904,2684,requires_human_review,metadata/validation/brown_spot/brown_spot (278).jpg.json
train/brown_spot/brown_spot (285).jpg,validation,brown_spot,1,0,470392,0,requires_human_review;no_candidate_on_diseased_image,metadata/validation/brown_spot/brown_spot (285).jpg.json
train/brown_spot/brown_spot (29).jpg,validation,brown_spot,1,6,800000,40188,requires_human_review,metadata/validation/brown_spot/brown_spot (29).jpg.json
train/brown_spot/brown_spot (292).jpg,validation,brown_spot,1,14,598328,12096,requires_human_review,metadata/validation/brown_spot/brown_spot (292).jpg.json
train/brown_spot/brown_spot (303).jpg,validation,brown_spot,1,10,429508,8224,requires_human_review,metadata/validation/brown_spot/brown_spot (303).jpg.json
train/brown_spot/brown_spot (316).jpg,validation,brown_spot,1,20,388516,96804,requires_human_review,metadata/validation/brown_spot/brown_spot (316).jpg.json
train/brown_spot/brown_spot (328).jpg,validation,brown_spot,1,36,2470164,87480,requires_human_review;high_foreground_coverage;complex_foreground_review,metadata/validation/brown_spot/brown_spot (328).jpg.json
train/brown_spot/brown_spot (343).JPG,validation,brown_spot,1,4,605836,4232,requires_human_review,metadata/validation/brown_spot/brown_spot (343).JPG.json
train/brown_spot/brown_spot (345).JPG,validation,brown_spot,1,2,531080,364,requires_human_review,metadata/validation/brown_spot/brown_spot (345).JPG.json
train/brown_spot/brown_spot (38).jpg,validation,brown_spot,1,17,574720,47140,requires_human_review,metadata/validation/brown_spot/brown_spot (38).jpg.json
train/brown_spot/brown_spot (44).jpg,validation,brown_spot,1,20,506272,89616,requires_human_review,metadata/validation/brown_spot/brown_spot (44).jpg.json
train/brown_spot/brown_spot (52).jpg,validation,brown_spot,1,36,800000,30296,requires_human_review,metadata/validation/brown_spot/brown_spot (52).jpg.json
train/brown_spot/brown_spot (55).jpg,validation,brown_spot,1,34,388616,68652,requires_human_review,metadata/validation/brown_spot/brown_spot (55).jpg.json
train/brown_spot/brown_spot (57).jpg,validation,brown_spot,1,20,506424,89760,requires_human_review,metadata/validation/brown_spot/brown_spot (57).jpg.json
train/brown_spot/brown_spot (6).jpg,validation,brown_spot,1,3,284180,812,requires_human_review,metadata/validation/brown_spot/brown_spot (6).jpg.json
train/brown_spot/brown_spot (64).jpg,validation,brown_spot,1,48,655520,161628,requires_human_review,metadata/validation/brown_spot/brown_spot (64).jpg.json
train/brown_spot/brown_spot (70).jpg,validation,brown_spot,1,30,293100,29524,requires_human_review,metadata/validation/brown_spot/brown_spot (70).jpg.json
train/brown_spot/brown_spot (71).jpg,validation,brown_spot,1,21,388472,96956,requires_human_review,metadata/validation/brown_spot/brown_spot (71).jpg.json
train/brown_spot/brown_spot (83).jpg,validation,brown_spot,1,24,839208,19284,requires_human_review,metadata/validation/brown_spot/brown_spot (83).jpg.json
train/brown_spot/brown_spot (89).jpg,validation,brown_spot,1,16,585376,10232,requires_human_review,metadata/validation/brown_spot/brown_spot (89).jpg.json
train/brown_spot/brown_spot (98).jpg,validation,brown_spot,1,15,204952,50812,requires_human_review,metadata/validation/brown_spot/brown_spot (98).jpg.json
train/brown_spot/brown_spot (99).JPG,validation,brown_spot,1,9,1065592,28404,requires_human_review,metadata/validation/brown_spot/brown_spot (99).JPG.json
train/healthy/healthy (104).jpg,validation,healthy,1,7,311084,532,requires_human_review;candidate_on_healthy_image,metadata/validation/healthy/healthy (104).jpg.json
train/healthy/healthy (109).jpg,validation,healthy,1,0,320388,0,requires_human_review,metadata/validation/healthy/healthy (109).jpg.json
train/healthy/healthy (112).jpg,validation,healthy,1,2,459632,96,requires_human_review;candidate_on_healthy_image,metadata/validation/healthy/healthy (112).jpg.json
train/healthy/healthy (117).jpg,validation,healthy,1,0,516712,0,requires_human_review,metadata/validation/healthy/healthy (117).jpg.json
train/healthy/healthy (121).jpg,validation,healthy,1,11,512852,2648,requires_human_review;candidate_on_healthy_image,metadata/validation/healthy/healthy (121).jpg.json
train/healthy/healthy (134).jpg,validation,healthy,1,0,137528,0,requires_human_review,metadata/validation/healthy/healthy (134).jpg.json
train/healthy/healthy (136).jpg,validation,healthy,1,0,416560,0,requires_human_review,metadata/validation/healthy/healthy (136).jpg.json
train/healthy/healthy (137).jpg,validation,healthy,1,17,445848,5264,requires_human_review;candidate_on_healthy_image,metadata/validation/healthy/healthy (137).jpg.json
train/healthy/healthy (145).jpg,validation,healthy,1,0,228184,0,requires_human_review,metadata/validation/healthy/healthy (145).jpg.json
train/healthy/healthy (147).jpg,validation,healthy,1,0,349368,0,requires_human_review,metadata/validation/healthy/healthy (147).jpg.json
train/healthy/healthy (163).jpg,validation,healthy,1,0,187472,0,requires_human_review,metadata/validation/healthy/healthy (163).jpg.json
train/healthy/healthy (170).jpg,validation,healthy,1,11,430876,976,requires_human_review;candidate_on_healthy_image,metadata/validation/healthy/healthy (170).jpg.json
train/healthy/healthy (182).jpg,validation,healthy,1,0,260564,0,requires_human_review,metadata/validation/healthy/healthy (182).jpg.json
train/healthy/healthy (188).jpg,validation,healthy,1,7,285020,652,requires_human_review;candidate_on_healthy_image,metadata/validation/healthy/healthy (188).jpg.json
train/healthy/healthy (198).jpg,validation,healthy,1,0,412044,0,requires_human_review,metadata/validation/healthy/healthy (198).jpg.json
train/healthy/healthy (20).jpg,validation,healthy,1,0,475988,0,requires_human_review,metadata/validation/healthy/healthy (20).jpg.json
train/healthy/healthy (203).jpg,validation,healthy,1,0,972412,0,requires_human_review,metadata/validation/healthy/healthy (203).jpg.json
train/healthy/healthy (204).jpg,validation,healthy,1,0,427244,0,requires_human_review,metadata/validation/healthy/healthy (204).jpg.json
train/healthy/healthy (208).jpg,validation,healthy,1,8,372264,508,requires_human_review;candidate_on_healthy_image,metadata/validation/healthy/healthy (208).jpg.json
train/healthy/healthy (21).jpg,validation,healthy,1,5,449248,1020,requires_human_review;candidate_on_healthy_image,metadata/validation/healthy/healthy (21).jpg.json
train/healthy/healthy (214).jpg,validation,healthy,1,0,340792,0,requires_human_review,metadata/validation/healthy/healthy (214).jpg.json
train/healthy/healthy (223).jpg,validation,healthy,1,12,478324,5352,requires_human_review;candidate_on_healthy_image,metadata/validation/healthy/healthy (223).jpg.json
train/healthy/healthy (224).jpg,validation,healthy,1,6,414160,500,requires_human_review;candidate_on_healthy_image,metadata/validation/healthy/healthy (224).jpg.json
train/healthy/healthy (229).jpg,validation,healthy,1,0,575240,0,requires_human_review,metadata/validation/healthy/healthy (229).jpg.json
train/healthy/healthy (247).jpg,validation,healthy,1,0,405940,0,requires_human_review,metadata/validation/healthy/healthy (247).jpg.json
train/healthy/healthy (252).jpg,validation,healthy,1,14,579376,1036,requires_human_review;candidate_on_healthy_image,metadata/validation/healthy/healthy (252).jpg.json
train/healthy/healthy (263).jpg,validation,healthy,1,0,678600,0,requires_human_review,metadata/validation/healthy/healthy (263).jpg.json
train/healthy/healthy (27).jpg,validation,healthy,1,0,291880,0,requires_human_review,metadata/validation/healthy/healthy (27).jpg.json
train/healthy/healthy (271).jpg,validation,healthy,1,0,466656,0,requires_human_review,metadata/validation/healthy/healthy (271).jpg.json
train/healthy/healthy (275).jpg,validation,healthy,1,1,314604,228,requires_human_review;candidate_on_healthy_image,metadata/validation/healthy/healthy (275).jpg.json
train/healthy/healthy (281).jpg,validation,healthy,1,0,407556,0,requires_human_review,metadata/validation/healthy/healthy (281).jpg.json
train/healthy/healthy (283).jpg,validation,healthy,1,0,487572,0,requires_human_review,metadata/validation/healthy/healthy (283).jpg.json
train/healthy/healthy (284).jpg,validation,healthy,1,0,275232,0,requires_human_review,metadata/validation/healthy/healthy (284).jpg.json
train/healthy/healthy (286).jpg,validation,healthy,1,0,461468,0,requires_human_review,metadata/validation/healthy/healthy (286).jpg.json
train/healthy/healthy (29).jpg,validation,healthy,1,1,390680,40,requires_human_review;candidate_on_healthy_image,metadata/validation/healthy/healthy (29).jpg.json
train/healthy/healthy (30).jpg,validation,healthy,1,0,446848,0,requires_human_review,metadata/validation/healthy/healthy (30).jpg.json
train/healthy/healthy (300).jpg,validation,healthy,1,1,453668,96,requires_human_review;candidate_on_healthy_image,metadata/validation/healthy/healthy (300).jpg.json
train/healthy/healthy (301).jpg,validation,healthy,1,6,269764,1912,requires_human_review;candidate_on_healthy_image,metadata/validation/healthy/healthy (301).jpg.json
train/healthy/healthy (317).jpg,validation,healthy,1,2,305508,256,requires_human_review;candidate_on_healthy_image,metadata/validation/healthy/healthy (317).jpg.json
train/healthy/healthy (321).jpg,validation,healthy,1,6,390592,628,requires_human_review;candidate_on_healthy_image,metadata/validation/healthy/healthy (321).jpg.json
train/healthy/healthy (329).jpg,validation,healthy,1,14,409264,1112,requires_human_review;candidate_on_healthy_image,metadata/validation/healthy/healthy (329).jpg.json
train/healthy/healthy (33).jpg,validation,healthy,1,3,324848,204,requires_human_review;candidate_on_healthy_image,metadata/validation/healthy/healthy (33).jpg.json
train/healthy/healthy (341).jpg,validation,healthy,1,11,556412,808,requires_human_review;candidate_on_healthy_image,metadata/validation/healthy/healthy (341).jpg.json
train/healthy/healthy (349).jpg,validation,healthy,1,0,429288,0,requires_human_review,metadata/validation/healthy/healthy (349).jpg.json
train/healthy/healthy (36).jpg,validation,healthy,1,21,373860,6760,requires_human_review;candidate_on_healthy_image,metadata/validation/healthy/healthy (36).jpg.json
train/healthy/healthy (46).jpg,validation,healthy,1,7,368808,2412,requires_human_review;candidate_on_healthy_image,metadata/validation/healthy/healthy (46).jpg.json
train/healthy/healthy (54).jpg,validation,healthy,1,14,368660,972,requires_human_review;candidate_on_healthy_image,metadata/validation/healthy/healthy (54).jpg.json
train/healthy/healthy (55).jpg,validation,healthy,1,9,385012,828,requires_human_review;candidate_on_healthy_image,metadata/validation/healthy/healthy (55).jpg.json
train/healthy/healthy (60).jpg,validation,healthy,1,0,424412,0,requires_human_review,metadata/validation/healthy/healthy (60).jpg.json
train/healthy/healthy (65).jpg,validation,healthy,1,0,347520,0,requires_human_review,metadata/validation/healthy/healthy (65).jpg.json
train/healthy/healthy (70).jpg,validation,healthy,1,0,465648,0,requires_human_review,metadata/validation/healthy/healthy (70).jpg.json
train/healthy/healthy (74).jpg,validation,healthy,1,0,678600,0,requires_human_review,metadata/validation/healthy/healthy (74).jpg.json
train/healthy/healthy (75).jpg,validation,healthy,1,0,724712,0,requires_human_review,metadata/validation/healthy/healthy (75).jpg.json
train/healthy/healthy (83).jpg,validation,healthy,1,0,534908,0,requires_human_review,metadata/validation/healthy/healthy (83).jpg.json
train/healthy/healthy (91).jpg,validation,healthy,1,9,619624,760,requires_human_review;candidate_on_healthy_image,metadata/validation/healthy/healthy (91).jpg.json
train/healthy/healthy (93).jpg,validation,healthy,1,1,729972,32,requires_human_review;candidate_on_healthy_image,metadata/validation/healthy/healthy (93).jpg.json
train/leaf_blast/leaf_blast (104).jpg,validation,leaf_blast,1,20,267780,25944,requires_human_review,metadata/validation/leaf_blast/leaf_blast (104).jpg.json
train/leaf_blast/leaf_blast (117).jpg,validation,leaf_blast,1,2,285512,1740,requires_human_review,metadata/validation/leaf_blast/leaf_blast (117).jpg.json
train/leaf_blast/leaf_blast (131).jpg,validation,leaf_blast,1,20,336036,67248,requires_human_review,metadata/validation/leaf_blast/leaf_blast (131).jpg.json
train/leaf_blast/leaf_blast (132).jpg,validation,leaf_blast,1,20,300100,59992,requires_human_review,metadata/validation/leaf_blast/leaf_blast (132).jpg.json
train/leaf_blast/leaf_blast (138).jpg,validation,leaf_blast,1,9,221292,32820,requires_human_review,metadata/validation/leaf_blast/leaf_blast (138).jpg.json
train/leaf_blast/leaf_blast (143).jpg,validation,leaf_blast,6,15,222248,28608,requires_human_review;multiple_leaf_components;complex_foreground_review,metadata/validation/leaf_blast/leaf_blast (143).jpg.json
train/leaf_blast/leaf_blast (15).jpg,validation,leaf_blast,1,2,651496,19636,requires_human_review,metadata/validation/leaf_blast/leaf_blast (15).jpg.json
train/leaf_blast/leaf_blast (157).jpg,validation,leaf_blast,1,3,463008,8400,requires_human_review,metadata/validation/leaf_blast/leaf_blast (157).jpg.json
train/leaf_blast/leaf_blast (158).jpg,validation,leaf_blast,1,6,400612,122532,requires_human_review,metadata/validation/leaf_blast/leaf_blast (158).jpg.json
train/leaf_blast/leaf_blast (159).jpg,validation,leaf_blast,1,15,556876,176600,requires_human_review,metadata/validation/leaf_blast/leaf_blast (159).jpg.json
train/leaf_blast/leaf_blast (16).jpg,validation,leaf_blast,1,1,953252,13080,requires_human_review,metadata/validation/leaf_blast/leaf_blast (16).jpg.json
train/leaf_blast/leaf_blast (162).jpg,validation,leaf_blast,1,3,416884,5656,requires_human_review,metadata/validation/leaf_blast/leaf_blast (162).jpg.json
train/leaf_blast/leaf_blast (177).jpg,validation,leaf_blast,1,1,975772,9992,requires_human_review,metadata/validation/leaf_blast/leaf_blast (177).jpg.json
train/leaf_blast/leaf_blast (182).jpg,validation,leaf_blast,1,1,817636,4000,requires_human_review,metadata/validation/leaf_blast/leaf_blast (182).jpg.json
train/leaf_blast/leaf_blast (188).jpg,validation,leaf_blast,1,1,153872,4436,requires_human_review,metadata/validation/leaf_blast/leaf_blast (188).jpg.json
train/leaf_blast/leaf_blast (189).jpg,validation,leaf_blast,1,9,173932,5704,requires_human_review,metadata/validation/leaf_blast/leaf_blast (189).jpg.json
train/leaf_blast/leaf_blast (193).jpg,validation,leaf_blast,4,14,218852,27936,requires_human_review;multiple_leaf_components;complex_foreground_review,metadata/validation/leaf_blast/leaf_blast (193).jpg.json
train/leaf_blast/leaf_blast (196).jpg,validation,leaf_blast,1,4,439904,11884,requires_human_review,metadata/validation/leaf_blast/leaf_blast (196).jpg.json
train/leaf_blast/leaf_blast (198).jpg,validation,leaf_blast,1,9,325288,47980,requires_human_review,metadata/validation/leaf_blast/leaf_blast (198).jpg.json
train/leaf_blast/leaf_blast (2).jpg,validation,leaf_blast,1,1,266876,1572,requires_human_review,metadata/validation/leaf_blast/leaf_blast (2).jpg.json
train/leaf_blast/leaf_blast (208).jpg,validation,leaf_blast,1,9,325220,47852,requires_human_review,metadata/validation/leaf_blast/leaf_blast (208).jpg.json
train/leaf_blast/leaf_blast (216).jpg,validation,leaf_blast,1,18,336020,67352,requires_human_review,metadata/validation/leaf_blast/leaf_blast (216).jpg.json
train/leaf_blast/leaf_blast (224).jpg,validation,leaf_blast,1,3,129600,14428,requires_human_review,metadata/validation/leaf_blast/leaf_blast (224).jpg.json
train/leaf_blast/leaf_blast (227).jpg,validation,leaf_blast,1,3,117448,12792,requires_human_review,metadata/validation/leaf_blast/leaf_blast (227).jpg.json
train/leaf_blast/leaf_blast (233).jpg,validation,leaf_blast,1,9,757284,23828,requires_human_review,metadata/validation/leaf_blast/leaf_blast (233).jpg.json
train/leaf_blast/leaf_blast (240).jpg,validation,leaf_blast,1,15,289832,13900,requires_human_review,metadata/validation/leaf_blast/leaf_blast (240).jpg.json
train/leaf_blast/leaf_blast (25).jpg,validation,leaf_blast,1,1,880204,10296,requires_human_review,metadata/validation/leaf_blast/leaf_blast (25).jpg.json
train/leaf_blast/leaf_blast (257).jpg,validation,leaf_blast,1,1,480484,56,requires_human_review,metadata/validation/leaf_blast/leaf_blast (257).jpg.json
train/leaf_blast/leaf_blast (259).jpg,validation,leaf_blast,1,7,169060,2084,requires_human_review,metadata/validation/leaf_blast/leaf_blast (259).jpg.json
train/leaf_blast/leaf_blast (263).jpg,validation,leaf_blast,1,4,303832,364,requires_human_review,metadata/validation/leaf_blast/leaf_blast (263).jpg.json
train/leaf_blast/leaf_blast (272).jpg,validation,leaf_blast,1,0,168484,0,requires_human_review;no_candidate_on_diseased_image,metadata/validation/leaf_blast/leaf_blast (272).jpg.json
train/leaf_blast/leaf_blast (294).jpg,validation,leaf_blast,1,0,236600,0,requires_human_review;no_candidate_on_diseased_image,metadata/validation/leaf_blast/leaf_blast (294).jpg.json
train/leaf_blast/leaf_blast (311).jpg,validation,leaf_blast,1,1,305556,1788,requires_human_review,metadata/validation/leaf_blast/leaf_blast (311).jpg.json
train/leaf_blast/leaf_blast (316).jpg,validation,leaf_blast,1,1,153112,2948,requires_human_review,metadata/validation/leaf_blast/leaf_blast (316).jpg.json
train/leaf_blast/leaf_blast (323).jpg,validation,leaf_blast,1,1,336184,12172,requires_human_review,metadata/validation/leaf_blast/leaf_blast (323).jpg.json
train/leaf_blast/leaf_blast (324).jpg,validation,leaf_blast,1,1,975772,10008,requires_human_review,metadata/validation/leaf_blast/leaf_blast (324).jpg.json
train/leaf_blast/leaf_blast (326).jpg,validation,leaf_blast,1,1,284768,1048,requires_human_review,metadata/validation/leaf_blast/leaf_blast (326).jpg.json
train/leaf_blast/leaf_blast (336).jpg,validation,leaf_blast,1,2,594128,7160,requires_human_review,metadata/validation/leaf_blast/leaf_blast (336).jpg.json
train/leaf_blast/leaf_blast (338).jpg,validation,leaf_blast,1,5,526840,13368,requires_human_review,metadata/validation/leaf_blast/leaf_blast (338).jpg.json
train/leaf_blast/leaf_blast (346).jpg,validation,leaf_blast,1,0,317968,0,requires_human_review;no_candidate_on_diseased_image,metadata/validation/leaf_blast/leaf_blast (346).jpg.json
train/leaf_blast/leaf_blast (36).jpg,validation,leaf_blast,1,1,370384,2704,requires_human_review,metadata/validation/leaf_blast/leaf_blast (36).jpg.json
train/leaf_blast/leaf_blast (39).jpg,validation,leaf_blast,1,1,975008,10900,requires_human_review,metadata/validation/leaf_blast/leaf_blast (39).jpg.json
train/leaf_blast/leaf_blast (40).jpg,validation,leaf_blast,1,1,872552,11168,requires_human_review,metadata/validation/leaf_blast/leaf_blast (40).jpg.json
train/leaf_blast/leaf_blast (44).jpg,validation,leaf_blast,1,1,589064,8144,requires_human_review,metadata/validation/leaf_blast/leaf_blast (44).jpg.json
train/leaf_blast/leaf_blast (54).jpg,validation,leaf_blast,1,64,594252,150308,requires_human_review,metadata/validation/leaf_blast/leaf_blast (54).jpg.json
train/leaf_blast/leaf_blast (58).jpg,validation,leaf_blast,1,4,227364,1564,requires_human_review,metadata/validation/leaf_blast/leaf_blast (58).jpg.json
train/leaf_blast/leaf_blast (67).jpg,validation,leaf_blast,1,6,416256,16580,requires_human_review,metadata/validation/leaf_blast/leaf_blast (67).jpg.json
train/leaf_blast/leaf_blast (68).jpg,validation,leaf_blast,1,1,153048,2932,requires_human_review,metadata/validation/leaf_blast/leaf_blast (68).jpg.json
train/leaf_blast/leaf_blast (71).jpg,validation,leaf_blast,1,12,311624,59408,requires_human_review,metadata/validation/leaf_blast/leaf_blast (71).jpg.json
train/leaf_blast/leaf_blast (72).jpg,validation,leaf_blast,1,9,221232,32796,requires_human_review,metadata/validation/leaf_blast/leaf_blast (72).jpg.json
train/leaf_blast/leaf_blast (73).jpg,validation,leaf_blast,1,9,221356,32804,requires_human_review,metadata/validation/leaf_blast/leaf_blast (73).jpg.json
train/leaf_blast/leaf_blast (76).jpg,validation,leaf_blast,1,9,221356,32804,requires_human_review,metadata/validation/leaf_blast/leaf_blast (76).jpg.json
train/leaf_blast/leaf_blast (8).jpg,validation,leaf_blast,1,0,180480,0,requires_human_review;no_candidate_on_diseased_image,metadata/validation/leaf_blast/leaf_blast (8).jpg.json
train/leaf_blast/leaf_blast (82).jpg,validation,leaf_blast,1,7,535676,9676,requires_human_review,metadata/validation/leaf_blast/leaf_blast (82).jpg.json
train/leaf_scald/leaf_scald (104).jpg,validation,leaf_scald,1,9,159020,1880,requires_human_review,metadata/validation/leaf_scald/leaf_scald (104).jpg.json
train/leaf_scald/leaf_scald (113).jpg,validation,leaf_scald,1,5,115552,70344,requires_human_review;high_candidate_coverage;large_connected_candidate_review,metadata/validation/leaf_scald/leaf_scald (113).jpg.json
train/leaf_scald/leaf_scald (126).jpg,validation,leaf_scald,1,3,62904,28016,requires_human_review;large_connected_candidate_review,metadata/validation/leaf_scald/leaf_scald (126).jpg.json
train/leaf_scald/leaf_scald (132).jpg,validation,leaf_scald,1,7,144312,47332,requires_human_review;large_connected_candidate_review,metadata/validation/leaf_scald/leaf_scald (132).jpg.json
train/leaf_scald/leaf_scald (136).jpg,validation,leaf_scald,1,9,123552,29528,requires_human_review,metadata/validation/leaf_scald/leaf_scald (136).jpg.json
train/leaf_scald/leaf_scald (139).jpg,validation,leaf_scald,1,7,102244,64128,requires_human_review;high_candidate_coverage;large_connected_candidate_review,metadata/validation/leaf_scald/leaf_scald (139).jpg.json
train/leaf_scald/leaf_scald (142).jpg,validation,leaf_scald,1,7,222496,2276,requires_human_review,metadata/validation/leaf_scald/leaf_scald (142).jpg.json
train/leaf_scald/leaf_scald (145).jpg,validation,leaf_scald,4,4,314108,5796,requires_human_review;multiple_leaf_components;complex_foreground_review,metadata/validation/leaf_scald/leaf_scald (145).jpg.json
train/leaf_scald/leaf_scald (149).jpg,validation,leaf_scald,1,9,194864,4848,requires_human_review,metadata/validation/leaf_scald/leaf_scald (149).jpg.json
train/leaf_scald/leaf_scald (167).jpg,validation,leaf_scald,1,15,127004,77924,requires_human_review;high_candidate_coverage;large_connected_candidate_review,metadata/validation/leaf_scald/leaf_scald (167).jpg.json
train/leaf_scald/leaf_scald (176).jpg,validation,leaf_scald,1,9,238624,77128,requires_human_review;large_connected_candidate_review,metadata/validation/leaf_scald/leaf_scald (176).jpg.json
train/leaf_scald/leaf_scald (18).jpg,validation,leaf_scald,1,16,192996,19344,requires_human_review,metadata/validation/leaf_scald/leaf_scald (18).jpg.json
train/leaf_scald/leaf_scald (180).jpg,validation,leaf_scald,1,47,389048,73828,requires_human_review,metadata/validation/leaf_scald/leaf_scald (180).jpg.json
train/leaf_scald/leaf_scald (185).jpg,validation,leaf_scald,1,31,189488,34960,requires_human_review,metadata/validation/leaf_scald/leaf_scald (185).jpg.json
train/leaf_scald/leaf_scald (192).jpg,validation,leaf_scald,1,51,407544,153220,requires_human_review,metadata/validation/leaf_scald/leaf_scald (192).jpg.json
train/leaf_scald/leaf_scald (20).jpg,validation,leaf_scald,1,7,260404,104528,requires_human_review;large_connected_candidate_review,metadata/validation/leaf_scald/leaf_scald (20).jpg.json
train/leaf_scald/leaf_scald (205).jpg,validation,leaf_scald,1,20,257908,28616,requires_human_review,metadata/validation/leaf_scald/leaf_scald (205).jpg.json
train/leaf_scald/leaf_scald (210).jpg,validation,leaf_scald,1,13,296968,107040,requires_human_review;large_connected_candidate_review,metadata/validation/leaf_scald/leaf_scald (210).jpg.json
train/leaf_scald/leaf_scald (222).jpg,validation,leaf_scald,1,24,242804,36840,requires_human_review,metadata/validation/leaf_scald/leaf_scald (222).jpg.json
train/leaf_scald/leaf_scald (235).jpg,validation,leaf_scald,1,5,293444,113844,requires_human_review;large_connected_candidate_review,metadata/validation/leaf_scald/leaf_scald (235).jpg.json
train/leaf_scald/leaf_scald (259).jpg,validation,leaf_scald,3,13,306060,7288,requires_human_review;multiple_leaf_components,metadata/validation/leaf_scald/leaf_scald (259).jpg.json
train/leaf_scald/leaf_scald (260).jpg,validation,leaf_scald,1,1,62856,27848,requires_human_review;large_connected_candidate_review,metadata/validation/leaf_scald/leaf_scald (260).jpg.json
train/leaf_scald/leaf_scald (271).jpg,validation,leaf_scald,1,4,115464,69800,requires_human_review;high_candidate_coverage;large_connected_candidate_review,metadata/validation/leaf_scald/leaf_scald (271).jpg.json
train/leaf_scald/leaf_scald (273).jpg,validation,leaf_scald,1,13,120892,2716,requires_human_review,metadata/validation/leaf_scald/leaf_scald (273).jpg.json
train/leaf_scald/leaf_scald (274).jpg,validation,leaf_scald,1,25,299364,9312,requires_human_review,metadata/validation/leaf_scald/leaf_scald (274).jpg.json
train/leaf_scald/leaf_scald (284).jpg,validation,leaf_scald,1,20,463156,179044,requires_human_review;large_connected_candidate_review,metadata/validation/leaf_scald/leaf_scald (284).jpg.json
train/leaf_scald/leaf_scald (286).jpg,validation,leaf_scald,1,16,476060,301776,requires_human_review;high_candidate_coverage;large_connected_candidate_review,metadata/validation/leaf_scald/leaf_scald (286).jpg.json
train/leaf_scald/leaf_scald (287).jpg,validation,leaf_scald,3,8,427872,126256,requires_human_review;multiple_leaf_components,metadata/validation/leaf_scald/leaf_scald (287).jpg.json
train/leaf_scald/leaf_scald (294).jpg,validation,leaf_scald,1,23,541660,170428,requires_human_review;large_connected_candidate_review,metadata/validation/leaf_scald/leaf_scald (294).jpg.json
train/leaf_scald/leaf_scald (295).jpg,validation,leaf_scald,2,13,556436,125676,requires_human_review;multiple_leaf_components,metadata/validation/leaf_scald/leaf_scald (295).jpg.json
train/leaf_scald/leaf_scald (307).jpg,validation,leaf_scald,1,11,386520,9340,requires_human_review,metadata/validation/leaf_scald/leaf_scald (307).jpg.json
train/leaf_scald/leaf_scald (309).jpg,validation,leaf_scald,2,10,346672,209976,requires_human_review;multiple_leaf_components;high_candidate_coverage;large_connected_candidate_review,metadata/validation/leaf_scald/leaf_scald (309).jpg.json
train/leaf_scald/leaf_scald (326).jpg,validation,leaf_scald,1,15,121592,45172,requires_human_review;large_connected_candidate_review,metadata/validation/leaf_scald/leaf_scald (326).jpg.json
train/leaf_scald/leaf_scald (344).jpg,validation,leaf_scald,1,7,118412,2536,requires_human_review,metadata/validation/leaf_scald/leaf_scald (344).jpg.json
train/leaf_scald/leaf_scald (346).jpg,validation,leaf_scald,1,9,128204,3116,requires_human_review,metadata/validation/leaf_scald/leaf_scald (346).jpg.json
train/leaf_scald/leaf_scald (37).jpg,validation,leaf_scald,1,49,407524,153716,requires_human_review,metadata/validation/leaf_scald/leaf_scald (37).jpg.json
train/leaf_scald/leaf_scald (4).jpg,validation,leaf_scald,1,17,283480,43328,requires_human_review,metadata/validation/leaf_scald/leaf_scald (4).jpg.json
train/leaf_scald/leaf_scald (50).jpg,validation,leaf_scald,1,41,304760,58488,requires_human_review,metadata/validation/leaf_scald/leaf_scald (50).jpg.json
train/leaf_scald/leaf_scald (52).jpg,validation,leaf_scald,2,9,137632,32952,requires_human_review;multiple_leaf_components,metadata/validation/leaf_scald/leaf_scald (52).jpg.json
train/leaf_scald/leaf_scald (56).jpg,validation,leaf_scald,1,5,82132,1856,requires_human_review,metadata/validation/leaf_scald/leaf_scald (56).jpg.json
train/leaf_scald/leaf_scald (58).jpg,validation,leaf_scald,1,6,121840,5884,requires_human_review,metadata/validation/leaf_scald/leaf_scald (58).jpg.json
train/leaf_scald/leaf_scald (59).jpg,validation,leaf_scald,1,15,354084,112500,requires_human_review,metadata/validation/leaf_scald/leaf_scald (59).jpg.json
train/leaf_scald/leaf_scald (68).jpg,validation,leaf_scald,1,34,197460,12800,requires_human_review,metadata/validation/leaf_scald/leaf_scald (68).jpg.json
train/leaf_scald/leaf_scald (70).jpg,validation,leaf_scald,1,7,237464,143260,requires_human_review;high_candidate_coverage;large_connected_candidate_review,metadata/validation/leaf_scald/leaf_scald (70).jpg.json
train/leaf_scald/leaf_scald (73).jpg,validation,leaf_scald,1,31,182620,85844,requires_human_review;large_connected_candidate_review,metadata/validation/leaf_scald/leaf_scald (73).jpg.json
train/leaf_scald/leaf_scald (79).jpg,validation,leaf_scald,1,6,116788,28420,requires_human_review,metadata/validation/leaf_scald/leaf_scald (79).jpg.json
train/leaf_scald/leaf_scald (80).jpg,validation,leaf_scald,1,9,257572,59924,requires_human_review,metadata/validation/leaf_scald/leaf_scald (80).jpg.json
train/leaf_scald/leaf_scald (81).jpg,validation,leaf_scald,1,8,166340,54352,requires_human_review;large_connected_candidate_review,metadata/validation/leaf_scald/leaf_scald (81).jpg.json
train/leaf_scald/leaf_scald (98).jpg,validation,leaf_scald,1,11,144548,48148,requires_human_review;large_connected_candidate_review,metadata/validation/leaf_scald/leaf_scald (98).jpg.json
train/narrow_brown_spot/narrow_brown (10).jpg,validation,narrow_brown_spot,1,8,406476,6840,requires_human_review,metadata/validation/narrow_brown_spot/narrow_brown (10).jpg.json
train/narrow_brown_spot/narrow_brown (102).jpg,validation,narrow_brown_spot,1,7,388664,18484,requires_human_review,metadata/validation/narrow_brown_spot/narrow_brown (102).jpg.json
train/narrow_brown_spot/narrow_brown (106).jpg,validation,narrow_brown_spot,1,4,345672,39328,requires_human_review,metadata/validation/narrow_brown_spot/narrow_brown (106).jpg.json
train/narrow_brown_spot/narrow_brown (111).jpg,validation,narrow_brown_spot,1,6,418600,6740,requires_human_review,metadata/validation/narrow_brown_spot/narrow_brown (111).jpg.json
train/narrow_brown_spot/narrow_brown (124).jpg,validation,narrow_brown_spot,1,4,430752,49200,requires_human_review,metadata/validation/narrow_brown_spot/narrow_brown (124).jpg.json
train/narrow_brown_spot/narrow_brown (139).jpg,validation,narrow_brown_spot,1,49,343004,84392,requires_human_review,metadata/validation/narrow_brown_spot/narrow_brown (139).jpg.json
train/narrow_brown_spot/narrow_brown (141).jpg,validation,narrow_brown_spot,1,6,219816,8232,requires_human_review,metadata/validation/narrow_brown_spot/narrow_brown (141).jpg.json
train/narrow_brown_spot/narrow_brown (145).jpg,validation,narrow_brown_spot,1,20,222160,8408,requires_human_review,metadata/validation/narrow_brown_spot/narrow_brown (145).jpg.json
train/narrow_brown_spot/narrow_brown (157).jpg,validation,narrow_brown_spot,1,12,443896,26264,requires_human_review,metadata/validation/narrow_brown_spot/narrow_brown (157).jpg.json
train/narrow_brown_spot/narrow_brown (158).jpg,validation,narrow_brown_spot,1,15,486372,28292,requires_human_review,metadata/validation/narrow_brown_spot/narrow_brown (158).jpg.json
train/narrow_brown_spot/narrow_brown (161).jpg,validation,narrow_brown_spot,1,9,282432,4780,requires_human_review,metadata/validation/narrow_brown_spot/narrow_brown (161).jpg.json
train/narrow_brown_spot/narrow_brown (164).jpg,validation,narrow_brown_spot,1,3,348328,39672,requires_human_review,metadata/validation/narrow_brown_spot/narrow_brown (164).jpg.json
train/narrow_brown_spot/narrow_brown (165).jpg,validation,narrow_brown_spot,1,14,652916,38884,requires_human_review,metadata/validation/narrow_brown_spot/narrow_brown (165).jpg.json
train/narrow_brown_spot/narrow_brown (18).jpg,validation,narrow_brown_spot,1,31,833020,59512,requires_human_review,metadata/validation/narrow_brown_spot/narrow_brown (18).jpg.json
train/narrow_brown_spot/narrow_brown (188).jpg,validation,narrow_brown_spot,1,67,328980,33048,requires_human_review,metadata/validation/narrow_brown_spot/narrow_brown (188).jpg.json
train/narrow_brown_spot/narrow_brown (192).jpg,validation,narrow_brown_spot,1,4,297644,23696,requires_human_review,metadata/validation/narrow_brown_spot/narrow_brown (192).jpg.json
train/narrow_brown_spot/narrow_brown (196).jpg,validation,narrow_brown_spot,1,50,261212,23876,requires_human_review,metadata/validation/narrow_brown_spot/narrow_brown (196).jpg.json
train/narrow_brown_spot/narrow_brown (199).jpg,validation,narrow_brown_spot,1,4,428124,37852,requires_human_review,metadata/validation/narrow_brown_spot/narrow_brown (199).jpg.json
train/narrow_brown_spot/narrow_brown (201).jpg,validation,narrow_brown_spot,1,9,370704,6236,requires_human_review,metadata/validation/narrow_brown_spot/narrow_brown (201).jpg.json
train/narrow_brown_spot/narrow_brown (205).jpg,validation,narrow_brown_spot,1,8,754764,13396,requires_human_review,metadata/validation/narrow_brown_spot/narrow_brown (205).jpg.json
train/narrow_brown_spot/narrow_brown (209).jpg,validation,narrow_brown_spot,1,4,366532,34056,requires_human_review,metadata/validation/narrow_brown_spot/narrow_brown (209).jpg.json
train/narrow_brown_spot/narrow_brown (21).jpg,validation,narrow_brown_spot,1,7,385084,6788,requires_human_review,metadata/validation/narrow_brown_spot/narrow_brown (21).jpg.json
train/narrow_brown_spot/narrow_brown (223).jpg,validation,narrow_brown_spot,1,94,799000,81256,requires_human_review,metadata/validation/narrow_brown_spot/narrow_brown (223).jpg.json
train/narrow_brown_spot/narrow_brown (230).jpg,validation,narrow_brown_spot,1,13,442216,25808,requires_human_review,metadata/validation/narrow_brown_spot/narrow_brown (230).jpg.json
train/narrow_brown_spot/narrow_brown (232).jpg,validation,narrow_brown_spot,1,13,762420,45508,requires_human_review,metadata/validation/narrow_brown_spot/narrow_brown (232).jpg.json
train/narrow_brown_spot/narrow_brown (238).jpg,validation,narrow_brown_spot,4,49,156496,51884,requires_human_review;multiple_leaf_components;complex_foreground_review,metadata/validation/narrow_brown_spot/narrow_brown (238).jpg.json
train/narrow_brown_spot/narrow_brown (244).jpg,validation,narrow_brown_spot,1,9,398564,7056,requires_human_review,metadata/validation/narrow_brown_spot/narrow_brown (244).jpg.json
train/narrow_brown_spot/narrow_brown (245).jpg,validation,narrow_brown_spot,1,72,406980,41092,requires_human_review,metadata/validation/narrow_brown_spot/narrow_brown (245).jpg.json
train/narrow_brown_spot/narrow_brown (261).jpg,validation,narrow_brown_spot,1,47,348776,29048,requires_human_review,metadata/validation/narrow_brown_spot/narrow_brown (261).jpg.json
train/narrow_brown_spot/narrow_brown (264).jpg,validation,narrow_brown_spot,1,5,619488,75540,requires_human_review,metadata/validation/narrow_brown_spot/narrow_brown (264).jpg.json
train/narrow_brown_spot/narrow_brown (268).jpg,validation,narrow_brown_spot,1,8,604000,11544,requires_human_review,metadata/validation/narrow_brown_spot/narrow_brown (268).jpg.json
train/narrow_brown_spot/narrow_brown (270).jpg,validation,narrow_brown_spot,1,7,557952,30172,requires_human_review,metadata/validation/narrow_brown_spot/narrow_brown (270).jpg.json
train/narrow_brown_spot/narrow_brown (271).jpg,validation,narrow_brown_spot,1,17,408368,41572,requires_human_review,metadata/validation/narrow_brown_spot/narrow_brown (271).jpg.json
train/narrow_brown_spot/narrow_brown (278).jpg,validation,narrow_brown_spot,1,7,373276,16512,requires_human_review,metadata/validation/narrow_brown_spot/narrow_brown (278).jpg.json
train/narrow_brown_spot/narrow_brown (288).jpg,validation,narrow_brown_spot,1,55,322776,31836,requires_human_review,metadata/validation/narrow_brown_spot/narrow_brown (288).jpg.json
train/narrow_brown_spot/narrow_brown (293).jpg,validation,narrow_brown_spot,1,22,514024,52944,requires_human_review,metadata/validation/narrow_brown_spot/narrow_brown (293).jpg.json
train/narrow_brown_spot/narrow_brown (304).jpg,validation,narrow_brown_spot,1,6,372840,16720,requires_human_review,metadata/validation/narrow_brown_spot/narrow_brown (304).jpg.json
train/narrow_brown_spot/narrow_brown (31).jpg,validation,narrow_brown_spot,1,8,754824,13428,requires_human_review,metadata/validation/narrow_brown_spot/narrow_brown (31).jpg.json
train/narrow_brown_spot/narrow_brown (316).jpg,validation,narrow_brown_spot,1,7,557956,30192,requires_human_review,metadata/validation/narrow_brown_spot/narrow_brown (316).jpg.json
train/narrow_brown_spot/narrow_brown (324).jpg,validation,narrow_brown_spot,1,2,396232,48760,requires_human_review,metadata/validation/narrow_brown_spot/narrow_brown (324).jpg.json
train/narrow_brown_spot/narrow_brown (325).jpg,validation,narrow_brown_spot,1,47,348784,29028,requires_human_review,metadata/validation/narrow_brown_spot/narrow_brown (325).jpg.json
train/narrow_brown_spot/narrow_brown (326).jpg,validation,narrow_brown_spot,1,3,497708,61180,requires_human_review,metadata/validation/narrow_brown_spot/narrow_brown (326).jpg.json
train/narrow_brown_spot/narrow_brown (343).jpg,validation,narrow_brown_spot,1,72,406952,41176,requires_human_review,metadata/validation/narrow_brown_spot/narrow_brown (343).jpg.json
train/narrow_brown_spot/narrow_brown (346).jpg,validation,narrow_brown_spot,1,16,258140,13296,requires_human_review,metadata/validation/narrow_brown_spot/narrow_brown (346).jpg.json
train/narrow_brown_spot/narrow_brown (350).jpg,validation,narrow_brown_spot,1,21,388560,14444,requires_human_review,metadata/validation/narrow_brown_spot/narrow_brown (350).jpg.json
train/narrow_brown_spot/narrow_brown (45).jpg,validation,narrow_brown_spot,1,21,329912,33104,requires_human_review,metadata/validation/narrow_brown_spot/narrow_brown (45).jpg.json
train/narrow_brown_spot/narrow_brown (52).jpg,validation,narrow_brown_spot,1,81,554560,58248,requires_human_review,metadata/validation/narrow_brown_spot/narrow_brown (52).jpg.json
train/narrow_brown_spot/narrow_brown (58).jpg,validation,narrow_brown_spot,1,69,362192,34016,requires_human_review,metadata/validation/narrow_brown_spot/narrow_brown (58).jpg.json
train/narrow_brown_spot/narrow_brown (60).jpg,validation,narrow_brown_spot,1,47,282468,32400,requires_human_review,metadata/validation/narrow_brown_spot/narrow_brown (60).jpg.json
train/narrow_brown_spot/narrow_brown (65).jpg,validation,narrow_brown_spot,1,66,338028,70368,requires_human_review,metadata/validation/narrow_brown_spot/narrow_brown (65).jpg.json
train/narrow_brown_spot/narrow_brown (7).jpg,validation,narrow_brown_spot,1,13,762532,45524,requires_human_review,metadata/validation/narrow_brown_spot/narrow_brown (7).jpg.json
train/narrow_brown_spot/narrow_brown (79).jpg,validation,narrow_brown_spot,1,14,486412,28512,requires_human_review,metadata/validation/narrow_brown_spot/narrow_brown (79).jpg.json
train/narrow_brown_spot/narrow_brown (95).jpg,validation,narrow_brown_spot,1,7,444048,17104,requires_human_review,metadata/validation/narrow_brown_spot/narrow_brown (95).jpg.json
test/bacterial_leaf_blight/bacterial_leaf_blight (10).JPG,test,bacterial_leaf_blight,1,29,341908,48096,requires_human_review,metadata/test/bacterial_leaf_blight/bacterial_leaf_blight (10).JPG.json
test/bacterial_leaf_blight/bacterial_leaf_blight (115).JPG,test,bacterial_leaf_blight,1,35,1281056,105352,requires_human_review,metadata/test/bacterial_leaf_blight/bacterial_leaf_blight (115).JPG.json
test/bacterial_leaf_blight/bacterial_leaf_blight (125).jpg,test,bacterial_leaf_blight,1,2,657120,236,requires_human_review,metadata/test/bacterial_leaf_blight/bacterial_leaf_blight (125).jpg.json
test/bacterial_leaf_blight/bacterial_leaf_blight (129).JPG,test,bacterial_leaf_blight,1,8,435476,24196,requires_human_review,metadata/test/bacterial_leaf_blight/bacterial_leaf_blight (129).JPG.json
test/bacterial_leaf_blight/bacterial_leaf_blight (133).JPG,test,bacterial_leaf_blight,1,28,507148,8912,requires_human_review,metadata/test/bacterial_leaf_blight/bacterial_leaf_blight (133).JPG.json
test/bacterial_leaf_blight/bacterial_leaf_blight (134).JPG,test,bacterial_leaf_blight,1,6,496160,1908,requires_human_review,metadata/test/bacterial_leaf_blight/bacterial_leaf_blight (134).JPG.json
test/bacterial_leaf_blight/bacterial_leaf_blight (136).jpg,test,bacterial_leaf_blight,1,1,664544,32,requires_human_review,metadata/test/bacterial_leaf_blight/bacterial_leaf_blight (136).jpg.json
test/bacterial_leaf_blight/bacterial_leaf_blight (137).JPG,test,bacterial_leaf_blight,1,13,679672,5432,requires_human_review,metadata/test/bacterial_leaf_blight/bacterial_leaf_blight (137).JPG.json
test/bacterial_leaf_blight/bacterial_leaf_blight (142).JPG,test,bacterial_leaf_blight,1,3,806092,2536,requires_human_review,metadata/test/bacterial_leaf_blight/bacterial_leaf_blight (142).JPG.json
test/bacterial_leaf_blight/bacterial_leaf_blight (147).JPG,test,bacterial_leaf_blight,1,4,452580,6768,requires_human_review,metadata/test/bacterial_leaf_blight/bacterial_leaf_blight (147).JPG.json
test/bacterial_leaf_blight/bacterial_leaf_blight (153).JPG,test,bacterial_leaf_blight,1,16,235480,3064,requires_human_review,metadata/test/bacterial_leaf_blight/bacterial_leaf_blight (153).JPG.json
test/bacterial_leaf_blight/bacterial_leaf_blight (155).jpg,test,bacterial_leaf_blight,1,0,307460,0,requires_human_review;no_candidate_on_diseased_image,metadata/test/bacterial_leaf_blight/bacterial_leaf_blight (155).jpg.json
test/bacterial_leaf_blight/bacterial_leaf_blight (157).jpg,test,bacterial_leaf_blight,1,29,445620,67508,requires_human_review,metadata/test/bacterial_leaf_blight/bacterial_leaf_blight (157).jpg.json
test/bacterial_leaf_blight/bacterial_leaf_blight (176).JPG,test,bacterial_leaf_blight,1,13,448868,7760,requires_human_review,metadata/test/bacterial_leaf_blight/bacterial_leaf_blight (176).JPG.json
test/bacterial_leaf_blight/bacterial_leaf_blight (177).JPG,test,bacterial_leaf_blight,1,20,397184,10124,requires_human_review,metadata/test/bacterial_leaf_blight/bacterial_leaf_blight (177).JPG.json
test/bacterial_leaf_blight/bacterial_leaf_blight (178).JPG,test,bacterial_leaf_blight,1,17,284588,23800,requires_human_review,metadata/test/bacterial_leaf_blight/bacterial_leaf_blight (178).JPG.json
test/bacterial_leaf_blight/bacterial_leaf_blight (180).JPG,test,bacterial_leaf_blight,1,5,651172,23652,requires_human_review,metadata/test/bacterial_leaf_blight/bacterial_leaf_blight (180).JPG.json
test/bacterial_leaf_blight/bacterial_leaf_blight (181).JPG,test,bacterial_leaf_blight,1,14,392356,7524,requires_human_review,metadata/test/bacterial_leaf_blight/bacterial_leaf_blight (181).JPG.json
test/bacterial_leaf_blight/bacterial_leaf_blight (182).jpg,test,bacterial_leaf_blight,1,33,385756,45764,requires_human_review,metadata/test/bacterial_leaf_blight/bacterial_leaf_blight (182).jpg.json
test/bacterial_leaf_blight/bacterial_leaf_blight (190).JPG,test,bacterial_leaf_blight,1,4,407292,49432,requires_human_review,metadata/test/bacterial_leaf_blight/bacterial_leaf_blight (190).JPG.json
test/bacterial_leaf_blight/bacterial_leaf_blight (193).jpg,test,bacterial_leaf_blight,1,7,393112,29100,requires_human_review,metadata/test/bacterial_leaf_blight/bacterial_leaf_blight (193).jpg.json
test/bacterial_leaf_blight/bacterial_leaf_blight (194).JPG,test,bacterial_leaf_blight,1,11,347812,24604,requires_human_review,metadata/test/bacterial_leaf_blight/bacterial_leaf_blight (194).JPG.json
test/bacterial_leaf_blight/bacterial_leaf_blight (204).JPG,test,bacterial_leaf_blight,1,13,550292,19484,requires_human_review,metadata/test/bacterial_leaf_blight/bacterial_leaf_blight (204).JPG.json
test/bacterial_leaf_blight/bacterial_leaf_blight (210).jpg,test,bacterial_leaf_blight,1,29,836584,125980,requires_human_review,metadata/test/bacterial_leaf_blight/bacterial_leaf_blight (210).jpg.json
test/bacterial_leaf_blight/bacterial_leaf_blight (216).JPG,test,bacterial_leaf_blight,1,19,308584,18560,requires_human_review,metadata/test/bacterial_leaf_blight/bacterial_leaf_blight (216).JPG.json
test/bacterial_leaf_blight/bacterial_leaf_blight (219).JPG,test,bacterial_leaf_blight,1,21,308632,18620,requires_human_review,metadata/test/bacterial_leaf_blight/bacterial_leaf_blight (219).JPG.json
test/bacterial_leaf_blight/bacterial_leaf_blight (223).jpg,test,bacterial_leaf_blight,1,3,722636,136,requires_human_review,metadata/test/bacterial_leaf_blight/bacterial_leaf_blight (223).jpg.json
test/bacterial_leaf_blight/bacterial_leaf_blight (224).jpg,test,bacterial_leaf_blight,3,11,173032,34364,requires_human_review;multiple_leaf_components,metadata/test/bacterial_leaf_blight/bacterial_leaf_blight (224).jpg.json
test/bacterial_leaf_blight/bacterial_leaf_blight (229).JPG,test,bacterial_leaf_blight,1,30,523660,11436,requires_human_review,metadata/test/bacterial_leaf_blight/bacterial_leaf_blight (229).JPG.json
test/bacterial_leaf_blight/bacterial_leaf_blight (232).JPG,test,bacterial_leaf_blight,1,21,477652,8124,requires_human_review,metadata/test/bacterial_leaf_blight/bacterial_leaf_blight (232).JPG.json
test/bacterial_leaf_blight/bacterial_leaf_blight (236).JPG,test,bacterial_leaf_blight,1,3,214260,11136,requires_human_review,metadata/test/bacterial_leaf_blight/bacterial_leaf_blight (236).JPG.json
test/bacterial_leaf_blight/bacterial_leaf_blight (239).JPG,test,bacterial_leaf_blight,1,11,225024,1692,requires_human_review,metadata/test/bacterial_leaf_blight/bacterial_leaf_blight (239).JPG.json
test/bacterial_leaf_blight/bacterial_leaf_blight (241).JPG,test,bacterial_leaf_blight,1,16,140016,8272,requires_human_review,metadata/test/bacterial_leaf_blight/bacterial_leaf_blight (241).JPG.json
test/bacterial_leaf_blight/bacterial_leaf_blight (243).JPG,test,bacterial_leaf_blight,1,15,158540,2008,requires_human_review,metadata/test/bacterial_leaf_blight/bacterial_leaf_blight (243).JPG.json
test/bacterial_leaf_blight/bacterial_leaf_blight (246).JPG,test,bacterial_leaf_blight,1,10,232888,2180,requires_human_review,metadata/test/bacterial_leaf_blight/bacterial_leaf_blight (246).JPG.json
test/bacterial_leaf_blight/bacterial_leaf_blight (247).JPG,test,bacterial_leaf_blight,1,17,259568,8896,requires_human_review,metadata/test/bacterial_leaf_blight/bacterial_leaf_blight (247).JPG.json
test/bacterial_leaf_blight/bacterial_leaf_blight (248).JPG,test,bacterial_leaf_blight,1,6,204156,7144,requires_human_review,metadata/test/bacterial_leaf_blight/bacterial_leaf_blight (248).JPG.json
test/bacterial_leaf_blight/bacterial_leaf_blight (250).JPG,test,bacterial_leaf_blight,1,29,401780,31556,requires_human_review,metadata/test/bacterial_leaf_blight/bacterial_leaf_blight (250).JPG.json
test/bacterial_leaf_blight/bacterial_leaf_blight (258).JPG,test,bacterial_leaf_blight,1,12,255860,3576,requires_human_review,metadata/test/bacterial_leaf_blight/bacterial_leaf_blight (258).JPG.json
test/bacterial_leaf_blight/bacterial_leaf_blight (275).JPG,test,bacterial_leaf_blight,1,3,214264,11016,requires_human_review,metadata/test/bacterial_leaf_blight/bacterial_leaf_blight (275).JPG.json
test/bacterial_leaf_blight/bacterial_leaf_blight (278).JPG,test,bacterial_leaf_blight,1,6,736036,684,requires_human_review,metadata/test/bacterial_leaf_blight/bacterial_leaf_blight (278).JPG.json
test/bacterial_leaf_blight/bacterial_leaf_blight (284).JPG,test,bacterial_leaf_blight,1,18,745200,10444,requires_human_review,metadata/test/bacterial_leaf_blight/bacterial_leaf_blight (284).JPG.json
test/bacterial_leaf_blight/bacterial_leaf_blight (291).JPG,test,bacterial_leaf_blight,1,44,649580,29676,requires_human_review,metadata/test/bacterial_leaf_blight/bacterial_leaf_blight (291).JPG.json
test/bacterial_leaf_blight/bacterial_leaf_blight (310).JPG,test,bacterial_leaf_blight,1,11,1195384,38256,requires_human_review,metadata/test/bacterial_leaf_blight/bacterial_leaf_blight (310).JPG.json
test/bacterial_leaf_blight/bacterial_leaf_blight (314).JPG,test,bacterial_leaf_blight,1,10,1380692,11376,requires_human_review,metadata/test/bacterial_leaf_blight/bacterial_leaf_blight (314).JPG.json
test/bacterial_leaf_blight/bacterial_leaf_blight (319).JPG,test,bacterial_leaf_blight,1,20,1231924,8816,requires_human_review,metadata/test/bacterial_leaf_blight/bacterial_leaf_blight (319).JPG.json
test/bacterial_leaf_blight/bacterial_leaf_blight (320).JPG,test,bacterial_leaf_blight,1,10,809284,30708,requires_human_review,metadata/test/bacterial_leaf_blight/bacterial_leaf_blight (320).JPG.json
test/bacterial_leaf_blight/bacterial_leaf_blight (323).JPG,test,bacterial_leaf_blight,1,28,724356,77148,requires_human_review,metadata/test/bacterial_leaf_blight/bacterial_leaf_blight (323).JPG.json
test/bacterial_leaf_blight/bacterial_leaf_blight (327).JPG,test,bacterial_leaf_blight,1,2,952552,92,requires_human_review,metadata/test/bacterial_leaf_blight/bacterial_leaf_blight (327).JPG.json
test/bacterial_leaf_blight/bacterial_leaf_blight (334).jpg,test,bacterial_leaf_blight,1,11,678340,48960,requires_human_review,metadata/test/bacterial_leaf_blight/bacterial_leaf_blight (334).jpg.json
test/bacterial_leaf_blight/bacterial_leaf_blight (335).JPG,test,bacterial_leaf_blight,1,11,740300,3244,requires_human_review,metadata/test/bacterial_leaf_blight/bacterial_leaf_blight (335).JPG.json
test/bacterial_leaf_blight/bacterial_leaf_blight (37).JPG,test,bacterial_leaf_blight,1,9,186780,10472,requires_human_review,metadata/test/bacterial_leaf_blight/bacterial_leaf_blight (37).JPG.json
test/bacterial_leaf_blight/bacterial_leaf_blight (42).JPG,test,bacterial_leaf_blight,1,14,211184,20756,requires_human_review,metadata/test/bacterial_leaf_blight/bacterial_leaf_blight (42).JPG.json
test/bacterial_leaf_blight/bacterial_leaf_blight (47).JPG,test,bacterial_leaf_blight,1,9,359076,1972,requires_human_review,metadata/test/bacterial_leaf_blight/bacterial_leaf_blight (47).JPG.json
test/bacterial_leaf_blight/bacterial_leaf_blight (49).JPG,test,bacterial_leaf_blight,1,1,388064,12152,requires_human_review,metadata/test/bacterial_leaf_blight/bacterial_leaf_blight (49).JPG.json
test/bacterial_leaf_blight/bacterial_leaf_blight (5).jpg,test,bacterial_leaf_blight,1,8,1250980,2204,requires_human_review,metadata/test/bacterial_leaf_blight/bacterial_leaf_blight (5).jpg.json
test/bacterial_leaf_blight/bacterial_leaf_blight (58).JPG,test,bacterial_leaf_blight,1,24,297032,4492,requires_human_review,metadata/test/bacterial_leaf_blight/bacterial_leaf_blight (58).JPG.json
test/bacterial_leaf_blight/bacterial_leaf_blight (92).JPG,test,bacterial_leaf_blight,1,16,614100,80008,requires_human_review,metadata/test/bacterial_leaf_blight/bacterial_leaf_blight (92).JPG.json
test/bacterial_leaf_blight/bacterial_leaf_blight (96).JPG,test,bacterial_leaf_blight,1,5,1333628,40624,requires_human_review,metadata/test/bacterial_leaf_blight/bacterial_leaf_blight (96).JPG.json
test/brown_spot/brown_spot (102).jpg,test,brown_spot,1,14,1928532,81640,requires_human_review,metadata/test/brown_spot/brown_spot (102).jpg.json
test/brown_spot/brown_spot (109).jpg,test,brown_spot,1,4,420848,14308,requires_human_review,metadata/test/brown_spot/brown_spot (109).jpg.json
test/brown_spot/brown_spot (11).jpg,test,brown_spot,1,34,388600,68684,requires_human_review,metadata/test/brown_spot/brown_spot (11).jpg.json
test/brown_spot/brown_spot (113).jpg,test,brown_spot,1,8,145240,2688,requires_human_review,metadata/test/brown_spot/brown_spot (113).jpg.json
test/brown_spot/brown_spot (115).jpg,test,brown_spot,1,7,261576,10892,requires_human_review,metadata/test/brown_spot/brown_spot (115).jpg.json
test/brown_spot/brown_spot (118).jpg,test,brown_spot,1,14,235296,63904,requires_human_review,metadata/test/brown_spot/brown_spot (118).jpg.json
test/brown_spot/brown_spot (124).jpg,test,brown_spot,1,30,293084,29496,requires_human_review,metadata/test/brown_spot/brown_spot (124).jpg.json
test/brown_spot/brown_spot (13).jpg,test,brown_spot,1,24,644184,159276,requires_human_review,metadata/test/brown_spot/brown_spot (13).jpg.json
test/brown_spot/brown_spot (130).jpg,test,brown_spot,1,3,548688,3780,requires_human_review,metadata/test/brown_spot/brown_spot (130).jpg.json
test/brown_spot/brown_spot (139).jpg,test,brown_spot,1,20,326460,77056,requires_human_review,metadata/test/brown_spot/brown_spot (139).jpg.json
test/brown_spot/brown_spot (146).jpg,test,brown_spot,1,2,426780,24432,requires_human_review,metadata/test/brown_spot/brown_spot (146).jpg.json
test/brown_spot/brown_spot (153).jpg,test,brown_spot,1,12,189448,11596,requires_human_review,metadata/test/brown_spot/brown_spot (153).jpg.json
test/brown_spot/brown_spot (160).jpg,test,brown_spot,1,4,195660,7164,requires_human_review,metadata/test/brown_spot/brown_spot (160).jpg.json
test/brown_spot/brown_spot (170).jpg,test,brown_spot,1,25,1617100,275308,requires_human_review,metadata/test/brown_spot/brown_spot (170).jpg.json
test/brown_spot/brown_spot (171).jpg,test,brown_spot,1,1,211488,4184,requires_human_review,metadata/test/brown_spot/brown_spot (171).jpg.json
test/brown_spot/brown_spot (177).jpg,test,brown_spot,1,8,229616,13200,requires_human_review,metadata/test/brown_spot/brown_spot (177).jpg.json
test/brown_spot/brown_spot (182).jpg,test,brown_spot,1,3,225480,10528,requires_human_review,metadata/test/brown_spot/brown_spot (182).jpg.json
test/brown_spot/brown_spot (189).jpg,test,brown_spot,1,20,259188,28824,requires_human_review,metadata/test/brown_spot/brown_spot (189).jpg.json
test/brown_spot/brown_spot (191).jpg,test,brown_spot,1,17,350336,87924,requires_human_review,metadata/test/brown_spot/brown_spot (191).jpg.json
test/brown_spot/brown_spot (192).jpg,test,brown_spot,1,10,386412,13180,requires_human_review,metadata/test/brown_spot/brown_spot (192).jpg.json
test/brown_spot/brown_spot (196).jpg,test,brown_spot,1,5,416532,8632,requires_human_review,metadata/test/brown_spot/brown_spot (196).jpg.json
test/brown_spot/brown_spot (198).jpg,test,brown_spot,1,1,280108,440,requires_human_review,metadata/test/brown_spot/brown_spot (198).jpg.json
test/brown_spot/brown_spot (199).jpg,test,brown_spot,1,7,518632,19596,requires_human_review,metadata/test/brown_spot/brown_spot (199).jpg.json
test/brown_spot/brown_spot (20).jpg,test,brown_spot,1,15,689084,35704,requires_human_review,metadata/test/brown_spot/brown_spot (20).jpg.json
test/brown_spot/brown_spot (200).jpg,test,brown_spot,1,8,424208,6428,requires_human_review,metadata/test/brown_spot/brown_spot (200).jpg.json
test/brown_spot/brown_spot (207).jpg,test,brown_spot,1,3,404648,3108,requires_human_review,metadata/test/brown_spot/brown_spot (207).jpg.json
test/brown_spot/brown_spot (212).JPG,test,brown_spot,1,7,1144696,4900,requires_human_review,metadata/test/brown_spot/brown_spot (212).JPG.json
test/brown_spot/brown_spot (224).JPG,test,brown_spot,1,5,621548,11604,requires_human_review,metadata/test/brown_spot/brown_spot (224).JPG.json
test/brown_spot/brown_spot (225).JPG,test,brown_spot,1,4,605836,4232,requires_human_review,metadata/test/brown_spot/brown_spot (225).JPG.json
test/brown_spot/brown_spot (227).JPG,test,brown_spot,1,4,501588,2648,requires_human_review,metadata/test/brown_spot/brown_spot (227).JPG.json
test/brown_spot/brown_spot (244).jpg,test,brown_spot,1,27,352432,20876,requires_human_review,metadata/test/brown_spot/brown_spot (244).jpg.json
test/brown_spot/brown_spot (245).jpg,test,brown_spot,1,30,293088,29532,requires_human_review,metadata/test/brown_spot/brown_spot (245).jpg.json
test/brown_spot/brown_spot (248).jpg,test,brown_spot,1,33,503632,52100,requires_human_review,metadata/test/brown_spot/brown_spot (248).jpg.json
test/brown_spot/brown_spot (25).jpg,test,brown_spot,1,37,676772,109172,requires_human_review,metadata/test/brown_spot/brown_spot (25).jpg.json
test/brown_spot/brown_spot (250).jpg,test,brown_spot,1,23,352468,20652,requires_human_review,metadata/test/brown_spot/brown_spot (250).jpg.json
test/brown_spot/brown_spot (257).jpg,test,brown_spot,1,25,352452,20724,requires_human_review,metadata/test/brown_spot/brown_spot (257).jpg.json
test/brown_spot/brown_spot (276).jpg,test,brown_spot,1,6,456636,5252,requires_human_review,metadata/test/brown_spot/brown_spot (276).jpg.json
test/brown_spot/brown_spot (279).jpg,test,brown_spot,1,4,285020,3280,requires_human_review,metadata/test/brown_spot/brown_spot (279).jpg.json
test/brown_spot/brown_spot (291).jpg,test,brown_spot,1,13,334528,135964,requires_human_review;large_connected_candidate_review,metadata/test/brown_spot/brown_spot (291).jpg.json
test/brown_spot/brown_spot (294).jpg,test,brown_spot,1,3,841200,2500,requires_human_review,metadata/test/brown_spot/brown_spot (294).jpg.json
test/brown_spot/brown_spot (296).jpg,test,brown_spot,1,4,552752,9776,requires_human_review,metadata/test/brown_spot/brown_spot (296).jpg.json
test/brown_spot/brown_spot (297).jpg,test,brown_spot,1,4,629152,3964,requires_human_review,metadata/test/brown_spot/brown_spot (297).jpg.json
test/brown_spot/brown_spot (3).jpg,test,brown_spot,1,17,350348,87912,requires_human_review,metadata/test/brown_spot/brown_spot (3).jpg.json
test/brown_spot/brown_spot (30).jpg,test,brown_spot,1,4,800000,24604,requires_human_review,metadata/test/brown_spot/brown_spot (30).jpg.json
test/brown_spot/brown_spot (306).jpg,test,brown_spot,1,27,380080,8840,requires_human_review,metadata/test/brown_spot/brown_spot (306).jpg.json
test/brown_spot/brown_spot (31).jpg,test,brown_spot,1,9,477300,17476,requires_human_review,metadata/test/brown_spot/brown_spot (31).jpg.json
test/brown_spot/brown_spot (310).jpg,test,brown_spot,1,33,503648,52076,requires_human_review,metadata/test/brown_spot/brown_spot (310).jpg.json
test/brown_spot/brown_spot (337).jpg,test,brown_spot,1,20,326380,77092,requires_human_review,metadata/test/brown_spot/brown_spot (337).jpg.json
test/brown_spot/brown_spot (34).jpg,test,brown_spot,1,26,783332,35344,requires_human_review,metadata/test/brown_spot/brown_spot (34).jpg.json
test/brown_spot/brown_spot (39).jpg,test,brown_spot,1,16,689096,35700,requires_human_review,metadata/test/brown_spot/brown_spot (39).jpg.json
test/brown_spot/brown_spot (42).jpg,test,brown_spot,1,44,533300,43132,requires_human_review,metadata/test/brown_spot/brown_spot (42).jpg.json
test/brown_spot/brown_spot (45).jpg,test,brown_spot,1,37,676784,109100,requires_human_review,metadata/test/brown_spot/brown_spot (45).jpg.json
test/brown_spot/brown_spot (46).jpg,test,brown_spot,1,24,644104,159256,requires_human_review,metadata/test/brown_spot/brown_spot (46).jpg.json
test/brown_spot/brown_spot (49).jpg,test,brown_spot,1,4,800000,24604,requires_human_review,metadata/test/brown_spot/brown_spot (49).jpg.json
test/brown_spot/brown_spot (5).jpg,test,brown_spot,1,2,259756,544,requires_human_review,metadata/test/brown_spot/brown_spot (5).jpg.json
test/brown_spot/brown_spot (51).jpg,test,brown_spot,1,27,783336,35372,requires_human_review,metadata/test/brown_spot/brown_spot (51).jpg.json
test/brown_spot/brown_spot (61).jpg,test,brown_spot,1,29,646200,25212,requires_human_review,metadata/test/brown_spot/brown_spot (61).jpg.json
test/brown_spot/brown_spot (62).jpg,test,brown_spot,1,4,800000,24600,requires_human_review,metadata/test/brown_spot/brown_spot (62).jpg.json
test/brown_spot/brown_spot (66).jpg,test,brown_spot,1,8,424216,6376,requires_human_review,metadata/test/brown_spot/brown_spot (66).jpg.json
test/brown_spot/brown_spot (7).jpg,test,brown_spot,1,7,427984,18804,requires_human_review,metadata/test/brown_spot/brown_spot (7).jpg.json
test/brown_spot/brown_spot (74).jpg,test,brown_spot,1,21,388468,96820,requires_human_review,metadata/test/brown_spot/brown_spot (74).jpg.json
test/brown_spot/brown_spot (8).jpg,test,brown_spot,1,4,416512,8624,requires_human_review,metadata/test/brown_spot/brown_spot (8).jpg.json
test/brown_spot/brown_spot (92).jpg,test,brown_spot,1,5,376896,11152,requires_human_review,metadata/test/brown_spot/brown_spot (92).jpg.json
test/brown_spot/brown_spot (95).jpg,test,brown_spot,1,53,847160,70700,requires_human_review,metadata/test/brown_spot/brown_spot (95).jpg.json
test/healthy/healthy (1).jpg,test,healthy,1,10,518756,1776,requires_human_review;candidate_on_healthy_image,metadata/test/healthy/healthy (1).jpg.json
test/healthy/healthy (10).jpg,test,healthy,1,8,500812,532,requires_human_review;candidate_on_healthy_image,metadata/test/healthy/healthy (10).jpg.json
test/healthy/healthy (103).jpg,test,healthy,1,1,348168,340,requires_human_review;candidate_on_healthy_image,metadata/test/healthy/healthy (103).jpg.json
test/healthy/healthy (108).jpg,test,healthy,1,0,266108,0,requires_human_review,metadata/test/healthy/healthy (108).jpg.json
test/healthy/healthy (116).jpg,test,healthy,1,22,429884,16320,requires_human_review;candidate_on_healthy_image,metadata/test/healthy/healthy (116).jpg.json
test/healthy/healthy (131).jpg,test,healthy,1,0,370800,0,requires_human_review,metadata/test/healthy/healthy (131).jpg.json
test/healthy/healthy (132).jpg,test,healthy,1,0,188488,0,requires_human_review,metadata/test/healthy/healthy (132).jpg.json
test/healthy/healthy (142).jpg,test,healthy,1,0,208064,0,requires_human_review,metadata/test/healthy/healthy (142).jpg.json
test/healthy/healthy (143).jpg,test,healthy,1,23,250468,10460,requires_human_review;candidate_on_healthy_image,metadata/test/healthy/healthy (143).jpg.json
test/healthy/healthy (146).jpg,test,healthy,1,0,283240,0,requires_human_review,metadata/test/healthy/healthy (146).jpg.json
test/healthy/healthy (150).jpg,test,healthy,1,0,392940,0,requires_human_review,metadata/test/healthy/healthy (150).jpg.json
test/healthy/healthy (152).jpg,test,healthy,1,0,319420,0,requires_human_review,metadata/test/healthy/healthy (152).jpg.json
test/healthy/healthy (154).jpg,test,healthy,1,9,264032,760,requires_human_review;candidate_on_healthy_image,metadata/test/healthy/healthy (154).jpg.json
test/healthy/healthy (159).jpg,test,healthy,1,8,392452,1164,requires_human_review;candidate_on_healthy_image,metadata/test/healthy/healthy (159).jpg.json
test/healthy/healthy (165).jpg,test,healthy,1,15,297628,29132,requires_human_review;candidate_on_healthy_image,metadata/test/healthy/healthy (165).jpg.json
test/healthy/healthy (175).jpg,test,healthy,1,2,224972,300,requires_human_review;candidate_on_healthy_image,metadata/test/healthy/healthy (175).jpg.json
test/healthy/healthy (179).jpg,test,healthy,1,15,328356,10276,requires_human_review;candidate_on_healthy_image,metadata/test/healthy/healthy (179).jpg.json
test/healthy/healthy (180).jpg,test,healthy,1,5,314536,23460,requires_human_review;candidate_on_healthy_image,metadata/test/healthy/healthy (180).jpg.json
test/healthy/healthy (191).jpg,test,healthy,1,0,480932,0,requires_human_review,metadata/test/healthy/healthy (191).jpg.json
test/healthy/healthy (192).jpg,test,healthy,1,0,432604,0,requires_human_review,metadata/test/healthy/healthy (192).jpg.json
test/healthy/healthy (201).jpg,test,healthy,1,0,722556,0,requires_human_review,metadata/test/healthy/healthy (201).jpg.json
test/healthy/healthy (202).jpg,test,healthy,1,0,904744,0,requires_human_review,metadata/test/healthy/healthy (202).jpg.json
test/healthy/healthy (206).jpg,test,healthy,1,0,555788,0,requires_human_review,metadata/test/healthy/healthy (206).jpg.json
test/healthy/healthy (213).jpg,test,healthy,1,10,338812,1312,requires_human_review;candidate_on_healthy_image,metadata/test/healthy/healthy (213).jpg.json
test/healthy/healthy (215).jpg,test,healthy,1,6,381316,38800,requires_human_review;candidate_on_healthy_image,metadata/test/healthy/healthy (215).jpg.json
test/healthy/healthy (231).jpg,test,healthy,1,17,458188,8628,requires_human_review;candidate_on_healthy_image,metadata/test/healthy/healthy (231).jpg.json
test/healthy/healthy (233).jpg,test,healthy,1,34,702560,50572,requires_human_review;candidate_on_healthy_image,metadata/test/healthy/healthy (233).jpg.json
test/healthy/healthy (234).jpg,test,healthy,1,8,534076,1112,requires_human_review;candidate_on_healthy_image,metadata/test/healthy/healthy (234).jpg.json
test/healthy/healthy (24).jpg,test,healthy,1,7,311084,532,requires_human_review;candidate_on_healthy_image,metadata/test/healthy/healthy (24).jpg.json
test/healthy/healthy (243).jpg,test,healthy,1,28,549096,3664,requires_human_review;candidate_on_healthy_image,metadata/test/healthy/healthy (243).jpg.json
test/healthy/healthy (248).jpg,test,healthy,1,0,418596,0,requires_human_review,metadata/test/healthy/healthy (248).jpg.json
test/healthy/healthy (249).jpg,test,healthy,1,0,379880,0,requires_human_review,metadata/test/healthy/healthy (249).jpg.json
test/healthy/healthy (25).jpg,test,healthy,1,4,374328,552,requires_human_review;candidate_on_healthy_image,metadata/test/healthy/healthy (25).jpg.json
test/healthy/healthy (254).jpg,test,healthy,1,0,412808,0,requires_human_review,metadata/test/healthy/healthy (254).jpg.json
test/healthy/healthy (255).jpg,test,healthy,1,20,476756,1604,requires_human_review;candidate_on_healthy_image,metadata/test/healthy/healthy (255).jpg.json
test/healthy/healthy (256).jpg,test,healthy,1,17,397920,65544,requires_human_review;candidate_on_healthy_image,metadata/test/healthy/healthy (256).jpg.json
test/healthy/healthy (265).jpg,test,healthy,1,0,597052,0,requires_human_review,metadata/test/healthy/healthy (265).jpg.json
test/healthy/healthy (269).jpg,test,healthy,1,0,724716,0,requires_human_review,metadata/test/healthy/healthy (269).jpg.json
test/healthy/healthy (272).jpg,test,healthy,1,0,572432,0,requires_human_review,metadata/test/healthy/healthy (272).jpg.json
test/healthy/healthy (278).jpg,test,healthy,1,0,393292,0,requires_human_review,metadata/test/healthy/healthy (278).jpg.json
test/healthy/healthy (279).jpg,test,healthy,1,1,278940,72,requires_human_review;candidate_on_healthy_image,metadata/test/healthy/healthy (279).jpg.json
test/healthy/healthy (28).jpg,test,healthy,1,5,355524,340,requires_human_review;candidate_on_healthy_image,metadata/test/healthy/healthy (28).jpg.json
test/healthy/healthy (280).jpg,test,healthy,1,1,257428,556,requires_human_review;candidate_on_healthy_image,metadata/test/healthy/healthy (280).jpg.json
test/healthy/healthy (285).jpg,test,healthy,1,0,333784,0,requires_human_review,metadata/test/healthy/healthy (285).jpg.json
test/healthy/healthy (290).jpg,test,healthy,1,0,433088,0,requires_human_review,metadata/test/healthy/healthy (290).jpg.json
test/healthy/healthy (294).jpg,test,healthy,1,22,421388,6396,requires_human_review;candidate_on_healthy_image,metadata/test/healthy/healthy (294).jpg.json
test/healthy/healthy (296).jpg,test,healthy,1,4,467860,380,requires_human_review;candidate_on_healthy_image,metadata/test/healthy/healthy (296).jpg.json
test/healthy/healthy (303).jpg,test,healthy,1,2,484504,112,requires_human_review;candidate_on_healthy_image,metadata/test/healthy/healthy (303).jpg.json
test/healthy/healthy (309).jpg,test,healthy,1,0,340432,0,requires_human_review,metadata/test/healthy/healthy (309).jpg.json
test/healthy/healthy (314).jpg,test,healthy,1,0,266340,0,requires_human_review,metadata/test/healthy/healthy (314).jpg.json
test/healthy/healthy (315).jpg,test,healthy,1,3,311888,2356,requires_human_review;candidate_on_healthy_image,metadata/test/healthy/healthy (315).jpg.json
test/healthy/healthy (320).jpg,test,healthy,1,9,375244,672,requires_human_review;candidate_on_healthy_image,metadata/test/healthy/healthy (320).jpg.json
test/healthy/healthy (324).jpg,test,healthy,1,1,333584,40,requires_human_review;candidate_on_healthy_image,metadata/test/healthy/healthy (324).jpg.json
test/healthy/healthy (327).jpg,test,healthy,1,9,574192,960,requires_human_review;candidate_on_healthy_image,metadata/test/healthy/healthy (327).jpg.json
test/healthy/healthy (328).jpg,test,healthy,1,7,430592,30656,requires_human_review;candidate_on_healthy_image,metadata/test/healthy/healthy (328).jpg.json
test/healthy/healthy (336).jpg,test,healthy,1,17,806780,1284,requires_human_review;candidate_on_healthy_image,metadata/test/healthy/healthy (336).jpg.json
test/healthy/healthy (337).jpg,test,healthy,1,3,520948,168,requires_human_review;candidate_on_healthy_image,metadata/test/healthy/healthy (337).jpg.json
test/healthy/healthy (34).jpg,test,healthy,1,21,415180,2772,requires_human_review;candidate_on_healthy_image,metadata/test/healthy/healthy (34).jpg.json
test/healthy/healthy (340).jpg,test,healthy,1,5,506340,416,requires_human_review;candidate_on_healthy_image,metadata/test/healthy/healthy (340).jpg.json
test/healthy/healthy (342).jpg,test,healthy,1,13,506464,3704,requires_human_review;candidate_on_healthy_image,metadata/test/healthy/healthy (342).jpg.json
test/healthy/healthy (343).jpg,test,healthy,1,8,682116,29364,requires_human_review;candidate_on_healthy_image,metadata/test/healthy/healthy (343).jpg.json
test/healthy/healthy (346).jpg,test,healthy,1,4,528392,788,requires_human_review;candidate_on_healthy_image,metadata/test/healthy/healthy (346).jpg.json
test/healthy/healthy (350).jpg,test,healthy,1,0,480308,0,requires_human_review,metadata/test/healthy/healthy (350).jpg.json
test/healthy/healthy (40).jpg,test,healthy,1,31,574408,3876,requires_human_review;candidate_on_healthy_image,metadata/test/healthy/healthy (40).jpg.json
test/healthy/healthy (57).jpg,test,healthy,1,8,444020,1280,requires_human_review;candidate_on_healthy_image,metadata/test/healthy/healthy (57).jpg.json
test/healthy/healthy (76).jpg,test,healthy,1,0,466656,0,requires_human_review,metadata/test/healthy/healthy (76).jpg.json
test/healthy/healthy (77).jpg,test,healthy,1,0,572432,0,requires_human_review,metadata/test/healthy/healthy (77).jpg.json
test/healthy/healthy (84).jpg,test,healthy,1,3,325020,2440,requires_human_review;candidate_on_healthy_image,metadata/test/healthy/healthy (84).jpg.json
test/healthy/healthy (88).jpg,test,healthy,1,10,527072,3784,requires_human_review;candidate_on_healthy_image,metadata/test/healthy/healthy (88).jpg.json
test/healthy/healthy (89).jpg,test,healthy,1,0,692284,0,requires_human_review,metadata/test/healthy/healthy (89).jpg.json
test/leaf_blast/leaf_blast (100).jpg,test,leaf_blast,1,15,155120,28240,requires_human_review,metadata/test/leaf_blast/leaf_blast (100).jpg.json
test/leaf_blast/leaf_blast (106).jpg,test,leaf_blast,1,13,311676,59720,requires_human_review,metadata/test/leaf_blast/leaf_blast (106).jpg.json
test/leaf_blast/leaf_blast (111).jpg,test,leaf_blast,1,3,242580,208,requires_human_review,metadata/test/leaf_blast/leaf_blast (111).jpg.json
test/leaf_blast/leaf_blast (112).jpg,test,leaf_blast,1,2,251052,604,requires_human_review,metadata/test/leaf_blast/leaf_blast (112).jpg.json
test/leaf_blast/leaf_blast (118).jpg,test,leaf_blast,1,1,266908,2704,requires_human_review,metadata/test/leaf_blast/leaf_blast (118).jpg.json
test/leaf_blast/leaf_blast (120).jpg,test,leaf_blast,1,9,221292,32808,requires_human_review,metadata/test/leaf_blast/leaf_blast (120).jpg.json
test/leaf_blast/leaf_blast (125).jpg,test,leaf_blast,1,10,207732,39900,requires_human_review,metadata/test/leaf_blast/leaf_blast (125).jpg.json
test/leaf_blast/leaf_blast (133).jpg,test,leaf_blast,1,19,225648,45356,requires_human_review,metadata/test/leaf_blast/leaf_blast (133).jpg.json
test/leaf_blast/leaf_blast (136).jpg,test,leaf_blast,1,10,268668,39672,requires_human_review,metadata/test/leaf_blast/leaf_blast (136).jpg.json
test/leaf_blast/leaf_blast (14).jpg,test,leaf_blast,1,64,2558988,420860,requires_human_review;high_foreground_coverage;complex_foreground_review,metadata/test/leaf_blast/leaf_blast (14).jpg.json
test/leaf_blast/leaf_blast (146).jpg,test,leaf_blast,3,10,132328,20620,requires_human_review;multiple_leaf_components,metadata/test/leaf_blast/leaf_blast (146).jpg.json
test/leaf_blast/leaf_blast (160).jpg,test,leaf_blast,1,3,141780,34116,requires_human_review,metadata/test/leaf_blast/leaf_blast (160).jpg.json
test/leaf_blast/leaf_blast (161).jpg,test,leaf_blast,1,4,141764,55564,requires_human_review;large_connected_candidate_review,metadata/test/leaf_blast/leaf_blast (161).jpg.json
test/leaf_blast/leaf_blast (163).jpg,test,leaf_blast,1,9,349052,4036,requires_human_review,metadata/test/leaf_blast/leaf_blast (163).jpg.json
test/leaf_blast/leaf_blast (170).jpg,test,leaf_blast,1,2,373412,1648,requires_human_review,metadata/test/leaf_blast/leaf_blast (170).jpg.json
test/leaf_blast/leaf_blast (172).jpg,test,leaf_blast,1,1,238240,2232,requires_human_review,metadata/test/leaf_blast/leaf_blast (172).jpg.json
test/leaf_blast/leaf_blast (175).jpg,test,leaf_blast,1,1,370324,2672,requires_human_review,metadata/test/leaf_blast/leaf_blast (175).jpg.json
test/leaf_blast/leaf_blast (18).jpg,test,leaf_blast,1,20,219016,28368,requires_human_review,metadata/test/leaf_blast/leaf_blast (18).jpg.json
test/leaf_blast/leaf_blast (180).jpg,test,leaf_blast,1,5,1219028,18552,requires_human_review,metadata/test/leaf_blast/leaf_blast (180).jpg.json
test/leaf_blast/leaf_blast (181).jpg,test,leaf_blast,1,7,1054080,8688,requires_human_review,metadata/test/leaf_blast/leaf_blast (181).jpg.json
test/leaf_blast/leaf_blast (187).jpg,test,leaf_blast,1,1,129632,2592,requires_human_review,metadata/test/leaf_blast/leaf_blast (187).jpg.json
test/leaf_blast/leaf_blast (190).jpg,test,leaf_blast,1,1,257612,22784,requires_human_review,metadata/test/leaf_blast/leaf_blast (190).jpg.json
test/leaf_blast/leaf_blast (195).jpg,test,leaf_blast,1,18,336020,67352,requires_human_review,metadata/test/leaf_blast/leaf_blast (195).jpg.json
test/leaf_blast/leaf_blast (197).jpg,test,leaf_blast,1,1,410704,832,requires_human_review,metadata/test/leaf_blast/leaf_blast (197).jpg.json
test/leaf_blast/leaf_blast (205).jpg,test,leaf_blast,1,21,262784,51908,requires_human_review,metadata/test/leaf_blast/leaf_blast (205).jpg.json
test/leaf_blast/leaf_blast (21).jpg,test,leaf_blast,1,2,286084,224,requires_human_review,metadata/test/leaf_blast/leaf_blast (21).jpg.json
test/leaf_blast/leaf_blast (219).jpg,test,leaf_blast,1,9,221232,32796,requires_human_review,metadata/test/leaf_blast/leaf_blast (219).jpg.json
test/leaf_blast/leaf_blast (221).jpg,test,leaf_blast,1,9,325288,47980,requires_human_review,metadata/test/leaf_blast/leaf_blast (221).jpg.json
test/leaf_blast/leaf_blast (223).jpg,test,leaf_blast,1,19,264060,52676,requires_human_review,metadata/test/leaf_blast/leaf_blast (223).jpg.json
test/leaf_blast/leaf_blast (23).jpg,test,leaf_blast,1,2,351268,716,requires_human_review,metadata/test/leaf_blast/leaf_blast (23).jpg.json
test/leaf_blast/leaf_blast (234).jpg,test,leaf_blast,1,1,546616,8024,requires_human_review,metadata/test/leaf_blast/leaf_blast (234).jpg.json
test/leaf_blast/leaf_blast (239).jpg,test,leaf_blast,1,9,318188,7740,requires_human_review,metadata/test/leaf_blast/leaf_blast (239).jpg.json
test/leaf_blast/leaf_blast (244).jpg,test,leaf_blast,1,13,409264,82500,requires_human_review,metadata/test/leaf_blast/leaf_blast (244).jpg.json
test/leaf_blast/leaf_blast (247).jpg,test,leaf_blast,1,11,904980,109940,requires_human_review,metadata/test/leaf_blast/leaf_blast (247).jpg.json
test/leaf_blast/leaf_blast (251).jpg,test,leaf_blast,1,1,356764,91380,requires_human_review;large_connected_candidate_review,metadata/test/leaf_blast/leaf_blast (251).jpg.json
test/leaf_blast/leaf_blast (254).jpg,test,leaf_blast,1,1,353284,2568,requires_human_review,metadata/test/leaf_blast/leaf_blast (254).jpg.json
test/leaf_blast/leaf_blast (258).jpg,test,leaf_blast,1,4,677592,1268,requires_human_review,metadata/test/leaf_blast/leaf_blast (258).jpg.json
test/leaf_blast/leaf_blast (264).jpg,test,leaf_blast,1,26,352288,4128,requires_human_review,metadata/test/leaf_blast/leaf_blast (264).jpg.json
test/leaf_blast/leaf_blast (266).jpg,test,leaf_blast,1,2,266056,3448,requires_human_review,metadata/test/leaf_blast/leaf_blast (266).jpg.json
test/leaf_blast/leaf_blast (267).jpg,test,leaf_blast,1,4,641616,9184,requires_human_review,metadata/test/leaf_blast/leaf_blast (267).jpg.json
test/leaf_blast/leaf_blast (279).jpg,test,leaf_blast,1,17,401044,18384,requires_human_review,metadata/test/leaf_blast/leaf_blast (279).jpg.json
test/leaf_blast/leaf_blast (285).jpg,test,leaf_blast,1,10,185500,59832,requires_human_review,metadata/test/leaf_blast/leaf_blast (285).jpg.json
test/leaf_blast/leaf_blast (289).jpg,test,leaf_blast,1,1,305472,1800,requires_human_review,metadata/test/leaf_blast/leaf_blast (289).jpg.json
test/leaf_blast/leaf_blast (295).jpg,test,leaf_blast,1,0,234248,0,requires_human_review;no_candidate_on_diseased_image,metadata/test/leaf_blast/leaf_blast (295).jpg.json
test/leaf_blast/leaf_blast (308).jpg,test,leaf_blast,1,11,241552,46108,requires_human_review,metadata/test/leaf_blast/leaf_blast (308).jpg.json
test/leaf_blast/leaf_blast (310).jpg,test,leaf_blast,1,3,210180,148,requires_human_review,metadata/test/leaf_blast/leaf_blast (310).jpg.json
test/leaf_blast/leaf_blast (319).jpg,test,leaf_blast,1,2,468672,2980,requires_human_review,metadata/test/leaf_blast/leaf_blast (319).jpg.json
test/leaf_blast/leaf_blast (4).jpg,test,leaf_blast,1,11,271132,24500,requires_human_review,metadata/test/leaf_blast/leaf_blast (4).jpg.json
test/leaf_blast/leaf_blast (41).jpg,test,leaf_blast,1,1,449940,3740,requires_human_review,metadata/test/leaf_blast/leaf_blast (41).jpg.json
test/leaf_blast/leaf_blast (46).jpg,test,leaf_blast,1,5,277276,29372,requires_human_review,metadata/test/leaf_blast/leaf_blast (46).jpg.json
test/leaf_blast/leaf_blast (51).jpg,test,leaf_blast,1,1,410768,840,requires_human_review,metadata/test/leaf_blast/leaf_blast (51).jpg.json
test/leaf_blast/leaf_blast (53).jpg,test,leaf_blast,1,26,333936,66636,requires_human_review,metadata/test/leaf_blast/leaf_blast (53).jpg.json
test/leaf_blast/leaf_blast (55).jpg,test,leaf_blast,2,10,135436,19848,requires_human_review;multiple_leaf_components,metadata/test/leaf_blast/leaf_blast (55).jpg.json
test/leaf_blast/leaf_blast (59).jpg,test,leaf_blast,1,1,343572,4108,requires_human_review,metadata/test/leaf_blast/leaf_blast (59).jpg.json
test/leaf_blast/leaf_blast (63).jpg,test,leaf_blast,1,2,594204,7056,requires_human_review,metadata/test/leaf_blast/leaf_blast (63).jpg.json
test/leaf_blast/leaf_blast (70).jpg,test,leaf_blast,1,49,319836,81076,requires_human_review,metadata/test/leaf_blast/leaf_blast (70).jpg.json
test/leaf_blast/leaf_blast (74).jpg,test,leaf_blast,1,10,179240,35176,requires_human_review,metadata/test/leaf_blast/leaf_blast (74).jpg.json
test/leaf_blast/leaf_blast (77).jpg,test,leaf_blast,1,10,207776,39816,requires_human_review,metadata/test/leaf_blast/leaf_blast (77).jpg.json
test/leaf_blast/leaf_blast (78).jpg,test,leaf_blast,1,66,594180,150208,requires_human_review,metadata/test/leaf_blast/leaf_blast (78).jpg.json
test/leaf_blast/leaf_blast (79).jpg,test,leaf_blast,1,2,186900,2636,requires_human_review,metadata/test/leaf_blast/leaf_blast (79).jpg.json
test/leaf_blast/leaf_blast (83).jpg,test,leaf_blast,1,7,757336,13892,requires_human_review,metadata/test/leaf_blast/leaf_blast (83).jpg.json
test/leaf_blast/leaf_blast (84).jpg,test,leaf_blast,1,6,573064,10672,requires_human_review,metadata/test/leaf_blast/leaf_blast (84).jpg.json
test/leaf_blast/leaf_blast (86).jpg,test,leaf_blast,1,13,578276,42444,requires_human_review,metadata/test/leaf_blast/leaf_blast (86).jpg.json
test/leaf_blast/leaf_blast (88).jpg,test,leaf_blast,1,3,835140,16180,requires_human_review,metadata/test/leaf_blast/leaf_blast (88).jpg.json
test/leaf_blast/leaf_blast (9).jpg,test,leaf_blast,1,0,283112,0,requires_human_review;no_candidate_on_diseased_image,metadata/test/leaf_blast/leaf_blast (9).jpg.json
test/leaf_blast/leaf_blast (94).jpg,test,leaf_blast,1,1,607692,9196,requires_human_review,metadata/test/leaf_blast/leaf_blast (94).jpg.json
test/leaf_blast/leaf_blast (97).jpg,test,leaf_blast,1,3,245876,213588,requires_human_review;high_candidate_coverage;large_connected_candidate_review,metadata/test/leaf_blast/leaf_blast (97).jpg.json
test/leaf_blast/leaf_blast (99).jpg,test,leaf_blast,1,10,218896,43176,requires_human_review,metadata/test/leaf_blast/leaf_blast (99).jpg.json
test/leaf_scald/leaf_scald (1).jpg,test,leaf_scald,1,21,198372,31304,requires_human_review,metadata/test/leaf_scald/leaf_scald (1).jpg.json
test/leaf_scald/leaf_scald (103).jpg,test,leaf_scald,1,10,363388,3688,requires_human_review,metadata/test/leaf_scald/leaf_scald (103).jpg.json
test/leaf_scald/leaf_scald (115).jpg,test,leaf_scald,1,14,147732,87860,requires_human_review;high_candidate_coverage;large_connected_candidate_review,metadata/test/leaf_scald/leaf_scald (115).jpg.json
test/leaf_scald/leaf_scald (118).jpg,test,leaf_scald,3,3,194196,4040,requires_human_review;multiple_leaf_components,metadata/test/leaf_scald/leaf_scald (118).jpg.json
test/leaf_scald/leaf_scald (120).jpg,test,leaf_scald,1,7,154328,32824,requires_human_review,metadata/test/leaf_scald/leaf_scald (120).jpg.json
test/leaf_scald/leaf_scald (135).jpg,test,leaf_scald,1,8,86008,21228,requires_human_review,metadata/test/leaf_scald/leaf_scald (135).jpg.json
test/leaf_scald/leaf_scald (144).jpg,test,leaf_scald,1,7,103668,2396,requires_human_review,metadata/test/leaf_scald/leaf_scald (144).jpg.json
test/leaf_scald/leaf_scald (148).jpg,test,leaf_scald,1,6,91672,57472,requires_human_review;high_candidate_coverage;large_connected_candidate_review,metadata/test/leaf_scald/leaf_scald (148).jpg.json
test/leaf_scald/leaf_scald (151).jpg,test,leaf_scald,1,11,166184,53776,requires_human_review;large_connected_candidate_review,metadata/test/leaf_scald/leaf_scald (151).jpg.json
test/leaf_scald/leaf_scald (154).jpg,test,leaf_scald,1,5,205960,122692,requires_human_review;high_candidate_coverage;large_connected_candidate_review,metadata/test/leaf_scald/leaf_scald (154).jpg.json
test/leaf_scald/leaf_scald (155).jpg,test,leaf_scald,1,7,146928,88464,requires_human_review;high_candidate_coverage;large_connected_candidate_review,metadata/test/leaf_scald/leaf_scald (155).jpg.json
test/leaf_scald/leaf_scald (161).jpg,test,leaf_scald,1,23,203384,95284,requires_human_review;large_connected_candidate_review,metadata/test/leaf_scald/leaf_scald (161).jpg.json
test/leaf_scald/leaf_scald (162).jpg,test,leaf_scald,1,32,197444,12732,requires_human_review,metadata/test/leaf_scald/leaf_scald (162).jpg.json
test/leaf_scald/leaf_scald (164).jpg,test,leaf_scald,1,8,227992,51516,requires_human_review,metadata/test/leaf_scald/leaf_scald (164).jpg.json
test/leaf_scald/leaf_scald (166).jpg,test,leaf_scald,1,17,243052,143424,requires_human_review;high_candidate_coverage;large_connected_candidate_review,metadata/test/leaf_scald/leaf_scald (166).jpg.json
test/leaf_scald/leaf_scald (172).jpg,test,leaf_scald,1,15,353980,112700,requires_human_review,metadata/test/leaf_scald/leaf_scald (172).jpg.json
test/leaf_scald/leaf_scald (182).jpg,test,leaf_scald,1,44,274432,105132,requires_human_review,metadata/test/leaf_scald/leaf_scald (182).jpg.json
test/leaf_scald/leaf_scald (187).jpg,test,leaf_scald,1,44,284304,54120,requires_human_review,metadata/test/leaf_scald/leaf_scald (187).jpg.json
test/leaf_scald/leaf_scald (19).jpg,test,leaf_scald,1,21,242584,36676,requires_human_review,metadata/test/leaf_scald/leaf_scald (19).jpg.json
test/leaf_scald/leaf_scald (197).jpg,test,leaf_scald,1,9,327032,4120,requires_human_review,metadata/test/leaf_scald/leaf_scald (197).jpg.json
test/leaf_scald/leaf_scald (199).jpg,test,leaf_scald,1,43,280924,105304,requires_human_review,metadata/test/leaf_scald/leaf_scald (199).jpg.json
test/leaf_scald/leaf_scald (200).jpg,test,leaf_scald,1,30,221736,42136,requires_human_review,metadata/test/leaf_scald/leaf_scald (200).jpg.json
test/leaf_scald/leaf_scald (213).jpg,test,leaf_scald,1,32,377396,147764,requires_human_review;large_connected_candidate_review,metadata/test/leaf_scald/leaf_scald (213).jpg.json
test/leaf_scald/leaf_scald (215).jpg,test,leaf_scald,1,7,126100,46368,requires_human_review;large_connected_candidate_review,metadata/test/leaf_scald/leaf_scald (215).jpg.json
test/leaf_scald/leaf_scald (219).jpg,test,leaf_scald,1,2,79516,35032,requires_human_review;large_connected_candidate_review,metadata/test/leaf_scald/leaf_scald (219).jpg.json
test/leaf_scald/leaf_scald (223).jpg,test,leaf_scald,1,21,283452,43640,requires_human_review,metadata/test/leaf_scald/leaf_scald (223).jpg.json
test/leaf_scald/leaf_scald (224).jpg,test,leaf_scald,1,9,244288,89556,requires_human_review;large_connected_candidate_review,metadata/test/leaf_scald/leaf_scald (224).jpg.json
test/leaf_scald/leaf_scald (23).jpg,test,leaf_scald,1,18,247660,29276,requires_human_review,metadata/test/leaf_scald/leaf_scald (23).jpg.json
test/leaf_scald/leaf_scald (232).jpg,test,leaf_scald,1,4,109032,44396,requires_human_review;large_connected_candidate_review,metadata/test/leaf_scald/leaf_scald (232).jpg.json
test/leaf_scald/leaf_scald (234).jpg,test,leaf_scald,1,10,126028,3132,requires_human_review,metadata/test/leaf_scald/leaf_scald (234).jpg.json
test/leaf_scald/leaf_scald (237).jpg,test,leaf_scald,1,7,284924,141784,requires_human_review;large_connected_candidate_review,metadata/test/leaf_scald/leaf_scald (237).jpg.json
test/leaf_scald/leaf_scald (242).jpg,test,leaf_scald,1,14,184872,4316,requires_human_review,metadata/test/leaf_scald/leaf_scald (242).jpg.json
test/leaf_scald/leaf_scald (249).jpg,test,leaf_scald,1,31,148140,55696,requires_human_review,metadata/test/leaf_scald/leaf_scald (249).jpg.json
test/leaf_scald/leaf_scald (251).jpg,test,leaf_scald,1,7,123116,50120,requires_human_review;large_connected_candidate_review,metadata/test/leaf_scald/leaf_scald (251).jpg.json
test/leaf_scald/leaf_scald (255).jpg,test,leaf_scald,1,4,249092,120964,requires_human_review;large_connected_candidate_review,metadata/test/leaf_scald/leaf_scald (255).jpg.json
test/leaf_scald/leaf_scald (262).jpg,test,leaf_scald,1,45,295660,111296,requires_human_review;large_connected_candidate_review,metadata/test/leaf_scald/leaf_scald (262).jpg.json
test/leaf_scald/leaf_scald (264).jpg,test,leaf_scald,2,7,128756,27884,requires_human_review;multiple_leaf_components,metadata/test/leaf_scald/leaf_scald (264).jpg.json
test/leaf_scald/leaf_scald (267).jpg,test,leaf_scald,2,5,194624,4384,requires_human_review;multiple_leaf_components,metadata/test/leaf_scald/leaf_scald (267).jpg.json
test/leaf_scald/leaf_scald (276).jpg,test,leaf_scald,1,27,354024,11348,requires_human_review,metadata/test/leaf_scald/leaf_scald (276).jpg.json
test/leaf_scald/leaf_scald (277).jpg,test,leaf_scald,1,29,386088,12168,requires_human_review,metadata/test/leaf_scald/leaf_scald (277).jpg.json
test/leaf_scald/leaf_scald (291).jpg,test,leaf_scald,1,28,647928,372236,requires_human_review;high_candidate_coverage;large_connected_candidate_review,metadata/test/leaf_scald/leaf_scald (291).jpg.json
test/leaf_scald/leaf_scald (302).jpg,test,leaf_scald,3,9,332792,79952,requires_human_review;multiple_leaf_components,metadata/test/leaf_scald/leaf_scald (302).jpg.json
test/leaf_scald/leaf_scald (304).jpg,test,leaf_scald,1,5,337588,17084,requires_human_review,metadata/test/leaf_scald/leaf_scald (304).jpg.json
test/leaf_scald/leaf_scald (31).jpg,test,leaf_scald,1,36,340232,67484,requires_human_review,metadata/test/leaf_scald/leaf_scald (31).jpg.json
test/leaf_scald/leaf_scald (310).jpg,test,leaf_scald,1,12,474216,11676,requires_human_review,metadata/test/leaf_scald/leaf_scald (310).jpg.json
test/leaf_scald/leaf_scald (313).jpg,test,leaf_scald,1,69,559196,207644,requires_human_review,metadata/test/leaf_scald/leaf_scald (313).jpg.json
test/leaf_scald/leaf_scald (316).jpg,test,leaf_scald,1,7,418948,205544,requires_human_review;large_connected_candidate_review,metadata/test/leaf_scald/leaf_scald (316).jpg.json
test/leaf_scald/leaf_scald (322).jpg,test,leaf_scald,1,9,203124,141052,requires_human_review;high_candidate_coverage;large_connected_candidate_review,metadata/test/leaf_scald/leaf_scald (322).jpg.json
test/leaf_scald/leaf_scald (325).jpg,test,leaf_scald,1,7,111952,56500,requires_human_review;high_candidate_coverage;large_connected_candidate_review,metadata/test/leaf_scald/leaf_scald (325).jpg.json
test/leaf_scald/leaf_scald (328).jpg,test,leaf_scald,1,26,148792,55744,requires_human_review,metadata/test/leaf_scald/leaf_scald (328).jpg.json
test/leaf_scald/leaf_scald (33).jpg,test,leaf_scald,1,65,453208,177240,requires_human_review,metadata/test/leaf_scald/leaf_scald (33).jpg.json
test/leaf_scald/leaf_scald (333).jpg,test,leaf_scald,1,34,211872,79152,requires_human_review,metadata/test/leaf_scald/leaf_scald (333).jpg.json
test/leaf_scald/leaf_scald (35).jpg,test,leaf_scald,1,41,332528,63288,requires_human_review,metadata/test/leaf_scald/leaf_scald (35).jpg.json
test/leaf_scald/leaf_scald (43).jpg,test,leaf_scald,1,44,304604,57892,requires_human_review,metadata/test/leaf_scald/leaf_scald (43).jpg.json
test/leaf_scald/leaf_scald (47).jpg,test,leaf_scald,1,51,274596,105016,requires_human_review,metadata/test/leaf_scald/leaf_scald (47).jpg.json
test/leaf_scald/leaf_scald (49).jpg,test,leaf_scald,1,50,389204,73248,requires_human_review,metadata/test/leaf_scald/leaf_scald (49).jpg.json
test/leaf_scald/leaf_scald (55).jpg,test,leaf_scald,1,10,238752,77112,requires_human_review;large_connected_candidate_review,metadata/test/leaf_scald/leaf_scald (55).jpg.json
test/leaf_scald/leaf_scald (72).jpg,test,leaf_scald,1,14,139040,85992,requires_human_review;high_candidate_coverage;large_connected_candidate_review,metadata/test/leaf_scald/leaf_scald (72).jpg.json
test/leaf_scald/leaf_scald (76).jpg,test,leaf_scald,1,4,147080,88692,requires_human_review;high_candidate_coverage;large_connected_candidate_review,metadata/test/leaf_scald/leaf_scald (76).jpg.json
test/leaf_scald/leaf_scald (77).jpg,test,leaf_scald,1,5,205816,123192,requires_human_review;high_candidate_coverage;large_connected_candidate_review,metadata/test/leaf_scald/leaf_scald (77).jpg.json
test/leaf_scald/leaf_scald (87).jpg,test,leaf_scald,1,8,189412,45644,requires_human_review,metadata/test/leaf_scald/leaf_scald (87).jpg.json
test/leaf_scald/leaf_scald (91).jpg,test,leaf_scald,1,11,396564,4056,requires_human_review,metadata/test/leaf_scald/leaf_scald (91).jpg.json
test/narrow_brown_spot/narrow_brown (104).jpg,test,narrow_brown_spot,1,4,229068,18316,requires_human_review,metadata/test/narrow_brown_spot/narrow_brown (104).jpg.json
test/narrow_brown_spot/narrow_brown (105).jpg,test,narrow_brown_spot,1,5,140712,11288,requires_human_review,metadata/test/narrow_brown_spot/narrow_brown (105).jpg.json
test/narrow_brown_spot/narrow_brown (109).jpg,test,narrow_brown_spot,1,8,230296,9660,requires_human_review,metadata/test/narrow_brown_spot/narrow_brown (109).jpg.json
test/narrow_brown_spot/narrow_brown (110).jpg,test,narrow_brown_spot,1,7,401504,8048,requires_human_review,metadata/test/narrow_brown_spot/narrow_brown (110).jpg.json
test/narrow_brown_spot/narrow_brown (112).jpg,test,narrow_brown_spot,1,9,477396,8336,requires_human_review,metadata/test/narrow_brown_spot/narrow_brown (112).jpg.json
test/narrow_brown_spot/narrow_brown (121).jpg,test,narrow_brown_spot,1,6,401332,8152,requires_human_review,metadata/test/narrow_brown_spot/narrow_brown (121).jpg.json
test/narrow_brown_spot/narrow_brown (125).jpg,test,narrow_brown_spot,1,5,269076,30616,requires_human_review,metadata/test/narrow_brown_spot/narrow_brown (125).jpg.json
test/narrow_brown_spot/narrow_brown (126).jpg,test,narrow_brown_spot,1,6,138884,4536,requires_human_review,metadata/test/narrow_brown_spot/narrow_brown (126).jpg.json
test/narrow_brown_spot/narrow_brown (127).jpg,test,narrow_brown_spot,1,50,243464,21952,requires_human_review,metadata/test/narrow_brown_spot/narrow_brown (127).jpg.json
test/narrow_brown_spot/narrow_brown (128).jpg,test,narrow_brown_spot,1,22,245856,24256,requires_human_review,metadata/test/narrow_brown_spot/narrow_brown (128).jpg.json
test/narrow_brown_spot/narrow_brown (129).jpg,test,narrow_brown_spot,1,4,346020,39256,requires_human_review,metadata/test/narrow_brown_spot/narrow_brown (129).jpg.json
test/narrow_brown_spot/narrow_brown (130).jpg,test,narrow_brown_spot,1,4,140696,11260,requires_human_review,metadata/test/narrow_brown_spot/narrow_brown (130).jpg.json
test/narrow_brown_spot/narrow_brown (137).jpg,test,narrow_brown_spot,1,4,224132,17916,requires_human_review,metadata/test/narrow_brown_spot/narrow_brown (137).jpg.json
test/narrow_brown_spot/narrow_brown (147).jpg,test,narrow_brown_spot,1,7,421840,7044,requires_human_review,metadata/test/narrow_brown_spot/narrow_brown (147).jpg.json
test/narrow_brown_spot/narrow_brown (148).jpg,test,narrow_brown_spot,1,10,275784,3968,requires_human_review,metadata/test/narrow_brown_spot/narrow_brown (148).jpg.json
test/narrow_brown_spot/narrow_brown (153).jpg,test,narrow_brown_spot,2,39,98764,33372,requires_human_review;multiple_leaf_components,metadata/test/narrow_brown_spot/narrow_brown (153).jpg.json
test/narrow_brown_spot/narrow_brown (166).jpg,test,narrow_brown_spot,1,7,421868,7080,requires_human_review,metadata/test/narrow_brown_spot/narrow_brown (166).jpg.json
test/narrow_brown_spot/narrow_brown (167).jpg,test,narrow_brown_spot,1,48,295476,15244,requires_human_review,metadata/test/narrow_brown_spot/narrow_brown (167).jpg.json
test/narrow_brown_spot/narrow_brown (168).jpg,test,narrow_brown_spot,1,21,179748,32088,requires_human_review,metadata/test/narrow_brown_spot/narrow_brown (168).jpg.json
test/narrow_brown_spot/narrow_brown (181).jpg,test,narrow_brown_spot,1,3,189368,14948,requires_human_review,metadata/test/narrow_brown_spot/narrow_brown (181).jpg.json
test/narrow_brown_spot/narrow_brown (184).jpg,test,narrow_brown_spot,1,8,523656,9244,requires_human_review,metadata/test/narrow_brown_spot/narrow_brown (184).jpg.json
test/narrow_brown_spot/narrow_brown (19).jpg,test,narrow_brown_spot,1,74,514160,102564,requires_human_review,metadata/test/narrow_brown_spot/narrow_brown (19).jpg.json
test/narrow_brown_spot/narrow_brown (2).jpg,test,narrow_brown_spot,4,47,156480,51912,requires_human_review;multiple_leaf_components;complex_foreground_review,metadata/test/narrow_brown_spot/narrow_brown (2).jpg.json
test/narrow_brown_spot/narrow_brown (225).jpg,test,narrow_brown_spot,1,6,608532,11156,requires_human_review,metadata/test/narrow_brown_spot/narrow_brown (225).jpg.json
test/narrow_brown_spot/narrow_brown (237).jpg,test,narrow_brown_spot,1,60,1004400,242364,requires_human_review,metadata/test/narrow_brown_spot/narrow_brown (237).jpg.json
test/narrow_brown_spot/narrow_brown (239).jpg,test,narrow_brown_spot,1,6,427312,18348,requires_human_review,metadata/test/narrow_brown_spot/narrow_brown (239).jpg.json
test/narrow_brown_spot/narrow_brown (241).jpg,test,narrow_brown_spot,1,72,507676,52604,requires_human_review,metadata/test/narrow_brown_spot/narrow_brown (241).jpg.json
test/narrow_brown_spot/narrow_brown (243).jpg,test,narrow_brown_spot,1,16,258136,13280,requires_human_review,metadata/test/narrow_brown_spot/narrow_brown (243).jpg.json
test/narrow_brown_spot/narrow_brown (247).jpg,test,narrow_brown_spot,1,6,344300,14868,requires_human_review,metadata/test/narrow_brown_spot/narrow_brown (247).jpg.json
test/narrow_brown_spot/narrow_brown (248).jpg,test,narrow_brown_spot,1,6,502428,10020,requires_human_review,metadata/test/narrow_brown_spot/narrow_brown (248).jpg.json
test/narrow_brown_spot/narrow_brown (249).jpg,test,narrow_brown_spot,1,7,636932,27864,requires_human_review,metadata/test/narrow_brown_spot/narrow_brown (249).jpg.json
test/narrow_brown_spot/narrow_brown (25).jpg,test,narrow_brown_spot,1,76,517736,51116,requires_human_review,metadata/test/narrow_brown_spot/narrow_brown (25).jpg.json
test/narrow_brown_spot/narrow_brown (254).jpg,test,narrow_brown_spot,1,3,322396,28608,requires_human_review,metadata/test/narrow_brown_spot/narrow_brown (254).jpg.json
test/narrow_brown_spot/narrow_brown (257).jpg,test,narrow_brown_spot,1,79,501608,51964,requires_human_review,metadata/test/narrow_brown_spot/narrow_brown (257).jpg.json
test/narrow_brown_spot/narrow_brown (262).jpg,test,narrow_brown_spot,1,2,396224,48780,requires_human_review,metadata/test/narrow_brown_spot/narrow_brown (262).jpg.json
test/narrow_brown_spot/narrow_brown (267).jpg,test,narrow_brown_spot,1,6,577952,13036,requires_human_review,metadata/test/narrow_brown_spot/narrow_brown (267).jpg.json
test/narrow_brown_spot/narrow_brown (276).jpg,test,narrow_brown_spot,1,7,478724,22632,requires_human_review,metadata/test/narrow_brown_spot/narrow_brown (276).jpg.json
test/narrow_brown_spot/narrow_brown (277).jpg,test,narrow_brown_spot,1,8,633516,10180,requires_human_review,metadata/test/narrow_brown_spot/narrow_brown (277).jpg.json
test/narrow_brown_spot/narrow_brown (285).jpg,test,narrow_brown_spot,1,53,477532,45548,requires_human_review,metadata/test/narrow_brown_spot/narrow_brown (285).jpg.json
test/narrow_brown_spot/narrow_brown (291).jpg,test,narrow_brown_spot,1,20,514092,53304,requires_human_review,metadata/test/narrow_brown_spot/narrow_brown (291).jpg.json
test/narrow_brown_spot/narrow_brown (294).jpg,test,narrow_brown_spot,1,4,293384,33524,requires_human_review,metadata/test/narrow_brown_spot/narrow_brown (294).jpg.json
test/narrow_brown_spot/narrow_brown (3).jpg,test,narrow_brown_spot,1,59,1004704,242752,requires_human_review,metadata/test/narrow_brown_spot/narrow_brown (3).jpg.json
test/narrow_brown_spot/narrow_brown (318).jpg,test,narrow_brown_spot,1,8,687472,12168,requires_human_review,metadata/test/narrow_brown_spot/narrow_brown (318).jpg.json
test/narrow_brown_spot/narrow_brown (32).jpg,test,narrow_brown_spot,1,84,791852,84464,requires_human_review,metadata/test/narrow_brown_spot/narrow_brown (32).jpg.json
test/narrow_brown_spot/narrow_brown (34).jpg,test,narrow_brown_spot,1,64,400672,40732,requires_human_review,metadata/test/narrow_brown_spot/narrow_brown (34).jpg.json
test/narrow_brown_spot/narrow_brown (341).jpg,test,narrow_brown_spot,1,29,359484,14444,requires_human_review,metadata/test/narrow_brown_spot/narrow_brown (341).jpg.json
test/narrow_brown_spot/narrow_brown (348).jpg,test,narrow_brown_spot,1,72,507676,52592,requires_human_review,metadata/test/narrow_brown_spot/narrow_brown (348).jpg.json
test/narrow_brown_spot/narrow_brown (349).jpg,test,narrow_brown_spot,1,49,468088,41052,requires_human_review,metadata/test/narrow_brown_spot/narrow_brown (349).jpg.json
test/narrow_brown_spot/narrow_brown (35).jpg,test,narrow_brown_spot,1,72,470276,49260,requires_human_review,metadata/test/narrow_brown_spot/narrow_brown (35).jpg.json
test/narrow_brown_spot/narrow_brown (37).jpg,test,narrow_brown_spot,1,8,304800,4792,requires_human_review,metadata/test/narrow_brown_spot/narrow_brown (37).jpg.json
test/narrow_brown_spot/narrow_brown (39).jpg,test,narrow_brown_spot,1,6,536076,9576,requires_human_review,metadata/test/narrow_brown_spot/narrow_brown (39).jpg.json
test/narrow_brown_spot/narrow_brown (44).jpg,test,narrow_brown_spot,1,52,241460,21128,requires_human_review,metadata/test/narrow_brown_spot/narrow_brown (44).jpg.json
test/narrow_brown_spot/narrow_brown (48).jpg,test,narrow_brown_spot,1,9,211476,2980,requires_human_review,metadata/test/narrow_brown_spot/narrow_brown (48).jpg.json
test/narrow_brown_spot/narrow_brown (49).jpg,test,narrow_brown_spot,1,9,477316,8284,requires_human_review,metadata/test/narrow_brown_spot/narrow_brown (49).jpg.json
test/narrow_brown_spot/narrow_brown (53).jpg,test,narrow_brown_spot,1,8,523712,9204,requires_human_review,metadata/test/narrow_brown_spot/narrow_brown (53).jpg.json
test/narrow_brown_spot/narrow_brown (55).jpg,test,narrow_brown_spot,1,79,439292,42172,requires_human_review,metadata/test/narrow_brown_spot/narrow_brown (55).jpg.json
test/narrow_brown_spot/narrow_brown (6).jpg,test,narrow_brown_spot,1,13,717600,42612,requires_human_review,metadata/test/narrow_brown_spot/narrow_brown (6).jpg.json
test/narrow_brown_spot/narrow_brown (64).jpg,test,narrow_brown_spot,1,68,358472,70932,requires_human_review,metadata/test/narrow_brown_spot/narrow_brown (64).jpg.json
test/narrow_brown_spot/narrow_brown (71).jpg,test,narrow_brown_spot,1,14,653348,38828,requires_human_review,metadata/test/narrow_brown_spot/narrow_brown (71).jpg.json
test/narrow_brown_spot/narrow_brown (76).jpg,test,narrow_brown_spot,1,7,183656,7412,requires_human_review,metadata/test/narrow_brown_spot/narrow_brown (76).jpg.json
test/narrow_brown_spot/narrow_brown (77).jpg,test,narrow_brown_spot,1,12,273524,15592,requires_human_review,metadata/test/narrow_brown_spot/narrow_brown (77).jpg.json
test/narrow_brown_spot/narrow_brown (8).jpg,test,narrow_brown_spot,1,8,511592,22552,requires_human_review,metadata/test/narrow_brown_spot/narrow_brown (8).jpg.json
test/narrow_brown_spot/narrow_brown (83).jpg,test,narrow_brown_spot,3,43,98792,33292,requires_human_review;multiple_leaf_components,metadata/test/narrow_brown_spot/narrow_brown (83).jpg.json
test/narrow_brown_spot/narrow_brown (93).jpg,test,narrow_brown_spot,1,6,239712,8644,requires_human_review,metadata/test/narrow_brown_spot/narrow_brown (93).jpg.json
test/narrow_brown_spot/narrow_brown (94).jpg,test,narrow_brown_spot,1,6,348684,5860,requires_human_review,metadata/test/narrow_brown_spot/narrow_brown (94).jpg.json
test/narrow_brown_spot/narrow_brown (99).jpg,test,narrow_brown_spot,1,4,286520,32896,requires_human_review,metadata/test/narrow_brown_spot/narrow_brown (99).jpg.json
