priority,source_path,split,class_name,candidate_percent,review_flags,review_status,review_method,semantic_url,review_url,metadata
140,test/leaf_blast/leaf_blast (97).jpg,test,leaf_blast,86.86817745530267,requires_human_review;high_candidate_coverage;large_connected_candidate_review,unreviewed,none,../segmentation_annotations/masks/test/leaf_blast/leaf_blast%20%2897%29.jpg.png,,metadata/test/leaf_blast/leaf_blast (97).jpg.json
140,test/leaf_scald/leaf_scald (115).jpg,test,leaf_scald,59.47255841659221,requires_human_review;high_candidate_coverage;large_connected_candidate_review,unreviewed,none,../segmentation_annotations/masks/test/leaf_scald/leaf_scald%20%28115%29.jpg.png,,metadata/test/leaf_scald/leaf_scald (115).jpg.json
140,test/leaf_scald/leaf_scald (148).jpg,test,leaf_scald,62.693079675364345,requires_human_review;high_candidate_coverage;large_connected_candidate_review,unreviewed,none,../segmentation_annotations/masks/test/leaf_scald/leaf_scald%20%28148%29.jpg.png,,metadata/test/leaf_scald/leaf_scald (148).jpg.json
140,test/leaf_scald/leaf_scald (154).jpg,test,leaf_scald,59.57079044474655,requires_human_review;high_candidate_coverage;large_connected_candidate_review,unreviewed,none,../segmentation_annotations/masks/test/leaf_scald/leaf_scald%20%28154%29.jpg.png,,metadata/test/leaf_scald/leaf_scald (154).jpg.json
140,test/leaf_scald/leaf_scald (155).jpg,test,leaf_scald,60.209081999346616,requires_human_review;high_candidate_coverage;large_connected_candidate_review,unreviewed,none,../segmentation_annotations/masks/test/leaf_scald/leaf_scald%20%28155%29.jpg.png,,metadata/test/leaf_scald/leaf_scald (155).jpg.json
140,test/leaf_scald/leaf_scald (166).jpg,test,leaf_scald,59.0095946546418,requires_human_review;high_candidate_coverage;large_connected_candidate_review,unreviewed,none,../segmentation_annotations/masks/test/leaf_scald/leaf_scald%20%28166%29.jpg.png,,metadata/test/leaf_scald/leaf_scald (166).jpg.json
140,test/leaf_scald/leaf_scald (291).jpg,test,leaf_scald,57.45021051721796,requires_human_review;high_candidate_coverage;large_connected_candidate_review,unreviewed,none,../segmentation_annotations/masks/test/leaf_scald/leaf_scald%20%28291%29.jpg.png,,metadata/test/leaf_scald/leaf_scald (291).jpg.json
140,test/leaf_scald/leaf_scald (322).jpg,test,leaf_scald,69.44132648037652,requires_human_review;high_candidate_coverage;large_connected_candidate_review,unreviewed,none,../segmentation_annotations/masks/test/leaf_scald/leaf_scald%20%28322%29.jpg.png,,metadata/test/leaf_scald/leaf_scald (322).jpg.json
140,test/leaf_scald/leaf_scald (325).jpg,test,leaf_scald,50.46805773903101,requires_human_review;high_candidate_coverage;large_connected_candidate_review,unreviewed,none,../segmentation_annotations/masks/test/leaf_scald/leaf_scald%20%28325%29.jpg.png,,metadata/test/leaf_scald/leaf_scald (325).jpg.json
140,test/leaf_scald/leaf_scald (72).jpg,test,leaf_scald,61.846950517836596,requires_human_review;high_candidate_coverage;large_connected_candidate_review,unreviewed,none,../segmentation_annotations/masks/test/leaf_scald/leaf_scald%20%2872%29.jpg.png,,metadata/test/leaf_scald/leaf_scald (72).jpg.json
140,test/leaf_scald/leaf_scald (76).jpg,test,leaf_scald,60.30187652977971,requires_human_review;high_candidate_coverage;large_connected_candidate_review,unreviewed,none,../segmentation_annotations/masks/test/leaf_scald/leaf_scald%20%2876%29.jpg.png,,metadata/test/leaf_scald/leaf_scald (76).jpg.json
140,test/leaf_scald/leaf_scald (77).jpg,test,leaf_scald,59.855404827613015,requires_human_review;high_candidate_coverage;large_connected_candidate_review,unreviewed,none,../segmentation_annotations/masks/test/leaf_scald/leaf_scald%20%2877%29.jpg.png,,metadata/test/leaf_scald/leaf_scald (77).jpg.json
140,train/leaf_scald/leaf_scald (100).jpg,train,leaf_scald,60.582918357952884,requires_human_review;high_candidate_coverage;large_connected_candidate_review,unreviewed,none,../segmentation_annotations/masks/train/leaf_scald/leaf_scald%20%28100%29.jpg.png,,metadata/train/leaf_scald/leaf_scald (100).jpg.json
140,train/leaf_scald/leaf_scald (101).jpg,train,leaf_scald,65.29422883064517,requires_human_review;high_candidate_coverage;large_connected_candidate_review,unreviewed,none,../segmentation_annotations/masks/train/leaf_scald/leaf_scald%20%28101%29.jpg.png,,metadata/train/leaf_scald/leaf_scald (101).jpg.json
140,train/leaf_scald/leaf_scald (102).jpg,train,leaf_scald,64.91599061863201,requires_human_review;high_candidate_coverage;large_connected_candidate_review,unreviewed,none,../segmentation_annotations/masks/train/leaf_scald/leaf_scald%20%28102%29.jpg.png,,metadata/train/leaf_scald/leaf_scald (102).jpg.json
140,train/leaf_scald/leaf_scald (113).jpg,validation,leaf_scald,60.876488507338685,requires_human_review;high_candidate_coverage;large_connected_candidate_review,unreviewed,none,../segmentation_annotations/masks/validation/leaf_scald/leaf_scald%20%28113%29.jpg.png,,metadata/validation/leaf_scald/leaf_scald (113).jpg.json
140,train/leaf_scald/leaf_scald (128).jpg,train,leaf_scald,65.27729608727181,requires_human_review;high_candidate_coverage;large_connected_candidate_review,unreviewed,none,../segmentation_annotations/masks/train/leaf_scald/leaf_scald%20%28128%29.jpg.png,,metadata/train/leaf_scald/leaf_scald (128).jpg.json
140,train/leaf_scald/leaf_scald (129).jpg,train,leaf_scald,64.38487866784602,requires_human_review;high_candidate_coverage;large_connected_candidate_review,unreviewed,none,../segmentation_annotations/masks/train/leaf_scald/leaf_scald%20%28129%29.jpg.png,,metadata/train/leaf_scald/leaf_scald (129).jpg.json
140,train/leaf_scald/leaf_scald (13).jpg,train,leaf_scald,71.54692863060717,requires_human_review;high_candidate_coverage;large_connected_candidate_review,unreviewed,none,../segmentation_annotations/masks/train/leaf_scald/leaf_scald%20%2813%29.jpg.png,,metadata/train/leaf_scald/leaf_scald (13).jpg.json
140,train/leaf_scald/leaf_scald (133).jpg,train,leaf_scald,59.22303220448464,requires_human_review;high_candidate_coverage;large_connected_candidate_review,unreviewed,none,../segmentation_annotations/masks/train/leaf_scald/leaf_scald%20%28133%29.jpg.png,,metadata/train/leaf_scald/leaf_scald (133).jpg.json
140,train/leaf_scald/leaf_scald (138).jpg,train,leaf_scald,59.88848108413326,requires_human_review;high_candidate_coverage;large_connected_candidate_review,unreviewed,none,../segmentation_annotations/masks/train/leaf_scald/leaf_scald%20%28138%29.jpg.png,,metadata/train/leaf_scald/leaf_scald (138).jpg.json
140,train/leaf_scald/leaf_scald (139).jpg,validation,leaf_scald,62.72055083916905,requires_human_review;high_candidate_coverage;large_connected_candidate_review,unreviewed,none,../segmentation_annotations/masks/validation/leaf_scald/leaf_scald%20%28139%29.jpg.png,,metadata/validation/leaf_scald/leaf_scald (139).jpg.json
140,train/leaf_scald/leaf_scald (157).jpg,train,leaf_scald,59.83523279441647,requires_human_review;high_candidate_coverage;large_connected_candidate_review,unreviewed,none,../segmentation_annotations/masks/train/leaf_scald/leaf_scald%20%28157%29.jpg.png,,metadata/train/leaf_scald/leaf_scald (157).jpg.json
140,train/leaf_scald/leaf_scald (159).jpg,train,leaf_scald,61.378278877128395,requires_human_review;high_candidate_coverage;large_connected_candidate_review,unreviewed,none,../segmentation_annotations/masks/train/leaf_scald/leaf_scald%20%28159%29.jpg.png,,metadata/train/leaf_scald/leaf_scald (159).jpg.json
140,train/leaf_scald/leaf_scald (163).jpg,train,leaf_scald,59.39130108454986,requires_human_review;high_candidate_coverage;large_connected_candidate_review,unreviewed,none,../segmentation_annotations/masks/train/leaf_scald/leaf_scald%20%28163%29.jpg.png,,metadata/train/leaf_scald/leaf_scald (163).jpg.json
140,train/leaf_scald/leaf_scald (165).jpg,train,leaf_scald,64.0070273040041,requires_human_review;high_candidate_coverage;large_connected_candidate_review,unreviewed,none,../segmentation_annotations/masks/train/leaf_scald/leaf_scald%20%28165%29.jpg.png,,metadata/train/leaf_scald/leaf_scald (165).jpg.json
140,train/leaf_scald/leaf_scald (167).jpg,validation,leaf_scald,61.35554785676042,requires_human_review;high_candidate_coverage;large_connected_candidate_review,unreviewed,none,../segmentation_annotations/masks/validation/leaf_scald/leaf_scald%20%28167%29.jpg.png,,metadata/validation/leaf_scald/leaf_scald (167).jpg.json
140,train/leaf_scald/leaf_scald (169).jpg,train,leaf_scald,59.41736563891344,requires_human_review;high_candidate_coverage;large_connected_candidate_review,unreviewed,none,../segmentation_annotations/masks/train/leaf_scald/leaf_scald%20%28169%29.jpg.png,,metadata/train/leaf_scald/leaf_scald (169).jpg.json
140,train/leaf_scald/leaf_scald (202).jpg,train,leaf_scald,72.428140494435,requires_human_review;high_candidate_coverage;large_connected_candidate_review,unreviewed,none,../segmentation_annotations/masks/train/leaf_scald/leaf_scald%20%28202%29.jpg.png,,metadata/train/leaf_scald/leaf_scald (202).jpg.json
140,train/leaf_scald/leaf_scald (203).jpg,train,leaf_scald,71.43743903520439,requires_human_review;high_candidate_coverage;large_connected_candidate_review,unreviewed,none,../segmentation_annotations/masks/train/leaf_scald/leaf_scald%20%28203%29.jpg.png,,metadata/train/leaf_scald/leaf_scald (203).jpg.json
140,train/leaf_scald/leaf_scald (206).jpg,train,leaf_scald,75.18481873867464,requires_human_review;high_candidate_coverage;large_connected_candidate_review,unreviewed,none,../segmentation_annotations/masks/train/leaf_scald/leaf_scald%20%28206%29.jpg.png,,metadata/train/leaf_scald/leaf_scald (206).jpg.json
140,train/leaf_scald/leaf_scald (21).jpg,train,leaf_scald,75.22303820813937,requires_human_review;high_candidate_coverage;large_connected_candidate_review,unreviewed,none,../segmentation_annotations/masks/train/leaf_scald/leaf_scald%20%2821%29.jpg.png,,metadata/train/leaf_scald/leaf_scald (21).jpg.json
140,train/leaf_scald/leaf_scald (217).jpg,train,leaf_scald,71.53695191180539,requires_human_review;high_candidate_coverage;large_connected_candidate_review,reviewed,ai_visual,../segmentation_annotations/masks/train/leaf_scald/leaf_scald%20%28217%29.jpg.png,../boundary_review_20261010/index.html,metadata/train/leaf_scald/leaf_scald (217).jpg.json
140,train/leaf_scald/leaf_scald (225).jpg,train,leaf_scald,76.22428666224286,requires_human_review;high_candidate_coverage;large_connected_candidate_review,unreviewed,none,../segmentation_annotations/masks/train/leaf_scald/leaf_scald%20%28225%29.jpg.png,,metadata/train/leaf_scald/leaf_scald (225).jpg.json
140,train/leaf_scald/leaf_scald (239).jpg,train,leaf_scald,50.32684630738523,requires_human_review;high_candidate_coverage;large_connected_candidate_review,unreviewed,none,../segmentation_annotations/masks/train/leaf_scald/leaf_scald%20%28239%29.jpg.png,,metadata/train/leaf_scald/leaf_scald (239).jpg.json
140,train/leaf_scald/leaf_scald (246).jpg,train,leaf_scald,64.37490245044482,requires_human_review;high_candidate_coverage;large_connected_candidate_review,unreviewed,none,../segmentation_annotations/masks/train/leaf_scald/leaf_scald%20%28246%29.jpg.png,,metadata/train/leaf_scald/leaf_scald (246).jpg.json
140,train/leaf_scald/leaf_scald (247).jpg,train,leaf_scald,63.80276167268857,requires_human_review;high_candidate_coverage;large_connected_candidate_review,unreviewed,none,../segmentation_annotations/masks/train/leaf_scald/leaf_scald%20%28247%29.jpg.png,,metadata/train/leaf_scald/leaf_scald (247).jpg.json
140,train/leaf_scald/leaf_scald (248).jpg,train,leaf_scald,65.79391560353288,requires_human_review;high_candidate_coverage;large_connected_candidate_review,unreviewed,none,../segmentation_annotations/masks/train/leaf_scald/leaf_scald%20%28248%29.jpg.png,,metadata/train/leaf_scald/leaf_scald (248).jpg.json
140,train/leaf_scald/leaf_scald (25).jpg,train,leaf_scald,71.45798965933372,requires_human_review;high_candidate_coverage;large_connected_candidate_review,unreviewed,none,../segmentation_annotations/masks/train/leaf_scald/leaf_scald%20%2825%29.jpg.png,,metadata/train/leaf_scald/leaf_scald (25).jpg.json
140,train/leaf_scald/leaf_scald (256).jpg,train,leaf_scald,69.47314355702179,requires_human_review;high_candidate_coverage;large_connected_candidate_review,unreviewed,none,../segmentation_annotations/masks/train/leaf_scald/leaf_scald%20%28256%29.jpg.png,,metadata/train/leaf_scald/leaf_scald (256).jpg.json
140,train/leaf_scald/leaf_scald (270).jpg,train,leaf_scald,58.70733163292994,requires_human_review;high_candidate_coverage;large_connected_candidate_review,unreviewed,none,../segmentation_annotations/masks/train/leaf_scald/leaf_scald%20%28270%29.jpg.png,,metadata/train/leaf_scald/leaf_scald (270).jpg.json
140,train/leaf_scald/leaf_scald (271).jpg,validation,leaf_scald,60.451742534469616,requires_human_review;high_candidate_coverage;large_connected_candidate_review,unreviewed,none,../segmentation_annotations/masks/validation/leaf_scald/leaf_scald%20%28271%29.jpg.png,,metadata/validation/leaf_scald/leaf_scald (271).jpg.json
140,train/leaf_scald/leaf_scald (286).jpg,validation,leaf_scald,63.390328950132336,requires_human_review;high_candidate_coverage;large_connected_candidate_review,unreviewed,none,../segmentation_annotations/masks/validation/leaf_scald/leaf_scald%20%28286%29.jpg.png,,metadata/validation/leaf_scald/leaf_scald (286).jpg.json
140,train/leaf_scald/leaf_scald (288).jpg,train,leaf_scald,59.45546019532406,requires_human_review;high_candidate_coverage;large_connected_candidate_review,unreviewed,none,../segmentation_annotations/masks/train/leaf_scald/leaf_scald%20%28288%29.jpg.png,,metadata/train/leaf_scald/leaf_scald (288).jpg.json
140,train/leaf_scald/leaf_scald (292).jpg,train,leaf_scald,60.11180898926455,requires_human_review;multiple_leaf_components;high_candidate_coverage;large_connected_candidate_review,unreviewed,none,../segmentation_annotations/masks/train/leaf_scald/leaf_scald%20%28292%29.jpg.png,,metadata/train/leaf_scald/leaf_scald (292).jpg.json
140,train/leaf_scald/leaf_scald (293).jpg,train,leaf_scald,58.96720915891358,requires_human_review;multiple_leaf_components;high_candidate_coverage;large_connected_candidate_review,reviewed,ai_visual,../segmentation_annotations/masks/train/leaf_scald/leaf_scald%20%28293%29.jpg.png,../boundary_review_20261010/index.html,metadata/train/leaf_scald/leaf_scald (293).jpg.json
140,train/leaf_scald/leaf_scald (298).jpg,train,leaf_scald,62.268803945745994,requires_human_review;multiple_leaf_components;high_candidate_coverage;large_connected_candidate_review,unreviewed,none,../segmentation_annotations/masks/train/leaf_scald/leaf_scald%20%28298%29.jpg.png,,metadata/train/leaf_scald/leaf_scald (298).jpg.json
140,train/leaf_scald/leaf_scald (299).jpg,train,leaf_scald,57.436613971201936,requires_human_review;high_candidate_coverage;large_connected_candidate_review,unreviewed,none,../segmentation_annotations/masks/train/leaf_scald/leaf_scald%20%28299%29.jpg.png,,metadata/train/leaf_scald/leaf_scald (299).jpg.json
140,train/leaf_scald/leaf_scald (305).jpg,train,leaf_scald,57.19806763285024,requires_human_review;high_candidate_coverage;large_connected_candidate_review,unreviewed,none,../segmentation_annotations/masks/train/leaf_scald/leaf_scald%20%28305%29.jpg.png,,metadata/train/leaf_scald/leaf_scald (305).jpg.json
140,train/leaf_scald/leaf_scald (306).jpg,train,leaf_scald,60.79155290808306,requires_human_review;multiple_leaf_components;high_candidate_coverage;large_connected_candidate_review,unreviewed,none,../segmentation_annotations/masks/train/leaf_scald/leaf_scald%20%28306%29.jpg.png,,metadata/train/leaf_scald/leaf_scald (306).jpg.json
140,train/leaf_scald/leaf_scald (309).jpg,validation,leaf_scald,60.56906816818203,requires_human_review;multiple_leaf_components;high_candidate_coverage;large_connected_candidate_review,unreviewed,none,../segmentation_annotations/masks/validation/leaf_scald/leaf_scald%20%28309%29.jpg.png,,metadata/validation/leaf_scald/leaf_scald (309).jpg.json
140,train/leaf_scald/leaf_scald (318).jpg,train,leaf_scald,51.34527516072945,requires_human_review;high_candidate_coverage;large_connected_candidate_review,unreviewed,none,../segmentation_annotations/masks/train/leaf_scald/leaf_scald%20%28318%29.jpg.png,,metadata/train/leaf_scald/leaf_scald (318).jpg.json
140,train/leaf_scald/leaf_scald (319).jpg,train,leaf_scald,69.20318431817942,requires_human_review;high_candidate_coverage;large_connected_candidate_review,unreviewed,none,../segmentation_annotations/masks/train/leaf_scald/leaf_scald%20%28319%29.jpg.png,,metadata/train/leaf_scald/leaf_scald (319).jpg.json
140,train/leaf_scald/leaf_scald (323).jpg,train,leaf_scald,51.48432540282354,requires_human_review;high_candidate_coverage;large_connected_candidate_review,unreviewed,none,../segmentation_annotations/masks/train/leaf_scald/leaf_scald%20%28323%29.jpg.png,,metadata/train/leaf_scald/leaf_scald (323).jpg.json
140,train/leaf_scald/leaf_scald (330).jpg,train,leaf_scald,65.76315066881105,requires_human_review;high_candidate_coverage;large_connected_candidate_review,unreviewed,none,../segmentation_annotations/masks/train/leaf_scald/leaf_scald%20%28330%29.jpg.png,,metadata/train/leaf_scald/leaf_scald (330).jpg.json
140,train/leaf_scald/leaf_scald (331).jpg,train,leaf_scald,64.37808422243461,requires_human_review;high_candidate_coverage;large_connected_candidate_review,reviewed,ai_visual,../segmentation_annotations/masks/train/leaf_scald/leaf_scald%20%28331%29.jpg.png,../boundary_review_20261010/index.html,metadata/train/leaf_scald/leaf_scald (331).jpg.json
140,train/leaf_scald/leaf_scald (332).jpg,train,leaf_scald,64.72245236122617,requires_human_review;high_candidate_coverage;large_connected_candidate_review,unreviewed,none,../segmentation_annotations/masks/train/leaf_scald/leaf_scald%20%28332%29.jpg.png,,metadata/train/leaf_scald/leaf_scald (332).jpg.json
140,train/leaf_scald/leaf_scald (334).jpg,train,leaf_scald,51.66574265410009,requires_human_review;high_candidate_coverage;large_connected_candidate_review,unreviewed,none,../segmentation_annotations/masks/train/leaf_scald/leaf_scald%20%28334%29.jpg.png,,metadata/train/leaf_scald/leaf_scald (334).jpg.json
140,train/leaf_scald/leaf_scald (341).jpg,train,leaf_scald,50.17268486301193,requires_human_review;high_candidate_coverage;large_connected_candidate_review,unreviewed,none,../segmentation_annotations/masks/train/leaf_scald/leaf_scald%20%28341%29.jpg.png,,metadata/train/leaf_scald/leaf_scald (341).jpg.json
140,train/leaf_scald/leaf_scald (63).jpg,train,leaf_scald,59.65210720301529,requires_human_review;high_candidate_coverage;large_connected_candidate_review,unreviewed,none,../segmentation_annotations/masks/train/leaf_scald/leaf_scald%20%2863%29.jpg.png,,metadata/train/leaf_scald/leaf_scald (63).jpg.json
140,train/leaf_scald/leaf_scald (64).jpg,train,leaf_scald,61.72404018771062,requires_human_review;high_candidate_coverage;large_connected_candidate_review,unreviewed,none,../segmentation_annotations/masks/train/leaf_scald/leaf_scald%20%2864%29.jpg.png,,metadata/train/leaf_scald/leaf_scald (64).jpg.json
140,train/leaf_scald/leaf_scald (65).jpg,train,leaf_scald,59.06595671024217,requires_human_review;high_candidate_coverage;large_connected_candidate_review,unreviewed,none,../segmentation_annotations/masks/train/leaf_scald/leaf_scald%20%2865%29.jpg.png,,metadata/train/leaf_scald/leaf_scald (65).jpg.json
140,train/leaf_scald/leaf_scald (67).jpg,train,leaf_scald,59.46103177135136,requires_human_review;high_candidate_coverage;large_connected_candidate_review,unreviewed,none,../segmentation_annotations/masks/train/leaf_scald/leaf_scald%20%2867%29.jpg.png,,metadata/train/leaf_scald/leaf_scald (67).jpg.json
140,train/leaf_scald/leaf_scald (70).jpg,validation,leaf_scald,60.32914462823839,requires_human_review;high_candidate_coverage;large_connected_candidate_review,unreviewed,none,../segmentation_annotations/masks/validation/leaf_scald/leaf_scald%20%2870%29.jpg.png,,metadata/validation/leaf_scald/leaf_scald (70).jpg.json
140,train/leaf_scald/leaf_scald (75).jpg,train,leaf_scald,59.91022862954937,requires_human_review;high_candidate_coverage;large_connected_candidate_review,unreviewed,none,../segmentation_annotations/masks/train/leaf_scald/leaf_scald%20%2875%29.jpg.png,,metadata/train/leaf_scald/leaf_scald (75).jpg.json
140,train/leaf_scald/leaf_scald (92).jpg,train,leaf_scald,62.929991019483815,requires_human_review;high_candidate_coverage;large_connected_candidate_review,unreviewed,none,../segmentation_annotations/masks/train/leaf_scald/leaf_scald%20%2892%29.jpg.png,,metadata/train/leaf_scald/leaf_scald (92).jpg.json
140,train/leaf_scald/leaf_scald (93).jpg,train,leaf_scald,60.42351610280341,requires_human_review;high_candidate_coverage;large_connected_candidate_review,unreviewed,none,../segmentation_annotations/masks/train/leaf_scald/leaf_scald%20%2893%29.jpg.png,,metadata/train/leaf_scald/leaf_scald (93).jpg.json
140,train/leaf_scald/leaf_scald (95).jpg,train,leaf_scald,59.594441489976646,requires_human_review;high_candidate_coverage;large_connected_candidate_review,unreviewed,none,../segmentation_annotations/masks/train/leaf_scald/leaf_scald%20%2895%29.jpg.png,,metadata/train/leaf_scald/leaf_scald (95).jpg.json
140,train/leaf_scald/leaf_scald (97).jpg,train,leaf_scald,60.3036657150797,requires_human_review;high_candidate_coverage;large_connected_candidate_review,unreviewed,none,../segmentation_annotations/masks/train/leaf_scald/leaf_scald%20%2897%29.jpg.png,,metadata/train/leaf_scald/leaf_scald (97).jpg.json
140,train/narrow_brown_spot/narrow_brown (156).jpg,train,narrow_brown_spot,61.66785856680864,requires_human_review;high_candidate_coverage;large_connected_candidate_review,unreviewed,none,../segmentation_annotations/masks/train/narrow_brown_spot/narrow_brown%20%28156%29.jpg.png,,metadata/train/narrow_brown_spot/narrow_brown (156).jpg.json
140,train/narrow_brown_spot/narrow_brown (235).jpg,train,narrow_brown_spot,63.22367846221057,requires_human_review;high_candidate_coverage;large_connected_candidate_review,unreviewed,none,../segmentation_annotations/masks/train/narrow_brown_spot/narrow_brown%20%28235%29.jpg.png,,metadata/train/narrow_brown_spot/narrow_brown (235).jpg.json
140,train/narrow_brown_spot/narrow_brown (5).jpg,train,narrow_brown_spot,63.21868706505262,requires_human_review;high_candidate_coverage;large_connected_candidate_review,unreviewed,none,../segmentation_annotations/masks/train/narrow_brown_spot/narrow_brown%20%285%29.jpg.png,,metadata/train/narrow_brown_spot/narrow_brown (5).jpg.json
100,test/leaf_blast/leaf_blast (14).jpg,test,leaf_blast,16.446345195835228,requires_human_review;high_foreground_coverage;complex_foreground_review,unreviewed,none,../segmentation_annotations/masks/test/leaf_blast/leaf_blast%20%2814%29.jpg.png,,metadata/test/leaf_blast/leaf_blast (14).jpg.json
100,test/narrow_brown_spot/narrow_brown (2).jpg,test,narrow_brown_spot,33.17484662576687,requires_human_review;multiple_leaf_components;complex_foreground_review,unreviewed,none,../segmentation_annotations/masks/test/narrow_brown_spot/narrow_brown%20%282%29.jpg.png,,metadata/test/narrow_brown_spot/narrow_brown (2).jpg.json
100,train/brown_spot/brown_spot (144).jpg,train,brown_spot,3.3507924149513224,requires_human_review;high_foreground_coverage;complex_foreground_review,unreviewed,none,../segmentation_annotations/masks/train/brown_spot/brown_spot%20%28144%29.jpg.png,,metadata/train/brown_spot/brown_spot (144).jpg.json
100,train/brown_spot/brown_spot (157).jpg,validation,brown_spot,3.0759375,requires_human_review;high_foreground_coverage;complex_foreground_review,unreviewed,none,../segmentation_annotations/masks/validation/brown_spot/brown_spot%20%28157%29.jpg.png,,metadata/validation/brown_spot/brown_spot (157).jpg.json
100,train/brown_spot/brown_spot (166).jpg,train,brown_spot,3.79125,requires_human_review;high_foreground_coverage;complex_foreground_review,unreviewed,none,../segmentation_annotations/masks/train/brown_spot/brown_spot%20%28166%29.jpg.png,,metadata/train/brown_spot/brown_spot (166).jpg.json
100,train/brown_spot/brown_spot (169).jpg,validation,brown_spot,5.214633774659028,requires_human_review;high_foreground_coverage;complex_foreground_review,unreviewed,none,../segmentation_annotations/masks/validation/brown_spot/brown_spot%20%28169%29.jpg.png,,metadata/validation/brown_spot/brown_spot (169).jpg.json
100,train/brown_spot/brown_spot (327).jpg,train,brown_spot,18.187145092626128,requires_human_review;multiple_leaf_components;high_foreground_coverage;complex_foreground_review,unreviewed,none,../segmentation_annotations/masks/train/brown_spot/brown_spot%20%28327%29.jpg.png,,metadata/train/brown_spot/brown_spot (327).jpg.json
100,train/brown_spot/brown_spot (328).jpg,validation,brown_spot,3.541465263035167,requires_human_review;high_foreground_coverage;complex_foreground_review,unreviewed,none,../segmentation_annotations/masks/validation/brown_spot/brown_spot%20%28328%29.jpg.png,,metadata/validation/brown_spot/brown_spot (328).jpg.json
100,train/brown_spot/brown_spot (329).jpg,train,brown_spot,26.67048076861612,requires_human_review;high_foreground_coverage;complex_foreground_review,unreviewed,none,../segmentation_annotations/masks/train/brown_spot/brown_spot%20%28329%29.jpg.png,,metadata/train/brown_spot/brown_spot (329).jpg.json
100,train/leaf_blast/leaf_blast (128).jpg,train,leaf_blast,12.839749557344431,requires_human_review;multiple_leaf_components;complex_foreground_review,unreviewed,none,../segmentation_annotations/masks/train/leaf_blast/leaf_blast%20%28128%29.jpg.png,,metadata/train/leaf_blast/leaf_blast (128).jpg.json
100,train/leaf_blast/leaf_blast (135).jpg,train,leaf_blast,16.445668535628815,requires_human_review;high_foreground_coverage;complex_foreground_review,unreviewed,none,../segmentation_annotations/masks/train/leaf_blast/leaf_blast%20%28135%29.jpg.png,,metadata/train/leaf_blast/leaf_blast (135).jpg.json
100,train/leaf_blast/leaf_blast (143).jpg,validation,leaf_blast,12.87210683560707,requires_human_review;multiple_leaf_components;complex_foreground_review,unreviewed,none,../segmentation_annotations/masks/validation/leaf_blast/leaf_blast%20%28143%29.jpg.png,,metadata/validation/leaf_blast/leaf_blast (143).jpg.json
100,train/leaf_blast/leaf_blast (147).jpg,train,leaf_blast,12.677988125101514,requires_human_review;multiple_leaf_components;complex_foreground_review,unreviewed,none,../segmentation_annotations/masks/train/leaf_blast/leaf_blast%20%28147%29.jpg.png,,metadata/train/leaf_blast/leaf_blast (147).jpg.json
100,train/leaf_blast/leaf_blast (193).jpg,validation,leaf_blast,12.764790817538794,requires_human_review;multiple_leaf_components;complex_foreground_review,unreviewed,none,../segmentation_annotations/masks/validation/leaf_blast/leaf_blast%20%28193%29.jpg.png,,metadata/validation/leaf_blast/leaf_blast (193).jpg.json
100,train/leaf_blast/leaf_blast (213).jpg,train,leaf_blast,12.764790817538794,requires_human_review;multiple_leaf_components;complex_foreground_review,unreviewed,none,../segmentation_annotations/masks/train/leaf_blast/leaf_blast%20%28213%29.jpg.png,,metadata/train/leaf_blast/leaf_blast (213).jpg.json
100,train/leaf_blast/leaf_blast (321).jpg,train,leaf_blast,16.446574503073162,requires_human_review;high_foreground_coverage;complex_foreground_review,unreviewed,none,../segmentation_annotations/masks/train/leaf_blast/leaf_blast%20%28321%29.jpg.png,,metadata/train/leaf_blast/leaf_blast (321).jpg.json
100,train/leaf_blast/leaf_blast (340).jpg,train,leaf_blast,16.442353985731526,requires_human_review;high_foreground_coverage;complex_foreground_review,unreviewed,none,../segmentation_annotations/masks/train/leaf_blast/leaf_blast%20%28340%29.jpg.png,,metadata/train/leaf_blast/leaf_blast (340).jpg.json
100,train/leaf_scald/leaf_scald (130).jpg,train,leaf_scald,1.9174377687996873,requires_human_review;multiple_leaf_components;complex_foreground_review,unreviewed,none,../segmentation_annotations/masks/train/leaf_scald/leaf_scald%20%28130%29.jpg.png,,metadata/train/leaf_scald/leaf_scald (130).jpg.json
100,train/leaf_scald/leaf_scald (145).jpg,validation,leaf_scald,1.8452252091637271,requires_human_review;multiple_leaf_components;complex_foreground_review,unreviewed,none,../segmentation_annotations/masks/validation/leaf_scald/leaf_scald%20%28145%29.jpg.png,,metadata/validation/leaf_scald/leaf_scald (145).jpg.json
100,train/leaf_scald/leaf_scald (296).jpg,train,leaf_scald,1.8877040411360735,requires_human_review;multiple_leaf_components;complex_foreground_review,unreviewed,none,../segmentation_annotations/masks/train/leaf_scald/leaf_scald%20%28296%29.jpg.png,,metadata/train/leaf_scald/leaf_scald (296).jpg.json
100,train/narrow_brown_spot/narrow_brown (238).jpg,validation,narrow_brown_spot,33.15356303036499,requires_human_review;multiple_leaf_components;complex_foreground_review,unreviewed,none,../segmentation_annotations/masks/validation/narrow_brown_spot/narrow_brown%20%28238%29.jpg.png,,metadata/validation/narrow_brown_spot/narrow_brown (238).jpg.json
60,test/brown_spot/brown_spot (291).jpg,test,brown_spot,40.64353357566482,requires_human_review;large_connected_candidate_review,unreviewed,none,../segmentation_annotations/masks/test/brown_spot/brown_spot%20%28291%29.jpg.png,,metadata/test/brown_spot/brown_spot (291).jpg.json
60,test/leaf_blast/leaf_blast (161).jpg,test,leaf_blast,39.19471798199825,requires_human_review;large_connected_candidate_review,unreviewed,none,../segmentation_annotations/masks/test/leaf_blast/leaf_blast%20%28161%29.jpg.png,,metadata/test/leaf_blast/leaf_blast (161).jpg.json
60,test/leaf_blast/leaf_blast (251).jpg,test,leaf_blast,25.613570875985246,requires_human_review;large_connected_candidate_review,unreviewed,none,../segmentation_annotations/masks/test/leaf_blast/leaf_blast%20%28251%29.jpg.png,,metadata/test/leaf_blast/leaf_blast (251).jpg.json
60,test/leaf_scald/leaf_scald (151).jpg,test,leaf_scald,32.359312569200405,requires_human_review;large_connected_candidate_review,unreviewed,none,../segmentation_annotations/masks/test/leaf_scald/leaf_scald%20%28151%29.jpg.png,,metadata/test/leaf_scald/leaf_scald (151).jpg.json
60,test/leaf_scald/leaf_scald (161).jpg,test,leaf_scald,46.84930968021083,requires_human_review;large_connected_candidate_review,unreviewed,none,../segmentation_annotations/masks/test/leaf_scald/leaf_scald%20%28161%29.jpg.png,,metadata/test/leaf_scald/leaf_scald (161).jpg.json
60,test/leaf_scald/leaf_scald (213).jpg,test,leaf_scald,39.15356813532735,requires_human_review;large_connected_candidate_review,unreviewed,none,../segmentation_annotations/masks/test/leaf_scald/leaf_scald%20%28213%29.jpg.png,,metadata/test/leaf_scald/leaf_scald (213).jpg.json
60,test/leaf_scald/leaf_scald (215).jpg,test,leaf_scald,36.77081681205392,requires_human_review;large_connected_candidate_review,unreviewed,none,../segmentation_annotations/masks/test/leaf_scald/leaf_scald%20%28215%29.jpg.png,,metadata/test/leaf_scald/leaf_scald (215).jpg.json
60,test/leaf_scald/leaf_scald (219).jpg,test,leaf_scald,44.05654207958147,requires_human_review;large_connected_candidate_review,unreviewed,none,../segmentation_annotations/masks/test/leaf_scald/leaf_scald%20%28219%29.jpg.png,,metadata/test/leaf_scald/leaf_scald (219).jpg.json
60,test/leaf_scald/leaf_scald (224).jpg,test,leaf_scald,36.660007859575586,requires_human_review;large_connected_candidate_review,unreviewed,none,../segmentation_annotations/masks/test/leaf_scald/leaf_scald%20%28224%29.jpg.png,,metadata/test/leaf_scald/leaf_scald (224).jpg.json
60,test/leaf_scald/leaf_scald (232).jpg,test,leaf_scald,40.7183212267958,requires_human_review;large_connected_candidate_review,unreviewed,none,../segmentation_annotations/masks/test/leaf_scald/leaf_scald%20%28232%29.jpg.png,,metadata/test/leaf_scald/leaf_scald (232).jpg.json
60,test/leaf_scald/leaf_scald (237).jpg,test,leaf_scald,49.76204180763993,requires_human_review;large_connected_candidate_review,unreviewed,none,../segmentation_annotations/masks/test/leaf_scald/leaf_scald%20%28237%29.jpg.png,,metadata/test/leaf_scald/leaf_scald (237).jpg.json
60,test/leaf_scald/leaf_scald (251).jpg,test,leaf_scald,40.709574710029564,requires_human_review;large_connected_candidate_review,unreviewed,none,../segmentation_annotations/masks/test/leaf_scald/leaf_scald%20%28251%29.jpg.png,,metadata/test/leaf_scald/leaf_scald (251).jpg.json
60,test/leaf_scald/leaf_scald (255).jpg,test,leaf_scald,48.56197710083021,requires_human_review;large_connected_candidate_review,unreviewed,none,../segmentation_annotations/masks/test/leaf_scald/leaf_scald%20%28255%29.jpg.png,,metadata/test/leaf_scald/leaf_scald (255).jpg.json
60,test/leaf_scald/leaf_scald (262).jpg,test,leaf_scald,37.643238855442064,requires_human_review;large_connected_candidate_review,unreviewed,none,../segmentation_annotations/masks/test/leaf_scald/leaf_scald%20%28262%29.jpg.png,,metadata/test/leaf_scald/leaf_scald (262).jpg.json
60,test/leaf_scald/leaf_scald (316).jpg,test,leaf_scald,49.06193608753354,requires_human_review;large_connected_candidate_review,unreviewed,none,../segmentation_annotations/masks/test/leaf_scald/leaf_scald%20%28316%29.jpg.png,,metadata/test/leaf_scald/leaf_scald (316).jpg.json
60,test/leaf_scald/leaf_scald (55).jpg,test,leaf_scald,32.29794933655006,requires_human_review;large_connected_candidate_review,unreviewed,none,../segmentation_annotations/masks/test/leaf_scald/leaf_scald%20%2855%29.jpg.png,,metadata/test/leaf_scald/leaf_scald (55).jpg.json
60,train/leaf_scald/leaf_scald (11).jpg,train,leaf_scald,46.73050937077728,requires_human_review;large_connected_candidate_review,unreviewed,none,../segmentation_annotations/masks/train/leaf_scald/leaf_scald%20%2811%29.jpg.png,,metadata/train/leaf_scald/leaf_scald (11).jpg.json
60,train/leaf_scald/leaf_scald (126).jpg,validation,leaf_scald,44.537708253847136,requires_human_review;large_connected_candidate_review,unreviewed,none,../segmentation_annotations/masks/validation/leaf_scald/leaf_scald%20%28126%29.jpg.png,,metadata/validation/leaf_scald/leaf_scald (126).jpg.json
60,train/leaf_scald/leaf_scald (132).jpg,validation,leaf_scald,32.798381284993624,requires_human_review;large_connected_candidate_review,unreviewed,none,../segmentation_annotations/masks/validation/leaf_scald/leaf_scald%20%28132%29.jpg.png,,metadata/validation/leaf_scald/leaf_scald (132).jpg.json
60,train/leaf_scald/leaf_scald (14).jpg,train,leaf_scald,36.76134566035083,requires_human_review;large_connected_candidate_review,unreviewed,none,../segmentation_annotations/masks/train/leaf_scald/leaf_scald%20%2814%29.jpg.png,,metadata/train/leaf_scald/leaf_scald (14).jpg.json
60,train/leaf_scald/leaf_scald (15).jpg,train,leaf_scald,39.45417934107365,requires_human_review;large_connected_candidate_review,unreviewed,none,../segmentation_annotations/masks/train/leaf_scald/leaf_scald%20%2815%29.jpg.png,,metadata/train/leaf_scald/leaf_scald (15).jpg.json
60,train/leaf_scald/leaf_scald (16).jpg,train,leaf_scald,37.360840304421664,requires_human_review;large_connected_candidate_review,unreviewed,none,../segmentation_annotations/masks/train/leaf_scald/leaf_scald%20%2816%29.jpg.png,,metadata/train/leaf_scald/leaf_scald (16).jpg.json
60,train/leaf_scald/leaf_scald (17).jpg,train,leaf_scald,35.1569933396765,requires_human_review;large_connected_candidate_review,unreviewed,none,../segmentation_annotations/masks/train/leaf_scald/leaf_scald%20%2817%29.jpg.png,,metadata/train/leaf_scald/leaf_scald (17).jpg.json
60,train/leaf_scald/leaf_scald (174).jpg,train,leaf_scald,30.747942349854437,requires_human_review;large_connected_candidate_review,unreviewed,none,../segmentation_annotations/masks/train/leaf_scald/leaf_scald%20%28174%29.jpg.png,,metadata/train/leaf_scald/leaf_scald (174).jpg.json
60,train/leaf_scald/leaf_scald (176).jpg,validation,leaf_scald,32.321979348263376,requires_human_review;large_connected_candidate_review,unreviewed,none,../segmentation_annotations/masks/validation/leaf_scald/leaf_scald%20%28176%29.jpg.png,,metadata/validation/leaf_scald/leaf_scald (176).jpg.json
60,train/leaf_scald/leaf_scald (183).jpg,train,leaf_scald,36.65928429886933,requires_human_review;large_connected_candidate_review,unreviewed,none,../segmentation_annotations/masks/train/leaf_scald/leaf_scald%20%28183%29.jpg.png,,metadata/train/leaf_scald/leaf_scald (183).jpg.json
60,train/leaf_scald/leaf_scald (184).jpg,train,leaf_scald,37.5831714675373,requires_human_review;large_connected_candidate_review,unreviewed,none,../segmentation_annotations/masks/train/leaf_scald/leaf_scald%20%28184%29.jpg.png,,metadata/train/leaf_scald/leaf_scald (184).jpg.json
60,train/leaf_scald/leaf_scald (188).jpg,train,leaf_scald,48.2093705574544,requires_human_review;large_connected_candidate_review,unreviewed,none,../segmentation_annotations/masks/train/leaf_scald/leaf_scald%20%28188%29.jpg.png,,metadata/train/leaf_scald/leaf_scald (188).jpg.json
60,train/leaf_scald/leaf_scald (196).jpg,train,leaf_scald,39.13615338441439,requires_human_review;large_connected_candidate_review,unreviewed,none,../segmentation_annotations/masks/train/leaf_scald/leaf_scald%20%28196%29.jpg.png,,metadata/train/leaf_scald/leaf_scald (196).jpg.json
60,train/leaf_scald/leaf_scald (2).jpg,train,leaf_scald,36.51551312649165,requires_human_review;large_connected_candidate_review,unreviewed,none,../segmentation_annotations/masks/train/leaf_scald/leaf_scald%20%282%29.jpg.png,,metadata/train/leaf_scald/leaf_scald (2).jpg.json
60,train/leaf_scald/leaf_scald (20).jpg,validation,leaf_scald,40.14070444386415,requires_human_review;large_connected_candidate_review,unreviewed,none,../segmentation_annotations/masks/validation/leaf_scald/leaf_scald%20%2820%29.jpg.png,,metadata/validation/leaf_scald/leaf_scald (20).jpg.json
60,train/leaf_scald/leaf_scald (204).jpg,train,leaf_scald,48.36231436704736,requires_human_review;large_connected_candidate_review,unreviewed,none,../segmentation_annotations/masks/train/leaf_scald/leaf_scald%20%28204%29.jpg.png,,metadata/train/leaf_scald/leaf_scald (204).jpg.json
60,train/leaf_scald/leaf_scald (207).jpg,train,leaf_scald,40.157334852286894,requires_human_review;large_connected_candidate_review,unreviewed,none,../segmentation_annotations/masks/train/leaf_scald/leaf_scald%20%28207%29.jpg.png,,metadata/train/leaf_scald/leaf_scald (207).jpg.json
60,train/leaf_scald/leaf_scald (210).jpg,validation,leaf_scald,36.044287600010776,requires_human_review;large_connected_candidate_review,unreviewed,none,../segmentation_annotations/masks/validation/leaf_scald/leaf_scald%20%28210%29.jpg.png,,metadata/validation/leaf_scald/leaf_scald (210).jpg.json
60,train/leaf_scald/leaf_scald (212).jpg,train,leaf_scald,46.657619918579265,requires_human_review;large_connected_candidate_review,unreviewed,none,../segmentation_annotations/masks/train/leaf_scald/leaf_scald%20%28212%29.jpg.png,,metadata/train/leaf_scald/leaf_scald (212).jpg.json
60,train/leaf_scald/leaf_scald (214).jpg,train,leaf_scald,36.061316953492955,requires_human_review;large_connected_candidate_review,unreviewed,none,../segmentation_annotations/masks/train/leaf_scald/leaf_scald%20%28214%29.jpg.png,,metadata/train/leaf_scald/leaf_scald (214).jpg.json
60,train/leaf_scald/leaf_scald (218).jpg,train,leaf_scald,39.82197375203204,requires_human_review;large_connected_candidate_review,unreviewed,none,../segmentation_annotations/masks/train/leaf_scald/leaf_scald%20%28218%29.jpg.png,,metadata/train/leaf_scald/leaf_scald (218).jpg.json
60,train/leaf_scald/leaf_scald (220).jpg,train,leaf_scald,36.52185178787355,requires_human_review;large_connected_candidate_review,unreviewed,none,../segmentation_annotations/masks/train/leaf_scald/leaf_scald%20%28220%29.jpg.png,,metadata/train/leaf_scald/leaf_scald (220).jpg.json
60,train/leaf_scald/leaf_scald (230).jpg,train,leaf_scald,36.73227523063695,requires_human_review;large_connected_candidate_review,unreviewed,none,../segmentation_annotations/masks/train/leaf_scald/leaf_scald%20%28230%29.jpg.png,,metadata/train/leaf_scald/leaf_scald (230).jpg.json
60,train/leaf_scald/leaf_scald (235).jpg,validation,leaf_scald,38.79581794141301,requires_human_review;large_connected_candidate_review,unreviewed,none,../segmentation_annotations/masks/validation/leaf_scald/leaf_scald%20%28235%29.jpg.png,,metadata/validation/leaf_scald/leaf_scald (235).jpg.json
60,train/leaf_scald/leaf_scald (238).jpg,train,leaf_scald,49.97170563572292,requires_human_review;large_connected_candidate_review,unreviewed,none,../segmentation_annotations/masks/train/leaf_scald/leaf_scald%20%28238%29.jpg.png,,metadata/train/leaf_scald/leaf_scald (238).jpg.json
60,train/leaf_scald/leaf_scald (24).jpg,train,leaf_scald,48.751742347834956,requires_human_review;large_connected_candidate_review,unreviewed,none,../segmentation_annotations/masks/train/leaf_scald/leaf_scald%20%2824%29.jpg.png,,metadata/train/leaf_scald/leaf_scald (24).jpg.json
60,train/leaf_scald/leaf_scald (240).jpg,train,leaf_scald,39.00306313843497,requires_human_review;large_connected_candidate_review,unreviewed,none,../segmentation_annotations/masks/train/leaf_scald/leaf_scald%20%28240%29.jpg.png,,metadata/train/leaf_scald/leaf_scald (240).jpg.json
60,train/leaf_scald/leaf_scald (241).jpg,train,leaf_scald,36.18964103932745,requires_human_review;large_connected_candidate_review,unreviewed,none,../segmentation_annotations/masks/train/leaf_scald/leaf_scald%20%28241%29.jpg.png,,metadata/train/leaf_scald/leaf_scald (241).jpg.json
60,train/leaf_scald/leaf_scald (243).jpg,train,leaf_scald,43.85906320447524,requires_human_review;large_connected_candidate_review,unreviewed,none,../segmentation_annotations/masks/train/leaf_scald/leaf_scald%20%28243%29.jpg.png,,metadata/train/leaf_scald/leaf_scald (243).jpg.json
60,train/leaf_scald/leaf_scald (244).jpg,train,leaf_scald,48.51825956004948,requires_human_review;large_connected_candidate_review,unreviewed,none,../segmentation_annotations/masks/train/leaf_scald/leaf_scald%20%28244%29.jpg.png,,metadata/train/leaf_scald/leaf_scald (244).jpg.json
60,train/leaf_scald/leaf_scald (253).jpg,train,leaf_scald,39.52202401242283,requires_human_review;large_connected_candidate_review,unreviewed,none,../segmentation_annotations/masks/train/leaf_scald/leaf_scald%20%28253%29.jpg.png,,metadata/train/leaf_scald/leaf_scald (253).jpg.json
60,train/leaf_scald/leaf_scald (254).jpg,train,leaf_scald,35.31966178214791,requires_human_review;large_connected_candidate_review,reviewed,ai_visual,../segmentation_annotations/masks/train/leaf_scald/leaf_scald%20%28254%29.jpg.png,../boundary_review_20261010/index.html,metadata/train/leaf_scald/leaf_scald (254).jpg.json
60,train/leaf_scald/leaf_scald (258).jpg,train,leaf_scald,36.3794768442709,requires_human_review;large_connected_candidate_review,unreviewed,none,../segmentation_annotations/masks/train/leaf_scald/leaf_scald%20%28258%29.jpg.png,,metadata/train/leaf_scald/leaf_scald (258).jpg.json
60,train/leaf_scald/leaf_scald (260).jpg,validation,leaf_scald,44.304441898943615,requires_human_review;large_connected_candidate_review,unreviewed,none,../segmentation_annotations/masks/validation/leaf_scald/leaf_scald%20%28260%29.jpg.png,,metadata/validation/leaf_scald/leaf_scald (260).jpg.json
60,train/leaf_scald/leaf_scald (272).jpg,train,leaf_scald,31.612979304652033,requires_human_review;large_connected_candidate_review,unreviewed,none,../segmentation_annotations/masks/train/leaf_scald/leaf_scald%20%28272%29.jpg.png,,metadata/train/leaf_scald/leaf_scald (272).jpg.json
60,train/leaf_scald/leaf_scald (284).jpg,validation,leaf_scald,38.6573854165767,requires_human_review;large_connected_candidate_review,unreviewed,none,../segmentation_annotations/masks/validation/leaf_scald/leaf_scald%20%28284%29.jpg.png,,metadata/validation/leaf_scald/leaf_scald (284).jpg.json
60,train/leaf_scald/leaf_scald (294).jpg,validation,leaf_scald,31.46401801868331,requires_human_review;large_connected_candidate_review,unreviewed,none,../segmentation_annotations/masks/validation/leaf_scald/leaf_scald%20%28294%29.jpg.png,,metadata/validation/leaf_scald/leaf_scald (294).jpg.json
60,train/leaf_scald/leaf_scald (3).jpg,train,leaf_scald,36.53655982781688,requires_human_review;large_connected_candidate_review,unreviewed,none,../segmentation_annotations/masks/train/leaf_scald/leaf_scald%20%283%29.jpg.png,,metadata/train/leaf_scald/leaf_scald (3).jpg.json
60,train/leaf_scald/leaf_scald (314).jpg,train,leaf_scald,39.17069763832484,requires_human_review;large_connected_candidate_review,unreviewed,none,../segmentation_annotations/masks/train/leaf_scald/leaf_scald%20%28314%29.jpg.png,,metadata/train/leaf_scald/leaf_scald (314).jpg.json
60,train/leaf_scald/leaf_scald (315).jpg,train,leaf_scald,35.63278460064454,requires_human_review;multiple_leaf_components;large_connected_candidate_review,unreviewed,none,../segmentation_annotations/masks/train/leaf_scald/leaf_scald%20%28315%29.jpg.png,,metadata/train/leaf_scald/leaf_scald (315).jpg.json
60,train/leaf_scald/leaf_scald (317).jpg,train,leaf_scald,34.82926928889434,requires_human_review;large_connected_candidate_review,unreviewed,none,../segmentation_annotations/masks/train/leaf_scald/leaf_scald%20%28317%29.jpg.png,,metadata/train/leaf_scald/leaf_scald (317).jpg.json
60,train/leaf_scald/leaf_scald (320).jpg,train,leaf_scald,36.45008922011126,requires_human_review;large_connected_candidate_review,unreviewed,none,../segmentation_annotations/masks/train/leaf_scald/leaf_scald%20%28320%29.jpg.png,,metadata/train/leaf_scald/leaf_scald (320).jpg.json
60,train/leaf_scald/leaf_scald (324).jpg,train,leaf_scald,36.22492970946579,requires_human_review;large_connected_candidate_review,unreviewed,none,../segmentation_annotations/masks/train/leaf_scald/leaf_scald%20%28324%29.jpg.png,,metadata/train/leaf_scald/leaf_scald (324).jpg.json
60,train/leaf_scald/leaf_scald (326).jpg,validation,leaf_scald,37.1504704256859,requires_human_review;large_connected_candidate_review,unreviewed,none,../segmentation_annotations/masks/validation/leaf_scald/leaf_scald%20%28326%29.jpg.png,,metadata/validation/leaf_scald/leaf_scald (326).jpg.json
60,train/leaf_scald/leaf_scald (335).jpg,train,leaf_scald,43.90789364698087,requires_human_review;large_connected_candidate_review,unreviewed,none,../segmentation_annotations/masks/train/leaf_scald/leaf_scald%20%28335%29.jpg.png,,metadata/train/leaf_scald/leaf_scald (335).jpg.json
60,train/leaf_scald/leaf_scald (336).jpg,train,leaf_scald,49.916950090959425,requires_human_review;large_connected_candidate_review,unreviewed,none,../segmentation_annotations/masks/train/leaf_scald/leaf_scald%20%28336%29.jpg.png,,metadata/train/leaf_scald/leaf_scald (336).jpg.json
60,train/leaf_scald/leaf_scald (337).jpg,train,leaf_scald,36.575386781860736,requires_human_review;large_connected_candidate_review,unreviewed,none,../segmentation_annotations/masks/train/leaf_scald/leaf_scald%20%28337%29.jpg.png,,metadata/train/leaf_scald/leaf_scald (337).jpg.json
60,train/leaf_scald/leaf_scald (338).jpg,train,leaf_scald,39.2831911309168,requires_human_review;large_connected_candidate_review,unreviewed,none,../segmentation_annotations/masks/train/leaf_scald/leaf_scald%20%28338%29.jpg.png,,metadata/train/leaf_scald/leaf_scald (338).jpg.json
60,train/leaf_scald/leaf_scald (340).jpg,train,leaf_scald,38.65981543624161,requires_human_review;large_connected_candidate_review,unreviewed,none,../segmentation_annotations/masks/train/leaf_scald/leaf_scald%20%28340%29.jpg.png,,metadata/train/leaf_scald/leaf_scald (340).jpg.json
60,train/leaf_scald/leaf_scald (342).jpg,train,leaf_scald,49.7498142879168,requires_human_review;large_connected_candidate_review,unreviewed,none,../segmentation_annotations/masks/train/leaf_scald/leaf_scald%20%28342%29.jpg.png,,metadata/train/leaf_scald/leaf_scald (342).jpg.json
60,train/leaf_scald/leaf_scald (345).jpg,train,leaf_scald,38.63852961198094,requires_human_review;large_connected_candidate_review,unreviewed,none,../segmentation_annotations/masks/train/leaf_scald/leaf_scald%20%28345%29.jpg.png,,metadata/train/leaf_scald/leaf_scald (345).jpg.json
60,train/leaf_scald/leaf_scald (41).jpg,train,leaf_scald,48.78603037914125,requires_human_review;large_connected_candidate_review,unreviewed,none,../segmentation_annotations/masks/train/leaf_scald/leaf_scald%20%2841%29.jpg.png,,metadata/train/leaf_scald/leaf_scald (41).jpg.json
60,train/leaf_scald/leaf_scald (6).jpg,train,leaf_scald,36.55466712644669,requires_human_review;large_connected_candidate_review,unreviewed,none,../segmentation_annotations/masks/train/leaf_scald/leaf_scald%20%286%29.jpg.png,,metadata/train/leaf_scald/leaf_scald (6).jpg.json
60,train/leaf_scald/leaf_scald (69).jpg,train,leaf_scald,46.922834769606105,requires_human_review;large_connected_candidate_review,unreviewed,none,../segmentation_annotations/masks/train/leaf_scald/leaf_scald%20%2869%29.jpg.png,,metadata/train/leaf_scald/leaf_scald (69).jpg.json
60,train/leaf_scald/leaf_scald (7).jpg,train,leaf_scald,44.82862447934963,requires_human_review;large_connected_candidate_review,unreviewed,none,../segmentation_annotations/masks/train/leaf_scald/leaf_scald%20%287%29.jpg.png,,metadata/train/leaf_scald/leaf_scald (7).jpg.json
60,train/leaf_scald/leaf_scald (73).jpg,validation,leaf_scald,47.00689957288358,requires_human_review;large_connected_candidate_review,unreviewed,none,../segmentation_annotations/masks/validation/leaf_scald/leaf_scald%20%2873%29.jpg.png,,metadata/validation/leaf_scald/leaf_scald (73).jpg.json
60,train/leaf_scald/leaf_scald (81).jpg,validation,leaf_scald,32.67524347721534,requires_human_review;large_connected_candidate_review,unreviewed,none,../segmentation_annotations/masks/validation/leaf_scald/leaf_scald%20%2881%29.jpg.png,,metadata/validation/leaf_scald/leaf_scald (81).jpg.json
60,train/leaf_scald/leaf_scald (9).jpg,train,leaf_scald,40.14732965009208,requires_human_review;large_connected_candidate_review,unreviewed,none,../segmentation_annotations/masks/train/leaf_scald/leaf_scald%20%289%29.jpg.png,,metadata/train/leaf_scald/leaf_scald (9).jpg.json
60,train/leaf_scald/leaf_scald (98).jpg,validation,leaf_scald,33.309350527160525,requires_human_review;large_connected_candidate_review,unreviewed,none,../segmentation_annotations/masks/validation/leaf_scald/leaf_scald%20%2898%29.jpg.png,,metadata/validation/leaf_scald/leaf_scald (98).jpg.json
50,test/healthy/healthy (1).jpg,test,healthy,0.34235748598570426,requires_human_review;candidate_on_healthy_image,unreviewed,none,../segmentation_annotations/masks/test/healthy/healthy%20%281%29.jpg.png,,metadata/test/healthy/healthy (1).jpg.json
50,test/healthy/healthy (10).jpg,test,healthy,0.1062274865618236,requires_human_review;candidate_on_healthy_image,unreviewed,none,../segmentation_annotations/masks/test/healthy/healthy%20%2810%29.jpg.png,,metadata/test/healthy/healthy (10).jpg.json
50,test/healthy/healthy (103).jpg,test,healthy,0.09765400611199192,requires_human_review;candidate_on_healthy_image,unreviewed,none,../segmentation_annotations/masks/test/healthy/healthy%20%28103%29.jpg.png,,metadata/test/healthy/healthy (103).jpg.json
50,test/healthy/healthy (116).jpg,test,healthy,3.796372975035126,requires_human_review;candidate_on_healthy_image,unreviewed,none,../segmentation_annotations/masks/test/healthy/healthy%20%28116%29.jpg.png,,metadata/test/healthy/healthy (116).jpg.json
50,test/healthy/healthy (143).jpg,test,healthy,4.176182186946037,requires_human_review;candidate_on_healthy_image,unreviewed,none,../segmentation_annotations/masks/test/healthy/healthy%20%28143%29.jpg.png,,metadata/test/healthy/healthy (143).jpg.json
50,test/healthy/healthy (154).jpg,test,healthy,0.2878438977093686,requires_human_review;candidate_on_healthy_image,unreviewed,none,../segmentation_annotations/masks/test/healthy/healthy%20%28154%29.jpg.png,,metadata/test/healthy/healthy (154).jpg.json
50,test/healthy/healthy (159).jpg,test,healthy,0.2965967812624219,requires_human_review;candidate_on_healthy_image,unreviewed,none,../segmentation_annotations/masks/test/healthy/healthy%20%28159%29.jpg.png,,metadata/test/healthy/healthy (159).jpg.json
50,test/healthy/healthy (165).jpg,test,healthy,9.788057575228137,requires_human_review;candidate_on_healthy_image,unreviewed,none,../segmentation_annotations/masks/test/healthy/healthy%20%28165%29.jpg.png,,metadata/test/healthy/healthy (165).jpg.json
50,test/healthy/healthy (175).jpg,test,healthy,0.1333499279910389,requires_human_review;candidate_on_healthy_image,unreviewed,none,../segmentation_annotations/masks/test/healthy/healthy%20%28175%29.jpg.png,,metadata/test/healthy/healthy (175).jpg.json
50,test/healthy/healthy (179).jpg,test,healthy,3.1295301441118784,requires_human_review;candidate_on_healthy_image,unreviewed,none,../segmentation_annotations/masks/test/healthy/healthy%20%28179%29.jpg.png,,metadata/test/healthy/healthy (179).jpg.json
50,test/healthy/healthy (180).jpg,test,healthy,7.458605692194216,requires_human_review;candidate_on_healthy_image,unreviewed,none,../segmentation_annotations/masks/test/healthy/healthy%20%28180%29.jpg.png,,metadata/test/healthy/healthy (180).jpg.json
50,test/healthy/healthy (213).jpg,test,healthy,0.3872353989823265,requires_human_review;candidate_on_healthy_image,unreviewed,none,../segmentation_annotations/masks/test/healthy/healthy%20%28213%29.jpg.png,,metadata/test/healthy/healthy (213).jpg.json
50,test/healthy/healthy (215).jpg,test,healthy,10.175287687901898,requires_human_review;candidate_on_healthy_image,unreviewed,none,../segmentation_annotations/masks/test/healthy/healthy%20%28215%29.jpg.png,,metadata/test/healthy/healthy (215).jpg.json
50,test/healthy/healthy (231).jpg,test,healthy,1.8830698315975103,requires_human_review;candidate_on_healthy_image,unreviewed,none,../segmentation_annotations/masks/test/healthy/healthy%20%28231%29.jpg.png,,metadata/test/healthy/healthy (231).jpg.json
50,test/healthy/healthy (233).jpg,test,healthy,7.198246413117741,requires_human_review;candidate_on_healthy_image,unreviewed,none,../segmentation_annotations/masks/test/healthy/healthy%20%28233%29.jpg.png,,metadata/test/healthy/healthy (233).jpg.json
50,test/healthy/healthy (234).jpg,test,healthy,0.20821006748103266,requires_human_review;candidate_on_healthy_image,unreviewed,none,../segmentation_annotations/masks/test/healthy/healthy%20%28234%29.jpg.png,,metadata/test/healthy/healthy (234).jpg.json
50,test/healthy/healthy (24).jpg,test,healthy,0.17101490272723766,requires_human_review;candidate_on_healthy_image,unreviewed,none,../segmentation_annotations/masks/test/healthy/healthy%20%2824%29.jpg.png,,metadata/test/healthy/healthy (24).jpg.json
50,test/healthy/healthy (243).jpg,test,healthy,0.6672785815230852,requires_human_review;candidate_on_healthy_image,unreviewed,none,../segmentation_annotations/masks/test/healthy/healthy%20%28243%29.jpg.png,,metadata/test/healthy/healthy (243).jpg.json
50,test/healthy/healthy (25).jpg,test,healthy,0.1474642559466564,requires_human_review;candidate_on_healthy_image,unreviewed,none,../segmentation_annotations/masks/test/healthy/healthy%20%2825%29.jpg.png,,metadata/test/healthy/healthy (25).jpg.json
50,test/healthy/healthy (255).jpg,test,healthy,0.3364404433295019,requires_human_review;candidate_on_healthy_image,unreviewed,none,../segmentation_annotations/masks/test/healthy/healthy%20%28255%29.jpg.png,,metadata/test/healthy/healthy (255).jpg.json
50,test/healthy/healthy (256).jpg,test,healthy,16.471652593486127,requires_human_review;candidate_on_healthy_image,unreviewed,none,../segmentation_annotations/masks/test/healthy/healthy%20%28256%29.jpg.png,,metadata/test/healthy/healthy (256).jpg.json
50,test/healthy/healthy (279).jpg,test,healthy,0.02581200258120026,requires_human_review;candidate_on_healthy_image,unreviewed,none,../segmentation_annotations/masks/test/healthy/healthy%20%28279%29.jpg.png,,metadata/test/healthy/healthy (279).jpg.json
50,test/healthy/healthy (28).jpg,test,healthy,0.09563348747201314,requires_human_review;candidate_on_healthy_image,unreviewed,none,../segmentation_annotations/masks/test/healthy/healthy%20%2828%29.jpg.png,,metadata/test/healthy/healthy (28).jpg.json
50,test/healthy/healthy (280).jpg,test,healthy,0.2159827213822894,requires_human_review;candidate_on_healthy_image,unreviewed,none,../segmentation_annotations/masks/test/healthy/healthy%20%28280%29.jpg.png,,metadata/test/healthy/healthy (280).jpg.json
50,test/healthy/healthy (294).jpg,test,healthy,1.517841039611949,requires_human_review;candidate_on_healthy_image,unreviewed,none,../segmentation_annotations/masks/test/healthy/healthy%20%28294%29.jpg.png,,metadata/test/healthy/healthy (294).jpg.json
50,test/healthy/healthy (296).jpg,test,healthy,0.08122087804043945,requires_human_review;candidate_on_healthy_image,unreviewed,none,../segmentation_annotations/masks/test/healthy/healthy%20%28296%29.jpg.png,,metadata/test/healthy/healthy (296).jpg.json
50,test/healthy/healthy (303).jpg,test,healthy,0.023116424219407888,requires_human_review;candidate_on_healthy_image,unreviewed,none,../segmentation_annotations/masks/test/healthy/healthy%20%28303%29.jpg.png,,metadata/test/healthy/healthy (303).jpg.json
50,test/healthy/healthy (315).jpg,test,healthy,0.7553993741343046,requires_human_review;candidate_on_healthy_image,unreviewed,none,../segmentation_annotations/masks/test/healthy/healthy%20%28315%29.jpg.png,,metadata/test/healthy/healthy (315).jpg.json
50,test/healthy/healthy (320).jpg,test,healthy,0.17908347635138736,requires_human_review;candidate_on_healthy_image,unreviewed,none,../segmentation_annotations/masks/test/healthy/healthy%20%28320%29.jpg.png,,metadata/test/healthy/healthy (320).jpg.json
50,test/healthy/healthy (324).jpg,test,healthy,0.011990982780948727,requires_human_review;candidate_on_healthy_image,unreviewed,none,../segmentation_annotations/masks/test/healthy/healthy%20%28324%29.jpg.png,,metadata/test/healthy/healthy (324).jpg.json
50,test/healthy/healthy (327).jpg,test,healthy,0.16719146208933597,requires_human_review;candidate_on_healthy_image,unreviewed,none,../segmentation_annotations/masks/test/healthy/healthy%20%28327%29.jpg.png,,metadata/test/healthy/healthy (327).jpg.json
50,test/healthy/healthy (328).jpg,test,healthy,7.119500594530321,requires_human_review;candidate_on_healthy_image,unreviewed,none,../segmentation_annotations/masks/test/healthy/healthy%20%28328%29.jpg.png,,metadata/test/healthy/healthy (328).jpg.json
50,test/healthy/healthy (336).jpg,test,healthy,0.15915119363395225,requires_human_review;candidate_on_healthy_image,unreviewed,none,../segmentation_annotations/masks/test/healthy/healthy%20%28336%29.jpg.png,,metadata/test/healthy/healthy (336).jpg.json
50,test/healthy/healthy (337).jpg,test,healthy,0.03224890008215791,requires_human_review;candidate_on_healthy_image,unreviewed,none,../segmentation_annotations/masks/test/healthy/healthy%20%28337%29.jpg.png,,metadata/test/healthy/healthy (337).jpg.json
50,test/healthy/healthy (34).jpg,test,healthy,0.6676622187966665,requires_human_review;candidate_on_healthy_image,unreviewed,none,../segmentation_annotations/masks/test/healthy/healthy%20%2834%29.jpg.png,,metadata/test/healthy/healthy (34).jpg.json
50,test/healthy/healthy (340).jpg,test,healthy,0.08215823359797764,requires_human_review;candidate_on_healthy_image,unreviewed,none,../segmentation_annotations/masks/test/healthy/healthy%20%28340%29.jpg.png,,metadata/test/healthy/healthy (340).jpg.json
50,test/healthy/healthy (342).jpg,test,healthy,0.7313451696468061,requires_human_review;candidate_on_healthy_image,unreviewed,none,../segmentation_annotations/masks/test/healthy/healthy%20%28342%29.jpg.png,,metadata/test/healthy/healthy (342).jpg.json
50,test/healthy/healthy (343).jpg,test,healthy,4.304839646042608,requires_human_review;candidate_on_healthy_image,unreviewed,none,../segmentation_annotations/masks/test/healthy/healthy%20%28343%29.jpg.png,,metadata/test/healthy/healthy (343).jpg.json
50,test/healthy/healthy (346).jpg,test,healthy,0.14913170524913322,requires_human_review;candidate_on_healthy_image,unreviewed,none,../segmentation_annotations/masks/test/healthy/healthy%20%28346%29.jpg.png,,metadata/test/healthy/healthy (346).jpg.json
50,test/healthy/healthy (40).jpg,test,healthy,0.674781688277322,requires_human_review;candidate_on_healthy_image,unreviewed,none,../segmentation_annotations/masks/test/healthy/healthy%20%2840%29.jpg.png,,metadata/test/healthy/healthy (40).jpg.json
50,test/healthy/healthy (57).jpg,test,healthy,0.28827530291428316,requires_human_review;candidate_on_healthy_image,unreviewed,none,../segmentation_annotations/masks/test/healthy/healthy%20%2857%29.jpg.png,,metadata/test/healthy/healthy (57).jpg.json
50,test/healthy/healthy (84).jpg,test,healthy,0.7507230324287736,requires_human_review;candidate_on_healthy_image,unreviewed,none,../segmentation_annotations/masks/test/healthy/healthy%20%2884%29.jpg.png,,metadata/test/healthy/healthy (84).jpg.json
50,test/healthy/healthy (88).jpg,test,healthy,0.7179284803594196,requires_human_review;candidate_on_healthy_image,unreviewed,none,../segmentation_annotations/masks/test/healthy/healthy%20%2888%29.jpg.png,,metadata/test/healthy/healthy (88).jpg.json
50,train/healthy/healthy (101).jpg,train,healthy,0.3017766315638656,requires_human_review;candidate_on_healthy_image,unreviewed,none,../segmentation_annotations/masks/train/healthy/healthy%20%28101%29.jpg.png,,metadata/train/healthy/healthy (101).jpg.json
50,train/healthy/healthy (102).jpg,train,healthy,0.26348591870446003,requires_human_review;candidate_on_healthy_image,unreviewed,none,../segmentation_annotations/masks/train/healthy/healthy%20%28102%29.jpg.png,,metadata/train/healthy/healthy (102).jpg.json
50,train/healthy/healthy (104).jpg,validation,healthy,0.17101490272723766,requires_human_review;candidate_on_healthy_image,reviewed,ai_visual,../segmentation_annotations/masks/validation/healthy/healthy%20%28104%29.jpg.png,../boundary_review_20261010/index.html,metadata/validation/healthy/healthy (104).jpg.json
50,train/healthy/healthy (105).jpg,train,healthy,0.09563241151189217,requires_human_review;candidate_on_healthy_image,unreviewed,none,../segmentation_annotations/masks/train/healthy/healthy%20%28105%29.jpg.png,,metadata/train/healthy/healthy (105).jpg.json
50,train/healthy/healthy (106).jpg,train,healthy,0.05585162086058039,requires_human_review;candidate_on_healthy_image,unreviewed,none,../segmentation_annotations/masks/train/healthy/healthy%20%28106%29.jpg.png,,metadata/train/healthy/healthy (106).jpg.json
50,train/healthy/healthy (107).jpg,train,healthy,0.25706116901932125,requires_human_review;candidate_on_healthy_image,unreviewed,none,../segmentation_annotations/masks/train/healthy/healthy%20%28107%29.jpg.png,,metadata/train/healthy/healthy (107).jpg.json
50,train/healthy/healthy (11).jpg,train,healthy,0.2634965998804131,requires_human_review;candidate_on_healthy_image,unreviewed,none,../segmentation_annotations/masks/train/healthy/healthy%20%2811%29.jpg.png,,metadata/train/healthy/healthy (11).jpg.json
50,train/healthy/healthy (110).jpg,train,healthy,0.17908156739009934,requires_human_review;candidate_on_healthy_image,unreviewed,none,../segmentation_annotations/masks/train/healthy/healthy%20%28110%29.jpg.png,,metadata/train/healthy/healthy (110).jpg.json
50,train/healthy/healthy (111).jpg,train,healthy,0.16077664335234662,requires_human_review;candidate_on_healthy_image,unreviewed,none,../segmentation_annotations/masks/train/healthy/healthy%20%28111%29.jpg.png,,metadata/train/healthy/healthy (111).jpg.json
50,train/healthy/healthy (112).jpg,validation,healthy,0.02088627423678073,requires_human_review;candidate_on_healthy_image,unreviewed,none,../segmentation_annotations/masks/validation/healthy/healthy%20%28112%29.jpg.png,,metadata/validation/healthy/healthy (112).jpg.json
50,train/healthy/healthy (114).jpg,train,healthy,0.11790111199364575,requires_human_review;candidate_on_healthy_image,unreviewed,none,../segmentation_annotations/masks/train/healthy/healthy%20%28114%29.jpg.png,,metadata/train/healthy/healthy (114).jpg.json
50,train/healthy/healthy (118).jpg,train,healthy,0.021178027796161483,requires_human_review;candidate_on_healthy_image,unreviewed,none,../segmentation_annotations/masks/train/healthy/healthy%20%28118%29.jpg.png,,metadata/train/healthy/healthy (118).jpg.json
50,train/healthy/healthy (121).jpg,validation,healthy,0.516328297442537,requires_human_review;candidate_on_healthy_image,unreviewed,none,../segmentation_annotations/masks/validation/healthy/healthy%20%28121%29.jpg.png,,metadata/validation/healthy/healthy (121).jpg.json
50,train/healthy/healthy (122).jpg,train,healthy,0.06951372232717085,requires_human_review;candidate_on_healthy_image,unreviewed,none,../segmentation_annotations/masks/train/healthy/healthy%20%28122%29.jpg.png,,metadata/train/healthy/healthy (122).jpg.json
50,train/healthy/healthy (123).jpg,train,healthy,0.1459332281025702,requires_human_review;candidate_on_healthy_image,unreviewed,none,../segmentation_annotations/masks/train/healthy/healthy%20%28123%29.jpg.png,,metadata/train/healthy/healthy (123).jpg.json
50,train/healthy/healthy (13).jpg,train,healthy,0.14404169628050226,requires_human_review;candidate_on_healthy_image,unreviewed,none,../segmentation_annotations/masks/train/healthy/healthy%20%2813%29.jpg.png,,metadata/train/healthy/healthy (13).jpg.json
50,train/healthy/healthy (137).jpg,validation,healthy,1.180671439593763,requires_human_review;candidate_on_healthy_image,unreviewed,none,../segmentation_annotations/masks/validation/healthy/healthy%20%28137%29.jpg.png,,metadata/validation/healthy/healthy (137).jpg.json
50,train/healthy/healthy (139).jpg,train,healthy,0.030121306717051398,requires_human_review;candidate_on_healthy_image,unreviewed,none,../segmentation_annotations/masks/train/healthy/healthy%20%28139%29.jpg.png,,metadata/train/healthy/healthy (139).jpg.json
50,train/healthy/healthy (14).jpg,train,healthy,0.20075024910614853,requires_human_review;candidate_on_healthy_image,unreviewed,none,../segmentation_annotations/masks/train/healthy/healthy%20%2814%29.jpg.png,,metadata/train/healthy/healthy (14).jpg.json
50,train/healthy/healthy (15).jpg,train,healthy,0.5908419497784343,requires_human_review;candidate_on_healthy_image,unreviewed,none,../segmentation_annotations/masks/train/healthy/healthy%20%2815%29.jpg.png,,metadata/train/healthy/healthy (15).jpg.json
50,train/healthy/healthy (155).jpg,train,healthy,1.5027230552006992,requires_human_review;candidate_on_healthy_image,unreviewed,none,../segmentation_annotations/masks/train/healthy/healthy%20%28155%29.jpg.png,,metadata/train/healthy/healthy (155).jpg.json
50,train/healthy/healthy (156).jpg,train,healthy,0.5615959774055572,requires_human_review;candidate_on_healthy_image,unreviewed,none,../segmentation_annotations/masks/train/healthy/healthy%20%28156%29.jpg.png,,metadata/train/healthy/healthy (156).jpg.json
50,train/healthy/healthy (158).jpg,train,healthy,2.622438703578108,requires_human_review;candidate_on_healthy_image,unreviewed,none,../segmentation_annotations/masks/train/healthy/healthy%20%28158%29.jpg.png,,metadata/train/healthy/healthy (158).jpg.json
50,train/healthy/healthy (16).jpg,train,healthy,1.6059596079831766,requires_human_review;candidate_on_healthy_image,unreviewed,none,../segmentation_annotations/masks/train/healthy/healthy%20%2816%29.jpg.png,,metadata/train/healthy/healthy (16).jpg.json
50,train/healthy/healthy (160).jpg,train,healthy,0.8013654434569032,requires_human_review;candidate_on_healthy_image,unreviewed,none,../segmentation_annotations/masks/train/healthy/healthy%20%28160%29.jpg.png,,metadata/train/healthy/healthy (160).jpg.json
50,train/healthy/healthy (161).jpg,train,healthy,4.107711477225529,requires_human_review;candidate_on_healthy_image,unreviewed,none,../segmentation_annotations/masks/train/healthy/healthy%20%28161%29.jpg.png,,metadata/train/healthy/healthy (161).jpg.json
50,train/healthy/healthy (162).jpg,train,healthy,0.4480694176044864,requires_human_review;candidate_on_healthy_image,unreviewed,none,../segmentation_annotations/masks/train/healthy/healthy%20%28162%29.jpg.png,,metadata/train/healthy/healthy (162).jpg.json
50,train/healthy/healthy (164).jpg,train,healthy,0.040995607613469986,requires_human_review;candidate_on_healthy_image,unreviewed,none,../segmentation_annotations/masks/train/healthy/healthy%20%28164%29.jpg.png,,metadata/train/healthy/healthy (164).jpg.json
50,train/healthy/healthy (166).jpg,train,healthy,0.016959766216145696,requires_human_review;candidate_on_healthy_image,unreviewed,none,../segmentation_annotations/masks/train/healthy/healthy%20%28166%29.jpg.png,,metadata/train/healthy/healthy (166).jpg.json
50,train/healthy/healthy (168).jpg,train,healthy,0.46367680173934267,requires_human_review;candidate_on_healthy_image,unreviewed,none,../segmentation_annotations/masks/train/healthy/healthy%20%28168%29.jpg.png,,metadata/train/healthy/healthy (168).jpg.json
50,train/healthy/healthy (169).jpg,train,healthy,2.8179133072563265,requires_human_review;candidate_on_healthy_image,unreviewed,none,../segmentation_annotations/masks/train/healthy/healthy%20%28169%29.jpg.png,,metadata/train/healthy/healthy (169).jpg.json
50,train/healthy/healthy (17).jpg,train,healthy,0.337605610517981,requires_human_review;candidate_on_healthy_image,unreviewed,none,../segmentation_annotations/masks/train/healthy/healthy%20%2817%29.jpg.png,,metadata/train/healthy/healthy (17).jpg.json
50,train/healthy/healthy (170).jpg,validation,healthy,0.2265152851400403,requires_human_review;candidate_on_healthy_image,unreviewed,none,../segmentation_annotations/masks/validation/healthy/healthy%20%28170%29.jpg.png,,metadata/validation/healthy/healthy (170).jpg.json
50,train/healthy/healthy (171).jpg,train,healthy,0.02382115079979514,requires_human_review;candidate_on_healthy_image,unreviewed,none,../segmentation_annotations/masks/train/healthy/healthy%20%28171%29.jpg.png,,metadata/train/healthy/healthy (171).jpg.json
50,train/healthy/healthy (173).jpg,train,healthy,6.334271126393665,requires_human_review;candidate_on_healthy_image,reviewed,ai_visual,../segmentation_annotations/masks/train/healthy/healthy%20%28173%29.jpg.png,../boundary_review_20261010/index.html,metadata/train/healthy/healthy (173).jpg.json
50,train/healthy/healthy (174).jpg,train,healthy,1.8493944936580233,requires_human_review;candidate_on_healthy_image,unreviewed,none,../segmentation_annotations/masks/train/healthy/healthy%20%28174%29.jpg.png,,metadata/train/healthy/healthy (174).jpg.json
50,train/healthy/healthy (176).jpg,train,healthy,1.1663820811570913,requires_human_review;candidate_on_healthy_image,unreviewed,none,../segmentation_annotations/masks/train/healthy/healthy%20%28176%29.jpg.png,,metadata/train/healthy/healthy (176).jpg.json
50,train/healthy/healthy (177).jpg,train,healthy,22.458211212376707,requires_human_review;candidate_on_healthy_image,unreviewed,none,../segmentation_annotations/masks/train/healthy/healthy%20%28177%29.jpg.png,,metadata/train/healthy/healthy (177).jpg.json
50,train/healthy/healthy (178).jpg,train,healthy,0.33973685836061523,requires_human_review;candidate_on_healthy_image,unreviewed,none,../segmentation_annotations/masks/train/healthy/healthy%20%28178%29.jpg.png,,metadata/train/healthy/healthy (178).jpg.json
50,train/healthy/healthy (18).jpg,train,healthy,0.9923163976413127,requires_human_review;candidate_on_healthy_image,unreviewed,none,../segmentation_annotations/masks/train/healthy/healthy%20%2818%29.jpg.png,,metadata/train/healthy/healthy (18).jpg.json
50,train/healthy/healthy (183).jpg,train,healthy,0.01166418802671099,requires_human_review;candidate_on_healthy_image,unreviewed,none,../segmentation_annotations/masks/train/healthy/healthy%20%28183%29.jpg.png,,metadata/train/healthy/healthy (183).jpg.json
50,train/healthy/healthy (184).jpg,train,healthy,0.041050903119868636,requires_human_review;candidate_on_healthy_image,unreviewed,none,../segmentation_annotations/masks/train/healthy/healthy%20%28184%29.jpg.png,,metadata/train/healthy/healthy (184).jpg.json
50,train/healthy/healthy (185).jpg,train,healthy,0.34320889243169034,requires_human_review;candidate_on_healthy_image,unreviewed,none,../segmentation_annotations/masks/train/healthy/healthy%20%28185%29.jpg.png,,metadata/train/healthy/healthy (185).jpg.json
50,train/healthy/healthy (186).jpg,train,healthy,14.40450965497941,requires_human_review;candidate_on_healthy_image,unreviewed,none,../segmentation_annotations/masks/train/healthy/healthy%20%28186%29.jpg.png,,metadata/train/healthy/healthy (186).jpg.json
50,train/healthy/healthy (187).jpg,train,healthy,1.0543368207897401,requires_human_review;candidate_on_healthy_image,unreviewed,none,../segmentation_annotations/masks/train/healthy/healthy%20%28187%29.jpg.png,,metadata/train/healthy/healthy (187).jpg.json
50,train/healthy/healthy (188).jpg,validation,healthy,0.2287558767805768,requires_human_review;candidate_on_healthy_image,unreviewed,none,../segmentation_annotations/masks/validation/healthy/healthy%20%28188%29.jpg.png,,metadata/validation/healthy/healthy (188).jpg.json
50,train/healthy/healthy (19).jpg,train,healthy,0.2784001272686296,requires_human_review;candidate_on_healthy_image,unreviewed,none,../segmentation_annotations/masks/train/healthy/healthy%20%2819%29.jpg.png,,metadata/train/healthy/healthy (19).jpg.json
50,train/healthy/healthy (208).jpg,validation,healthy,0.1364622955751832,requires_human_review;candidate_on_healthy_image,unreviewed,none,../segmentation_annotations/masks/validation/healthy/healthy%20%28208%29.jpg.png,,metadata/validation/healthy/healthy (208).jpg.json
50,train/healthy/healthy (209).jpg,train,healthy,17.14104406577204,requires_human_review;candidate_on_healthy_image,unreviewed,none,../segmentation_annotations/masks/train/healthy/healthy%20%28209%29.jpg.png,,metadata/train/healthy/healthy (209).jpg.json
50,train/healthy/healthy (21).jpg,validation,healthy,0.22704608590355438,requires_human_review;candidate_on_healthy_image,unreviewed,none,../segmentation_annotations/masks/validation/healthy/healthy%20%2821%29.jpg.png,,metadata/validation/healthy/healthy (21).jpg.json
50,train/healthy/healthy (210).jpg,train,healthy,7.140812236718334,requires_human_review;candidate_on_healthy_image,unreviewed,none,../segmentation_annotations/masks/train/healthy/healthy%20%28210%29.jpg.png,,metadata/train/healthy/healthy (210).jpg.json
50,train/healthy/healthy (211).jpg,train,healthy,7.483189043574821,requires_human_review;candidate_on_healthy_image,unreviewed,none,../segmentation_annotations/masks/train/healthy/healthy%20%28211%29.jpg.png,,metadata/train/healthy/healthy (211).jpg.json
50,train/healthy/healthy (212).jpg,train,healthy,7.083722377840025,requires_human_review;candidate_on_healthy_image,reviewed,ai_visual,../segmentation_annotations/masks/train/healthy/healthy%20%28212%29.jpg.png,../boundary_review_20261010/index.html,metadata/train/healthy/healthy (212).jpg.json
50,train/healthy/healthy (216).jpg,train,healthy,24.145813427510554,requires_human_review;candidate_on_healthy_image,unreviewed,none,../segmentation_annotations/masks/train/healthy/healthy%20%28216%29.jpg.png,,metadata/train/healthy/healthy (216).jpg.json
50,train/healthy/healthy (217).jpg,train,healthy,1.2008568928582204,requires_human_review;candidate_on_healthy_image,unreviewed,none,../segmentation_annotations/masks/train/healthy/healthy%20%28217%29.jpg.png,,metadata/train/healthy/healthy (217).jpg.json
50,train/healthy/healthy (22).jpg,train,healthy,0.15398315461392897,requires_human_review;candidate_on_healthy_image,unreviewed,none,../segmentation_annotations/masks/train/healthy/healthy%20%2822%29.jpg.png,,metadata/train/healthy/healthy (22).jpg.json
50,train/healthy/healthy (221).jpg,train,healthy,5.1023525817293,requires_human_review;candidate_on_healthy_image,unreviewed,none,../segmentation_annotations/masks/train/healthy/healthy%20%28221%29.jpg.png,,metadata/train/healthy/healthy (221).jpg.json
50,train/healthy/healthy (223).jpg,validation,healthy,1.1189068497503785,requires_human_review;candidate_on_healthy_image,unreviewed,none,../segmentation_annotations/masks/validation/healthy/healthy%20%28223%29.jpg.png,,metadata/validation/healthy/healthy (223).jpg.json
50,train/healthy/healthy (224).jpg,validation,healthy,0.12072628935677034,requires_human_review;candidate_on_healthy_image,unreviewed,none,../segmentation_annotations/masks/validation/healthy/healthy%20%28224%29.jpg.png,,metadata/validation/healthy/healthy (224).jpg.json
50,train/healthy/healthy (225).jpg,train,healthy,0.8504305304560433,requires_human_review;candidate_on_healthy_image,unreviewed,none,../segmentation_annotations/masks/train/healthy/healthy%20%28225%29.jpg.png,,metadata/train/healthy/healthy (225).jpg.json
50,train/healthy/healthy (226).jpg,train,healthy,0.4075216074163535,requires_human_review;candidate_on_healthy_image,unreviewed,none,../segmentation_annotations/masks/train/healthy/healthy%20%28226%29.jpg.png,,metadata/train/healthy/healthy (226).jpg.json
50,train/healthy/healthy (227).jpg,train,healthy,0.8206488444267912,requires_human_review;candidate_on_healthy_image,unreviewed,none,../segmentation_annotations/masks/train/healthy/healthy%20%28227%29.jpg.png,,metadata/train/healthy/healthy (227).jpg.json
50,train/healthy/healthy (228).jpg,train,healthy,1.3157813072163156,requires_human_review;candidate_on_healthy_image,unreviewed,none,../segmentation_annotations/masks/train/healthy/healthy%20%28228%29.jpg.png,,metadata/train/healthy/healthy (228).jpg.json
50,train/healthy/healthy (23).jpg,train,healthy,1.0936053991828996,requires_human_review;candidate_on_healthy_image,unreviewed,none,../segmentation_annotations/masks/train/healthy/healthy%20%2823%29.jpg.png,,metadata/train/healthy/healthy (23).jpg.json
50,train/healthy/healthy (230).jpg,train,healthy,2.352173126147323,requires_human_review;candidate_on_healthy_image,unreviewed,none,../segmentation_annotations/masks/train/healthy/healthy%20%28230%29.jpg.png,,metadata/train/healthy/healthy (230).jpg.json
50,train/healthy/healthy (232).jpg,train,healthy,0.5519519761492285,requires_human_review;candidate_on_healthy_image,unreviewed,none,../segmentation_annotations/masks/train/healthy/healthy%20%28232%29.jpg.png,,metadata/train/healthy/healthy (232).jpg.json
50,train/healthy/healthy (235).jpg,train,healthy,0.7179284803594196,requires_human_review;candidate_on_healthy_image,unreviewed,none,../segmentation_annotations/masks/train/healthy/healthy%20%28235%29.jpg.png,,metadata/train/healthy/healthy (235).jpg.json
50,train/healthy/healthy (237).jpg,train,healthy,0.1674422226981562,requires_human_review;candidate_on_healthy_image,unreviewed,none,../segmentation_annotations/masks/train/healthy/healthy%20%28237%29.jpg.png,,metadata/train/healthy/healthy (237).jpg.json
50,train/healthy/healthy (241).jpg,train,healthy,0.6031827515400411,requires_human_review;candidate_on_healthy_image,unreviewed,none,../segmentation_annotations/masks/train/healthy/healthy%20%28241%29.jpg.png,,metadata/train/healthy/healthy (241).jpg.json
50,train/healthy/healthy (242).jpg,train,healthy,0.004383729786895936,requires_human_review;candidate_on_healthy_image,unreviewed,none,../segmentation_annotations/masks/train/healthy/healthy%20%28242%29.jpg.png,,metadata/train/healthy/healthy (242).jpg.json
50,train/healthy/healthy (245).jpg,train,healthy,0.07754857864533711,requires_human_review;candidate_on_healthy_image,unreviewed,none,../segmentation_annotations/masks/train/healthy/healthy%20%28245%29.jpg.png,,metadata/train/healthy/healthy (245).jpg.json
50,train/healthy/healthy (250).jpg,train,healthy,0.3571943182593792,requires_human_review;candidate_on_healthy_image,unreviewed,none,../segmentation_annotations/masks/train/healthy/healthy%20%28250%29.jpg.png,,metadata/train/healthy/healthy (250).jpg.json
50,train/healthy/healthy (251).jpg,train,healthy,0.08534663865546219,requires_human_review;candidate_on_healthy_image,reviewed,ai_visual,../segmentation_annotations/masks/train/healthy/healthy%20%28251%29.jpg.png,../boundary_review_20261010/index.html,metadata/train/healthy/healthy (251).jpg.json
50,train/healthy/healthy (252).jpg,validation,healthy,0.17881306785231008,requires_human_review;candidate_on_healthy_image,unreviewed,none,../segmentation_annotations/masks/validation/healthy/healthy%20%28252%29.jpg.png,,metadata/validation/healthy/healthy (252).jpg.json
50,train/healthy/healthy (253).jpg,train,healthy,1.3841268380237937,requires_human_review;candidate_on_healthy_image,unreviewed,none,../segmentation_annotations/masks/train/healthy/healthy%20%28253%29.jpg.png,,metadata/train/healthy/healthy (253).jpg.json
50,train/healthy/healthy (257).jpg,train,healthy,1.3811199659595592,requires_human_review;candidate_on_healthy_image,unreviewed,none,../segmentation_annotations/masks/train/healthy/healthy%20%28257%29.jpg.png,,metadata/train/healthy/healthy (257).jpg.json
50,train/healthy/healthy (258).jpg,train,healthy,2.6412399637458917,requires_human_review;candidate_on_healthy_image,unreviewed,none,../segmentation_annotations/masks/train/healthy/healthy%20%28258%29.jpg.png,,metadata/train/healthy/healthy (258).jpg.json
50,train/healthy/healthy (259).jpg,train,healthy,0.4283334655350202,requires_human_review;candidate_on_healthy_image,unreviewed,none,../segmentation_annotations/masks/train/healthy/healthy%20%28259%29.jpg.png,,metadata/train/healthy/healthy (259).jpg.json
50,train/healthy/healthy (26).jpg,train,healthy,0.1308160090510536,requires_human_review;candidate_on_healthy_image,unreviewed,none,../segmentation_annotations/masks/train/healthy/healthy%20%2826%29.jpg.png,,metadata/train/healthy/healthy (26).jpg.json
50,train/healthy/healthy (268).jpg,train,healthy,0.05452562704471101,requires_human_review;candidate_on_healthy_image,unreviewed,none,../segmentation_annotations/masks/train/healthy/healthy%20%28268%29.jpg.png,,metadata/train/healthy/healthy (268).jpg.json
50,train/healthy/healthy (270).jpg,train,healthy,0.026597513132522108,requires_human_review;candidate_on_healthy_image,unreviewed,none,../segmentation_annotations/masks/train/healthy/healthy%20%28270%29.jpg.png,,metadata/train/healthy/healthy (270).jpg.json
50,train/healthy/healthy (275).jpg,validation,healthy,0.0724720601136667,requires_human_review;candidate_on_healthy_image,unreviewed,none,../segmentation_annotations/masks/validation/healthy/healthy%20%28275%29.jpg.png,,metadata/validation/healthy/healthy (275).jpg.json
50,train/healthy/healthy (276).jpg,train,healthy,0.03956696158707479,requires_human_review;candidate_on_healthy_image,unreviewed,none,../segmentation_annotations/masks/train/healthy/healthy%20%28276%29.jpg.png,,metadata/train/healthy/healthy (276).jpg.json
50,train/healthy/healthy (288).jpg,train,healthy,0.17297748225754017,requires_human_review;candidate_on_healthy_image,unreviewed,none,../segmentation_annotations/masks/train/healthy/healthy%20%28288%29.jpg.png,,metadata/train/healthy/healthy (288).jpg.json
50,train/healthy/healthy (29).jpg,validation,healthy,0.010238558410975734,requires_human_review;candidate_on_healthy_image,unreviewed,none,../segmentation_annotations/masks/validation/healthy/healthy%20%2829%29.jpg.png,,metadata/validation/healthy/healthy (29).jpg.json
50,train/healthy/healthy (291).jpg,train,healthy,0.36989247311827955,requires_human_review;candidate_on_healthy_image,unreviewed,none,../segmentation_annotations/masks/train/healthy/healthy%20%28291%29.jpg.png,,metadata/train/healthy/healthy (291).jpg.json
50,train/healthy/healthy (293).jpg,train,healthy,0.10001901187829092,requires_human_review;candidate_on_healthy_image,unreviewed,none,../segmentation_annotations/masks/train/healthy/healthy%20%28293%29.jpg.png,,metadata/train/healthy/healthy (293).jpg.json
50,train/healthy/healthy (295).jpg,train,healthy,0.08457003455986989,requires_human_review;candidate_on_healthy_image,unreviewed,none,../segmentation_annotations/masks/train/healthy/healthy%20%28295%29.jpg.png,,metadata/train/healthy/healthy (295).jpg.json
50,train/healthy/healthy (297).jpg,train,healthy,0.2022296531334203,requires_human_review;candidate_on_healthy_image,unreviewed,none,../segmentation_annotations/masks/train/healthy/healthy%20%28297%29.jpg.png,,metadata/train/healthy/healthy (297).jpg.json
50,train/healthy/healthy (298).jpg,train,healthy,0.00895736295234683,requires_human_review;candidate_on_healthy_image,reviewed,ai_visual,../segmentation_annotations/masks/train/healthy/healthy%20%28298%29.jpg.png,../boundary_review_20261010/index.html,metadata/train/healthy/healthy (298).jpg.json
50,train/healthy/healthy (300).jpg,validation,healthy,0.021160848902721813,requires_human_review;candidate_on_healthy_image,unreviewed,none,../segmentation_annotations/masks/validation/healthy/healthy%20%28300%29.jpg.png,,metadata/validation/healthy/healthy (300).jpg.json
50,train/healthy/healthy (301).jpg,validation,healthy,0.7087676635874319,requires_human_review;candidate_on_healthy_image,unreviewed,none,../segmentation_annotations/masks/validation/healthy/healthy%20%28301%29.jpg.png,,metadata/validation/healthy/healthy (301).jpg.json
50,train/healthy/healthy (302).jpg,train,healthy,0.7946344956756459,requires_human_review;candidate_on_healthy_image,unreviewed,none,../segmentation_annotations/masks/train/healthy/healthy%20%28302%29.jpg.png,,metadata/train/healthy/healthy (302).jpg.json
50,train/healthy/healthy (304).jpg,train,healthy,0.04241715722281422,requires_human_review;candidate_on_healthy_image,unreviewed,none,../segmentation_annotations/masks/train/healthy/healthy%20%28304%29.jpg.png,,metadata/train/healthy/healthy (304).jpg.json
50,train/healthy/healthy (305).jpg,train,healthy,3.796372975035126,requires_human_review;candidate_on_healthy_image,unreviewed,none,../segmentation_annotations/masks/train/healthy/healthy%20%28305%29.jpg.png,,metadata/train/healthy/healthy (305).jpg.json
50,train/healthy/healthy (306).jpg,train,healthy,0.17729508957579132,requires_human_review;candidate_on_healthy_image,unreviewed,none,../segmentation_annotations/masks/train/healthy/healthy%20%28306%29.jpg.png,,metadata/train/healthy/healthy (306).jpg.json
50,train/healthy/healthy (307).jpg,train,healthy,0.04647189475482658,requires_human_review;candidate_on_healthy_image,unreviewed,none,../segmentation_annotations/masks/train/healthy/healthy%20%28307%29.jpg.png,,metadata/train/healthy/healthy (307).jpg.json
50,train/healthy/healthy (308).jpg,train,healthy,0.2640686578510413,requires_human_review;candidate_on_healthy_image,unreviewed,none,../segmentation_annotations/masks/train/healthy/healthy%20%28308%29.jpg.png,,metadata/train/healthy/healthy (308).jpg.json
50,train/healthy/healthy (31).jpg,train,healthy,0.14189591248226302,requires_human_review;candidate_on_healthy_image,unreviewed,none,../segmentation_annotations/masks/train/healthy/healthy%20%2831%29.jpg.png,,metadata/train/healthy/healthy (31).jpg.json
50,train/healthy/healthy (311).jpg,train,healthy,1.288928581717611,requires_human_review;candidate_on_healthy_image,unreviewed,none,../segmentation_annotations/masks/train/healthy/healthy%20%28311%29.jpg.png,,metadata/train/healthy/healthy (311).jpg.json
50,train/healthy/healthy (312).jpg,train,healthy,0.08664767852853368,requires_human_review;candidate_on_healthy_image,unreviewed,none,../segmentation_annotations/masks/train/healthy/healthy%20%28312%29.jpg.png,,metadata/train/healthy/healthy (312).jpg.json
50,train/healthy/healthy (313).jpg,train,healthy,0.3746155163810503,requires_human_review;candidate_on_healthy_image,unreviewed,none,../segmentation_annotations/masks/train/healthy/healthy%20%28313%29.jpg.png,,metadata/train/healthy/healthy (313).jpg.json
50,train/healthy/healthy (316).jpg,train,healthy,0.0739717920899497,requires_human_review;candidate_on_healthy_image,unreviewed,none,../segmentation_annotations/masks/train/healthy/healthy%20%28316%29.jpg.png,,metadata/train/healthy/healthy (316).jpg.json
50,train/healthy/healthy (317).jpg,validation,healthy,0.08379485970907471,requires_human_review;candidate_on_healthy_image,unreviewed,none,../segmentation_annotations/masks/validation/healthy/healthy%20%28317%29.jpg.png,,metadata/validation/healthy/healthy (317).jpg.json
50,train/healthy/healthy (318).jpg,train,healthy,0.09481412961785281,requires_human_review;candidate_on_healthy_image,unreviewed,none,../segmentation_annotations/masks/train/healthy/healthy%20%28318%29.jpg.png,,metadata/train/healthy/healthy (318).jpg.json
50,train/healthy/healthy (32).jpg,train,healthy,0.05585227074388243,requires_human_review;candidate_on_healthy_image,unreviewed,none,../segmentation_annotations/masks/train/healthy/healthy%20%2832%29.jpg.png,,metadata/train/healthy/healthy (32).jpg.json
50,train/healthy/healthy (321).jpg,validation,healthy,0.16078158282811733,requires_human_review;candidate_on_healthy_image,unreviewed,none,../segmentation_annotations/masks/validation/healthy/healthy%20%28321%29.jpg.png,,metadata/validation/healthy/healthy (321).jpg.json
50,train/healthy/healthy (322).jpg,train,healthy,0.007058595163097665,requires_human_review;candidate_on_healthy_image,unreviewed,none,../segmentation_annotations/masks/train/healthy/healthy%20%28322%29.jpg.png,,metadata/train/healthy/healthy (322).jpg.json
50,train/healthy/healthy (323).jpg,train,healthy,0.2657732390509479,requires_human_review;candidate_on_healthy_image,unreviewed,none,../segmentation_annotations/masks/train/healthy/healthy%20%28323%29.jpg.png,,metadata/train/healthy/healthy (323).jpg.json
50,train/healthy/healthy (326).jpg,train,healthy,0.09895503483217226,requires_human_review;candidate_on_healthy_image,unreviewed,none,../segmentation_annotations/masks/train/healthy/healthy%20%28326%29.jpg.png,,metadata/train/healthy/healthy (326).jpg.json
50,train/healthy/healthy (329).jpg,validation,healthy,0.2717072598616052,requires_human_review;candidate_on_healthy_image,unreviewed,none,../segmentation_annotations/masks/validation/healthy/healthy%20%28329%29.jpg.png,,metadata/validation/healthy/healthy (329).jpg.json
50,train/healthy/healthy (33).jpg,validation,healthy,0.06279860119194208,requires_human_review;candidate_on_healthy_image,unreviewed,none,../segmentation_annotations/masks/validation/healthy/healthy%20%2833%29.jpg.png,,metadata/validation/healthy/healthy (33).jpg.json
50,train/healthy/healthy (330).jpg,train,healthy,0.09692827307792233,requires_human_review;candidate_on_healthy_image,unreviewed,none,../segmentation_annotations/masks/train/healthy/healthy%20%28330%29.jpg.png,,metadata/train/healthy/healthy (330).jpg.json
50,train/healthy/healthy (332).jpg,train,healthy,0.05463223877163724,requires_human_review;candidate_on_healthy_image,unreviewed,none,../segmentation_annotations/masks/train/healthy/healthy%20%28332%29.jpg.png,,metadata/train/healthy/healthy (332).jpg.json
50,train/healthy/healthy (334).jpg,train,healthy,0.02088627423678073,requires_human_review;candidate_on_healthy_image,unreviewed,none,../segmentation_annotations/masks/train/healthy/healthy%20%28334%29.jpg.png,,metadata/train/healthy/healthy (334).jpg.json
50,train/healthy/healthy (335).jpg,train,healthy,0.5660413996660064,requires_human_review;candidate_on_healthy_image,unreviewed,none,../segmentation_annotations/masks/train/healthy/healthy%20%28335%29.jpg.png,,metadata/train/healthy/healthy (335).jpg.json
50,train/healthy/healthy (338).jpg,train,healthy,0.14824960721911132,requires_human_review;candidate_on_healthy_image,unreviewed,none,../segmentation_annotations/masks/train/healthy/healthy%20%28338%29.jpg.png,,metadata/train/healthy/healthy (338).jpg.json
50,train/healthy/healthy (339).jpg,train,healthy,0.5508550855085509,requires_human_review;candidate_on_healthy_image,reviewed,ai_visual,../segmentation_annotations/masks/train/healthy/healthy%20%28339%29.jpg.png,../boundary_review_20261010/index.html,metadata/train/healthy/healthy (339).jpg.json
50,train/healthy/healthy (341).jpg,validation,healthy,0.1452161348065822,requires_human_review;candidate_on_healthy_image,unreviewed,none,../segmentation_annotations/masks/validation/healthy/healthy%20%28341%29.jpg.png,,metadata/validation/healthy/healthy (341).jpg.json
50,train/healthy/healthy (344).jpg,train,healthy,0.014269171455071318,requires_human_review;candidate_on_healthy_image,unreviewed,none,../segmentation_annotations/masks/train/healthy/healthy%20%28344%29.jpg.png,,metadata/train/healthy/healthy (344).jpg.json
50,train/healthy/healthy (345).jpg,train,healthy,0.057662827166223646,requires_human_review;candidate_on_healthy_image,unreviewed,none,../segmentation_annotations/masks/train/healthy/healthy%20%28345%29.jpg.png,,metadata/train/healthy/healthy (345).jpg.json
50,train/healthy/healthy (348).jpg,train,healthy,0.03999360102383619,requires_human_review;candidate_on_healthy_image,unreviewed,none,../segmentation_annotations/masks/train/healthy/healthy%20%28348%29.jpg.png,,metadata/train/healthy/healthy (348).jpg.json
50,train/healthy/healthy (35).jpg,train,healthy,3.1060138406056077,requires_human_review;candidate_on_healthy_image,unreviewed,none,../segmentation_annotations/masks/train/healthy/healthy%20%2835%29.jpg.png,,metadata/train/healthy/healthy (35).jpg.json
50,train/healthy/healthy (36).jpg,validation,healthy,1.808163483656984,requires_human_review;candidate_on_healthy_image,unreviewed,none,../segmentation_annotations/masks/validation/healthy/healthy%20%2836%29.jpg.png,,metadata/validation/healthy/healthy (36).jpg.json
50,train/healthy/healthy (37).jpg,train,healthy,0.31059012123033763,requires_human_review;candidate_on_healthy_image,unreviewed,none,../segmentation_annotations/masks/train/healthy/healthy%20%2837%29.jpg.png,,metadata/train/healthy/healthy (37).jpg.json
50,train/healthy/healthy (39).jpg,train,healthy,0.08406088561867216,requires_human_review;candidate_on_healthy_image,unreviewed,none,../segmentation_annotations/masks/train/healthy/healthy%20%2839%29.jpg.png,,metadata/train/healthy/healthy (39).jpg.json
50,train/healthy/healthy (41).jpg,train,healthy,1.4114631019959714,requires_human_review;candidate_on_healthy_image,unreviewed,none,../segmentation_annotations/masks/train/healthy/healthy%20%2841%29.jpg.png,,metadata/train/healthy/healthy (41).jpg.json
50,train/healthy/healthy (42).jpg,train,healthy,1.6397658867525824,requires_human_review;candidate_on_healthy_image,unreviewed,none,../segmentation_annotations/masks/train/healthy/healthy%20%2842%29.jpg.png,,metadata/train/healthy/healthy (42).jpg.json
50,train/healthy/healthy (43).jpg,train,healthy,0.25706116901932125,requires_human_review;candidate_on_healthy_image,unreviewed,none,../segmentation_annotations/masks/train/healthy/healthy%20%2843%29.jpg.png,,metadata/train/healthy/healthy (43).jpg.json
50,train/healthy/healthy (44).jpg,train,healthy,0.5723070819281888,requires_human_review;candidate_on_healthy_image,unreviewed,none,../segmentation_annotations/masks/train/healthy/healthy%20%2844%29.jpg.png,,metadata/train/healthy/healthy (44).jpg.json
50,train/healthy/healthy (45).jpg,train,healthy,0.12735451800423145,requires_human_review;candidate_on_healthy_image,unreviewed,none,../segmentation_annotations/masks/train/healthy/healthy%20%2845%29.jpg.png,,metadata/train/healthy/healthy (45).jpg.json
50,train/healthy/healthy (46).jpg,validation,healthy,0.6539988286588143,requires_human_review;candidate_on_healthy_image,unreviewed,none,../segmentation_annotations/masks/validation/healthy/healthy%20%2846%29.jpg.png,,metadata/validation/healthy/healthy (46).jpg.json
50,train/healthy/healthy (49).jpg,train,healthy,0.5933239730060238,requires_human_review;candidate_on_healthy_image,unreviewed,none,../segmentation_annotations/masks/train/healthy/healthy%20%2849%29.jpg.png,,metadata/train/healthy/healthy (49).jpg.json
50,train/healthy/healthy (5).jpg,train,healthy,4.138964322502107,requires_human_review;candidate_on_healthy_image,unreviewed,none,../segmentation_annotations/masks/train/healthy/healthy%20%285%29.jpg.png,,metadata/train/healthy/healthy (5).jpg.json
50,train/healthy/healthy (50).jpg,train,healthy,0.14835113890405596,requires_human_review;candidate_on_healthy_image,unreviewed,none,../segmentation_annotations/masks/train/healthy/healthy%20%2850%29.jpg.png,,metadata/train/healthy/healthy (50).jpg.json
50,train/healthy/healthy (51).jpg,train,healthy,0.032650840078906194,requires_human_review;candidate_on_healthy_image,unreviewed,none,../segmentation_annotations/masks/train/healthy/healthy%20%2851%29.jpg.png,,metadata/train/healthy/healthy (51).jpg.json
50,train/healthy/healthy (53).jpg,train,healthy,0.0761535532555644,requires_human_review;candidate_on_healthy_image,unreviewed,none,../segmentation_annotations/masks/train/healthy/healthy%20%2853%29.jpg.png,,metadata/train/healthy/healthy (53).jpg.json
50,train/healthy/healthy (54).jpg,validation,healthy,0.26365757066131396,requires_human_review;candidate_on_healthy_image,unreviewed,none,../segmentation_annotations/masks/validation/healthy/healthy%20%2854%29.jpg.png,,metadata/validation/healthy/healthy (54).jpg.json
50,train/healthy/healthy (55).jpg,validation,healthy,0.2150582319512119,requires_human_review;candidate_on_healthy_image,unreviewed,none,../segmentation_annotations/masks/validation/healthy/healthy%20%2855%29.jpg.png,,metadata/validation/healthy/healthy (55).jpg.json
50,train/healthy/healthy (58).jpg,train,healthy,0.03433874709976798,requires_human_review;candidate_on_healthy_image,unreviewed,none,../segmentation_annotations/masks/train/healthy/healthy%20%2858%29.jpg.png,,metadata/train/healthy/healthy (58).jpg.json
50,train/healthy/healthy (6).jpg,train,healthy,0.30709212763829147,requires_human_review;candidate_on_healthy_image,unreviewed,none,../segmentation_annotations/masks/train/healthy/healthy%20%286%29.jpg.png,,metadata/train/healthy/healthy (6).jpg.json
50,train/healthy/healthy (61).jpg,train,healthy,0.2749931251718707,requires_human_review;candidate_on_healthy_image,unreviewed,none,../segmentation_annotations/masks/train/healthy/healthy%20%2861%29.jpg.png,,metadata/train/healthy/healthy (61).jpg.json
50,train/healthy/healthy (62).jpg,train,healthy,0.5377243772103038,requires_human_review;candidate_on_healthy_image,reviewed,ai_visual,../segmentation_annotations/masks/train/healthy/healthy%20%2862%29.jpg.png,../boundary_review_20261010/index.html,metadata/train/healthy/healthy (62).jpg.json
50,train/healthy/healthy (63).jpg,train,healthy,0.1512013743440096,requires_human_review;candidate_on_healthy_image,unreviewed,none,../segmentation_annotations/masks/train/healthy/healthy%20%2863%29.jpg.png,,metadata/train/healthy/healthy (63).jpg.json
50,train/healthy/healthy (7).jpg,train,healthy,0.14924033304158532,requires_human_review;candidate_on_healthy_image,unreviewed,none,../segmentation_annotations/masks/train/healthy/healthy%20%287%29.jpg.png,,metadata/train/healthy/healthy (7).jpg.json
50,train/healthy/healthy (78).jpg,train,healthy,0.03956696158707479,requires_human_review;candidate_on_healthy_image,unreviewed,none,../segmentation_annotations/masks/train/healthy/healthy%20%2878%29.jpg.png,,metadata/train/healthy/healthy (78).jpg.json
50,train/healthy/healthy (8).jpg,train,healthy,0.027907625758738574,requires_human_review;candidate_on_healthy_image,unreviewed,none,../segmentation_annotations/masks/train/healthy/healthy%20%288%29.jpg.png,,metadata/train/healthy/healthy (8).jpg.json
50,train/healthy/healthy (86).jpg,train,healthy,0.00821160390872346,requires_human_review;candidate_on_healthy_image,unreviewed,none,../segmentation_annotations/masks/train/healthy/healthy%20%2886%29.jpg.png,,metadata/train/healthy/healthy (86).jpg.json
50,train/healthy/healthy (90).jpg,train,healthy,1.288928581717611,requires_human_review;candidate_on_healthy_image,unreviewed,none,../segmentation_annotations/masks/train/healthy/healthy%20%2890%29.jpg.png,,metadata/train/healthy/healthy (90).jpg.json
50,train/healthy/healthy (91).jpg,validation,healthy,0.12265502950176235,requires_human_review;candidate_on_healthy_image,unreviewed,none,../segmentation_annotations/masks/validation/healthy/healthy%20%2891%29.jpg.png,,metadata/validation/healthy/healthy (91).jpg.json
50,train/healthy/healthy (92).jpg,train,healthy,0.05191689715978768,requires_human_review;candidate_on_healthy_image,unreviewed,none,../segmentation_annotations/masks/train/healthy/healthy%20%2892%29.jpg.png,,metadata/train/healthy/healthy (92).jpg.json
50,train/healthy/healthy (93).jpg,validation,healthy,0.004383729786895936,requires_human_review;candidate_on_healthy_image,unreviewed,none,../segmentation_annotations/masks/validation/healthy/healthy%20%2893%29.jpg.png,,metadata/validation/healthy/healthy (93).jpg.json
50,train/healthy/healthy (94).jpg,train,healthy,0.7643747414614845,requires_human_review;candidate_on_healthy_image,unreviewed,none,../segmentation_annotations/masks/train/healthy/healthy%20%2894%29.jpg.png,,metadata/train/healthy/healthy (94).jpg.json
50,train/healthy/healthy (95).jpg,train,healthy,0.5508550855085509,requires_human_review;candidate_on_healthy_image,unreviewed,none,../segmentation_annotations/masks/train/healthy/healthy%20%2895%29.jpg.png,,metadata/train/healthy/healthy (95).jpg.json
50,train/healthy/healthy (96).jpg,train,healthy,0.014269171455071318,requires_human_review;candidate_on_healthy_image,unreviewed,none,../segmentation_annotations/masks/train/healthy/healthy%20%2896%29.jpg.png,,metadata/train/healthy/healthy (96).jpg.json
50,train/healthy/healthy (99).jpg,train,healthy,0.020393513231311385,requires_human_review;candidate_on_healthy_image,unreviewed,none,../segmentation_annotations/masks/train/healthy/healthy%20%2899%29.jpg.png,,metadata/train/healthy/healthy (99).jpg.json
40,test/bacterial_leaf_blight/bacterial_leaf_blight (155).jpg,test,bacterial_leaf_blight,0.0,requires_human_review;no_candidate_on_diseased_image,unreviewed,none,../segmentation_annotations/masks/test/bacterial_leaf_blight/bacterial_leaf_blight%20%28155%29.jpg.png,,metadata/test/bacterial_leaf_blight/bacterial_leaf_blight (155).jpg.json
40,test/leaf_blast/leaf_blast (295).jpg,test,leaf_blast,0.0,requires_human_review;no_candidate_on_diseased_image,unreviewed,none,../segmentation_annotations/masks/test/leaf_blast/leaf_blast%20%28295%29.jpg.png,,metadata/test/leaf_blast/leaf_blast (295).jpg.json
40,test/leaf_blast/leaf_blast (9).jpg,test,leaf_blast,0.0,requires_human_review;no_candidate_on_diseased_image,unreviewed,none,../segmentation_annotations/masks/test/leaf_blast/leaf_blast%20%289%29.jpg.png,,metadata/test/leaf_blast/leaf_blast (9).jpg.json
40,train/bacterial_leaf_blight/bacterial_leaf_blight (226).jpg,train,bacterial_leaf_blight,0.0,requires_human_review;no_candidate_on_diseased_image,unreviewed,none,../segmentation_annotations/masks/train/bacterial_leaf_blight/bacterial_leaf_blight%20%28226%29.jpg.png,,metadata/train/bacterial_leaf_blight/bacterial_leaf_blight (226).jpg.json
40,train/bacterial_leaf_blight/bacterial_leaf_blight (253).JPG,train,bacterial_leaf_blight,0.0,requires_human_review;no_candidate_on_diseased_image,unreviewed,none,../segmentation_annotations/masks/train/bacterial_leaf_blight/bacterial_leaf_blight%20%28253%29.JPG.png,,metadata/train/bacterial_leaf_blight/bacterial_leaf_blight (253).JPG.json
40,train/bacterial_leaf_blight/bacterial_leaf_blight (262).JPG,train,bacterial_leaf_blight,0.0,requires_human_review;no_candidate_on_diseased_image,unreviewed,none,../segmentation_annotations/masks/train/bacterial_leaf_blight/bacterial_leaf_blight%20%28262%29.JPG.png,,metadata/train/bacterial_leaf_blight/bacterial_leaf_blight (262).JPG.json
40,train/bacterial_leaf_blight/bacterial_leaf_blight (271).jpg,train,bacterial_leaf_blight,0.0,requires_human_review;no_candidate_on_diseased_image,unreviewed,none,../segmentation_annotations/masks/train/bacterial_leaf_blight/bacterial_leaf_blight%20%28271%29.jpg.png,,metadata/train/bacterial_leaf_blight/bacterial_leaf_blight (271).jpg.json
40,train/bacterial_leaf_blight/bacterial_leaf_blight (280).jpg,validation,bacterial_leaf_blight,0.0,requires_human_review;no_candidate_on_diseased_image,unreviewed,none,../segmentation_annotations/masks/validation/bacterial_leaf_blight/bacterial_leaf_blight%20%28280%29.jpg.png,,metadata/validation/bacterial_leaf_blight/bacterial_leaf_blight (280).jpg.json
40,train/bacterial_leaf_blight/bacterial_leaf_blight (29).JPG,validation,bacterial_leaf_blight,0.0,requires_human_review;no_candidate_on_diseased_image,unreviewed,none,../segmentation_annotations/masks/validation/bacterial_leaf_blight/bacterial_leaf_blight%20%2829%29.JPG.png,,metadata/validation/bacterial_leaf_blight/bacterial_leaf_blight (29).JPG.json
40,train/bacterial_leaf_blight/bacterial_leaf_blight (38).JPG,train,bacterial_leaf_blight,0.0,requires_human_review;no_candidate_on_diseased_image,unreviewed,none,../segmentation_annotations/masks/train/bacterial_leaf_blight/bacterial_leaf_blight%20%2838%29.JPG.png,,metadata/train/bacterial_leaf_blight/bacterial_leaf_blight (38).JPG.json
40,train/brown_spot/brown_spot (285).jpg,validation,brown_spot,0.0,requires_human_review;no_candidate_on_diseased_image,unreviewed,none,../segmentation_annotations/masks/validation/brown_spot/brown_spot%20%28285%29.jpg.png,,metadata/validation/brown_spot/brown_spot (285).jpg.json
40,train/leaf_blast/leaf_blast (10).jpg,train,leaf_blast,0.0,requires_human_review;no_candidate_on_diseased_image,unreviewed,none,../segmentation_annotations/masks/train/leaf_blast/leaf_blast%20%2810%29.jpg.png,,metadata/train/leaf_blast/leaf_blast (10).jpg.json
40,train/leaf_blast/leaf_blast (12).jpg,train,leaf_blast,0.0,requires_human_review;no_candidate_on_diseased_image,unreviewed,none,../segmentation_annotations/masks/train/leaf_blast/leaf_blast%20%2812%29.jpg.png,,metadata/train/leaf_blast/leaf_blast (12).jpg.json
40,train/leaf_blast/leaf_blast (165).jpg,train,leaf_blast,0.0,requires_human_review;no_candidate_on_diseased_image,unreviewed,none,../segmentation_annotations/masks/train/leaf_blast/leaf_blast%20%28165%29.jpg.png,,metadata/train/leaf_blast/leaf_blast (165).jpg.json
40,train/leaf_blast/leaf_blast (255).jpg,train,leaf_blast,0.0,requires_human_review;no_candidate_on_diseased_image,unreviewed,none,../segmentation_annotations/masks/train/leaf_blast/leaf_blast%20%28255%29.jpg.png,,metadata/train/leaf_blast/leaf_blast (255).jpg.json
40,train/leaf_blast/leaf_blast (272).jpg,validation,leaf_blast,0.0,requires_human_review;no_candidate_on_diseased_image,unreviewed,none,../segmentation_annotations/masks/validation/leaf_blast/leaf_blast%20%28272%29.jpg.png,,metadata/validation/leaf_blast/leaf_blast (272).jpg.json
40,train/leaf_blast/leaf_blast (283).jpg,train,leaf_blast,0.0,requires_human_review;no_candidate_on_diseased_image,unreviewed,none,../segmentation_annotations/masks/train/leaf_blast/leaf_blast%20%28283%29.jpg.png,,metadata/train/leaf_blast/leaf_blast (283).jpg.json
40,train/leaf_blast/leaf_blast (286).jpg,train,leaf_blast,0.0,requires_human_review;no_candidate_on_diseased_image,unreviewed,none,../segmentation_annotations/masks/train/leaf_blast/leaf_blast%20%28286%29.jpg.png,,metadata/train/leaf_blast/leaf_blast (286).jpg.json
40,train/leaf_blast/leaf_blast (293).jpg,train,leaf_blast,0.0,requires_human_review;no_candidate_on_diseased_image,unreviewed,none,../segmentation_annotations/masks/train/leaf_blast/leaf_blast%20%28293%29.jpg.png,,metadata/train/leaf_blast/leaf_blast (293).jpg.json
40,train/leaf_blast/leaf_blast (294).jpg,validation,leaf_blast,0.0,requires_human_review;no_candidate_on_diseased_image,unreviewed,none,../segmentation_annotations/masks/validation/leaf_blast/leaf_blast%20%28294%29.jpg.png,,metadata/validation/leaf_blast/leaf_blast (294).jpg.json
40,train/leaf_blast/leaf_blast (297).jpg,train,leaf_blast,0.0,requires_human_review;no_candidate_on_diseased_image,unreviewed,none,../segmentation_annotations/masks/train/leaf_blast/leaf_blast%20%28297%29.jpg.png,,metadata/train/leaf_blast/leaf_blast (297).jpg.json
40,train/leaf_blast/leaf_blast (327).jpg,train,leaf_blast,0.0,requires_human_review;no_candidate_on_diseased_image,unreviewed,none,../segmentation_annotations/masks/train/leaf_blast/leaf_blast%20%28327%29.jpg.png,,metadata/train/leaf_blast/leaf_blast (327).jpg.json
40,train/leaf_blast/leaf_blast (346).jpg,validation,leaf_blast,0.0,requires_human_review;no_candidate_on_diseased_image,unreviewed,none,../segmentation_annotations/masks/validation/leaf_blast/leaf_blast%20%28346%29.jpg.png,,metadata/validation/leaf_blast/leaf_blast (346).jpg.json
40,train/leaf_blast/leaf_blast (8).jpg,validation,leaf_blast,0.0,requires_human_review;no_candidate_on_diseased_image,unreviewed,none,../segmentation_annotations/masks/validation/leaf_blast/leaf_blast%20%288%29.jpg.png,,metadata/validation/leaf_blast/leaf_blast (8).jpg.json
0,test/bacterial_leaf_blight/bacterial_leaf_blight (10).JPG,test,bacterial_leaf_blight,14.066941984393463,requires_human_review,unreviewed,none,../segmentation_annotations/masks/test/bacterial_leaf_blight/bacterial_leaf_blight%20%2810%29.JPG.png,,metadata/test/bacterial_leaf_blight/bacterial_leaf_blight (10).JPG.json
0,test/bacterial_leaf_blight/bacterial_leaf_blight (115).JPG,test,bacterial_leaf_blight,8.223840331726326,requires_human_review,unreviewed,none,../segmentation_annotations/masks/test/bacterial_leaf_blight/bacterial_leaf_blight%20%28115%29.JPG.png,,metadata/test/bacterial_leaf_blight/bacterial_leaf_blight (115).JPG.json
0,test/bacterial_leaf_blight/bacterial_leaf_blight (125).jpg,test,bacterial_leaf_blight,0.035914292671049425,requires_human_review,unreviewed,none,../segmentation_annotations/masks/test/bacterial_leaf_blight/bacterial_leaf_blight%20%28125%29.jpg.png,,metadata/test/bacterial_leaf_blight/bacterial_leaf_blight (125).jpg.json
0,test/bacterial_leaf_blight/bacterial_leaf_blight (129).JPG,test,bacterial_leaf_blight,5.556218942031249,requires_human_review,unreviewed,none,../segmentation_annotations/masks/test/bacterial_leaf_blight/bacterial_leaf_blight%20%28129%29.JPG.png,,metadata/test/bacterial_leaf_blight/bacterial_leaf_blight (129).JPG.json
0,test/bacterial_leaf_blight/bacterial_leaf_blight (133).JPG,test,bacterial_leaf_blight,1.7572779543644064,requires_human_review,unreviewed,none,../segmentation_annotations/masks/test/bacterial_leaf_blight/bacterial_leaf_blight%20%28133%29.JPG.png,,metadata/test/bacterial_leaf_blight/bacterial_leaf_blight (133).JPG.json
0,test/bacterial_leaf_blight/bacterial_leaf_blight (134).JPG,test,bacterial_leaf_blight,0.38455336988068367,requires_human_review,unreviewed,none,../segmentation_annotations/masks/test/bacterial_leaf_blight/bacterial_leaf_blight%20%28134%29.JPG.png,,metadata/test/bacterial_leaf_blight/bacterial_leaf_blight (134).JPG.json
0,test/bacterial_leaf_blight/bacterial_leaf_blight (136).jpg,test,bacterial_leaf_blight,0.004815332017142582,requires_human_review,unreviewed,none,../segmentation_annotations/masks/test/bacterial_leaf_blight/bacterial_leaf_blight%20%28136%29.jpg.png,,metadata/test/bacterial_leaf_blight/bacterial_leaf_blight (136).jpg.json
0,test/bacterial_leaf_blight/bacterial_leaf_blight (137).JPG,test,bacterial_leaf_blight,0.7992090302381148,requires_human_review,unreviewed,none,../segmentation_annotations/masks/test/bacterial_leaf_blight/bacterial_leaf_blight%20%28137%29.JPG.png,,metadata/test/bacterial_leaf_blight/bacterial_leaf_blight (137).JPG.json
0,test/bacterial_leaf_blight/bacterial_leaf_blight (142).JPG,test,bacterial_leaf_blight,0.31460428834425846,requires_human_review,unreviewed,none,../segmentation_annotations/masks/test/bacterial_leaf_blight/bacterial_leaf_blight%20%28142%29.JPG.png,,metadata/test/bacterial_leaf_blight/bacterial_leaf_blight (142).JPG.json
0,test/bacterial_leaf_blight/bacterial_leaf_blight (147).JPG,test,bacterial_leaf_blight,1.495426222988201,requires_human_review,unreviewed,none,../segmentation_annotations/masks/test/bacterial_leaf_blight/bacterial_leaf_blight%20%28147%29.JPG.png,,metadata/test/bacterial_leaf_blight/bacterial_leaf_blight (147).JPG.json
0,test/bacterial_leaf_blight/bacterial_leaf_blight (153).JPG,test,bacterial_leaf_blight,1.3011720740614914,requires_human_review,unreviewed,none,../segmentation_annotations/masks/test/bacterial_leaf_blight/bacterial_leaf_blight%20%28153%29.JPG.png,,metadata/test/bacterial_leaf_blight/bacterial_leaf_blight (153).JPG.json
0,test/bacterial_leaf_blight/bacterial_leaf_blight (157).jpg,test,bacterial_leaf_blight,15.149230285893811,requires_human_review,unreviewed,none,../segmentation_annotations/masks/test/bacterial_leaf_blight/bacterial_leaf_blight%20%28157%29.jpg.png,,metadata/test/bacterial_leaf_blight/bacterial_leaf_blight (157).jpg.json
0,test/bacterial_leaf_blight/bacterial_leaf_blight (176).JPG,test,bacterial_leaf_blight,1.7287933200851922,requires_human_review,unreviewed,none,../segmentation_annotations/masks/test/bacterial_leaf_blight/bacterial_leaf_blight%20%28176%29.JPG.png,,metadata/test/bacterial_leaf_blight/bacterial_leaf_blight (176).JPG.json
0,test/bacterial_leaf_blight/bacterial_leaf_blight (177).JPG,test,bacterial_leaf_blight,2.548944569771189,requires_human_review,unreviewed,none,../segmentation_annotations/masks/test/bacterial_leaf_blight/bacterial_leaf_blight%20%28177%29.JPG.png,,metadata/test/bacterial_leaf_blight/bacterial_leaf_blight (177).JPG.json
0,test/bacterial_leaf_blight/bacterial_leaf_blight (178).JPG,test,bacterial_leaf_blight,8.36296681518546,requires_human_review,unreviewed,none,../segmentation_annotations/masks/test/bacterial_leaf_blight/bacterial_leaf_blight%20%28178%29.JPG.png,,metadata/test/bacterial_leaf_blight/bacterial_leaf_blight (178).JPG.json
0,test/bacterial_leaf_blight/bacterial_leaf_blight (180).JPG,test,bacterial_leaf_blight,3.6322200586020283,requires_human_review,unreviewed,none,../segmentation_annotations/masks/test/bacterial_leaf_blight/bacterial_leaf_blight%20%28180%29.JPG.png,,metadata/test/bacterial_leaf_blight/bacterial_leaf_blight (180).JPG.json
0,test/bacterial_leaf_blight/bacterial_leaf_blight (181).JPG,test,bacterial_leaf_blight,1.917646219249865,requires_human_review,unreviewed,none,../segmentation_annotations/masks/test/bacterial_leaf_blight/bacterial_leaf_blight%20%28181%29.JPG.png,,metadata/test/bacterial_leaf_blight/bacterial_leaf_blight (181).JPG.json
0,test/bacterial_leaf_blight/bacterial_leaf_blight (182).jpg,test,bacterial_leaf_blight,11.863457729756634,requires_human_review,unreviewed,none,../segmentation_annotations/masks/test/bacterial_leaf_blight/bacterial_leaf_blight%20%28182%29.jpg.png,,metadata/test/bacterial_leaf_blight/bacterial_leaf_blight (182).jpg.json
0,test/bacterial_leaf_blight/bacterial_leaf_blight (190).JPG,test,bacterial_leaf_blight,12.136747100360429,requires_human_review,unreviewed,none,../segmentation_annotations/masks/test/bacterial_leaf_blight/bacterial_leaf_blight%20%28190%29.JPG.png,,metadata/test/bacterial_leaf_blight/bacterial_leaf_blight (190).JPG.json
0,test/bacterial_leaf_blight/bacterial_leaf_blight (193).jpg,test,bacterial_leaf_blight,7.402470542746087,requires_human_review,unreviewed,none,../segmentation_annotations/masks/test/bacterial_leaf_blight/bacterial_leaf_blight%20%28193%29.jpg.png,,metadata/test/bacterial_leaf_blight/bacterial_leaf_blight (193).jpg.json
0,test/bacterial_leaf_blight/bacterial_leaf_blight (194).JPG,test,bacterial_leaf_blight,7.0739364944280245,requires_human_review,unreviewed,none,../segmentation_annotations/masks/test/bacterial_leaf_blight/bacterial_leaf_blight%20%28194%29.JPG.png,,metadata/test/bacterial_leaf_blight/bacterial_leaf_blight (194).JPG.json
0,test/bacterial_leaf_blight/bacterial_leaf_blight (204).JPG,test,bacterial_leaf_blight,3.5406656829465084,requires_human_review,unreviewed,none,../segmentation_annotations/masks/test/bacterial_leaf_blight/bacterial_leaf_blight%20%28204%29.JPG.png,,metadata/test/bacterial_leaf_blight/bacterial_leaf_blight (204).JPG.json
0,test/bacterial_leaf_blight/bacterial_leaf_blight (210).jpg,test,bacterial_leaf_blight,15.058858405133256,requires_human_review,unreviewed,none,../segmentation_annotations/masks/test/bacterial_leaf_blight/bacterial_leaf_blight%20%28210%29.jpg.png,,metadata/test/bacterial_leaf_blight/bacterial_leaf_blight (210).jpg.json
0,test/bacterial_leaf_blight/bacterial_leaf_blight (216).JPG,test,bacterial_leaf_blight,6.014569776786872,requires_human_review,unreviewed,none,../segmentation_annotations/masks/test/bacterial_leaf_blight/bacterial_leaf_blight%20%28216%29.JPG.png,,metadata/test/bacterial_leaf_blight/bacterial_leaf_blight (216).JPG.json
0,test/bacterial_leaf_blight/bacterial_leaf_blight (219).JPG,test,bacterial_leaf_blight,6.033074988983644,requires_human_review,unreviewed,none,../segmentation_annotations/masks/test/bacterial_leaf_blight/bacterial_leaf_blight%20%28219%29.JPG.png,,metadata/test/bacterial_leaf_blight/bacterial_leaf_blight (219).JPG.json
0,test/bacterial_leaf_blight/bacterial_leaf_blight (223).jpg,test,bacterial_leaf_blight,0.018819986826009223,requires_human_review,unreviewed,none,../segmentation_annotations/masks/test/bacterial_leaf_blight/bacterial_leaf_blight%20%28223%29.jpg.png,,metadata/test/bacterial_leaf_blight/bacterial_leaf_blight (223).jpg.json
0,test/bacterial_leaf_blight/bacterial_leaf_blight (224).jpg,test,bacterial_leaf_blight,19.85991030560821,requires_human_review;multiple_leaf_components,unreviewed,none,../segmentation_annotations/masks/test/bacterial_leaf_blight/bacterial_leaf_blight%20%28224%29.jpg.png,,metadata/test/bacterial_leaf_blight/bacterial_leaf_blight (224).jpg.json
0,test/bacterial_leaf_blight/bacterial_leaf_blight (229).JPG,test,bacterial_leaf_blight,2.1838597563304436,requires_human_review,unreviewed,none,../segmentation_annotations/masks/test/bacterial_leaf_blight/bacterial_leaf_blight%20%28229%29.JPG.png,,metadata/test/bacterial_leaf_blight/bacterial_leaf_blight (229).JPG.json
0,test/bacterial_leaf_blight/bacterial_leaf_blight (232).JPG,test,bacterial_leaf_blight,1.7008198437356066,requires_human_review,unreviewed,none,../segmentation_annotations/masks/test/bacterial_leaf_blight/bacterial_leaf_blight%20%28232%29.JPG.png,,metadata/test/bacterial_leaf_blight/bacterial_leaf_blight (232).JPG.json
0,test/bacterial_leaf_blight/bacterial_leaf_blight (236).JPG,test,bacterial_leaf_blight,5.197423690842901,requires_human_review,unreviewed,none,../segmentation_annotations/masks/test/bacterial_leaf_blight/bacterial_leaf_blight%20%28236%29.JPG.png,,metadata/test/bacterial_leaf_blight/bacterial_leaf_blight (236).JPG.json
0,test/bacterial_leaf_blight/bacterial_leaf_blight (239).JPG,test,bacterial_leaf_blight,0.751919795221843,requires_human_review,unreviewed,none,../segmentation_annotations/masks/test/bacterial_leaf_blight/bacterial_leaf_blight%20%28239%29.JPG.png,,metadata/test/bacterial_leaf_blight/bacterial_leaf_blight (239).JPG.json
0,test/bacterial_leaf_blight/bacterial_leaf_blight (241).JPG,test,bacterial_leaf_blight,5.9078962404296655,requires_human_review,unreviewed,none,../segmentation_annotations/masks/test/bacterial_leaf_blight/bacterial_leaf_blight%20%28241%29.JPG.png,,metadata/test/bacterial_leaf_blight/bacterial_leaf_blight (241).JPG.json
0,test/bacterial_leaf_blight/bacterial_leaf_blight (243).JPG,test,bacterial_leaf_blight,1.2665573356881543,requires_human_review,unreviewed,none,../segmentation_annotations/masks/test/bacterial_leaf_blight/bacterial_leaf_blight%20%28243%29.JPG.png,,metadata/test/bacterial_leaf_blight/bacterial_leaf_blight (243).JPG.json
0,test/bacterial_leaf_blight/bacterial_leaf_blight (246).JPG,test,bacterial_leaf_blight,0.9360722750850194,requires_human_review,unreviewed,none,../segmentation_annotations/masks/test/bacterial_leaf_blight/bacterial_leaf_blight%20%28246%29.JPG.png,,metadata/test/bacterial_leaf_blight/bacterial_leaf_blight (246).JPG.json
0,test/bacterial_leaf_blight/bacterial_leaf_blight (247).JPG,test,bacterial_leaf_blight,3.427232940886396,requires_human_review,unreviewed,none,../segmentation_annotations/masks/test/bacterial_leaf_blight/bacterial_leaf_blight%20%28247%29.JPG.png,,metadata/test/bacterial_leaf_blight/bacterial_leaf_blight (247).JPG.json
0,test/bacterial_leaf_blight/bacterial_leaf_blight (248).JPG,test,bacterial_leaf_blight,3.4992848605967986,requires_human_review,unreviewed,none,../segmentation_annotations/masks/test/bacterial_leaf_blight/bacterial_leaf_blight%20%28248%29.JPG.png,,metadata/test/bacterial_leaf_blight/bacterial_leaf_blight (248).JPG.json
0,test/bacterial_leaf_blight/bacterial_leaf_blight (250).JPG,test,bacterial_leaf_blight,7.854049479814824,requires_human_review,unreviewed,none,../segmentation_annotations/masks/test/bacterial_leaf_blight/bacterial_leaf_blight%20%28250%29.JPG.png,,metadata/test/bacterial_leaf_blight/bacterial_leaf_blight (250).JPG.json
0,test/bacterial_leaf_blight/bacterial_leaf_blight (258).JPG,test,bacterial_leaf_blight,1.397639334010787,requires_human_review,unreviewed,none,../segmentation_annotations/masks/test/bacterial_leaf_blight/bacterial_leaf_blight%20%28258%29.JPG.png,,metadata/test/bacterial_leaf_blight/bacterial_leaf_blight (258).JPG.json
0,test/bacterial_leaf_blight/bacterial_leaf_blight (275).JPG,test,bacterial_leaf_blight,5.141320987193369,requires_human_review,unreviewed,none,../segmentation_annotations/masks/test/bacterial_leaf_blight/bacterial_leaf_blight%20%28275%29.JPG.png,,metadata/test/bacterial_leaf_blight/bacterial_leaf_blight (275).JPG.json
0,test/bacterial_leaf_blight/bacterial_leaf_blight (278).JPG,test,bacterial_leaf_blight,0.09293023710796755,requires_human_review,unreviewed,none,../segmentation_annotations/masks/test/bacterial_leaf_blight/bacterial_leaf_blight%20%28278%29.JPG.png,,metadata/test/bacterial_leaf_blight/bacterial_leaf_blight (278).JPG.json
0,test/bacterial_leaf_blight/bacterial_leaf_blight (284).JPG,test,bacterial_leaf_blight,1.40150295222759,requires_human_review,unreviewed,none,../segmentation_annotations/masks/test/bacterial_leaf_blight/bacterial_leaf_blight%20%28284%29.JPG.png,,metadata/test/bacterial_leaf_blight/bacterial_leaf_blight (284).JPG.json
0,test/bacterial_leaf_blight/bacterial_leaf_blight (291).JPG,test,bacterial_leaf_blight,4.568490409187475,requires_human_review,unreviewed,none,../segmentation_annotations/masks/test/bacterial_leaf_blight/bacterial_leaf_blight%20%28291%29.JPG.png,,metadata/test/bacterial_leaf_blight/bacterial_leaf_blight (291).JPG.json
0,test/bacterial_leaf_blight/bacterial_leaf_blight (310).JPG,test,bacterial_leaf_blight,3.2003105278303874,requires_human_review,unreviewed,none,../segmentation_annotations/masks/test/bacterial_leaf_blight/bacterial_leaf_blight%20%28310%29.JPG.png,,metadata/test/bacterial_leaf_blight/bacterial_leaf_blight (310).JPG.json
0,test/bacterial_leaf_blight/bacterial_leaf_blight (314).JPG,test,bacterial_leaf_blight,0.8239346646464237,requires_human_review,unreviewed,none,../segmentation_annotations/masks/test/bacterial_leaf_blight/bacterial_leaf_blight%20%28314%29.JPG.png,,metadata/test/bacterial_leaf_blight/bacterial_leaf_blight (314).JPG.json
0,test/bacterial_leaf_blight/bacterial_leaf_blight (319).JPG,test,bacterial_leaf_blight,0.7156285615021706,requires_human_review,unreviewed,none,../segmentation_annotations/masks/test/bacterial_leaf_blight/bacterial_leaf_blight%20%28319%29.JPG.png,,metadata/test/bacterial_leaf_blight/bacterial_leaf_blight (319).JPG.json
0,test/bacterial_leaf_blight/bacterial_leaf_blight (320).JPG,test,bacterial_leaf_blight,3.794465230994311,requires_human_review,unreviewed,none,../segmentation_annotations/masks/test/bacterial_leaf_blight/bacterial_leaf_blight%20%28320%29.JPG.png,,metadata/test/bacterial_leaf_blight/bacterial_leaf_blight (320).JPG.json
0,test/bacterial_leaf_blight/bacterial_leaf_blight (323).JPG,test,bacterial_leaf_blight,10.650564087272004,requires_human_review,unreviewed,none,../segmentation_annotations/masks/test/bacterial_leaf_blight/bacterial_leaf_blight%20%28323%29.JPG.png,,metadata/test/bacterial_leaf_blight/bacterial_leaf_blight (323).JPG.json
0,test/bacterial_leaf_blight/bacterial_leaf_blight (327).JPG,test,bacterial_leaf_blight,0.009658265375538553,requires_human_review,unreviewed,none,../segmentation_annotations/masks/test/bacterial_leaf_blight/bacterial_leaf_blight%20%28327%29.JPG.png,,metadata/test/bacterial_leaf_blight/bacterial_leaf_blight (327).JPG.json
0,test/bacterial_leaf_blight/bacterial_leaf_blight (334).jpg,test,bacterial_leaf_blight,7.217619482855206,requires_human_review,unreviewed,none,../segmentation_annotations/masks/test/bacterial_leaf_blight/bacterial_leaf_blight%20%28334%29.jpg.png,,metadata/test/bacterial_leaf_blight/bacterial_leaf_blight (334).jpg.json
0,test/bacterial_leaf_blight/bacterial_leaf_blight (335).JPG,test,bacterial_leaf_blight,0.4382007294340132,requires_human_review,unreviewed,none,../segmentation_annotations/masks/test/bacterial_leaf_blight/bacterial_leaf_blight%20%28335%29.JPG.png,,metadata/test/bacterial_leaf_blight/bacterial_leaf_blight (335).JPG.json
0,test/bacterial_leaf_blight/bacterial_leaf_blight (37).JPG,test,bacterial_leaf_blight,5.606595995288575,requires_human_review,unreviewed,none,../segmentation_annotations/masks/test/bacterial_leaf_blight/bacterial_leaf_blight%20%2837%29.JPG.png,,metadata/test/bacterial_leaf_blight/bacterial_leaf_blight (37).JPG.json
0,test/bacterial_leaf_blight/bacterial_leaf_blight (42).JPG,test,bacterial_leaf_blight,9.828396090612925,requires_human_review,unreviewed,none,../segmentation_annotations/masks/test/bacterial_leaf_blight/bacterial_leaf_blight%20%2842%29.JPG.png,,metadata/test/bacterial_leaf_blight/bacterial_leaf_blight (42).JPG.json
0,test/bacterial_leaf_blight/bacterial_leaf_blight (47).JPG,test,bacterial_leaf_blight,0.549187358665018,requires_human_review,unreviewed,none,../segmentation_annotations/masks/test/bacterial_leaf_blight/bacterial_leaf_blight%20%2847%29.JPG.png,,metadata/test/bacterial_leaf_blight/bacterial_leaf_blight (47).JPG.json
0,test/bacterial_leaf_blight/bacterial_leaf_blight (49).JPG,test,bacterial_leaf_blight,3.1314422363321515,requires_human_review,unreviewed,none,../segmentation_annotations/masks/test/bacterial_leaf_blight/bacterial_leaf_blight%20%2849%29.JPG.png,,metadata/test/bacterial_leaf_blight/bacterial_leaf_blight (49).JPG.json
0,test/bacterial_leaf_blight/bacterial_leaf_blight (5).jpg,test,bacterial_leaf_blight,0.17618187341124558,requires_human_review,unreviewed,none,../segmentation_annotations/masks/test/bacterial_leaf_blight/bacterial_leaf_blight%20%285%29.jpg.png,,metadata/test/bacterial_leaf_blight/bacterial_leaf_blight (5).jpg.json
0,test/bacterial_leaf_blight/bacterial_leaf_blight (58).JPG,test,bacterial_leaf_blight,1.5122949715855531,requires_human_review,unreviewed,none,../segmentation_annotations/masks/test/bacterial_leaf_blight/bacterial_leaf_blight%20%2858%29.JPG.png,,metadata/test/bacterial_leaf_blight/bacterial_leaf_blight (58).JPG.json
0,test/bacterial_leaf_blight/bacterial_leaf_blight (92).JPG,test,bacterial_leaf_blight,13.028496987461326,requires_human_review,unreviewed,none,../segmentation_annotations/masks/test/bacterial_leaf_blight/bacterial_leaf_blight%20%2892%29.JPG.png,,metadata/test/bacterial_leaf_blight/bacterial_leaf_blight (92).JPG.json
0,test/bacterial_leaf_blight/bacterial_leaf_blight (96).JPG,test,bacterial_leaf_blight,3.0461268059758795,requires_human_review,unreviewed,none,../segmentation_annotations/masks/test/bacterial_leaf_blight/bacterial_leaf_blight%20%2896%29.JPG.png,,metadata/test/bacterial_leaf_blight/bacterial_leaf_blight (96).JPG.json
0,test/brown_spot/brown_spot (102).jpg,test,brown_spot,4.23327173207393,requires_human_review,unreviewed,none,../segmentation_annotations/masks/test/brown_spot/brown_spot%20%28102%29.jpg.png,,metadata/test/brown_spot/brown_spot (102).jpg.json
0,test/brown_spot/brown_spot (109).jpg,test,brown_spot,3.399802303919705,requires_human_review,unreviewed,none,../segmentation_annotations/masks/test/brown_spot/brown_spot%20%28109%29.jpg.png,,metadata/test/brown_spot/brown_spot (109).jpg.json
0,test/brown_spot/brown_spot (11).jpg,test,brown_spot,17.674729799279465,requires_human_review,unreviewed,none,../segmentation_annotations/masks/test/brown_spot/brown_spot%20%2811%29.jpg.png,,metadata/test/brown_spot/brown_spot (11).jpg.json
0,test/brown_spot/brown_spot (113).jpg,test,brown_spot,1.8507298264940788,requires_human_review,unreviewed,none,../segmentation_annotations/masks/test/brown_spot/brown_spot%20%28113%29.jpg.png,,metadata/test/brown_spot/brown_spot (113).jpg.json
0,test/brown_spot/brown_spot (115).jpg,test,brown_spot,4.163990580175551,requires_human_review,unreviewed,none,../segmentation_annotations/masks/test/brown_spot/brown_spot%20%28115%29.jpg.png,,metadata/test/brown_spot/brown_spot (115).jpg.json
0,test/brown_spot/brown_spot (118).jpg,test,brown_spot,27.158982728138174,requires_human_review,unreviewed,none,../segmentation_annotations/masks/test/brown_spot/brown_spot%20%28118%29.jpg.png,,metadata/test/brown_spot/brown_spot (118).jpg.json
0,test/brown_spot/brown_spot (124).jpg,test,brown_spot,10.06400895306465,requires_human_review,unreviewed,none,../segmentation_annotations/masks/test/brown_spot/brown_spot%20%28124%29.jpg.png,,metadata/test/brown_spot/brown_spot (124).jpg.json
0,test/brown_spot/brown_spot (13).jpg,test,brown_spot,24.725233784136208,requires_human_review,unreviewed,none,../segmentation_annotations/masks/test/brown_spot/brown_spot%20%2813%29.jpg.png,,metadata/test/brown_spot/brown_spot (13).jpg.json
0,test/brown_spot/brown_spot (130).jpg,test,brown_spot,0.6889161053276179,requires_human_review,unreviewed,none,../segmentation_annotations/masks/test/brown_spot/brown_spot%20%28130%29.jpg.png,,metadata/test/brown_spot/brown_spot (130).jpg.json
0,test/brown_spot/brown_spot (139).jpg,test,brown_spot,23.60350425779575,requires_human_review,unreviewed,none,../segmentation_annotations/masks/test/brown_spot/brown_spot%20%28139%29.jpg.png,,metadata/test/brown_spot/brown_spot (139).jpg.json
0,test/brown_spot/brown_spot (146).jpg,test,brown_spot,5.724729368761423,requires_human_review,unreviewed,none,../segmentation_annotations/masks/test/brown_spot/brown_spot%20%28146%29.jpg.png,,metadata/test/brown_spot/brown_spot (146).jpg.json
0,test/brown_spot/brown_spot (153).jpg,test,brown_spot,6.120940838647017,requires_human_review,unreviewed,none,../segmentation_annotations/masks/test/brown_spot/brown_spot%20%28153%29.jpg.png,,metadata/test/brown_spot/brown_spot (153).jpg.json
0,test/brown_spot/brown_spot (160).jpg,test,brown_spot,3.6614535418583256,requires_human_review,unreviewed,none,../segmentation_annotations/masks/test/brown_spot/brown_spot%20%28160%29.jpg.png,,metadata/test/brown_spot/brown_spot (160).jpg.json
0,test/brown_spot/brown_spot (170).jpg,test,brown_spot,17.024797476964938,requires_human_review,unreviewed,none,../segmentation_annotations/masks/test/brown_spot/brown_spot%20%28170%29.jpg.png,,metadata/test/brown_spot/brown_spot (170).jpg.json
0,test/brown_spot/brown_spot (171).jpg,test,brown_spot,1.9783628385534877,requires_human_review,unreviewed,none,../segmentation_annotations/masks/test/brown_spot/brown_spot%20%28171%29.jpg.png,,metadata/test/brown_spot/brown_spot (171).jpg.json
0,test/brown_spot/brown_spot (177).jpg,test,brown_spot,5.748728311615915,requires_human_review,unreviewed,none,../segmentation_annotations/masks/test/brown_spot/brown_spot%20%28177%29.jpg.png,,metadata/test/brown_spot/brown_spot (177).jpg.json
0,test/brown_spot/brown_spot (182).jpg,test,brown_spot,4.669150257229022,requires_human_review,unreviewed,none,../segmentation_annotations/masks/test/brown_spot/brown_spot%20%28182%29.jpg.png,,metadata/test/brown_spot/brown_spot (182).jpg.json
0,test/brown_spot/brown_spot (189).jpg,test,brown_spot,11.120885226167879,requires_human_review,unreviewed,none,../segmentation_annotations/masks/test/brown_spot/brown_spot%20%28189%29.jpg.png,,metadata/test/brown_spot/brown_spot (189).jpg.json
0,test/brown_spot/brown_spot (191).jpg,test,brown_spot,25.097049689440993,requires_human_review,unreviewed,none,../segmentation_annotations/masks/test/brown_spot/brown_spot%20%28191%29.jpg.png,,metadata/test/brown_spot/brown_spot (191).jpg.json
0,test/brown_spot/brown_spot (192).jpg,test,brown_spot,3.4108671573346583,requires_human_review,unreviewed,none,../segmentation_annotations/masks/test/brown_spot/brown_spot%20%28192%29.jpg.png,,metadata/test/brown_spot/brown_spot (192).jpg.json
0,test/brown_spot/brown_spot (196).jpg,test,brown_spot,2.072349783450011,requires_human_review,unreviewed,none,../segmentation_annotations/masks/test/brown_spot/brown_spot%20%28196%29.jpg.png,,metadata/test/brown_spot/brown_spot (196).jpg.json
0,test/brown_spot/brown_spot (198).jpg,test,brown_spot,0.1570822682679538,requires_human_review,unreviewed,none,../segmentation_annotations/masks/test/brown_spot/brown_spot%20%28198%29.jpg.png,,metadata/test/brown_spot/brown_spot (198).jpg.json
0,test/brown_spot/brown_spot (199).jpg,test,brown_spot,3.778401641240803,requires_human_review,unreviewed,none,../segmentation_annotations/masks/test/brown_spot/brown_spot%20%28199%29.jpg.png,,metadata/test/brown_spot/brown_spot (199).jpg.json
0,test/brown_spot/brown_spot (20).jpg,test,brown_spot,5.181371211637479,requires_human_review,unreviewed,none,../segmentation_annotations/masks/test/brown_spot/brown_spot%20%2820%29.jpg.png,,metadata/test/brown_spot/brown_spot (20).jpg.json
0,test/brown_spot/brown_spot (200).jpg,test,brown_spot,1.5152943838871498,requires_human_review,unreviewed,none,../segmentation_annotations/masks/test/brown_spot/brown_spot%20%28200%29.jpg.png,,metadata/test/brown_spot/brown_spot (200).jpg.json
0,test/brown_spot/brown_spot (207).jpg,test,brown_spot,0.7680749688618256,requires_human_review,unreviewed,none,../segmentation_annotations/masks/test/brown_spot/brown_spot%20%28207%29.jpg.png,,metadata/test/brown_spot/brown_spot (207).jpg.json
0,test/brown_spot/brown_spot (212).JPG,test,brown_spot,0.42806124944963553,requires_human_review,unreviewed,none,../segmentation_annotations/masks/test/brown_spot/brown_spot%20%28212%29.JPG.png,,metadata/test/brown_spot/brown_spot (212).JPG.json
0,test/brown_spot/brown_spot (224).JPG,test,brown_spot,1.866951546783193,requires_human_review,unreviewed,none,../segmentation_annotations/masks/test/brown_spot/brown_spot%20%28224%29.JPG.png,,metadata/test/brown_spot/brown_spot (224).JPG.json
0,test/brown_spot/brown_spot (225).JPG,test,brown_spot,0.6985388785083751,requires_human_review,unreviewed,none,../segmentation_annotations/masks/test/brown_spot/brown_spot%20%28225%29.JPG.png,,metadata/test/brown_spot/brown_spot (225).JPG.json
0,test/brown_spot/brown_spot (227).JPG,test,brown_spot,0.5279233155498138,requires_human_review,unreviewed,none,../segmentation_annotations/masks/test/brown_spot/brown_spot%20%28227%29.JPG.png,,metadata/test/brown_spot/brown_spot (227).JPG.json
0,test/brown_spot/brown_spot (244).jpg,test,brown_spot,5.9234121759658604,requires_human_review,unreviewed,none,../segmentation_annotations/masks/test/brown_spot/brown_spot%20%28244%29.jpg.png,,metadata/test/brown_spot/brown_spot (244).jpg.json
0,test/brown_spot/brown_spot (245).jpg,test,brown_spot,10.076154602030789,requires_human_review,unreviewed,none,../segmentation_annotations/masks/test/brown_spot/brown_spot%20%28245%29.jpg.png,,metadata/test/brown_spot/brown_spot (245).jpg.json
0,test/brown_spot/brown_spot (248).jpg,test,brown_spot,10.344854973472694,requires_human_review,unreviewed,none,../segmentation_annotations/masks/test/brown_spot/brown_spot%20%28248%29.jpg.png,,metadata/test/brown_spot/brown_spot (248).jpg.json
0,test/brown_spot/brown_spot (25).jpg,test,brown_spot,16.131282027034214,requires_human_review,unreviewed,none,../segmentation_annotations/masks/test/brown_spot/brown_spot%20%2825%29.jpg.png,,metadata/test/brown_spot/brown_spot (25).jpg.json
0,test/brown_spot/brown_spot (250).jpg,test,brown_spot,5.859255308283305,requires_human_review,unreviewed,none,../segmentation_annotations/masks/test/brown_spot/brown_spot%20%28250%29.jpg.png,,metadata/test/brown_spot/brown_spot (250).jpg.json
0,test/brown_spot/brown_spot (257).jpg,test,brown_spot,5.879949610159682,requires_human_review,unreviewed,none,../segmentation_annotations/masks/test/brown_spot/brown_spot%20%28257%29.jpg.png,,metadata/test/brown_spot/brown_spot (257).jpg.json
0,test/brown_spot/brown_spot (276).jpg,test,brown_spot,1.1501502290664773,requires_human_review,unreviewed,none,../segmentation_annotations/masks/test/brown_spot/brown_spot%20%28276%29.jpg.png,,metadata/test/brown_spot/brown_spot (276).jpg.json
0,test/brown_spot/brown_spot (279).jpg,test,brown_spot,1.150796435337871,requires_human_review,unreviewed,none,../segmentation_annotations/masks/test/brown_spot/brown_spot%20%28279%29.jpg.png,,metadata/test/brown_spot/brown_spot (279).jpg.json
0,test/brown_spot/brown_spot (294).jpg,test,brown_spot,0.29719448407037563,requires_human_review,unreviewed,none,../segmentation_annotations/masks/test/brown_spot/brown_spot%20%28294%29.jpg.png,,metadata/test/brown_spot/brown_spot (294).jpg.json
0,test/brown_spot/brown_spot (296).jpg,test,brown_spot,1.7686050887197151,requires_human_review,unreviewed,none,../segmentation_annotations/masks/test/brown_spot/brown_spot%20%28296%29.jpg.png,,metadata/test/brown_spot/brown_spot (296).jpg.json
0,test/brown_spot/brown_spot (297).jpg,test,brown_spot,0.630054422460709,requires_human_review,unreviewed,none,../segmentation_annotations/masks/test/brown_spot/brown_spot%20%28297%29.jpg.png,,metadata/test/brown_spot/brown_spot (297).jpg.json
0,test/brown_spot/brown_spot (3).jpg,test,brown_spot,25.092764908034297,requires_human_review,unreviewed,none,../segmentation_annotations/masks/test/brown_spot/brown_spot%20%283%29.jpg.png,,metadata/test/brown_spot/brown_spot (3).jpg.json
0,test/brown_spot/brown_spot (30).jpg,test,brown_spot,3.0755,requires_human_review,unreviewed,none,../segmentation_annotations/masks/test/brown_spot/brown_spot%20%2830%29.jpg.png,,metadata/test/brown_spot/brown_spot (30).jpg.json
0,test/brown_spot/brown_spot (306).jpg,test,brown_spot,2.3258261418648707,requires_human_review,unreviewed,none,../segmentation_annotations/masks/test/brown_spot/brown_spot%20%28306%29.jpg.png,,metadata/test/brown_spot/brown_spot (306).jpg.json
0,test/brown_spot/brown_spot (31).jpg,test,brown_spot,3.6614288707311964,requires_human_review,unreviewed,none,../segmentation_annotations/masks/test/brown_spot/brown_spot%20%2831%29.jpg.png,,metadata/test/brown_spot/brown_spot (31).jpg.json
0,test/brown_spot/brown_spot (310).jpg,test,brown_spot,10.339761102992567,requires_human_review,unreviewed,none,../segmentation_annotations/masks/test/brown_spot/brown_spot%20%28310%29.jpg.png,,metadata/test/brown_spot/brown_spot (310).jpg.json
0,test/brown_spot/brown_spot (337).jpg,test,brown_spot,23.62031987254121,requires_human_review,unreviewed,none,../segmentation_annotations/masks/test/brown_spot/brown_spot%20%28337%29.jpg.png,,metadata/test/brown_spot/brown_spot (337).jpg.json
0,test/brown_spot/brown_spot (34).jpg,test,brown_spot,4.512007680013072,requires_human_review,unreviewed,none,../segmentation_annotations/masks/test/brown_spot/brown_spot%20%2834%29.jpg.png,,metadata/test/brown_spot/brown_spot (34).jpg.json
0,test/brown_spot/brown_spot (39).jpg,test,brown_spot,5.180700511975109,requires_human_review,unreviewed,none,../segmentation_annotations/masks/test/brown_spot/brown_spot%20%2839%29.jpg.png,,metadata/test/brown_spot/brown_spot (39).jpg.json
0,test/brown_spot/brown_spot (42).jpg,test,brown_spot,8.087755484717794,requires_human_review,unreviewed,none,../segmentation_annotations/masks/test/brown_spot/brown_spot%20%2842%29.jpg.png,,metadata/test/brown_spot/brown_spot (42).jpg.json
0,test/brown_spot/brown_spot (45).jpg,test,brown_spot,16.12035745525899,requires_human_review,unreviewed,none,../segmentation_annotations/masks/test/brown_spot/brown_spot%20%2845%29.jpg.png,,metadata/test/brown_spot/brown_spot (45).jpg.json
0,test/brown_spot/brown_spot (46).jpg,test,brown_spot,24.725199657198218,requires_human_review,unreviewed,none,../segmentation_annotations/masks/test/brown_spot/brown_spot%20%2846%29.jpg.png,,metadata/test/brown_spot/brown_spot (46).jpg.json
0,test/brown_spot/brown_spot (49).jpg,test,brown_spot,3.0755,requires_human_review,unreviewed,none,../segmentation_annotations/masks/test/brown_spot/brown_spot%20%2849%29.jpg.png,,metadata/test/brown_spot/brown_spot (49).jpg.json
0,test/brown_spot/brown_spot (5).jpg,test,brown_spot,0.20942730870509246,requires_human_review,unreviewed,none,../segmentation_annotations/masks/test/brown_spot/brown_spot%20%285%29.jpg.png,,metadata/test/brown_spot/brown_spot (5).jpg.json
0,test/brown_spot/brown_spot (51).jpg,test,brown_spot,4.515559095969035,requires_human_review,unreviewed,none,../segmentation_annotations/masks/test/brown_spot/brown_spot%20%2851%29.jpg.png,,metadata/test/brown_spot/brown_spot (51).jpg.json
0,test/brown_spot/brown_spot (61).jpg,test,brown_spot,3.9015784586815228,requires_human_review,unreviewed,none,../segmentation_annotations/masks/test/brown_spot/brown_spot%20%2861%29.jpg.png,,metadata/test/brown_spot/brown_spot (61).jpg.json
0,test/brown_spot/brown_spot (62).jpg,test,brown_spot,3.075,requires_human_review,unreviewed,none,../segmentation_annotations/masks/test/brown_spot/brown_spot%20%2862%29.jpg.png,,metadata/test/brown_spot/brown_spot (62).jpg.json
0,test/brown_spot/brown_spot (66).jpg,test,brown_spot,1.5030079016350162,requires_human_review,unreviewed,none,../segmentation_annotations/masks/test/brown_spot/brown_spot%20%2866%29.jpg.png,,metadata/test/brown_spot/brown_spot (66).jpg.json
0,test/brown_spot/brown_spot (7).jpg,test,brown_spot,4.393622191483794,requires_human_review,unreviewed,none,../segmentation_annotations/masks/test/brown_spot/brown_spot%20%287%29.jpg.png,,metadata/test/brown_spot/brown_spot (7).jpg.json
0,test/brown_spot/brown_spot (74).jpg,test,brown_spot,24.923545826168436,requires_human_review,unreviewed,none,../segmentation_annotations/masks/test/brown_spot/brown_spot%20%2874%29.jpg.png,,metadata/test/brown_spot/brown_spot (74).jpg.json
0,test/brown_spot/brown_spot (8).jpg,test,brown_spot,2.0705285802089737,requires_human_review,unreviewed,none,../segmentation_annotations/masks/test/brown_spot/brown_spot%20%288%29.jpg.png,,metadata/test/brown_spot/brown_spot (8).jpg.json
0,test/brown_spot/brown_spot (92).jpg,test,brown_spot,2.9589064357276276,requires_human_review,unreviewed,none,../segmentation_annotations/masks/test/brown_spot/brown_spot%20%2892%29.jpg.png,,metadata/test/brown_spot/brown_spot (92).jpg.json
0,test/brown_spot/brown_spot (95).jpg,test,brown_spot,8.345530950469804,requires_human_review,unreviewed,none,../segmentation_annotations/masks/test/brown_spot/brown_spot%20%2895%29.jpg.png,,metadata/test/brown_spot/brown_spot (95).jpg.json
0,test/healthy/healthy (108).jpg,test,healthy,0.0,requires_human_review,unreviewed,none,../segmentation_annotations/masks/test/healthy/healthy%20%28108%29.jpg.png,,metadata/test/healthy/healthy (108).jpg.json
0,test/healthy/healthy (131).jpg,test,healthy,0.0,requires_human_review,unreviewed,none,../segmentation_annotations/masks/test/healthy/healthy%20%28131%29.jpg.png,,metadata/test/healthy/healthy (131).jpg.json
0,test/healthy/healthy (132).jpg,test,healthy,0.0,requires_human_review,unreviewed,none,../segmentation_annotations/masks/test/healthy/healthy%20%28132%29.jpg.png,,metadata/test/healthy/healthy (132).jpg.json
0,test/healthy/healthy (142).jpg,test,healthy,0.0,requires_human_review,unreviewed,none,../segmentation_annotations/masks/test/healthy/healthy%20%28142%29.jpg.png,,metadata/test/healthy/healthy (142).jpg.json
0,test/healthy/healthy (146).jpg,test,healthy,0.0,requires_human_review,unreviewed,none,../segmentation_annotations/masks/test/healthy/healthy%20%28146%29.jpg.png,,metadata/test/healthy/healthy (146).jpg.json
0,test/healthy/healthy (150).jpg,test,healthy,0.0,requires_human_review,unreviewed,none,../segmentation_annotations/masks/test/healthy/healthy%20%28150%29.jpg.png,,metadata/test/healthy/healthy (150).jpg.json
0,test/healthy/healthy (152).jpg,test,healthy,0.0,requires_human_review,unreviewed,none,../segmentation_annotations/masks/test/healthy/healthy%20%28152%29.jpg.png,,metadata/test/healthy/healthy (152).jpg.json
0,test/healthy/healthy (191).jpg,test,healthy,0.0,requires_human_review,unreviewed,none,../segmentation_annotations/masks/test/healthy/healthy%20%28191%29.jpg.png,,metadata/test/healthy/healthy (191).jpg.json
0,test/healthy/healthy (192).jpg,test,healthy,0.0,requires_human_review,unreviewed,none,../segmentation_annotations/masks/test/healthy/healthy%20%28192%29.jpg.png,,metadata/test/healthy/healthy (192).jpg.json
0,test/healthy/healthy (201).jpg,test,healthy,0.0,requires_human_review,unreviewed,none,../segmentation_annotations/masks/test/healthy/healthy%20%28201%29.jpg.png,,metadata/test/healthy/healthy (201).jpg.json
0,test/healthy/healthy (202).jpg,test,healthy,0.0,requires_human_review,unreviewed,none,../segmentation_annotations/masks/test/healthy/healthy%20%28202%29.jpg.png,,metadata/test/healthy/healthy (202).jpg.json
0,test/healthy/healthy (206).jpg,test,healthy,0.0,requires_human_review,unreviewed,none,../segmentation_annotations/masks/test/healthy/healthy%20%28206%29.jpg.png,,metadata/test/healthy/healthy (206).jpg.json
0,test/healthy/healthy (248).jpg,test,healthy,0.0,requires_human_review,unreviewed,none,../segmentation_annotations/masks/test/healthy/healthy%20%28248%29.jpg.png,,metadata/test/healthy/healthy (248).jpg.json
0,test/healthy/healthy (249).jpg,test,healthy,0.0,requires_human_review,unreviewed,none,../segmentation_annotations/masks/test/healthy/healthy%20%28249%29.jpg.png,,metadata/test/healthy/healthy (249).jpg.json
0,test/healthy/healthy (254).jpg,test,healthy,0.0,requires_human_review,unreviewed,none,../segmentation_annotations/masks/test/healthy/healthy%20%28254%29.jpg.png,,metadata/test/healthy/healthy (254).jpg.json
0,test/healthy/healthy (265).jpg,test,healthy,0.0,requires_human_review,unreviewed,none,../segmentation_annotations/masks/test/healthy/healthy%20%28265%29.jpg.png,,metadata/test/healthy/healthy (265).jpg.json
0,test/healthy/healthy (269).jpg,test,healthy,0.0,requires_human_review,unreviewed,none,../segmentation_annotations/masks/test/healthy/healthy%20%28269%29.jpg.png,,metadata/test/healthy/healthy (269).jpg.json
0,test/healthy/healthy (272).jpg,test,healthy,0.0,requires_human_review,unreviewed,none,../segmentation_annotations/masks/test/healthy/healthy%20%28272%29.jpg.png,,metadata/test/healthy/healthy (272).jpg.json
0,test/healthy/healthy (278).jpg,test,healthy,0.0,requires_human_review,unreviewed,none,../segmentation_annotations/masks/test/healthy/healthy%20%28278%29.jpg.png,,metadata/test/healthy/healthy (278).jpg.json
0,test/healthy/healthy (285).jpg,test,healthy,0.0,requires_human_review,unreviewed,none,../segmentation_annotations/masks/test/healthy/healthy%20%28285%29.jpg.png,,metadata/test/healthy/healthy (285).jpg.json
0,test/healthy/healthy (290).jpg,test,healthy,0.0,requires_human_review,unreviewed,none,../segmentation_annotations/masks/test/healthy/healthy%20%28290%29.jpg.png,,metadata/test/healthy/healthy (290).jpg.json
0,test/healthy/healthy (309).jpg,test,healthy,0.0,requires_human_review,unreviewed,none,../segmentation_annotations/masks/test/healthy/healthy%20%28309%29.jpg.png,,metadata/test/healthy/healthy (309).jpg.json
0,test/healthy/healthy (314).jpg,test,healthy,0.0,requires_human_review,unreviewed,none,../segmentation_annotations/masks/test/healthy/healthy%20%28314%29.jpg.png,,metadata/test/healthy/healthy (314).jpg.json
0,test/healthy/healthy (350).jpg,test,healthy,0.0,requires_human_review,unreviewed,none,../segmentation_annotations/masks/test/healthy/healthy%20%28350%29.jpg.png,,metadata/test/healthy/healthy (350).jpg.json
0,test/healthy/healthy (76).jpg,test,healthy,0.0,requires_human_review,unreviewed,none,../segmentation_annotations/masks/test/healthy/healthy%20%2876%29.jpg.png,,metadata/test/healthy/healthy (76).jpg.json
0,test/healthy/healthy (77).jpg,test,healthy,0.0,requires_human_review,unreviewed,none,../segmentation_annotations/masks/test/healthy/healthy%20%2877%29.jpg.png,,metadata/test/healthy/healthy (77).jpg.json
0,test/healthy/healthy (89).jpg,test,healthy,0.0,requires_human_review,unreviewed,none,../segmentation_annotations/masks/test/healthy/healthy%20%2889%29.jpg.png,,metadata/test/healthy/healthy (89).jpg.json
0,test/leaf_blast/leaf_blast (100).jpg,test,leaf_blast,18.205260443527592,requires_human_review,unreviewed,none,../segmentation_annotations/masks/test/leaf_blast/leaf_blast%20%28100%29.jpg.png,,metadata/test/leaf_blast/leaf_blast (100).jpg.json
0,test/leaf_blast/leaf_blast (106).jpg,test,leaf_blast,19.16092352314583,requires_human_review,unreviewed,none,../segmentation_annotations/masks/test/leaf_blast/leaf_blast%20%28106%29.jpg.png,,metadata/test/leaf_blast/leaf_blast (106).jpg.json
0,test/leaf_blast/leaf_blast (111).jpg,test,leaf_blast,0.0857449088960343,requires_human_review,unreviewed,none,../segmentation_annotations/masks/test/leaf_blast/leaf_blast%20%28111%29.jpg.png,,metadata/test/leaf_blast/leaf_blast (111).jpg.json
0,test/leaf_blast/leaf_blast (112).jpg,test,leaf_blast,0.24058760734827844,requires_human_review,unreviewed,none,../segmentation_annotations/masks/test/leaf_blast/leaf_blast%20%28112%29.jpg.png,,metadata/test/leaf_blast/leaf_blast (112).jpg.json
0,test/leaf_blast/leaf_blast (118).jpg,test,leaf_blast,1.0130831597404348,requires_human_review,unreviewed,none,../segmentation_annotations/masks/test/leaf_blast/leaf_blast%20%28118%29.jpg.png,,metadata/test/leaf_blast/leaf_blast (118).jpg.json
0,test/leaf_blast/leaf_blast (120).jpg,test,leaf_blast,14.825660213654357,requires_human_review,unreviewed,none,../segmentation_annotations/masks/test/leaf_blast/leaf_blast%20%28120%29.jpg.png,,metadata/test/leaf_blast/leaf_blast (120).jpg.json
0,test/leaf_blast/leaf_blast (125).jpg,test,leaf_blast,19.207440355843104,requires_human_review,unreviewed,none,../segmentation_annotations/masks/test/leaf_blast/leaf_blast%20%28125%29.jpg.png,,metadata/test/leaf_blast/leaf_blast (125).jpg.json
0,test/leaf_blast/leaf_blast (133).jpg,test,leaf_blast,20.100333262426435,requires_human_review,unreviewed,none,../segmentation_annotations/masks/test/leaf_blast/leaf_blast%20%28133%29.jpg.png,,metadata/test/leaf_blast/leaf_blast (133).jpg.json
0,test/leaf_blast/leaf_blast (136).jpg,test,leaf_blast,14.766179820447542,requires_human_review,unreviewed,none,../segmentation_annotations/masks/test/leaf_blast/leaf_blast%20%28136%29.jpg.png,,metadata/test/leaf_blast/leaf_blast (136).jpg.json
0,test/leaf_blast/leaf_blast (146).jpg,test,leaf_blast,15.582491989601596,requires_human_review;multiple_leaf_components,unreviewed,none,../segmentation_annotations/masks/test/leaf_blast/leaf_blast%20%28146%29.jpg.png,,metadata/test/leaf_blast/leaf_blast (146).jpg.json
0,test/leaf_blast/leaf_blast (160).jpg,test,leaf_blast,24.062632247143462,requires_human_review,unreviewed,none,../segmentation_annotations/masks/test/leaf_blast/leaf_blast%20%28160%29.jpg.png,,metadata/test/leaf_blast/leaf_blast (160).jpg.json
0,test/leaf_blast/leaf_blast (163).jpg,test,leaf_blast,1.1562747097853614,requires_human_review,unreviewed,none,../segmentation_annotations/masks/test/leaf_blast/leaf_blast%20%28163%29.jpg.png,,metadata/test/leaf_blast/leaf_blast (163).jpg.json
0,test/leaf_blast/leaf_blast (170).jpg,test,leaf_blast,0.4413355757179737,requires_human_review,unreviewed,none,../segmentation_annotations/masks/test/leaf_blast/leaf_blast%20%28170%29.jpg.png,,metadata/test/leaf_blast/leaf_blast (170).jpg.json
0,test/leaf_blast/leaf_blast (172).jpg,test,leaf_blast,0.9368703828072532,requires_human_review,unreviewed,none,../segmentation_annotations/masks/test/leaf_blast/leaf_blast%20%28172%29.jpg.png,,metadata/test/leaf_blast/leaf_blast (172).jpg.json
0,test/leaf_blast/leaf_blast (175).jpg,test,leaf_blast,0.7215303355980168,requires_human_review,unreviewed,none,../segmentation_annotations/masks/test/leaf_blast/leaf_blast%20%28175%29.jpg.png,,metadata/test/leaf_blast/leaf_blast (175).jpg.json
0,test/leaf_blast/leaf_blast (18).jpg,test,leaf_blast,12.952478357745553,requires_human_review,unreviewed,none,../segmentation_annotations/masks/test/leaf_blast/leaf_blast%20%2818%29.jpg.png,,metadata/test/leaf_blast/leaf_blast (18).jpg.json
0,test/leaf_blast/leaf_blast (180).jpg,test,leaf_blast,1.521868242567029,requires_human_review,unreviewed,none,../segmentation_annotations/masks/test/leaf_blast/leaf_blast%20%28180%29.jpg.png,,metadata/test/leaf_blast/leaf_blast (180).jpg.json
0,test/leaf_blast/leaf_blast (181).jpg,test,leaf_blast,0.8242258652094717,requires_human_review,unreviewed,none,../segmentation_annotations/masks/test/leaf_blast/leaf_blast%20%28181%29.jpg.png,,metadata/test/leaf_blast/leaf_blast (181).jpg.json
0,test/leaf_blast/leaf_blast (187).jpg,test,leaf_blast,1.999506294742039,requires_human_review,unreviewed,none,../segmentation_annotations/masks/test/leaf_blast/leaf_blast%20%28187%29.jpg.png,,metadata/test/leaf_blast/leaf_blast (187).jpg.json
0,test/leaf_blast/leaf_blast (190).jpg,test,leaf_blast,8.844308494945887,requires_human_review,unreviewed,none,../segmentation_annotations/masks/test/leaf_blast/leaf_blast%20%28190%29.jpg.png,,metadata/test/leaf_blast/leaf_blast (190).jpg.json
0,test/leaf_blast/leaf_blast (195).jpg,test,leaf_blast,20.04404499732159,requires_human_review,unreviewed,none,../segmentation_annotations/masks/test/leaf_blast/leaf_blast%20%28195%29.jpg.png,,metadata/test/leaf_blast/leaf_blast (195).jpg.json
0,test/leaf_blast/leaf_blast (197).jpg,test,leaf_blast,0.20257898632591842,requires_human_review,unreviewed,none,../segmentation_annotations/masks/test/leaf_blast/leaf_blast%20%28197%29.jpg.png,,metadata/test/leaf_blast/leaf_blast (197).jpg.json
0,test/leaf_blast/leaf_blast (205).jpg,test,leaf_blast,19.753105211885046,requires_human_review,unreviewed,none,../segmentation_annotations/masks/test/leaf_blast/leaf_blast%20%28205%29.jpg.png,,metadata/test/leaf_blast/leaf_blast (205).jpg.json
0,test/leaf_blast/leaf_blast (21).jpg,test,leaf_blast,0.07829868150613106,requires_human_review,unreviewed,none,../segmentation_annotations/masks/test/leaf_blast/leaf_blast%20%2821%29.jpg.png,,metadata/test/leaf_blast/leaf_blast (21).jpg.json
0,test/leaf_blast/leaf_blast (219).jpg,test,leaf_blast,14.824256888696029,requires_human_review,unreviewed,none,../segmentation_annotations/masks/test/leaf_blast/leaf_blast%20%28219%29.jpg.png,,metadata/test/leaf_blast/leaf_blast (219).jpg.json
0,test/leaf_blast/leaf_blast (221).jpg,test,leaf_blast,14.750006148397727,requires_human_review,unreviewed,none,../segmentation_annotations/masks/test/leaf_blast/leaf_blast%20%28221%29.jpg.png,,metadata/test/leaf_blast/leaf_blast (221).jpg.json
0,test/leaf_blast/leaf_blast (223).jpg,test,leaf_blast,19.948496553813527,requires_human_review,unreviewed,none,../segmentation_annotations/masks/test/leaf_blast/leaf_blast%20%28223%29.jpg.png,,metadata/test/leaf_blast/leaf_blast (223).jpg.json
0,test/leaf_blast/leaf_blast (23).jpg,test,leaf_blast,0.20383297083708166,requires_human_review,unreviewed,none,../segmentation_annotations/masks/test/leaf_blast/leaf_blast%20%2823%29.jpg.png,,metadata/test/leaf_blast/leaf_blast (23).jpg.json
0,test/leaf_blast/leaf_blast (234).jpg,test,leaf_blast,1.4679409311106884,requires_human_review,unreviewed,none,../segmentation_annotations/masks/test/leaf_blast/leaf_blast%20%28234%29.jpg.png,,metadata/test/leaf_blast/leaf_blast (234).jpg.json
0,test/leaf_blast/leaf_blast (239).jpg,test,leaf_blast,2.4325241681018768,requires_human_review,unreviewed,none,../segmentation_annotations/masks/test/leaf_blast/leaf_blast%20%28239%29.jpg.png,,metadata/test/leaf_blast/leaf_blast (239).jpg.json
0,test/leaf_blast/leaf_blast (244).jpg,test,leaf_blast,20.15813753469643,requires_human_review,unreviewed,none,../segmentation_annotations/masks/test/leaf_blast/leaf_blast%20%28244%29.jpg.png,,metadata/test/leaf_blast/leaf_blast (244).jpg.json
0,test/leaf_blast/leaf_blast (247).jpg,test,leaf_blast,12.148334769829168,requires_human_review,unreviewed,none,../segmentation_annotations/masks/test/leaf_blast/leaf_blast%20%28247%29.jpg.png,,metadata/test/leaf_blast/leaf_blast (247).jpg.json
0,test/leaf_blast/leaf_blast (254).jpg,test,leaf_blast,0.7268939436827029,requires_human_review,unreviewed,none,../segmentation_annotations/masks/test/leaf_blast/leaf_blast%20%28254%29.jpg.png,,metadata/test/leaf_blast/leaf_blast (254).jpg.json
0,test/leaf_blast/leaf_blast (258).jpg,test,leaf_blast,0.18713326013294135,requires_human_review,unreviewed,none,../segmentation_annotations/masks/test/leaf_blast/leaf_blast%20%28258%29.jpg.png,,metadata/test/leaf_blast/leaf_blast (258).jpg.json
0,test/leaf_blast/leaf_blast (264).jpg,test,leaf_blast,1.1717685530020892,requires_human_review,unreviewed,none,../segmentation_annotations/masks/test/leaf_blast/leaf_blast%20%28264%29.jpg.png,,metadata/test/leaf_blast/leaf_blast (264).jpg.json
0,test/leaf_blast/leaf_blast (266).jpg,test,leaf_blast,1.2959677661845626,requires_human_review,unreviewed,none,../segmentation_annotations/masks/test/leaf_blast/leaf_blast%20%28266%29.jpg.png,,metadata/test/leaf_blast/leaf_blast (266).jpg.json
0,test/leaf_blast/leaf_blast (267).jpg,test,leaf_blast,1.4313857509787786,requires_human_review,unreviewed,none,../segmentation_annotations/masks/test/leaf_blast/leaf_blast%20%28267%29.jpg.png,,metadata/test/leaf_blast/leaf_blast (267).jpg.json
0,test/leaf_blast/leaf_blast (279).jpg,test,leaf_blast,4.584035666909367,requires_human_review,unreviewed,none,../segmentation_annotations/masks/test/leaf_blast/leaf_blast%20%28279%29.jpg.png,,metadata/test/leaf_blast/leaf_blast (279).jpg.json
0,test/leaf_blast/leaf_blast (285).jpg,test,leaf_blast,32.2544474393531,requires_human_review,unreviewed,none,../segmentation_annotations/masks/test/leaf_blast/leaf_blast%20%28285%29.jpg.png,,metadata/test/leaf_blast/leaf_blast (285).jpg.json
0,test/leaf_blast/leaf_blast (289).jpg,test,leaf_blast,0.5892520427404149,requires_human_review,unreviewed,none,../segmentation_annotations/masks/test/leaf_blast/leaf_blast%20%28289%29.jpg.png,,metadata/test/leaf_blast/leaf_blast (289).jpg.json
0,test/leaf_blast/leaf_blast (308).jpg,test,leaf_blast,19.088229449559517,requires_human_review,unreviewed,none,../segmentation_annotations/masks/test/leaf_blast/leaf_blast%20%28308%29.jpg.png,,metadata/test/leaf_blast/leaf_blast (308).jpg.json
0,test/leaf_blast/leaf_blast (310).jpg,test,leaf_blast,0.07041583404700733,requires_human_review,unreviewed,none,../segmentation_annotations/masks/test/leaf_blast/leaf_blast%20%28310%29.jpg.png,,metadata/test/leaf_blast/leaf_blast (310).jpg.json
0,test/leaf_blast/leaf_blast (319).jpg,test,leaf_blast,0.6358391369657245,requires_human_review,unreviewed,none,../segmentation_annotations/masks/test/leaf_blast/leaf_blast%20%28319%29.jpg.png,,metadata/test/leaf_blast/leaf_blast (319).jpg.json
0,test/leaf_blast/leaf_blast (4).jpg,test,leaf_blast,9.03618901494475,requires_human_review,unreviewed,none,../segmentation_annotations/masks/test/leaf_blast/leaf_blast%20%284%29.jpg.png,,metadata/test/leaf_blast/leaf_blast (4).jpg.json
0,test/leaf_blast/leaf_blast (41).jpg,test,leaf_blast,0.8312219407032049,requires_human_review,unreviewed,none,../segmentation_annotations/masks/test/leaf_blast/leaf_blast%20%2841%29.jpg.png,,metadata/test/leaf_blast/leaf_blast (41).jpg.json
0,test/leaf_blast/leaf_blast (46).jpg,test,leaf_blast,10.593055295085042,requires_human_review,unreviewed,none,../segmentation_annotations/masks/test/leaf_blast/leaf_blast%20%2846%29.jpg.png,,metadata/test/leaf_blast/leaf_blast (46).jpg.json
0,test/leaf_blast/leaf_blast (51).jpg,test,leaf_blast,0.20449499474155727,requires_human_review,unreviewed,none,../segmentation_annotations/masks/test/leaf_blast/leaf_blast%20%2851%29.jpg.png,,metadata/test/leaf_blast/leaf_blast (51).jpg.json
0,test/leaf_blast/leaf_blast (53).jpg,test,leaf_blast,19.954721862871928,requires_human_review,unreviewed,none,../segmentation_annotations/masks/test/leaf_blast/leaf_blast%20%2853%29.jpg.png,,metadata/test/leaf_blast/leaf_blast (53).jpg.json
0,test/leaf_blast/leaf_blast (55).jpg,test,leaf_blast,14.654892347677132,requires_human_review;multiple_leaf_components,unreviewed,none,../segmentation_annotations/masks/test/leaf_blast/leaf_blast%20%2855%29.jpg.png,,metadata/test/leaf_blast/leaf_blast (55).jpg.json
0,test/leaf_blast/leaf_blast (59).jpg,test,leaf_blast,1.1956736870292108,requires_human_review,unreviewed,none,../segmentation_annotations/masks/test/leaf_blast/leaf_blast%20%2859%29.jpg.png,,metadata/test/leaf_blast/leaf_blast (59).jpg.json
0,test/leaf_blast/leaf_blast (63).jpg,test,leaf_blast,1.1874709695660077,requires_human_review,unreviewed,none,../segmentation_annotations/masks/test/leaf_blast/leaf_blast%20%2863%29.jpg.png,,metadata/test/leaf_blast/leaf_blast (63).jpg.json
0,test/leaf_blast/leaf_blast (70).jpg,test,leaf_blast,25.349241486261707,requires_human_review,unreviewed,none,../segmentation_annotations/masks/test/leaf_blast/leaf_blast%20%2870%29.jpg.png,,metadata/test/leaf_blast/leaf_blast (70).jpg.json
0,test/leaf_blast/leaf_blast (74).jpg,test,leaf_blast,19.62508368667708,requires_human_review,unreviewed,none,../segmentation_annotations/masks/test/leaf_blast/leaf_blast%20%2874%29.jpg.png,,metadata/test/leaf_blast/leaf_blast (74).jpg.json
0,test/leaf_blast/leaf_blast (77).jpg,test,leaf_blast,19.162944709687356,requires_human_review,unreviewed,none,../segmentation_annotations/masks/test/leaf_blast/leaf_blast%20%2877%29.jpg.png,,metadata/test/leaf_blast/leaf_blast (77).jpg.json
0,test/leaf_blast/leaf_blast (78).jpg,test,leaf_blast,25.279881517385306,requires_human_review,unreviewed,none,../segmentation_annotations/masks/test/leaf_blast/leaf_blast%20%2878%29.jpg.png,,metadata/test/leaf_blast/leaf_blast (78).jpg.json
0,test/leaf_blast/leaf_blast (79).jpg,test,leaf_blast,1.4103798822899947,requires_human_review,unreviewed,none,../segmentation_annotations/masks/test/leaf_blast/leaf_blast%20%2879%29.jpg.png,,metadata/test/leaf_blast/leaf_blast (79).jpg.json
0,test/leaf_blast/leaf_blast (83).jpg,test,leaf_blast,1.8343245270263133,requires_human_review,unreviewed,none,../segmentation_annotations/masks/test/leaf_blast/leaf_blast%20%2883%29.jpg.png,,metadata/test/leaf_blast/leaf_blast (83).jpg.json
0,test/leaf_blast/leaf_blast (84).jpg,test,leaf_blast,1.8622701827370067,requires_human_review,unreviewed,none,../segmentation_annotations/masks/test/leaf_blast/leaf_blast%20%2884%29.jpg.png,,metadata/test/leaf_blast/leaf_blast (84).jpg.json
0,test/leaf_blast/leaf_blast (86).jpg,test,leaf_blast,7.339747802087585,requires_human_review,unreviewed,none,../segmentation_annotations/masks/test/leaf_blast/leaf_blast%20%2886%29.jpg.png,,metadata/test/leaf_blast/leaf_blast (86).jpg.json
0,test/leaf_blast/leaf_blast (88).jpg,test,leaf_blast,1.9373997174126494,requires_human_review,unreviewed,none,../segmentation_annotations/masks/test/leaf_blast/leaf_blast%20%2888%29.jpg.png,,metadata/test/leaf_blast/leaf_blast (88).jpg.json
0,test/leaf_blast/leaf_blast (94).jpg,test,leaf_blast,1.5132665889957413,requires_human_review,unreviewed,none,../segmentation_annotations/masks/test/leaf_blast/leaf_blast%20%2894%29.jpg.png,,metadata/test/leaf_blast/leaf_blast (94).jpg.json
0,test/leaf_blast/leaf_blast (99).jpg,test,leaf_blast,19.72443534829325,requires_human_review,unreviewed,none,../segmentation_annotations/masks/test/leaf_blast/leaf_blast%20%2899%29.jpg.png,,metadata/test/leaf_blast/leaf_blast (99).jpg.json
0,test/leaf_scald/leaf_scald (1).jpg,test,leaf_scald,15.780452886496079,requires_human_review,unreviewed,none,../segmentation_annotations/masks/test/leaf_scald/leaf_scald%20%281%29.jpg.png,,metadata/test/leaf_scald/leaf_scald (1).jpg.json
0,test/leaf_scald/leaf_scald (103).jpg,test,leaf_scald,1.0148931720365009,requires_human_review,unreviewed,none,../segmentation_annotations/masks/test/leaf_scald/leaf_scald%20%28103%29.jpg.png,,metadata/test/leaf_scald/leaf_scald (103).jpg.json
0,test/leaf_scald/leaf_scald (118).jpg,test,leaf_scald,2.080372407258646,requires_human_review;multiple_leaf_components,unreviewed,none,../segmentation_annotations/masks/test/leaf_scald/leaf_scald%20%28118%29.jpg.png,,metadata/test/leaf_scald/leaf_scald (118).jpg.json
0,test/leaf_scald/leaf_scald (120).jpg,test,leaf_scald,21.268985537297183,requires_human_review,unreviewed,none,../segmentation_annotations/masks/test/leaf_scald/leaf_scald%20%28120%29.jpg.png,,metadata/test/leaf_scald/leaf_scald (120).jpg.json
0,test/leaf_scald/leaf_scald (135).jpg,test,leaf_scald,24.681424983722444,requires_human_review,unreviewed,none,../segmentation_annotations/masks/test/leaf_scald/leaf_scald%20%28135%29.jpg.png,,metadata/test/leaf_scald/leaf_scald (135).jpg.json
0,test/leaf_scald/leaf_scald (144).jpg,test,leaf_scald,2.311224292935139,requires_human_review,unreviewed,none,../segmentation_annotations/masks/test/leaf_scald/leaf_scald%20%28144%29.jpg.png,,metadata/test/leaf_scald/leaf_scald (144).jpg.json
0,test/leaf_scald/leaf_scald (162).jpg,test,leaf_scald,6.448410688600312,requires_human_review,unreviewed,none,../segmentation_annotations/masks/test/leaf_scald/leaf_scald%20%28162%29.jpg.png,,metadata/test/leaf_scald/leaf_scald (162).jpg.json
0,test/leaf_scald/leaf_scald (164).jpg,test,leaf_scald,22.595529667707638,requires_human_review,unreviewed,none,../segmentation_annotations/masks/test/leaf_scald/leaf_scald%20%28164%29.jpg.png,,metadata/test/leaf_scald/leaf_scald (164).jpg.json
0,test/leaf_scald/leaf_scald (172).jpg,test,leaf_scald,31.837956946720155,requires_human_review,unreviewed,none,../segmentation_annotations/masks/test/leaf_scald/leaf_scald%20%28172%29.jpg.png,,metadata/test/leaf_scald/leaf_scald (172).jpg.json
0,test/leaf_scald/leaf_scald (182).jpg,test,leaf_scald,38.308943563432834,requires_human_review,unreviewed,none,../segmentation_annotations/masks/test/leaf_scald/leaf_scald%20%28182%29.jpg.png,,metadata/test/leaf_scald/leaf_scald (182).jpg.json
0,test/leaf_scald/leaf_scald (187).jpg,test,leaf_scald,19.035961505993583,requires_human_review,unreviewed,none,../segmentation_annotations/masks/test/leaf_scald/leaf_scald%20%28187%29.jpg.png,,metadata/test/leaf_scald/leaf_scald (187).jpg.json
0,test/leaf_scald/leaf_scald (19).jpg,test,leaf_scald,15.118886653695215,requires_human_review,unreviewed,none,../segmentation_annotations/masks/test/leaf_scald/leaf_scald%20%2819%29.jpg.png,,metadata/test/leaf_scald/leaf_scald (19).jpg.json
0,test/leaf_scald/leaf_scald (197).jpg,test,leaf_scald,1.2598155532180337,requires_human_review,unreviewed,none,../segmentation_annotations/masks/test/leaf_scald/leaf_scald%20%28197%29.jpg.png,,metadata/test/leaf_scald/leaf_scald (197).jpg.json
0,test/leaf_scald/leaf_scald (199).jpg,test,leaf_scald,37.48487135310618,requires_human_review,unreviewed,none,../segmentation_annotations/masks/test/leaf_scald/leaf_scald%20%28199%29.jpg.png,,metadata/test/leaf_scald/leaf_scald (199).jpg.json
0,test/leaf_scald/leaf_scald (200).jpg,test,leaf_scald,19.002778078435618,requires_human_review,unreviewed,none,../segmentation_annotations/masks/test/leaf_scald/leaf_scald%20%28200%29.jpg.png,,metadata/test/leaf_scald/leaf_scald (200).jpg.json
0,test/leaf_scald/leaf_scald (223).jpg,test,leaf_scald,15.395904774000536,requires_human_review,unreviewed,none,../segmentation_annotations/masks/test/leaf_scald/leaf_scald%20%28223%29.jpg.png,,metadata/test/leaf_scald/leaf_scald (223).jpg.json
0,test/leaf_scald/leaf_scald (23).jpg,test,leaf_scald,11.82104498102237,requires_human_review,unreviewed,none,../segmentation_annotations/masks/test/leaf_scald/leaf_scald%20%2823%29.jpg.png,,metadata/test/leaf_scald/leaf_scald (23).jpg.json
0,test/leaf_scald/leaf_scald (234).jpg,test,leaf_scald,2.4851620274859556,requires_human_review,unreviewed,none,../segmentation_annotations/masks/test/leaf_scald/leaf_scald%20%28234%29.jpg.png,,metadata/test/leaf_scald/leaf_scald (234).jpg.json
0,test/leaf_scald/leaf_scald (242).jpg,test,leaf_scald,2.3345882556579687,requires_human_review,unreviewed,none,../segmentation_annotations/masks/test/leaf_scald/leaf_scald%20%28242%29.jpg.png,,metadata/test/leaf_scald/leaf_scald (242).jpg.json
0,test/leaf_scald/leaf_scald (249).jpg,test,leaf_scald,37.59686782773053,requires_human_review,unreviewed,none,../segmentation_annotations/masks/test/leaf_scald/leaf_scald%20%28249%29.jpg.png,,metadata/test/leaf_scald/leaf_scald (249).jpg.json
0,test/leaf_scald/leaf_scald (264).jpg,test,leaf_scald,21.656466494765294,requires_human_review;multiple_leaf_components,unreviewed,none,../segmentation_annotations/masks/test/leaf_scald/leaf_scald%20%28264%29.jpg.png,,metadata/test/leaf_scald/leaf_scald (264).jpg.json
0,test/leaf_scald/leaf_scald (267).jpg,test,leaf_scald,2.2525485037816506,requires_human_review;multiple_leaf_components,unreviewed,none,../segmentation_annotations/masks/test/leaf_scald/leaf_scald%20%28267%29.jpg.png,,metadata/test/leaf_scald/leaf_scald (267).jpg.json
0,test/leaf_scald/leaf_scald (276).jpg,test,leaf_scald,3.2054324000632723,requires_human_review,unreviewed,none,../segmentation_annotations/masks/test/leaf_scald/leaf_scald%20%28276%29.jpg.png,,metadata/test/leaf_scald/leaf_scald (276).jpg.json
0,test/leaf_scald/leaf_scald (277).jpg,test,leaf_scald,3.1516131037483683,requires_human_review,unreviewed,none,../segmentation_annotations/masks/test/leaf_scald/leaf_scald%20%28277%29.jpg.png,,metadata/test/leaf_scald/leaf_scald (277).jpg.json
0,test/leaf_scald/leaf_scald (302).jpg,test,leaf_scald,24.024615976345586,requires_human_review;multiple_leaf_components,unreviewed,none,../segmentation_annotations/masks/test/leaf_scald/leaf_scald%20%28302%29.jpg.png,,metadata/test/leaf_scald/leaf_scald (302).jpg.json
0,test/leaf_scald/leaf_scald (304).jpg,test,leaf_scald,5.060606419659466,requires_human_review,unreviewed,none,../segmentation_annotations/masks/test/leaf_scald/leaf_scald%20%28304%29.jpg.png,,metadata/test/leaf_scald/leaf_scald (304).jpg.json
0,test/leaf_scald/leaf_scald (31).jpg,test,leaf_scald,19.83470102753415,requires_human_review,unreviewed,none,../segmentation_annotations/masks/test/leaf_scald/leaf_scald%20%2831%29.jpg.png,,metadata/test/leaf_scald/leaf_scald (31).jpg.json
0,test/leaf_scald/leaf_scald (310).jpg,test,leaf_scald,2.462169138114277,requires_human_review,unreviewed,none,../segmentation_annotations/masks/test/leaf_scald/leaf_scald%20%28310%29.jpg.png,,metadata/test/leaf_scald/leaf_scald (310).jpg.json
0,test/leaf_scald/leaf_scald (313).jpg,test,leaf_scald,37.13259751500368,requires_human_review,unreviewed,none,../segmentation_annotations/masks/test/leaf_scald/leaf_scald%20%28313%29.jpg.png,,metadata/test/leaf_scald/leaf_scald (313).jpg.json
0,test/leaf_scald/leaf_scald (328).jpg,test,leaf_scald,37.46437980536588,requires_human_review,unreviewed,none,../segmentation_annotations/masks/test/leaf_scald/leaf_scald%20%28328%29.jpg.png,,metadata/test/leaf_scald/leaf_scald (328).jpg.json
0,test/leaf_scald/leaf_scald (33).jpg,test,leaf_scald,39.10787099962931,requires_human_review,unreviewed,none,../segmentation_annotations/masks/test/leaf_scald/leaf_scald%20%2833%29.jpg.png,,metadata/test/leaf_scald/leaf_scald (33).jpg.json
0,test/leaf_scald/leaf_scald (333).jpg,test,leaf_scald,37.35840507476212,requires_human_review,unreviewed,none,../segmentation_annotations/masks/test/leaf_scald/leaf_scald%20%28333%29.jpg.png,,metadata/test/leaf_scald/leaf_scald (333).jpg.json
0,test/leaf_scald/leaf_scald (35).jpg,test,leaf_scald,19.03238223548092,requires_human_review,unreviewed,none,../segmentation_annotations/masks/test/leaf_scald/leaf_scald%20%2835%29.jpg.png,,metadata/test/leaf_scald/leaf_scald (35).jpg.json
0,test/leaf_scald/leaf_scald (43).jpg,test,leaf_scald,19.005659807487756,requires_human_review,unreviewed,none,../segmentation_annotations/masks/test/leaf_scald/leaf_scald%20%2843%29.jpg.png,,metadata/test/leaf_scald/leaf_scald (43).jpg.json
0,test/leaf_scald/leaf_scald (47).jpg,test,leaf_scald,38.24382001194482,requires_human_review,unreviewed,none,../segmentation_annotations/masks/test/leaf_scald/leaf_scald%20%2847%29.jpg.png,,metadata/test/leaf_scald/leaf_scald (47).jpg.json
0,test/leaf_scald/leaf_scald (49).jpg,test,leaf_scald,18.81995046299627,requires_human_review,unreviewed,none,../segmentation_annotations/masks/test/leaf_scald/leaf_scald%20%2849%29.jpg.png,,metadata/test/leaf_scald/leaf_scald (49).jpg.json
0,test/leaf_scald/leaf_scald (87).jpg,test,leaf_scald,24.09773404008194,requires_human_review,unreviewed,none,../segmentation_annotations/masks/test/leaf_scald/leaf_scald%20%2887%29.jpg.png,,metadata/test/leaf_scald/leaf_scald (87).jpg.json
0,test/leaf_scald/leaf_scald (91).jpg,test,leaf_scald,1.0227857294156808,requires_human_review,unreviewed,none,../segmentation_annotations/masks/test/leaf_scald/leaf_scald%20%2891%29.jpg.png,,metadata/test/leaf_scald/leaf_scald (91).jpg.json
0,test/narrow_brown_spot/narrow_brown (104).jpg,test,narrow_brown_spot,7.995878952974662,requires_human_review,unreviewed,none,../segmentation_annotations/masks/test/narrow_brown_spot/narrow_brown%20%28104%29.jpg.png,,metadata/test/narrow_brown_spot/narrow_brown (104).jpg.json
0,test/narrow_brown_spot/narrow_brown (105).jpg,test,narrow_brown_spot,8.022059241571437,requires_human_review,unreviewed,none,../segmentation_annotations/masks/test/narrow_brown_spot/narrow_brown%20%28105%29.jpg.png,,metadata/test/narrow_brown_spot/narrow_brown (105).jpg.json
0,test/narrow_brown_spot/narrow_brown (109).jpg,test,narrow_brown_spot,4.1946017299475455,requires_human_review,unreviewed,none,../segmentation_annotations/masks/test/narrow_brown_spot/narrow_brown%20%28109%29.jpg.png,,metadata/test/narrow_brown_spot/narrow_brown (109).jpg.json
0,test/narrow_brown_spot/narrow_brown (110).jpg,test,narrow_brown_spot,2.004463218299195,requires_human_review,unreviewed,none,../segmentation_annotations/masks/test/narrow_brown_spot/narrow_brown%20%28110%29.jpg.png,,metadata/test/narrow_brown_spot/narrow_brown (110).jpg.json
0,test/narrow_brown_spot/narrow_brown (112).jpg,test,narrow_brown_spot,1.74613947330937,requires_human_review,unreviewed,none,../segmentation_annotations/masks/test/narrow_brown_spot/narrow_brown%20%28112%29.jpg.png,,metadata/test/narrow_brown_spot/narrow_brown (112).jpg.json
0,test/narrow_brown_spot/narrow_brown (121).jpg,test,narrow_brown_spot,2.031235984172705,requires_human_review,unreviewed,none,../segmentation_annotations/masks/test/narrow_brown_spot/narrow_brown%20%28121%29.jpg.png,,metadata/test/narrow_brown_spot/narrow_brown (121).jpg.json
0,test/narrow_brown_spot/narrow_brown (125).jpg,test,narrow_brown_spot,11.3781979812395,requires_human_review,unreviewed,none,../segmentation_annotations/masks/test/narrow_brown_spot/narrow_brown%20%28125%29.jpg.png,,metadata/test/narrow_brown_spot/narrow_brown (125).jpg.json
0,test/narrow_brown_spot/narrow_brown (126).jpg,test,narrow_brown_spot,3.266034964430748,requires_human_review,unreviewed,none,../segmentation_annotations/masks/test/narrow_brown_spot/narrow_brown%20%28126%29.jpg.png,,metadata/test/narrow_brown_spot/narrow_brown (126).jpg.json
0,test/narrow_brown_spot/narrow_brown (127).jpg,test,narrow_brown_spot,9.016528110932212,requires_human_review,unreviewed,none,../segmentation_annotations/masks/test/narrow_brown_spot/narrow_brown%20%28127%29.jpg.png,,metadata/test/narrow_brown_spot/narrow_brown (127).jpg.json
0,test/narrow_brown_spot/narrow_brown (128).jpg,test,narrow_brown_spot,9.865937784719511,requires_human_review,unreviewed,none,../segmentation_annotations/masks/test/narrow_brown_spot/narrow_brown%20%28128%29.jpg.png,,metadata/test/narrow_brown_spot/narrow_brown (128).jpg.json
0,test/narrow_brown_spot/narrow_brown (129).jpg,test,narrow_brown_spot,11.34500895901971,requires_human_review,unreviewed,none,../segmentation_annotations/masks/test/narrow_brown_spot/narrow_brown%20%28129%29.jpg.png,,metadata/test/narrow_brown_spot/narrow_brown (129).jpg.json
0,test/narrow_brown_spot/narrow_brown (130).jpg,test,narrow_brown_spot,8.00307044976403,requires_human_review,unreviewed,none,../segmentation_annotations/masks/test/narrow_brown_spot/narrow_brown%20%28130%29.jpg.png,,metadata/test/narrow_brown_spot/narrow_brown (130).jpg.json
0,test/narrow_brown_spot/narrow_brown (137).jpg,test,narrow_brown_spot,7.993503828101297,requires_human_review,unreviewed,none,../segmentation_annotations/masks/test/narrow_brown_spot/narrow_brown%20%28137%29.jpg.png,,metadata/test/narrow_brown_spot/narrow_brown (137).jpg.json
0,test/narrow_brown_spot/narrow_brown (147).jpg,test,narrow_brown_spot,1.6698274227195145,requires_human_review,unreviewed,none,../segmentation_annotations/masks/test/narrow_brown_spot/narrow_brown%20%28147%29.jpg.png,,metadata/test/narrow_brown_spot/narrow_brown (147).jpg.json
0,test/narrow_brown_spot/narrow_brown (148).jpg,test,narrow_brown_spot,1.4388071824326285,requires_human_review,unreviewed,none,../segmentation_annotations/masks/test/narrow_brown_spot/narrow_brown%20%28148%29.jpg.png,,metadata/test/narrow_brown_spot/narrow_brown (148).jpg.json
0,test/narrow_brown_spot/narrow_brown (153).jpg,test,narrow_brown_spot,33.78963994977927,requires_human_review;multiple_leaf_components,unreviewed,none,../segmentation_annotations/masks/test/narrow_brown_spot/narrow_brown%20%28153%29.jpg.png,,metadata/test/narrow_brown_spot/narrow_brown (153).jpg.json
0,test/narrow_brown_spot/narrow_brown (166).jpg,test,narrow_brown_spot,1.6782500687418813,requires_human_review,unreviewed,none,../segmentation_annotations/masks/test/narrow_brown_spot/narrow_brown%20%28166%29.jpg.png,,metadata/test/narrow_brown_spot/narrow_brown (166).jpg.json
0,test/narrow_brown_spot/narrow_brown (167).jpg,test,narrow_brown_spot,5.159133059876267,requires_human_review,unreviewed,none,../segmentation_annotations/masks/test/narrow_brown_spot/narrow_brown%20%28167%29.jpg.png,,metadata/test/narrow_brown_spot/narrow_brown (167).jpg.json
0,test/narrow_brown_spot/narrow_brown (168).jpg,test,narrow_brown_spot,17.851658989251618,requires_human_review,unreviewed,none,../segmentation_annotations/masks/test/narrow_brown_spot/narrow_brown%20%28168%29.jpg.png,,metadata/test/narrow_brown_spot/narrow_brown (168).jpg.json
0,test/narrow_brown_spot/narrow_brown (181).jpg,test,narrow_brown_spot,7.893625110895188,requires_human_review,unreviewed,none,../segmentation_annotations/masks/test/narrow_brown_spot/narrow_brown%20%28181%29.jpg.png,,metadata/test/narrow_brown_spot/narrow_brown (181).jpg.json
0,test/narrow_brown_spot/narrow_brown (184).jpg,test,narrow_brown_spot,1.7652810241838153,requires_human_review,unreviewed,none,../segmentation_annotations/masks/test/narrow_brown_spot/narrow_brown%20%28184%29.jpg.png,,metadata/test/narrow_brown_spot/narrow_brown (184).jpg.json
0,test/narrow_brown_spot/narrow_brown (19).jpg,test,narrow_brown_spot,19.947876147502722,requires_human_review,unreviewed,none,../segmentation_annotations/masks/test/narrow_brown_spot/narrow_brown%20%2819%29.jpg.png,,metadata/test/narrow_brown_spot/narrow_brown (19).jpg.json
0,test/narrow_brown_spot/narrow_brown (225).jpg,test,narrow_brown_spot,1.8332643147772014,requires_human_review,unreviewed,none,../segmentation_annotations/masks/test/narrow_brown_spot/narrow_brown%20%28225%29.jpg.png,,metadata/test/narrow_brown_spot/narrow_brown (225).jpg.json
0,test/narrow_brown_spot/narrow_brown (237).jpg,test,narrow_brown_spot,24.130227001194744,requires_human_review,unreviewed,none,../segmentation_annotations/masks/test/narrow_brown_spot/narrow_brown%20%28237%29.jpg.png,,metadata/test/narrow_brown_spot/narrow_brown (237).jpg.json
0,test/narrow_brown_spot/narrow_brown (239).jpg,test,narrow_brown_spot,4.293818100123563,requires_human_review,unreviewed,none,../segmentation_annotations/masks/test/narrow_brown_spot/narrow_brown%20%28239%29.jpg.png,,metadata/test/narrow_brown_spot/narrow_brown (239).jpg.json
0,test/narrow_brown_spot/narrow_brown (241).jpg,test,narrow_brown_spot,10.36172677061748,requires_human_review,unreviewed,none,../segmentation_annotations/masks/test/narrow_brown_spot/narrow_brown%20%28241%29.jpg.png,,metadata/test/narrow_brown_spot/narrow_brown (241).jpg.json
0,test/narrow_brown_spot/narrow_brown (243).jpg,test,narrow_brown_spot,5.1445749527380915,requires_human_review,unreviewed,none,../segmentation_annotations/masks/test/narrow_brown_spot/narrow_brown%20%28243%29.jpg.png,,metadata/test/narrow_brown_spot/narrow_brown (243).jpg.json
0,test/narrow_brown_spot/narrow_brown (247).jpg,test,narrow_brown_spot,4.318327040371769,requires_human_review,unreviewed,none,../segmentation_annotations/masks/test/narrow_brown_spot/narrow_brown%20%28247%29.jpg.png,,metadata/test/narrow_brown_spot/narrow_brown (247).jpg.json
0,test/narrow_brown_spot/narrow_brown (248).jpg,test,narrow_brown_spot,1.9943156034297451,requires_human_review,unreviewed,none,../segmentation_annotations/masks/test/narrow_brown_spot/narrow_brown%20%28248%29.jpg.png,,metadata/test/narrow_brown_spot/narrow_brown (248).jpg.json
0,test/narrow_brown_spot/narrow_brown (249).jpg,test,narrow_brown_spot,4.3747213203293285,requires_human_review,unreviewed,none,../segmentation_annotations/masks/test/narrow_brown_spot/narrow_brown%20%28249%29.jpg.png,,metadata/test/narrow_brown_spot/narrow_brown (249).jpg.json
0,test/narrow_brown_spot/narrow_brown (25).jpg,test,narrow_brown_spot,9.872985459771003,requires_human_review,unreviewed,none,../segmentation_annotations/masks/test/narrow_brown_spot/narrow_brown%20%2825%29.jpg.png,,metadata/test/narrow_brown_spot/narrow_brown (25).jpg.json
0,test/narrow_brown_spot/narrow_brown (254).jpg,test,narrow_brown_spot,8.873559225300562,requires_human_review,unreviewed,none,../segmentation_annotations/masks/test/narrow_brown_spot/narrow_brown%20%28254%29.jpg.png,,metadata/test/narrow_brown_spot/narrow_brown (254).jpg.json
0,test/narrow_brown_spot/narrow_brown (257).jpg,test,narrow_brown_spot,10.359483899778313,requires_human_review,unreviewed,none,../segmentation_annotations/masks/test/narrow_brown_spot/narrow_brown%20%28257%29.jpg.png,,metadata/test/narrow_brown_spot/narrow_brown (257).jpg.json
0,test/narrow_brown_spot/narrow_brown (262).jpg,test,narrow_brown_spot,12.31121789694718,requires_human_review,unreviewed,none,../segmentation_annotations/masks/test/narrow_brown_spot/narrow_brown%20%28262%29.jpg.png,,metadata/test/narrow_brown_spot/narrow_brown (262).jpg.json
0,test/narrow_brown_spot/narrow_brown (267).jpg,test,narrow_brown_spot,2.255550633962682,requires_human_review,unreviewed,none,../segmentation_annotations/masks/test/narrow_brown_spot/narrow_brown%20%28267%29.jpg.png,,metadata/test/narrow_brown_spot/narrow_brown (267).jpg.json
0,test/narrow_brown_spot/narrow_brown (276).jpg,test,narrow_brown_spot,4.7275674501382845,requires_human_review,unreviewed,none,../segmentation_annotations/masks/test/narrow_brown_spot/narrow_brown%20%28276%29.jpg.png,,metadata/test/narrow_brown_spot/narrow_brown (276).jpg.json
0,test/narrow_brown_spot/narrow_brown (277).jpg,test,narrow_brown_spot,1.6069049558337911,requires_human_review,unreviewed,none,../segmentation_annotations/masks/test/narrow_brown_spot/narrow_brown%20%28277%29.jpg.png,,metadata/test/narrow_brown_spot/narrow_brown (277).jpg.json
0,test/narrow_brown_spot/narrow_brown (285).jpg,test,narrow_brown_spot,9.538208957724299,requires_human_review,unreviewed,none,../segmentation_annotations/masks/test/narrow_brown_spot/narrow_brown%20%28285%29.jpg.png,,metadata/test/narrow_brown_spot/narrow_brown (285).jpg.json
0,test/narrow_brown_spot/narrow_brown (291).jpg,test,narrow_brown_spot,10.368572162181088,requires_human_review,unreviewed,none,../segmentation_annotations/masks/test/narrow_brown_spot/narrow_brown%20%28291%29.jpg.png,,metadata/test/narrow_brown_spot/narrow_brown (291).jpg.json
0,test/narrow_brown_spot/narrow_brown (294).jpg,test,narrow_brown_spot,11.426662667357457,requires_human_review,unreviewed,none,../segmentation_annotations/masks/test/narrow_brown_spot/narrow_brown%20%28294%29.jpg.png,,metadata/test/narrow_brown_spot/narrow_brown (294).jpg.json
0,test/narrow_brown_spot/narrow_brown (3).jpg,test,narrow_brown_spot,24.161544096569735,requires_human_review,unreviewed,none,../segmentation_annotations/masks/test/narrow_brown_spot/narrow_brown%20%283%29.jpg.png,,metadata/test/narrow_brown_spot/narrow_brown (3).jpg.json
0,test/narrow_brown_spot/narrow_brown (318).jpg,test,narrow_brown_spot,1.7699629948565179,requires_human_review,unreviewed,none,../segmentation_annotations/masks/test/narrow_brown_spot/narrow_brown%20%28318%29.jpg.png,,metadata/test/narrow_brown_spot/narrow_brown (318).jpg.json
0,test/narrow_brown_spot/narrow_brown (32).jpg,test,narrow_brown_spot,10.66663972560529,requires_human_review,unreviewed,none,../segmentation_annotations/masks/test/narrow_brown_spot/narrow_brown%20%2832%29.jpg.png,,metadata/test/narrow_brown_spot/narrow_brown (32).jpg.json
0,test/narrow_brown_spot/narrow_brown (34).jpg,test,narrow_brown_spot,10.165921252296142,requires_human_review,unreviewed,none,../segmentation_annotations/masks/test/narrow_brown_spot/narrow_brown%20%2834%29.jpg.png,,metadata/test/narrow_brown_spot/narrow_brown (34).jpg.json
0,test/narrow_brown_spot/narrow_brown (341).jpg,test,narrow_brown_spot,4.017981328793493,requires_human_review,unreviewed,none,../segmentation_annotations/masks/test/narrow_brown_spot/narrow_brown%20%28341%29.jpg.png,,metadata/test/narrow_brown_spot/narrow_brown (341).jpg.json
0,test/narrow_brown_spot/narrow_brown (348).jpg,test,narrow_brown_spot,10.35936305832854,requires_human_review,unreviewed,none,../segmentation_annotations/masks/test/narrow_brown_spot/narrow_brown%20%28348%29.jpg.png,,metadata/test/narrow_brown_spot/narrow_brown (348).jpg.json
0,test/narrow_brown_spot/narrow_brown (349).jpg,test,narrow_brown_spot,8.770145784553332,requires_human_review,unreviewed,none,../segmentation_annotations/masks/test/narrow_brown_spot/narrow_brown%20%28349%29.jpg.png,,metadata/test/narrow_brown_spot/narrow_brown (349).jpg.json
0,test/narrow_brown_spot/narrow_brown (35).jpg,test,narrow_brown_spot,10.474699963425733,requires_human_review,unreviewed,none,../segmentation_annotations/masks/test/narrow_brown_spot/narrow_brown%20%2835%29.jpg.png,,metadata/test/narrow_brown_spot/narrow_brown (35).jpg.json
0,test/narrow_brown_spot/narrow_brown (37).jpg,test,narrow_brown_spot,1.5721784776902887,requires_human_review,unreviewed,none,../segmentation_annotations/masks/test/narrow_brown_spot/narrow_brown%20%2837%29.jpg.png,,metadata/test/narrow_brown_spot/narrow_brown (37).jpg.json
0,test/narrow_brown_spot/narrow_brown (39).jpg,test,narrow_brown_spot,1.7863138808676382,requires_human_review,unreviewed,none,../segmentation_annotations/masks/test/narrow_brown_spot/narrow_brown%20%2839%29.jpg.png,,metadata/test/narrow_brown_spot/narrow_brown (39).jpg.json
0,test/narrow_brown_spot/narrow_brown (44).jpg,test,narrow_brown_spot,8.750103536817692,requires_human_review,unreviewed,none,../segmentation_annotations/masks/test/narrow_brown_spot/narrow_brown%20%2844%29.jpg.png,,metadata/test/narrow_brown_spot/narrow_brown (44).jpg.json
0,test/narrow_brown_spot/narrow_brown (48).jpg,test,narrow_brown_spot,1.4091433543286236,requires_human_review,unreviewed,none,../segmentation_annotations/masks/test/narrow_brown_spot/narrow_brown%20%2848%29.jpg.png,,metadata/test/narrow_brown_spot/narrow_brown (48).jpg.json
0,test/narrow_brown_spot/narrow_brown (49).jpg,test,narrow_brown_spot,1.7355378826605434,requires_human_review,unreviewed,none,../segmentation_annotations/masks/test/narrow_brown_spot/narrow_brown%20%2849%29.jpg.png,,metadata/test/narrow_brown_spot/narrow_brown (49).jpg.json
0,test/narrow_brown_spot/narrow_brown (53).jpg,test,narrow_brown_spot,1.757454478797507,requires_human_review,unreviewed,none,../segmentation_annotations/masks/test/narrow_brown_spot/narrow_brown%20%2853%29.jpg.png,,metadata/test/narrow_brown_spot/narrow_brown (53).jpg.json
0,test/narrow_brown_spot/narrow_brown (55).jpg,test,narrow_brown_spot,9.599992715551387,requires_human_review,unreviewed,none,../segmentation_annotations/masks/test/narrow_brown_spot/narrow_brown%20%2855%29.jpg.png,,metadata/test/narrow_brown_spot/narrow_brown (55).jpg.json
0,test/narrow_brown_spot/narrow_brown (6).jpg,test,narrow_brown_spot,5.938127090301004,requires_human_review,unreviewed,none,../segmentation_annotations/masks/test/narrow_brown_spot/narrow_brown%20%286%29.jpg.png,,metadata/test/narrow_brown_spot/narrow_brown (6).jpg.json
0,test/narrow_brown_spot/narrow_brown (64).jpg,test,narrow_brown_spot,19.78731951170524,requires_human_review,unreviewed,none,../segmentation_annotations/masks/test/narrow_brown_spot/narrow_brown%20%2864%29.jpg.png,,metadata/test/narrow_brown_spot/narrow_brown (64).jpg.json
0,test/narrow_brown_spot/narrow_brown (71).jpg,test,narrow_brown_spot,5.9429278118246325,requires_human_review,unreviewed,none,../segmentation_annotations/masks/test/narrow_brown_spot/narrow_brown%20%2871%29.jpg.png,,metadata/test/narrow_brown_spot/narrow_brown (71).jpg.json
0,test/narrow_brown_spot/narrow_brown (76).jpg,test,narrow_brown_spot,4.03580607222198,requires_human_review,unreviewed,none,../segmentation_annotations/masks/test/narrow_brown_spot/narrow_brown%20%2876%29.jpg.png,,metadata/test/narrow_brown_spot/narrow_brown (76).jpg.json
0,test/narrow_brown_spot/narrow_brown (77).jpg,test,narrow_brown_spot,5.700413857650517,requires_human_review,unreviewed,none,../segmentation_annotations/masks/test/narrow_brown_spot/narrow_brown%20%2877%29.jpg.png,,metadata/test/narrow_brown_spot/narrow_brown (77).jpg.json
0,test/narrow_brown_spot/narrow_brown (8).jpg,test,narrow_brown_spot,4.408200284601792,requires_human_review,unreviewed,none,../segmentation_annotations/masks/test/narrow_brown_spot/narrow_brown%20%288%29.jpg.png,,metadata/test/narrow_brown_spot/narrow_brown (8).jpg.json
0,test/narrow_brown_spot/narrow_brown (83).jpg,test,narrow_brown_spot,33.69908494614948,requires_human_review;multiple_leaf_components,unreviewed,none,../segmentation_annotations/masks/test/narrow_brown_spot/narrow_brown%20%2883%29.jpg.png,,metadata/test/narrow_brown_spot/narrow_brown (83).jpg.json
0,test/narrow_brown_spot/narrow_brown (93).jpg,test,narrow_brown_spot,3.6059938592978242,requires_human_review,unreviewed,none,../segmentation_annotations/masks/test/narrow_brown_spot/narrow_brown%20%2893%29.jpg.png,,metadata/test/narrow_brown_spot/narrow_brown (93).jpg.json
0,test/narrow_brown_spot/narrow_brown (94).jpg,test,narrow_brown_spot,1.6806047882896835,requires_human_review,unreviewed,none,../segmentation_annotations/masks/test/narrow_brown_spot/narrow_brown%20%2894%29.jpg.png,,metadata/test/narrow_brown_spot/narrow_brown (94).jpg.json
0,test/narrow_brown_spot/narrow_brown (99).jpg,test,narrow_brown_spot,11.481222951277397,requires_human_review,unreviewed,none,../segmentation_annotations/masks/test/narrow_brown_spot/narrow_brown%20%2899%29.jpg.png,,metadata/test/narrow_brown_spot/narrow_brown (99).jpg.json
0,train/bacterial_leaf_blight/bacterial_leaf_blight (1).JPG,train,bacterial_leaf_blight,3.0372016712707595,requires_human_review,reviewed,ai_visual,../segmentation_annotations/masks/train/bacterial_leaf_blight/bacterial_leaf_blight%20%281%29.JPG.png,../boundary_review_20261010/index.html,metadata/train/bacterial_leaf_blight/bacterial_leaf_blight (1).JPG.json
0,train/bacterial_leaf_blight/bacterial_leaf_blight (100).JPG,validation,bacterial_leaf_blight,0.8242673581434428,requires_human_review,reviewed,ai_visual,../segmentation_annotations/masks/validation/bacterial_leaf_blight/bacterial_leaf_blight%20%28100%29.JPG.png,../boundary_review_20261010/index.html,metadata/validation/bacterial_leaf_blight/bacterial_leaf_blight (100).JPG.json
0,train/bacterial_leaf_blight/bacterial_leaf_blight (101).JPG,train,bacterial_leaf_blight,2.466949100782339,requires_human_review,unreviewed,none,../segmentation_annotations/masks/train/bacterial_leaf_blight/bacterial_leaf_blight%20%28101%29.JPG.png,,metadata/train/bacterial_leaf_blight/bacterial_leaf_blight (101).JPG.json
0,train/bacterial_leaf_blight/bacterial_leaf_blight (102).JPG,train,bacterial_leaf_blight,9.376211384043353,requires_human_review,unreviewed,none,../segmentation_annotations/masks/train/bacterial_leaf_blight/bacterial_leaf_blight%20%28102%29.JPG.png,,metadata/train/bacterial_leaf_blight/bacterial_leaf_blight (102).JPG.json
0,train/bacterial_leaf_blight/bacterial_leaf_blight (103).JPG,train,bacterial_leaf_blight,3.2668612836768296,requires_human_review,unreviewed,none,../segmentation_annotations/masks/train/bacterial_leaf_blight/bacterial_leaf_blight%20%28103%29.JPG.png,,metadata/train/bacterial_leaf_blight/bacterial_leaf_blight (103).JPG.json
0,train/bacterial_leaf_blight/bacterial_leaf_blight (104).JPG,train,bacterial_leaf_blight,3.1961881307385496,requires_human_review,unreviewed,none,../segmentation_annotations/masks/train/bacterial_leaf_blight/bacterial_leaf_blight%20%28104%29.JPG.png,,metadata/train/bacterial_leaf_blight/bacterial_leaf_blight (104).JPG.json
0,train/bacterial_leaf_blight/bacterial_leaf_blight (105).JPG,train,bacterial_leaf_blight,1.7867636460400704,requires_human_review,unreviewed,none,../segmentation_annotations/masks/train/bacterial_leaf_blight/bacterial_leaf_blight%20%28105%29.JPG.png,,metadata/train/bacterial_leaf_blight/bacterial_leaf_blight (105).JPG.json
0,train/bacterial_leaf_blight/bacterial_leaf_blight (106).JPG,train,bacterial_leaf_blight,2.148914210797919,requires_human_review,unreviewed,none,../segmentation_annotations/masks/train/bacterial_leaf_blight/bacterial_leaf_blight%20%28106%29.JPG.png,,metadata/train/bacterial_leaf_blight/bacterial_leaf_blight (106).JPG.json
0,train/bacterial_leaf_blight/bacterial_leaf_blight (107).JPG,train,bacterial_leaf_blight,1.6689529035208048,requires_human_review,unreviewed,none,../segmentation_annotations/masks/train/bacterial_leaf_blight/bacterial_leaf_blight%20%28107%29.JPG.png,,metadata/train/bacterial_leaf_blight/bacterial_leaf_blight (107).JPG.json
0,train/bacterial_leaf_blight/bacterial_leaf_blight (108).jpg,train,bacterial_leaf_blight,12.456318914334181,requires_human_review,unreviewed,none,../segmentation_annotations/masks/train/bacterial_leaf_blight/bacterial_leaf_blight%20%28108%29.jpg.png,,metadata/train/bacterial_leaf_blight/bacterial_leaf_blight (108).jpg.json
0,train/bacterial_leaf_blight/bacterial_leaf_blight (109).jpg,train,bacterial_leaf_blight,17.951215380706362,requires_human_review;multiple_leaf_components,unreviewed,none,../segmentation_annotations/masks/train/bacterial_leaf_blight/bacterial_leaf_blight%20%28109%29.jpg.png,,metadata/train/bacterial_leaf_blight/bacterial_leaf_blight (109).jpg.json
0,train/bacterial_leaf_blight/bacterial_leaf_blight (11).JPG,train,bacterial_leaf_blight,1.9722215581745595,requires_human_review,unreviewed,none,../segmentation_annotations/masks/train/bacterial_leaf_blight/bacterial_leaf_blight%20%2811%29.JPG.png,,metadata/train/bacterial_leaf_blight/bacterial_leaf_blight (11).JPG.json
0,train/bacterial_leaf_blight/bacterial_leaf_blight (110).jpg,train,bacterial_leaf_blight,0.009829421727558674,requires_human_review,unreviewed,none,../segmentation_annotations/masks/train/bacterial_leaf_blight/bacterial_leaf_blight%20%28110%29.jpg.png,,metadata/train/bacterial_leaf_blight/bacterial_leaf_blight (110).jpg.json
0,train/bacterial_leaf_blight/bacterial_leaf_blight (111).JPG,train,bacterial_leaf_blight,0.44264288609647345,requires_human_review,unreviewed,none,../segmentation_annotations/masks/train/bacterial_leaf_blight/bacterial_leaf_blight%20%28111%29.JPG.png,,metadata/train/bacterial_leaf_blight/bacterial_leaf_blight (111).JPG.json
0,train/bacterial_leaf_blight/bacterial_leaf_blight (112).JPG,validation,bacterial_leaf_blight,0.7648955411675273,requires_human_review,unreviewed,none,../segmentation_annotations/masks/validation/bacterial_leaf_blight/bacterial_leaf_blight%20%28112%29.JPG.png,,metadata/validation/bacterial_leaf_blight/bacterial_leaf_blight (112).JPG.json
0,train/bacterial_leaf_blight/bacterial_leaf_blight (113).jpg,train,bacterial_leaf_blight,0.49599019653466114,requires_human_review,unreviewed,none,../segmentation_annotations/masks/train/bacterial_leaf_blight/bacterial_leaf_blight%20%28113%29.jpg.png,,metadata/train/bacterial_leaf_blight/bacterial_leaf_blight (113).jpg.json
0,train/bacterial_leaf_blight/bacterial_leaf_blight (114).JPG,train,bacterial_leaf_blight,12.924147107983405,requires_human_review,unreviewed,none,../segmentation_annotations/masks/train/bacterial_leaf_blight/bacterial_leaf_blight%20%28114%29.JPG.png,,metadata/train/bacterial_leaf_blight/bacterial_leaf_blight (114).JPG.json
0,train/bacterial_leaf_blight/bacterial_leaf_blight (116).JPG,train,bacterial_leaf_blight,5.169615495499343,requires_human_review,unreviewed,none,../segmentation_annotations/masks/train/bacterial_leaf_blight/bacterial_leaf_blight%20%28116%29.JPG.png,,metadata/train/bacterial_leaf_blight/bacterial_leaf_blight (116).JPG.json
0,train/bacterial_leaf_blight/bacterial_leaf_blight (117).JPG,train,bacterial_leaf_blight,5.803336589764785,requires_human_review,unreviewed,none,../segmentation_annotations/masks/train/bacterial_leaf_blight/bacterial_leaf_blight%20%28117%29.JPG.png,,metadata/train/bacterial_leaf_blight/bacterial_leaf_blight (117).JPG.json
0,train/bacterial_leaf_blight/bacterial_leaf_blight (118).JPG,train,bacterial_leaf_blight,0.010498246792785606,requires_human_review,unreviewed,none,../segmentation_annotations/masks/train/bacterial_leaf_blight/bacterial_leaf_blight%20%28118%29.JPG.png,,metadata/train/bacterial_leaf_blight/bacterial_leaf_blight (118).JPG.json
0,train/bacterial_leaf_blight/bacterial_leaf_blight (119).JPG,validation,bacterial_leaf_blight,1.9859977483816493,requires_human_review,unreviewed,none,../segmentation_annotations/masks/validation/bacterial_leaf_blight/bacterial_leaf_blight%20%28119%29.JPG.png,,metadata/validation/bacterial_leaf_blight/bacterial_leaf_blight (119).JPG.json
0,train/bacterial_leaf_blight/bacterial_leaf_blight (12).JPG,validation,bacterial_leaf_blight,1.5230272017236737,requires_human_review,unreviewed,none,../segmentation_annotations/masks/validation/bacterial_leaf_blight/bacterial_leaf_blight%20%2812%29.JPG.png,,metadata/validation/bacterial_leaf_blight/bacterial_leaf_blight (12).JPG.json
0,train/bacterial_leaf_blight/bacterial_leaf_blight (120).JPG,train,bacterial_leaf_blight,0.5591552675785937,requires_human_review,unreviewed,none,../segmentation_annotations/masks/train/bacterial_leaf_blight/bacterial_leaf_blight%20%28120%29.JPG.png,,metadata/train/bacterial_leaf_blight/bacterial_leaf_blight (120).JPG.json
0,train/bacterial_leaf_blight/bacterial_leaf_blight (121).JPG,train,bacterial_leaf_blight,10.650044720249992,requires_human_review,unreviewed,none,../segmentation_annotations/masks/train/bacterial_leaf_blight/bacterial_leaf_blight%20%28121%29.JPG.png,,metadata/train/bacterial_leaf_blight/bacterial_leaf_blight (121).JPG.json
0,train/bacterial_leaf_blight/bacterial_leaf_blight (122).JPG,train,bacterial_leaf_blight,1.6807585663916749,requires_human_review,unreviewed,none,../segmentation_annotations/masks/train/bacterial_leaf_blight/bacterial_leaf_blight%20%28122%29.JPG.png,,metadata/train/bacterial_leaf_blight/bacterial_leaf_blight (122).JPG.json
0,train/bacterial_leaf_blight/bacterial_leaf_blight (123).JPG,train,bacterial_leaf_blight,8.82491423959104,requires_human_review,unreviewed,none,../segmentation_annotations/masks/train/bacterial_leaf_blight/bacterial_leaf_blight%20%28123%29.JPG.png,,metadata/train/bacterial_leaf_blight/bacterial_leaf_blight (123).JPG.json
0,train/bacterial_leaf_blight/bacterial_leaf_blight (124).jpg,train,bacterial_leaf_blight,0.3269500233535731,requires_human_review,unreviewed,none,../segmentation_annotations/masks/train/bacterial_leaf_blight/bacterial_leaf_blight%20%28124%29.jpg.png,,metadata/train/bacterial_leaf_blight/bacterial_leaf_blight (124).jpg.json
0,train/bacterial_leaf_blight/bacterial_leaf_blight (126).JPG,train,bacterial_leaf_blight,4.559395940086716,requires_human_review,reviewed,ai_visual,../segmentation_annotations/masks/train/bacterial_leaf_blight/bacterial_leaf_blight%20%28126%29.JPG.png,../boundary_review_20261010/index.html,metadata/train/bacterial_leaf_blight/bacterial_leaf_blight (126).JPG.json
0,train/bacterial_leaf_blight/bacterial_leaf_blight (127).JPG,train,bacterial_leaf_blight,4.350640567332032,requires_human_review,unreviewed,none,../segmentation_annotations/masks/train/bacterial_leaf_blight/bacterial_leaf_blight%20%28127%29.JPG.png,,metadata/train/bacterial_leaf_blight/bacterial_leaf_blight (127).JPG.json
0,train/bacterial_leaf_blight/bacterial_leaf_blight (128).JPG,train,bacterial_leaf_blight,2.5047529700874214,requires_human_review,unreviewed,none,../segmentation_annotations/masks/train/bacterial_leaf_blight/bacterial_leaf_blight%20%28128%29.JPG.png,,metadata/train/bacterial_leaf_blight/bacterial_leaf_blight (128).JPG.json
0,train/bacterial_leaf_blight/bacterial_leaf_blight (13).JPG,train,bacterial_leaf_blight,3.001331374529428,requires_human_review,unreviewed,none,../segmentation_annotations/masks/train/bacterial_leaf_blight/bacterial_leaf_blight%20%2813%29.JPG.png,,metadata/train/bacterial_leaf_blight/bacterial_leaf_blight (13).JPG.json
0,train/bacterial_leaf_blight/bacterial_leaf_blight (130).JPG,train,bacterial_leaf_blight,0.005652511834946654,requires_human_review,unreviewed,none,../segmentation_annotations/masks/train/bacterial_leaf_blight/bacterial_leaf_blight%20%28130%29.JPG.png,,metadata/train/bacterial_leaf_blight/bacterial_leaf_blight (130).JPG.json
0,train/bacterial_leaf_blight/bacterial_leaf_blight (131).JPG,train,bacterial_leaf_blight,2.16294564207694,requires_human_review,unreviewed,none,../segmentation_annotations/masks/train/bacterial_leaf_blight/bacterial_leaf_blight%20%28131%29.JPG.png,,metadata/train/bacterial_leaf_blight/bacterial_leaf_blight (131).JPG.json
0,train/bacterial_leaf_blight/bacterial_leaf_blight (132).JPG,train,bacterial_leaf_blight,0.9623157663280022,requires_human_review,unreviewed,none,../segmentation_annotations/masks/train/bacterial_leaf_blight/bacterial_leaf_blight%20%28132%29.JPG.png,,metadata/train/bacterial_leaf_blight/bacterial_leaf_blight (132).JPG.json
0,train/bacterial_leaf_blight/bacterial_leaf_blight (135).JPG,train,bacterial_leaf_blight,7.093436445494661,requires_human_review,unreviewed,none,../segmentation_annotations/masks/train/bacterial_leaf_blight/bacterial_leaf_blight%20%28135%29.JPG.png,,metadata/train/bacterial_leaf_blight/bacterial_leaf_blight (135).JPG.json
0,train/bacterial_leaf_blight/bacterial_leaf_blight (138).JPG,train,bacterial_leaf_blight,1.853147759375891,requires_human_review,unreviewed,none,../segmentation_annotations/masks/train/bacterial_leaf_blight/bacterial_leaf_blight%20%28138%29.JPG.png,,metadata/train/bacterial_leaf_blight/bacterial_leaf_blight (138).JPG.json
0,train/bacterial_leaf_blight/bacterial_leaf_blight (139).JPG,train,bacterial_leaf_blight,0.08968609865470852,requires_human_review,unreviewed,none,../segmentation_annotations/masks/train/bacterial_leaf_blight/bacterial_leaf_blight%20%28139%29.JPG.png,,metadata/train/bacterial_leaf_blight/bacterial_leaf_blight (139).JPG.json
0,train/bacterial_leaf_blight/bacterial_leaf_blight (14).JPG,validation,bacterial_leaf_blight,2.8891340770708185,requires_human_review,unreviewed,none,../segmentation_annotations/masks/validation/bacterial_leaf_blight/bacterial_leaf_blight%20%2814%29.JPG.png,,metadata/validation/bacterial_leaf_blight/bacterial_leaf_blight (14).JPG.json
0,train/bacterial_leaf_blight/bacterial_leaf_blight (140).JPG,train,bacterial_leaf_blight,4.53372838497101,requires_human_review,unreviewed,none,../segmentation_annotations/masks/train/bacterial_leaf_blight/bacterial_leaf_blight%20%28140%29.JPG.png,,metadata/train/bacterial_leaf_blight/bacterial_leaf_blight (140).JPG.json
0,train/bacterial_leaf_blight/bacterial_leaf_blight (141).JPG,train,bacterial_leaf_blight,1.936730976543623,requires_human_review,unreviewed,none,../segmentation_annotations/masks/train/bacterial_leaf_blight/bacterial_leaf_blight%20%28141%29.JPG.png,,metadata/train/bacterial_leaf_blight/bacterial_leaf_blight (141).JPG.json
0,train/bacterial_leaf_blight/bacterial_leaf_blight (143).JPG,train,bacterial_leaf_blight,2.1039913794041776,requires_human_review,unreviewed,none,../segmentation_annotations/masks/train/bacterial_leaf_blight/bacterial_leaf_blight%20%28143%29.JPG.png,,metadata/train/bacterial_leaf_blight/bacterial_leaf_blight (143).JPG.json
0,train/bacterial_leaf_blight/bacterial_leaf_blight (144).JPG,train,bacterial_leaf_blight,5.795208016205008,requires_human_review,unreviewed,none,../segmentation_annotations/masks/train/bacterial_leaf_blight/bacterial_leaf_blight%20%28144%29.JPG.png,,metadata/train/bacterial_leaf_blight/bacterial_leaf_blight (144).JPG.json
0,train/bacterial_leaf_blight/bacterial_leaf_blight (145).JPG,train,bacterial_leaf_blight,2.729192792554947,requires_human_review,unreviewed,none,../segmentation_annotations/masks/train/bacterial_leaf_blight/bacterial_leaf_blight%20%28145%29.JPG.png,,metadata/train/bacterial_leaf_blight/bacterial_leaf_blight (145).JPG.json
0,train/bacterial_leaf_blight/bacterial_leaf_blight (146).JPG,train,bacterial_leaf_blight,5.931335545295484,requires_human_review,unreviewed,none,../segmentation_annotations/masks/train/bacterial_leaf_blight/bacterial_leaf_blight%20%28146%29.JPG.png,,metadata/train/bacterial_leaf_blight/bacterial_leaf_blight (146).JPG.json
0,train/bacterial_leaf_blight/bacterial_leaf_blight (148).JPG,train,bacterial_leaf_blight,1.6910982929953369,requires_human_review,unreviewed,none,../segmentation_annotations/masks/train/bacterial_leaf_blight/bacterial_leaf_blight%20%28148%29.JPG.png,,metadata/train/bacterial_leaf_blight/bacterial_leaf_blight (148).JPG.json
0,train/bacterial_leaf_blight/bacterial_leaf_blight (149).JPG,train,bacterial_leaf_blight,9.094077634426736,requires_human_review,unreviewed,none,../segmentation_annotations/masks/train/bacterial_leaf_blight/bacterial_leaf_blight%20%28149%29.JPG.png,,metadata/train/bacterial_leaf_blight/bacterial_leaf_blight (149).JPG.json
0,train/bacterial_leaf_blight/bacterial_leaf_blight (15).JPG,train,bacterial_leaf_blight,8.672930600308684,requires_human_review,unreviewed,none,../segmentation_annotations/masks/train/bacterial_leaf_blight/bacterial_leaf_blight%20%2815%29.JPG.png,,metadata/train/bacterial_leaf_blight/bacterial_leaf_blight (15).JPG.json
0,train/bacterial_leaf_blight/bacterial_leaf_blight (150).JPG,train,bacterial_leaf_blight,1.052958775304037,requires_human_review,unreviewed,none,../segmentation_annotations/masks/train/bacterial_leaf_blight/bacterial_leaf_blight%20%28150%29.JPG.png,,metadata/train/bacterial_leaf_blight/bacterial_leaf_blight (150).JPG.json
0,train/bacterial_leaf_blight/bacterial_leaf_blight (151).JPG,validation,bacterial_leaf_blight,2.153265429315891,requires_human_review,unreviewed,none,../segmentation_annotations/masks/validation/bacterial_leaf_blight/bacterial_leaf_blight%20%28151%29.JPG.png,,metadata/validation/bacterial_leaf_blight/bacterial_leaf_blight (151).JPG.json
0,train/bacterial_leaf_blight/bacterial_leaf_blight (152).JPG,train,bacterial_leaf_blight,0.5735389963067564,requires_human_review,unreviewed,none,../segmentation_annotations/masks/train/bacterial_leaf_blight/bacterial_leaf_blight%20%28152%29.JPG.png,,metadata/train/bacterial_leaf_blight/bacterial_leaf_blight (152).JPG.json
0,train/bacterial_leaf_blight/bacterial_leaf_blight (154).jpg,validation,bacterial_leaf_blight,17.45806277056277,requires_human_review,unreviewed,none,../segmentation_annotations/masks/validation/bacterial_leaf_blight/bacterial_leaf_blight%20%28154%29.jpg.png,,metadata/validation/bacterial_leaf_blight/bacterial_leaf_blight (154).jpg.json
0,train/bacterial_leaf_blight/bacterial_leaf_blight (156).JPG,train,bacterial_leaf_blight,0.32221625525453235,requires_human_review,unreviewed,none,../segmentation_annotations/masks/train/bacterial_leaf_blight/bacterial_leaf_blight%20%28156%29.JPG.png,,metadata/train/bacterial_leaf_blight/bacterial_leaf_blight (156).JPG.json
0,train/bacterial_leaf_blight/bacterial_leaf_blight (158).jpg,validation,bacterial_leaf_blight,19.932549490656257,requires_human_review;multiple_leaf_components,unreviewed,none,../segmentation_annotations/masks/validation/bacterial_leaf_blight/bacterial_leaf_blight%20%28158%29.jpg.png,,metadata/validation/bacterial_leaf_blight/bacterial_leaf_blight (158).jpg.json
0,train/bacterial_leaf_blight/bacterial_leaf_blight (159).jpg,train,bacterial_leaf_blight,0.018821236998123412,requires_human_review,unreviewed,none,../segmentation_annotations/masks/train/bacterial_leaf_blight/bacterial_leaf_blight%20%28159%29.jpg.png,,metadata/train/bacterial_leaf_blight/bacterial_leaf_blight (159).jpg.json
0,train/bacterial_leaf_blight/bacterial_leaf_blight (16).JPG,validation,bacterial_leaf_blight,2.173334853147916,requires_human_review,unreviewed,none,../segmentation_annotations/masks/validation/bacterial_leaf_blight/bacterial_leaf_blight%20%2816%29.JPG.png,,metadata/validation/bacterial_leaf_blight/bacterial_leaf_blight (16).JPG.json
0,train/bacterial_leaf_blight/bacterial_leaf_blight (160).JPG,train,bacterial_leaf_blight,6.559147040960928,requires_human_review,unreviewed,none,../segmentation_annotations/masks/train/bacterial_leaf_blight/bacterial_leaf_blight%20%28160%29.JPG.png,,metadata/train/bacterial_leaf_blight/bacterial_leaf_blight (160).JPG.json
0,train/bacterial_leaf_blight/bacterial_leaf_blight (161).jpg,train,bacterial_leaf_blight,7.156419164579462,requires_human_review,reviewed,ai_visual,../segmentation_annotations/masks/train/bacterial_leaf_blight/bacterial_leaf_blight%20%28161%29.jpg.png,../boundary_review_20261010/index.html,metadata/train/bacterial_leaf_blight/bacterial_leaf_blight (161).jpg.json
0,train/bacterial_leaf_blight/bacterial_leaf_blight (162).JPG,validation,bacterial_leaf_blight,0.5607577418717087,requires_human_review,unreviewed,none,../segmentation_annotations/masks/validation/bacterial_leaf_blight/bacterial_leaf_blight%20%28162%29.JPG.png,,metadata/validation/bacterial_leaf_blight/bacterial_leaf_blight (162).JPG.json
0,train/bacterial_leaf_blight/bacterial_leaf_blight (163).jpg,validation,bacterial_leaf_blight,0.4553782427444837,requires_human_review,unreviewed,none,../segmentation_annotations/masks/validation/bacterial_leaf_blight/bacterial_leaf_blight%20%28163%29.jpg.png,,metadata/validation/bacterial_leaf_blight/bacterial_leaf_blight (163).jpg.json
0,train/bacterial_leaf_blight/bacterial_leaf_blight (164).JPG,train,bacterial_leaf_blight,6.69837686027782,requires_human_review,unreviewed,none,../segmentation_annotations/masks/train/bacterial_leaf_blight/bacterial_leaf_blight%20%28164%29.JPG.png,,metadata/train/bacterial_leaf_blight/bacterial_leaf_blight (164).JPG.json
0,train/bacterial_leaf_blight/bacterial_leaf_blight (165).jpg,train,bacterial_leaf_blight,0.49693403750044307,requires_human_review,unreviewed,none,../segmentation_annotations/masks/train/bacterial_leaf_blight/bacterial_leaf_blight%20%28165%29.jpg.png,,metadata/train/bacterial_leaf_blight/bacterial_leaf_blight (165).jpg.json
0,train/bacterial_leaf_blight/bacterial_leaf_blight (166).JPG,train,bacterial_leaf_blight,0.7508126612137659,requires_human_review,unreviewed,none,../segmentation_annotations/masks/train/bacterial_leaf_blight/bacterial_leaf_blight%20%28166%29.JPG.png,,metadata/train/bacterial_leaf_blight/bacterial_leaf_blight (166).JPG.json
0,train/bacterial_leaf_blight/bacterial_leaf_blight (167).jpg,train,bacterial_leaf_blight,20.277317216665775,requires_human_review;multiple_leaf_components,unreviewed,none,../segmentation_annotations/masks/train/bacterial_leaf_blight/bacterial_leaf_blight%20%28167%29.jpg.png,,metadata/train/bacterial_leaf_blight/bacterial_leaf_blight (167).jpg.json
0,train/bacterial_leaf_blight/bacterial_leaf_blight (168).jpg,validation,bacterial_leaf_blight,15.092870382755919,requires_human_review,unreviewed,none,../segmentation_annotations/masks/validation/bacterial_leaf_blight/bacterial_leaf_blight%20%28168%29.jpg.png,,metadata/validation/bacterial_leaf_blight/bacterial_leaf_blight (168).jpg.json
0,train/bacterial_leaf_blight/bacterial_leaf_blight (169).JPG,train,bacterial_leaf_blight,0.3041750478339793,requires_human_review,unreviewed,none,../segmentation_annotations/masks/train/bacterial_leaf_blight/bacterial_leaf_blight%20%28169%29.JPG.png,,metadata/train/bacterial_leaf_blight/bacterial_leaf_blight (169).JPG.json
0,train/bacterial_leaf_blight/bacterial_leaf_blight (17).JPG,train,bacterial_leaf_blight,0.8271684623404995,requires_human_review,unreviewed,none,../segmentation_annotations/masks/train/bacterial_leaf_blight/bacterial_leaf_blight%20%2817%29.JPG.png,,metadata/train/bacterial_leaf_blight/bacterial_leaf_blight (17).JPG.json
0,train/bacterial_leaf_blight/bacterial_leaf_blight (170).jpg,train,bacterial_leaf_blight,0.021208327347111904,requires_human_review,unreviewed,none,../segmentation_annotations/masks/train/bacterial_leaf_blight/bacterial_leaf_blight%20%28170%29.jpg.png,,metadata/train/bacterial_leaf_blight/bacterial_leaf_blight (170).jpg.json
0,train/bacterial_leaf_blight/bacterial_leaf_blight (171).jpg,train,bacterial_leaf_blight,17.19617294770669,requires_human_review,unreviewed,none,../segmentation_annotations/masks/train/bacterial_leaf_blight/bacterial_leaf_blight%20%28171%29.jpg.png,,metadata/train/bacterial_leaf_blight/bacterial_leaf_blight (171).jpg.json
0,train/bacterial_leaf_blight/bacterial_leaf_blight (172).jpg,train,bacterial_leaf_blight,11.840590681419876,requires_human_review,unreviewed,none,../segmentation_annotations/masks/train/bacterial_leaf_blight/bacterial_leaf_blight%20%28172%29.jpg.png,,metadata/train/bacterial_leaf_blight/bacterial_leaf_blight (172).jpg.json
0,train/bacterial_leaf_blight/bacterial_leaf_blight (173).JPG,train,bacterial_leaf_blight,4.357338029575432,requires_human_review,unreviewed,none,../segmentation_annotations/masks/train/bacterial_leaf_blight/bacterial_leaf_blight%20%28173%29.JPG.png,,metadata/train/bacterial_leaf_blight/bacterial_leaf_blight (173).JPG.json
0,train/bacterial_leaf_blight/bacterial_leaf_blight (174).JPG,train,bacterial_leaf_blight,12.965157898442726,requires_human_review,unreviewed,none,../segmentation_annotations/masks/train/bacterial_leaf_blight/bacterial_leaf_blight%20%28174%29.JPG.png,,metadata/train/bacterial_leaf_blight/bacterial_leaf_blight (174).JPG.json
0,train/bacterial_leaf_blight/bacterial_leaf_blight (175).JPG,validation,bacterial_leaf_blight,1.7472593748891332,requires_human_review,unreviewed,none,../segmentation_annotations/masks/validation/bacterial_leaf_blight/bacterial_leaf_blight%20%28175%29.JPG.png,,metadata/validation/bacterial_leaf_blight/bacterial_leaf_blight (175).JPG.json
0,train/bacterial_leaf_blight/bacterial_leaf_blight (179).JPG,train,bacterial_leaf_blight,3.533473867849095,requires_human_review,unreviewed,none,../segmentation_annotations/masks/train/bacterial_leaf_blight/bacterial_leaf_blight%20%28179%29.JPG.png,,metadata/train/bacterial_leaf_blight/bacterial_leaf_blight (179).JPG.json
0,train/bacterial_leaf_blight/bacterial_leaf_blight (18).JPG,train,bacterial_leaf_blight,0.93778270453474,requires_human_review,unreviewed,none,../segmentation_annotations/masks/train/bacterial_leaf_blight/bacterial_leaf_blight%20%2818%29.JPG.png,,metadata/train/bacterial_leaf_blight/bacterial_leaf_blight (18).JPG.json
0,train/bacterial_leaf_blight/bacterial_leaf_blight (183).jpg,validation,bacterial_leaf_blight,15.032417235641747,requires_human_review,unreviewed,none,../segmentation_annotations/masks/validation/bacterial_leaf_blight/bacterial_leaf_blight%20%28183%29.jpg.png,,metadata/validation/bacterial_leaf_blight/bacterial_leaf_blight (183).jpg.json
0,train/bacterial_leaf_blight/bacterial_leaf_blight (184).jpg,train,bacterial_leaf_blight,20.710138694764005,requires_human_review;multiple_leaf_components,unreviewed,none,../segmentation_annotations/masks/train/bacterial_leaf_blight/bacterial_leaf_blight%20%28184%29.jpg.png,,metadata/train/bacterial_leaf_blight/bacterial_leaf_blight (184).jpg.json
0,train/bacterial_leaf_blight/bacterial_leaf_blight (185).JPG,train,bacterial_leaf_blight,7.072553754168104,requires_human_review,unreviewed,none,../segmentation_annotations/masks/train/bacterial_leaf_blight/bacterial_leaf_blight%20%28185%29.JPG.png,,metadata/train/bacterial_leaf_blight/bacterial_leaf_blight (185).JPG.json
0,train/bacterial_leaf_blight/bacterial_leaf_blight (186).jpg,train,bacterial_leaf_blight,7.409331703341484,requires_human_review,unreviewed,none,../segmentation_annotations/masks/train/bacterial_leaf_blight/bacterial_leaf_blight%20%28186%29.jpg.png,,metadata/train/bacterial_leaf_blight/bacterial_leaf_blight (186).jpg.json
0,train/bacterial_leaf_blight/bacterial_leaf_blight (187).JPG,train,bacterial_leaf_blight,0.8581263123579776,requires_human_review,unreviewed,none,../segmentation_annotations/masks/train/bacterial_leaf_blight/bacterial_leaf_blight%20%28187%29.JPG.png,,metadata/train/bacterial_leaf_blight/bacterial_leaf_blight (187).JPG.json
0,train/bacterial_leaf_blight/bacterial_leaf_blight (188).jpg,train,bacterial_leaf_blight,0.5097447022708098,requires_human_review,unreviewed,none,../segmentation_annotations/masks/train/bacterial_leaf_blight/bacterial_leaf_blight%20%28188%29.jpg.png,,metadata/train/bacterial_leaf_blight/bacterial_leaf_blight (188).jpg.json
0,train/bacterial_leaf_blight/bacterial_leaf_blight (189).JPG,train,bacterial_leaf_blight,6.662810952980949,requires_human_review,unreviewed,none,../segmentation_annotations/masks/train/bacterial_leaf_blight/bacterial_leaf_blight%20%28189%29.JPG.png,,metadata/train/bacterial_leaf_blight/bacterial_leaf_blight (189).JPG.json
0,train/bacterial_leaf_blight/bacterial_leaf_blight (19).JPG,train,bacterial_leaf_blight,5.141857957981647,requires_human_review,unreviewed,none,../segmentation_annotations/masks/train/bacterial_leaf_blight/bacterial_leaf_blight%20%2819%29.JPG.png,,metadata/train/bacterial_leaf_blight/bacterial_leaf_blight (19).JPG.json
0,train/bacterial_leaf_blight/bacterial_leaf_blight (191).jpg,train,bacterial_leaf_blight,0.49705383922683666,requires_human_review,unreviewed,none,../segmentation_annotations/masks/train/bacterial_leaf_blight/bacterial_leaf_blight%20%28191%29.jpg.png,,metadata/train/bacterial_leaf_blight/bacterial_leaf_blight (191).jpg.json
0,train/bacterial_leaf_blight/bacterial_leaf_blight (192).JPG,train,bacterial_leaf_blight,0.751814808066666,requires_human_review,unreviewed,none,../segmentation_annotations/masks/train/bacterial_leaf_blight/bacterial_leaf_blight%20%28192%29.JPG.png,,metadata/train/bacterial_leaf_blight/bacterial_leaf_blight (192).JPG.json
0,train/bacterial_leaf_blight/bacterial_leaf_blight (195).jpg,train,bacterial_leaf_blight,20.234415766868704,requires_human_review;multiple_leaf_components,unreviewed,none,../segmentation_annotations/masks/train/bacterial_leaf_blight/bacterial_leaf_blight%20%28195%29.jpg.png,,metadata/train/bacterial_leaf_blight/bacterial_leaf_blight (195).jpg.json
0,train/bacterial_leaf_blight/bacterial_leaf_blight (196).jpg,train,bacterial_leaf_blight,15.059763240113508,requires_human_review,reviewed,ai_visual,../segmentation_annotations/masks/train/bacterial_leaf_blight/bacterial_leaf_blight%20%28196%29.jpg.png,../boundary_review_20261010/index.html,metadata/train/bacterial_leaf_blight/bacterial_leaf_blight (196).jpg.json
0,train/bacterial_leaf_blight/bacterial_leaf_blight (197).jpg,train,bacterial_leaf_blight,17.178786221979223,requires_human_review,unreviewed,none,../segmentation_annotations/masks/train/bacterial_leaf_blight/bacterial_leaf_blight%20%28197%29.jpg.png,,metadata/train/bacterial_leaf_blight/bacterial_leaf_blight (197).jpg.json
0,train/bacterial_leaf_blight/bacterial_leaf_blight (198).JPG,validation,bacterial_leaf_blight,4.343841309595107,requires_human_review,unreviewed,none,../segmentation_annotations/masks/validation/bacterial_leaf_blight/bacterial_leaf_blight%20%28198%29.JPG.png,,metadata/validation/bacterial_leaf_blight/bacterial_leaf_blight (198).JPG.json
0,train/bacterial_leaf_blight/bacterial_leaf_blight (199).jpg,validation,bacterial_leaf_blight,0.1383004283797167,requires_human_review,unreviewed,none,../segmentation_annotations/masks/validation/bacterial_leaf_blight/bacterial_leaf_blight%20%28199%29.jpg.png,,metadata/validation/bacterial_leaf_blight/bacterial_leaf_blight (199).jpg.json
0,train/bacterial_leaf_blight/bacterial_leaf_blight (2).JPG,train,bacterial_leaf_blight,1.6484703458131844,requires_human_review,unreviewed,none,../segmentation_annotations/masks/train/bacterial_leaf_blight/bacterial_leaf_blight%20%282%29.JPG.png,,metadata/train/bacterial_leaf_blight/bacterial_leaf_blight (2).JPG.json
0,train/bacterial_leaf_blight/bacterial_leaf_blight (20).JPG,train,bacterial_leaf_blight,3.133215799078284,requires_human_review,unreviewed,none,../segmentation_annotations/masks/train/bacterial_leaf_blight/bacterial_leaf_blight%20%2820%29.JPG.png,,metadata/train/bacterial_leaf_blight/bacterial_leaf_blight (20).JPG.json
0,train/bacterial_leaf_blight/bacterial_leaf_blight (200).JPG,train,bacterial_leaf_blight,1.7725651626182153,requires_human_review,unreviewed,none,../segmentation_annotations/masks/train/bacterial_leaf_blight/bacterial_leaf_blight%20%28200%29.JPG.png,,metadata/train/bacterial_leaf_blight/bacterial_leaf_blight (200).JPG.json
0,train/bacterial_leaf_blight/bacterial_leaf_blight (201).JPG,validation,bacterial_leaf_blight,1.7145505097312326,requires_human_review,unreviewed,none,../segmentation_annotations/masks/validation/bacterial_leaf_blight/bacterial_leaf_blight%20%28201%29.JPG.png,,metadata/validation/bacterial_leaf_blight/bacterial_leaf_blight (201).JPG.json
0,train/bacterial_leaf_blight/bacterial_leaf_blight (202).JPG,train,bacterial_leaf_blight,2.55232569851534,requires_human_review,unreviewed,none,../segmentation_annotations/masks/train/bacterial_leaf_blight/bacterial_leaf_blight%20%28202%29.JPG.png,,metadata/train/bacterial_leaf_blight/bacterial_leaf_blight (202).JPG.json
0,train/bacterial_leaf_blight/bacterial_leaf_blight (203).JPG,train,bacterial_leaf_blight,8.390153378976818,requires_human_review,unreviewed,none,../segmentation_annotations/masks/train/bacterial_leaf_blight/bacterial_leaf_blight%20%28203%29.JPG.png,,metadata/train/bacterial_leaf_blight/bacterial_leaf_blight (203).JPG.json
0,train/bacterial_leaf_blight/bacterial_leaf_blight (205).JPG,train,bacterial_leaf_blight,3.6560645708178234,requires_human_review,unreviewed,none,../segmentation_annotations/masks/train/bacterial_leaf_blight/bacterial_leaf_blight%20%28205%29.JPG.png,,metadata/train/bacterial_leaf_blight/bacterial_leaf_blight (205).JPG.json
0,train/bacterial_leaf_blight/bacterial_leaf_blight (206).JPG,train,bacterial_leaf_blight,1.9212344823368734,requires_human_review,unreviewed,none,../segmentation_annotations/masks/train/bacterial_leaf_blight/bacterial_leaf_blight%20%28206%29.JPG.png,,metadata/train/bacterial_leaf_blight/bacterial_leaf_blight (206).JPG.json
0,train/bacterial_leaf_blight/bacterial_leaf_blight (207).JPG,train,bacterial_leaf_blight,1.6517719007662766,requires_human_review,unreviewed,none,../segmentation_annotations/masks/train/bacterial_leaf_blight/bacterial_leaf_blight%20%28207%29.JPG.png,,metadata/train/bacterial_leaf_blight/bacterial_leaf_blight (207).JPG.json
0,train/bacterial_leaf_blight/bacterial_leaf_blight (208).jpg,train,bacterial_leaf_blight,11.857904232595757,requires_human_review,unreviewed,none,../segmentation_annotations/masks/train/bacterial_leaf_blight/bacterial_leaf_blight%20%28208%29.jpg.png,,metadata/train/bacterial_leaf_blight/bacterial_leaf_blight (208).jpg.json
0,train/bacterial_leaf_blight/bacterial_leaf_blight (209).JPG,validation,bacterial_leaf_blight,0.3326790971540726,requires_human_review,unreviewed,none,../segmentation_annotations/masks/validation/bacterial_leaf_blight/bacterial_leaf_blight%20%28209%29.JPG.png,,metadata/validation/bacterial_leaf_blight/bacterial_leaf_blight (209).JPG.json
0,train/bacterial_leaf_blight/bacterial_leaf_blight (21).JPG,train,bacterial_leaf_blight,0.9920691321527048,requires_human_review,unreviewed,none,../segmentation_annotations/masks/train/bacterial_leaf_blight/bacterial_leaf_blight%20%2821%29.JPG.png,,metadata/train/bacterial_leaf_blight/bacterial_leaf_blight (21).JPG.json
0,train/bacterial_leaf_blight/bacterial_leaf_blight (211).JPG,train,bacterial_leaf_blight,0.869998944874488,requires_human_review,unreviewed,none,../segmentation_annotations/masks/train/bacterial_leaf_blight/bacterial_leaf_blight%20%28211%29.JPG.png,,metadata/train/bacterial_leaf_blight/bacterial_leaf_blight (211).JPG.json
0,train/bacterial_leaf_blight/bacterial_leaf_blight (212).jpg,validation,bacterial_leaf_blight,0.5110756689704058,requires_human_review,unreviewed,none,../segmentation_annotations/masks/validation/bacterial_leaf_blight/bacterial_leaf_blight%20%28212%29.jpg.png,,metadata/validation/bacterial_leaf_blight/bacterial_leaf_blight (212).jpg.json
0,train/bacterial_leaf_blight/bacterial_leaf_blight (213).JPG,validation,bacterial_leaf_blight,6.640958545654868,requires_human_review,unreviewed,none,../segmentation_annotations/masks/validation/bacterial_leaf_blight/bacterial_leaf_blight%20%28213%29.JPG.png,,metadata/validation/bacterial_leaf_blight/bacterial_leaf_blight (213).JPG.json
0,train/bacterial_leaf_blight/bacterial_leaf_blight (214).JPG,train,bacterial_leaf_blight,12.111267231977047,requires_human_review,unreviewed,none,../segmentation_annotations/masks/train/bacterial_leaf_blight/bacterial_leaf_blight%20%28214%29.JPG.png,,metadata/train/bacterial_leaf_blight/bacterial_leaf_blight (214).JPG.json
0,train/bacterial_leaf_blight/bacterial_leaf_blight (215).JPG,train,bacterial_leaf_blight,12.134553209052761,requires_human_review,unreviewed,none,../segmentation_annotations/masks/train/bacterial_leaf_blight/bacterial_leaf_blight%20%28215%29.JPG.png,,metadata/train/bacterial_leaf_blight/bacterial_leaf_blight (215).JPG.json
0,train/bacterial_leaf_blight/bacterial_leaf_blight (217).JPG,validation,bacterial_leaf_blight,12.966772298511888,requires_human_review,unreviewed,none,../segmentation_annotations/masks/validation/bacterial_leaf_blight/bacterial_leaf_blight%20%28217%29.JPG.png,,metadata/validation/bacterial_leaf_blight/bacterial_leaf_blight (217).JPG.json
0,train/bacterial_leaf_blight/bacterial_leaf_blight (218).JPG,validation,bacterial_leaf_blight,12.904600448372335,requires_human_review,unreviewed,none,../segmentation_annotations/masks/validation/bacterial_leaf_blight/bacterial_leaf_blight%20%28218%29.JPG.png,,metadata/validation/bacterial_leaf_blight/bacterial_leaf_blight (218).JPG.json
0,train/bacterial_leaf_blight/bacterial_leaf_blight (22).JPG,train,bacterial_leaf_blight,0.5382395221591986,requires_human_review,unreviewed,none,../segmentation_annotations/masks/train/bacterial_leaf_blight/bacterial_leaf_blight%20%2822%29.JPG.png,,metadata/train/bacterial_leaf_blight/bacterial_leaf_blight (22).JPG.json
0,train/bacterial_leaf_blight/bacterial_leaf_blight (220).jpg,train,bacterial_leaf_blight,0.4542073948151296,requires_human_review,unreviewed,none,../segmentation_annotations/masks/train/bacterial_leaf_blight/bacterial_leaf_blight%20%28220%29.jpg.png,,metadata/train/bacterial_leaf_blight/bacterial_leaf_blight (220).jpg.json
0,train/bacterial_leaf_blight/bacterial_leaf_blight (221).JPG,train,bacterial_leaf_blight,0.5592117092818355,requires_human_review,unreviewed,none,../segmentation_annotations/masks/train/bacterial_leaf_blight/bacterial_leaf_blight%20%28221%29.JPG.png,,metadata/train/bacterial_leaf_blight/bacterial_leaf_blight (221).JPG.json
0,train/bacterial_leaf_blight/bacterial_leaf_blight (222).JPG,train,bacterial_leaf_blight,6.5026203918216785,requires_human_review,unreviewed,none,../segmentation_annotations/masks/train/bacterial_leaf_blight/bacterial_leaf_blight%20%28222%29.JPG.png,,metadata/train/bacterial_leaf_blight/bacterial_leaf_blight (222).JPG.json
0,train/bacterial_leaf_blight/bacterial_leaf_blight (225).JPG,train,bacterial_leaf_blight,0.3277595689128382,requires_human_review,unreviewed,none,../segmentation_annotations/masks/train/bacterial_leaf_blight/bacterial_leaf_blight%20%28225%29.JPG.png,,metadata/train/bacterial_leaf_blight/bacterial_leaf_blight (225).JPG.json
0,train/bacterial_leaf_blight/bacterial_leaf_blight (227).jpg,train,bacterial_leaf_blight,17.515040897721896,requires_human_review,unreviewed,none,../segmentation_annotations/masks/train/bacterial_leaf_blight/bacterial_leaf_blight%20%28227%29.jpg.png,,metadata/train/bacterial_leaf_blight/bacterial_leaf_blight (227).jpg.json
0,train/bacterial_leaf_blight/bacterial_leaf_blight (228).JPG,train,bacterial_leaf_blight,0.5562895487101036,requires_human_review,unreviewed,none,../segmentation_annotations/masks/train/bacterial_leaf_blight/bacterial_leaf_blight%20%28228%29.JPG.png,,metadata/train/bacterial_leaf_blight/bacterial_leaf_blight (228).JPG.json
0,train/bacterial_leaf_blight/bacterial_leaf_blight (23).JPG,validation,bacterial_leaf_blight,4.006497022198159,requires_human_review,unreviewed,none,../segmentation_annotations/masks/validation/bacterial_leaf_blight/bacterial_leaf_blight%20%2823%29.JPG.png,,metadata/validation/bacterial_leaf_blight/bacterial_leaf_blight (23).JPG.json
0,train/bacterial_leaf_blight/bacterial_leaf_blight (230).JPG,train,bacterial_leaf_blight,9.075068154352042,requires_human_review,unreviewed,none,../segmentation_annotations/masks/train/bacterial_leaf_blight/bacterial_leaf_blight%20%28230%29.JPG.png,,metadata/train/bacterial_leaf_blight/bacterial_leaf_blight (230).JPG.json
0,train/bacterial_leaf_blight/bacterial_leaf_blight (231).JPG,train,bacterial_leaf_blight,1.3518177960107511,requires_human_review,reviewed,ai_visual,../segmentation_annotations/masks/train/bacterial_leaf_blight/bacterial_leaf_blight%20%28231%29.JPG.png,../boundary_review_20261010/index.html,metadata/train/bacterial_leaf_blight/bacterial_leaf_blight (231).JPG.json
0,train/bacterial_leaf_blight/bacterial_leaf_blight (233).JPG,train,bacterial_leaf_blight,1.4914157398730483,requires_human_review,unreviewed,none,../segmentation_annotations/masks/train/bacterial_leaf_blight/bacterial_leaf_blight%20%28233%29.JPG.png,,metadata/train/bacterial_leaf_blight/bacterial_leaf_blight (233).JPG.json
0,train/bacterial_leaf_blight/bacterial_leaf_blight (234).JPG,train,bacterial_leaf_blight,5.917772628326662,requires_human_review,unreviewed,none,../segmentation_annotations/masks/train/bacterial_leaf_blight/bacterial_leaf_blight%20%28234%29.JPG.png,,metadata/train/bacterial_leaf_blight/bacterial_leaf_blight (234).JPG.json
0,train/bacterial_leaf_blight/bacterial_leaf_blight (235).JPG,validation,bacterial_leaf_blight,2.1213143659457754,requires_human_review,unreviewed,none,../segmentation_annotations/masks/validation/bacterial_leaf_blight/bacterial_leaf_blight%20%28235%29.JPG.png,,metadata/validation/bacterial_leaf_blight/bacterial_leaf_blight (235).JPG.json
0,train/bacterial_leaf_blight/bacterial_leaf_blight (237).JPG,train,bacterial_leaf_blight,0.9601181683899557,requires_human_review,unreviewed,none,../segmentation_annotations/masks/train/bacterial_leaf_blight/bacterial_leaf_blight%20%28237%29.JPG.png,,metadata/train/bacterial_leaf_blight/bacterial_leaf_blight (237).JPG.json
0,train/bacterial_leaf_blight/bacterial_leaf_blight (238).JPG,train,bacterial_leaf_blight,7.963095664636331,requires_human_review,unreviewed,none,../segmentation_annotations/masks/train/bacterial_leaf_blight/bacterial_leaf_blight%20%28238%29.JPG.png,,metadata/train/bacterial_leaf_blight/bacterial_leaf_blight (238).JPG.json
0,train/bacterial_leaf_blight/bacterial_leaf_blight (24).jpg,train,bacterial_leaf_blight,0.05269687222106338,requires_human_review,unreviewed,none,../segmentation_annotations/masks/train/bacterial_leaf_blight/bacterial_leaf_blight%20%2824%29.jpg.png,,metadata/train/bacterial_leaf_blight/bacterial_leaf_blight (24).jpg.json
0,train/bacterial_leaf_blight/bacterial_leaf_blight (240).JPG,train,bacterial_leaf_blight,1.434531215692015,requires_human_review,unreviewed,none,../segmentation_annotations/masks/train/bacterial_leaf_blight/bacterial_leaf_blight%20%28240%29.JPG.png,,metadata/train/bacterial_leaf_blight/bacterial_leaf_blight (240).JPG.json
0,train/bacterial_leaf_blight/bacterial_leaf_blight (242).JPG,train,bacterial_leaf_blight,0.23655858681957265,requires_human_review,unreviewed,none,../segmentation_annotations/masks/train/bacterial_leaf_blight/bacterial_leaf_blight%20%28242%29.JPG.png,,metadata/train/bacterial_leaf_blight/bacterial_leaf_blight (242).JPG.json
0,train/bacterial_leaf_blight/bacterial_leaf_blight (244).JPG,train,bacterial_leaf_blight,1.6230707919715963,requires_human_review,unreviewed,none,../segmentation_annotations/masks/train/bacterial_leaf_blight/bacterial_leaf_blight%20%28244%29.JPG.png,,metadata/train/bacterial_leaf_blight/bacterial_leaf_blight (244).JPG.json
0,train/bacterial_leaf_blight/bacterial_leaf_blight (245).JPG,train,bacterial_leaf_blight,0.7277839804821569,requires_human_review,unreviewed,none,../segmentation_annotations/masks/train/bacterial_leaf_blight/bacterial_leaf_blight%20%28245%29.JPG.png,,metadata/train/bacterial_leaf_blight/bacterial_leaf_blight (245).JPG.json
0,train/bacterial_leaf_blight/bacterial_leaf_blight (249).JPG,validation,bacterial_leaf_blight,12.906617938595735,requires_human_review,reviewed,ai_visual,../segmentation_annotations/masks/validation/bacterial_leaf_blight/bacterial_leaf_blight%20%28249%29.JPG.png,../boundary_review_20261010/index.html,metadata/validation/bacterial_leaf_blight/bacterial_leaf_blight (249).JPG.json
0,train/bacterial_leaf_blight/bacterial_leaf_blight (25).JPG,validation,bacterial_leaf_blight,13.120257839253341,requires_human_review,unreviewed,none,../segmentation_annotations/masks/validation/bacterial_leaf_blight/bacterial_leaf_blight%20%2825%29.JPG.png,,metadata/validation/bacterial_leaf_blight/bacterial_leaf_blight (25).JPG.json
0,train/bacterial_leaf_blight/bacterial_leaf_blight (251).JPG,train,bacterial_leaf_blight,5.1127947561079425,requires_human_review,unreviewed,none,../segmentation_annotations/masks/train/bacterial_leaf_blight/bacterial_leaf_blight%20%28251%29.JPG.png,,metadata/train/bacterial_leaf_blight/bacterial_leaf_blight (251).JPG.json
0,train/bacterial_leaf_blight/bacterial_leaf_blight (252).JPG,train,bacterial_leaf_blight,5.649762598252404,requires_human_review,unreviewed,none,../segmentation_annotations/masks/train/bacterial_leaf_blight/bacterial_leaf_blight%20%28252%29.JPG.png,,metadata/train/bacterial_leaf_blight/bacterial_leaf_blight (252).JPG.json
0,train/bacterial_leaf_blight/bacterial_leaf_blight (254).JPG,train,bacterial_leaf_blight,1.3272323828162687,requires_human_review,unreviewed,none,../segmentation_annotations/masks/train/bacterial_leaf_blight/bacterial_leaf_blight%20%28254%29.JPG.png,,metadata/train/bacterial_leaf_blight/bacterial_leaf_blight (254).JPG.json
0,train/bacterial_leaf_blight/bacterial_leaf_blight (255).JPG,train,bacterial_leaf_blight,1.5550158537408083,requires_human_review,unreviewed,none,../segmentation_annotations/masks/train/bacterial_leaf_blight/bacterial_leaf_blight%20%28255%29.JPG.png,,metadata/train/bacterial_leaf_blight/bacterial_leaf_blight (255).JPG.json
0,train/bacterial_leaf_blight/bacterial_leaf_blight (256).JPG,train,bacterial_leaf_blight,9.820545428854034,requires_human_review,unreviewed,none,../segmentation_annotations/masks/train/bacterial_leaf_blight/bacterial_leaf_blight%20%28256%29.JPG.png,,metadata/train/bacterial_leaf_blight/bacterial_leaf_blight (256).JPG.json
0,train/bacterial_leaf_blight/bacterial_leaf_blight (257).JPG,train,bacterial_leaf_blight,1.4140687325001173,requires_human_review,unreviewed,none,../segmentation_annotations/masks/train/bacterial_leaf_blight/bacterial_leaf_blight%20%28257%29.JPG.png,,metadata/train/bacterial_leaf_blight/bacterial_leaf_blight (257).JPG.json
0,train/bacterial_leaf_blight/bacterial_leaf_blight (259).JPG,train,bacterial_leaf_blight,9.791865436941235,requires_human_review,unreviewed,none,../segmentation_annotations/masks/train/bacterial_leaf_blight/bacterial_leaf_blight%20%28259%29.JPG.png,,metadata/train/bacterial_leaf_blight/bacterial_leaf_blight (259).JPG.json
0,train/bacterial_leaf_blight/bacterial_leaf_blight (26).JPG,train,bacterial_leaf_blight,1.303226238734966,requires_human_review,unreviewed,none,../segmentation_annotations/masks/train/bacterial_leaf_blight/bacterial_leaf_blight%20%2826%29.JPG.png,,metadata/train/bacterial_leaf_blight/bacterial_leaf_blight (26).JPG.json
0,train/bacterial_leaf_blight/bacterial_leaf_blight (260).JPG,train,bacterial_leaf_blight,0.4653600787532441,requires_human_review,unreviewed,none,../segmentation_annotations/masks/train/bacterial_leaf_blight/bacterial_leaf_blight%20%28260%29.JPG.png,,metadata/train/bacterial_leaf_blight/bacterial_leaf_blight (260).JPG.json
0,train/bacterial_leaf_blight/bacterial_leaf_blight (261).JPG,train,bacterial_leaf_blight,1.3521522790864358,requires_human_review,unreviewed,none,../segmentation_annotations/masks/train/bacterial_leaf_blight/bacterial_leaf_blight%20%28261%29.JPG.png,,metadata/train/bacterial_leaf_blight/bacterial_leaf_blight (261).JPG.json
0,train/bacterial_leaf_blight/bacterial_leaf_blight (263).JPG,train,bacterial_leaf_blight,5.140569091838473,requires_human_review,unreviewed,none,../segmentation_annotations/masks/train/bacterial_leaf_blight/bacterial_leaf_blight%20%28263%29.JPG.png,,metadata/train/bacterial_leaf_blight/bacterial_leaf_blight (263).JPG.json
0,train/bacterial_leaf_blight/bacterial_leaf_blight (264).JPG,train,bacterial_leaf_blight,7.88700699983073,requires_human_review,reviewed,ai_visual,../segmentation_annotations/masks/train/bacterial_leaf_blight/bacterial_leaf_blight%20%28264%29.JPG.png,../boundary_review_20261010/index.html,metadata/train/bacterial_leaf_blight/bacterial_leaf_blight (264).JPG.json
0,train/bacterial_leaf_blight/bacterial_leaf_blight (265).JPG,train,bacterial_leaf_blight,12.93910704123338,requires_human_review,unreviewed,none,../segmentation_annotations/masks/train/bacterial_leaf_blight/bacterial_leaf_blight%20%28265%29.JPG.png,,metadata/train/bacterial_leaf_blight/bacterial_leaf_blight (265).JPG.json
0,train/bacterial_leaf_blight/bacterial_leaf_blight (266).JPG,train,bacterial_leaf_blight,3.4916529508582177,requires_human_review,unreviewed,none,../segmentation_annotations/masks/train/bacterial_leaf_blight/bacterial_leaf_blight%20%28266%29.JPG.png,,metadata/train/bacterial_leaf_blight/bacterial_leaf_blight (266).JPG.json
0,train/bacterial_leaf_blight/bacterial_leaf_blight (267).JPG,train,bacterial_leaf_blight,3.4073571791829123,requires_human_review,unreviewed,none,../segmentation_annotations/masks/train/bacterial_leaf_blight/bacterial_leaf_blight%20%28267%29.JPG.png,,metadata/train/bacterial_leaf_blight/bacterial_leaf_blight (267).JPG.json
0,train/bacterial_leaf_blight/bacterial_leaf_blight (268).JPG,train,bacterial_leaf_blight,0.9171318162301417,requires_human_review,unreviewed,none,../segmentation_annotations/masks/train/bacterial_leaf_blight/bacterial_leaf_blight%20%28268%29.JPG.png,,metadata/train/bacterial_leaf_blight/bacterial_leaf_blight (268).JPG.json
0,train/bacterial_leaf_blight/bacterial_leaf_blight (269).JPG,validation,bacterial_leaf_blight,1.6732663704848367,requires_human_review,unreviewed,none,../segmentation_annotations/masks/validation/bacterial_leaf_blight/bacterial_leaf_blight%20%28269%29.JPG.png,,metadata/validation/bacterial_leaf_blight/bacterial_leaf_blight (269).JPG.json
0,train/bacterial_leaf_blight/bacterial_leaf_blight (27).JPG,train,bacterial_leaf_blight,1.6862267359812801,requires_human_review,unreviewed,none,../segmentation_annotations/masks/train/bacterial_leaf_blight/bacterial_leaf_blight%20%2827%29.JPG.png,,metadata/train/bacterial_leaf_blight/bacterial_leaf_blight (27).JPG.json
0,train/bacterial_leaf_blight/bacterial_leaf_blight (270).JPG,validation,bacterial_leaf_blight,6.004513383037678,requires_human_review,unreviewed,none,../segmentation_annotations/masks/validation/bacterial_leaf_blight/bacterial_leaf_blight%20%28270%29.JPG.png,,metadata/validation/bacterial_leaf_blight/bacterial_leaf_blight (270).JPG.json
0,train/bacterial_leaf_blight/bacterial_leaf_blight (272).JPG,train,bacterial_leaf_blight,0.7661813592163973,requires_human_review,unreviewed,none,../segmentation_annotations/masks/train/bacterial_leaf_blight/bacterial_leaf_blight%20%28272%29.JPG.png,,metadata/train/bacterial_leaf_blight/bacterial_leaf_blight (272).JPG.json
0,train/bacterial_leaf_blight/bacterial_leaf_blight (273).JPG,train,bacterial_leaf_blight,0.9331483850047738,requires_human_review,unreviewed,none,../segmentation_annotations/masks/train/bacterial_leaf_blight/bacterial_leaf_blight%20%28273%29.JPG.png,,metadata/train/bacterial_leaf_blight/bacterial_leaf_blight (273).JPG.json
0,train/bacterial_leaf_blight/bacterial_leaf_blight (274).JPG,train,bacterial_leaf_blight,1.6891605126899245,requires_human_review,unreviewed,none,../segmentation_annotations/masks/train/bacterial_leaf_blight/bacterial_leaf_blight%20%28274%29.JPG.png,,metadata/train/bacterial_leaf_blight/bacterial_leaf_blight (274).JPG.json
0,train/bacterial_leaf_blight/bacterial_leaf_blight (276).JPG,train,bacterial_leaf_blight,2.235802339058055,requires_human_review,unreviewed,none,../segmentation_annotations/masks/train/bacterial_leaf_blight/bacterial_leaf_blight%20%28276%29.JPG.png,,metadata/train/bacterial_leaf_blight/bacterial_leaf_blight (276).JPG.json
0,train/bacterial_leaf_blight/bacterial_leaf_blight (277).JPG,validation,bacterial_leaf_blight,4.537443808745403,requires_human_review,unreviewed,none,../segmentation_annotations/masks/validation/bacterial_leaf_blight/bacterial_leaf_blight%20%28277%29.JPG.png,,metadata/validation/bacterial_leaf_blight/bacterial_leaf_blight (277).JPG.json
0,train/bacterial_leaf_blight/bacterial_leaf_blight (279).JPG,train,bacterial_leaf_blight,1.8459006621658396,requires_human_review,unreviewed,none,../segmentation_annotations/masks/train/bacterial_leaf_blight/bacterial_leaf_blight%20%28279%29.JPG.png,,metadata/train/bacterial_leaf_blight/bacterial_leaf_blight (279).JPG.json
0,train/bacterial_leaf_blight/bacterial_leaf_blight (28).JPG,train,bacterial_leaf_blight,1.4203664604526864,requires_human_review,unreviewed,none,../segmentation_annotations/masks/train/bacterial_leaf_blight/bacterial_leaf_blight%20%2828%29.JPG.png,,metadata/train/bacterial_leaf_blight/bacterial_leaf_blight (28).JPG.json
0,train/bacterial_leaf_blight/bacterial_leaf_blight (281).JPG,train,bacterial_leaf_blight,7.089051512820054,requires_human_review,unreviewed,none,../segmentation_annotations/masks/train/bacterial_leaf_blight/bacterial_leaf_blight%20%28281%29.JPG.png,,metadata/train/bacterial_leaf_blight/bacterial_leaf_blight (281).JPG.json
0,train/bacterial_leaf_blight/bacterial_leaf_blight (282).JPG,train,bacterial_leaf_blight,0.3853968458735124,requires_human_review,unreviewed,none,../segmentation_annotations/masks/train/bacterial_leaf_blight/bacterial_leaf_blight%20%28282%29.JPG.png,,metadata/train/bacterial_leaf_blight/bacterial_leaf_blight (282).JPG.json
0,train/bacterial_leaf_blight/bacterial_leaf_blight (283).JPG,train,bacterial_leaf_blight,1.7875737591114196,requires_human_review,unreviewed,none,../segmentation_annotations/masks/train/bacterial_leaf_blight/bacterial_leaf_blight%20%28283%29.JPG.png,,metadata/train/bacterial_leaf_blight/bacterial_leaf_blight (283).JPG.json
0,train/bacterial_leaf_blight/bacterial_leaf_blight (285).JPG,train,bacterial_leaf_blight,2.1718587330824057,requires_human_review,unreviewed,none,../segmentation_annotations/masks/train/bacterial_leaf_blight/bacterial_leaf_blight%20%28285%29.JPG.png,,metadata/train/bacterial_leaf_blight/bacterial_leaf_blight (285).JPG.json
0,train/bacterial_leaf_blight/bacterial_leaf_blight (286).JPG,train,bacterial_leaf_blight,0.005655228966082764,requires_human_review,unreviewed,none,../segmentation_annotations/masks/train/bacterial_leaf_blight/bacterial_leaf_blight%20%28286%29.JPG.png,,metadata/train/bacterial_leaf_blight/bacterial_leaf_blight (286).JPG.json
0,train/bacterial_leaf_blight/bacterial_leaf_blight (287).JPG,train,bacterial_leaf_blight,5.535560166737058,requires_human_review,unreviewed,none,../segmentation_annotations/masks/train/bacterial_leaf_blight/bacterial_leaf_blight%20%28287%29.JPG.png,,metadata/train/bacterial_leaf_blight/bacterial_leaf_blight (287).JPG.json
0,train/bacterial_leaf_blight/bacterial_leaf_blight (288).JPG,train,bacterial_leaf_blight,2.5006019045088874,requires_human_review,unreviewed,none,../segmentation_annotations/masks/train/bacterial_leaf_blight/bacterial_leaf_blight%20%28288%29.JPG.png,,metadata/train/bacterial_leaf_blight/bacterial_leaf_blight (288).JPG.json
0,train/bacterial_leaf_blight/bacterial_leaf_blight (289).JPG,train,bacterial_leaf_blight,4.341671055365245,requires_human_review,unreviewed,none,../segmentation_annotations/masks/train/bacterial_leaf_blight/bacterial_leaf_blight%20%28289%29.JPG.png,,metadata/train/bacterial_leaf_blight/bacterial_leaf_blight (289).JPG.json
0,train/bacterial_leaf_blight/bacterial_leaf_blight (290).JPG,train,bacterial_leaf_blight,7.218301667312912,requires_human_review,unreviewed,none,../segmentation_annotations/masks/train/bacterial_leaf_blight/bacterial_leaf_blight%20%28290%29.JPG.png,,metadata/train/bacterial_leaf_blight/bacterial_leaf_blight (290).JPG.json
0,train/bacterial_leaf_blight/bacterial_leaf_blight (292).jpg,train,bacterial_leaf_blight,0.3417751077334579,requires_human_review,unreviewed,none,../segmentation_annotations/masks/train/bacterial_leaf_blight/bacterial_leaf_blight%20%28292%29.jpg.png,,metadata/train/bacterial_leaf_blight/bacterial_leaf_blight (292).jpg.json
0,train/bacterial_leaf_blight/bacterial_leaf_blight (294).JPG,train,bacterial_leaf_blight,1.9990078841546435,requires_human_review,unreviewed,none,../segmentation_annotations/masks/train/bacterial_leaf_blight/bacterial_leaf_blight%20%28294%29.JPG.png,,metadata/train/bacterial_leaf_blight/bacterial_leaf_blight (294).JPG.json
0,train/bacterial_leaf_blight/bacterial_leaf_blight (295).JPG,train,bacterial_leaf_blight,1.711604375491034,requires_human_review,reviewed,ai_visual,../segmentation_annotations/masks/train/bacterial_leaf_blight/bacterial_leaf_blight%20%28295%29.JPG.png,../boundary_review_20261010/index.html,metadata/train/bacterial_leaf_blight/bacterial_leaf_blight (295).JPG.json
0,train/bacterial_leaf_blight/bacterial_leaf_blight (296).JPG,validation,bacterial_leaf_blight,5.17790022210832,requires_human_review,unreviewed,none,../segmentation_annotations/masks/validation/bacterial_leaf_blight/bacterial_leaf_blight%20%28296%29.JPG.png,,metadata/validation/bacterial_leaf_blight/bacterial_leaf_blight (296).JPG.json
0,train/bacterial_leaf_blight/bacterial_leaf_blight (298).JPG,train,bacterial_leaf_blight,6.7107932586052526,requires_human_review,unreviewed,none,../segmentation_annotations/masks/train/bacterial_leaf_blight/bacterial_leaf_blight%20%28298%29.JPG.png,,metadata/train/bacterial_leaf_blight/bacterial_leaf_blight (298).JPG.json
0,train/bacterial_leaf_blight/bacterial_leaf_blight (30).JPG,train,bacterial_leaf_blight,5.6044544383767,requires_human_review,unreviewed,none,../segmentation_annotations/masks/train/bacterial_leaf_blight/bacterial_leaf_blight%20%2830%29.JPG.png,,metadata/train/bacterial_leaf_blight/bacterial_leaf_blight (30).JPG.json
0,train/bacterial_leaf_blight/bacterial_leaf_blight (302).jpg,train,bacterial_leaf_blight,0.009827304030328571,requires_human_review,unreviewed,none,../segmentation_annotations/masks/train/bacterial_leaf_blight/bacterial_leaf_blight%20%28302%29.jpg.png,,metadata/train/bacterial_leaf_blight/bacterial_leaf_blight (302).jpg.json
0,train/bacterial_leaf_blight/bacterial_leaf_blight (303).jpg,train,bacterial_leaf_blight,17.984543509583897,requires_human_review;multiple_leaf_components,unreviewed,none,../segmentation_annotations/masks/train/bacterial_leaf_blight/bacterial_leaf_blight%20%28303%29.jpg.png,,metadata/train/bacterial_leaf_blight/bacterial_leaf_blight (303).jpg.json
0,train/bacterial_leaf_blight/bacterial_leaf_blight (304).jpg,validation,bacterial_leaf_blight,12.506571546475673,requires_human_review,unreviewed,none,../segmentation_annotations/masks/validation/bacterial_leaf_blight/bacterial_leaf_blight%20%28304%29.jpg.png,,metadata/validation/bacterial_leaf_blight/bacterial_leaf_blight (304).jpg.json
0,train/bacterial_leaf_blight/bacterial_leaf_blight (305).JPG,train,bacterial_leaf_blight,1.67637469683114,requires_human_review,unreviewed,none,../segmentation_annotations/masks/train/bacterial_leaf_blight/bacterial_leaf_blight%20%28305%29.JPG.png,,metadata/train/bacterial_leaf_blight/bacterial_leaf_blight (305).JPG.json
0,train/bacterial_leaf_blight/bacterial_leaf_blight (306).JPG,train,bacterial_leaf_blight,7.850731857183612,requires_human_review,unreviewed,none,../segmentation_annotations/masks/train/bacterial_leaf_blight/bacterial_leaf_blight%20%28306%29.JPG.png,,metadata/train/bacterial_leaf_blight/bacterial_leaf_blight (306).JPG.json
0,train/bacterial_leaf_blight/bacterial_leaf_blight (307).JPG,train,bacterial_leaf_blight,14.421027140045638,requires_human_review,unreviewed,none,../segmentation_annotations/masks/train/bacterial_leaf_blight/bacterial_leaf_blight%20%28307%29.JPG.png,,metadata/train/bacterial_leaf_blight/bacterial_leaf_blight (307).JPG.json
0,train/bacterial_leaf_blight/bacterial_leaf_blight (308).JPG,train,bacterial_leaf_blight,2.139307819719292,requires_human_review,unreviewed,none,../segmentation_annotations/masks/train/bacterial_leaf_blight/bacterial_leaf_blight%20%28308%29.JPG.png,,metadata/train/bacterial_leaf_blight/bacterial_leaf_blight (308).JPG.json
0,train/bacterial_leaf_blight/bacterial_leaf_blight (309).JPG,train,bacterial_leaf_blight,1.8908073453456749,requires_human_review,unreviewed,none,../segmentation_annotations/masks/train/bacterial_leaf_blight/bacterial_leaf_blight%20%28309%29.JPG.png,,metadata/train/bacterial_leaf_blight/bacterial_leaf_blight (309).JPG.json
0,train/bacterial_leaf_blight/bacterial_leaf_blight (31).JPG,train,bacterial_leaf_blight,5.17247692983741,requires_human_review,unreviewed,none,../segmentation_annotations/masks/train/bacterial_leaf_blight/bacterial_leaf_blight%20%2831%29.JPG.png,,metadata/train/bacterial_leaf_blight/bacterial_leaf_blight (31).JPG.json
0,train/bacterial_leaf_blight/bacterial_leaf_blight (311).JPG,train,bacterial_leaf_blight,3.2585999117039934,requires_human_review,unreviewed,none,../segmentation_annotations/masks/train/bacterial_leaf_blight/bacterial_leaf_blight%20%28311%29.JPG.png,,metadata/train/bacterial_leaf_blight/bacterial_leaf_blight (311).JPG.json
0,train/bacterial_leaf_blight/bacterial_leaf_blight (312).JPG,validation,bacterial_leaf_blight,9.40484007499822,requires_human_review,unreviewed,none,../segmentation_annotations/masks/validation/bacterial_leaf_blight/bacterial_leaf_blight%20%28312%29.JPG.png,,metadata/validation/bacterial_leaf_blight/bacterial_leaf_blight (312).JPG.json
0,train/bacterial_leaf_blight/bacterial_leaf_blight (313).JPG,validation,bacterial_leaf_blight,2.4819406888357087,requires_human_review,unreviewed,none,../segmentation_annotations/masks/validation/bacterial_leaf_blight/bacterial_leaf_blight%20%28313%29.JPG.png,,metadata/validation/bacterial_leaf_blight/bacterial_leaf_blight (313).JPG.json
0,train/bacterial_leaf_blight/bacterial_leaf_blight (315).JPG,validation,bacterial_leaf_blight,1.2470255800118977,requires_human_review,unreviewed,none,../segmentation_annotations/masks/validation/bacterial_leaf_blight/bacterial_leaf_blight%20%28315%29.JPG.png,,metadata/validation/bacterial_leaf_blight/bacterial_leaf_blight (315).JPG.json
0,train/bacterial_leaf_blight/bacterial_leaf_blight (316).JPG,train,bacterial_leaf_blight,5.023225128399863,requires_human_review,unreviewed,none,../segmentation_annotations/masks/train/bacterial_leaf_blight/bacterial_leaf_blight%20%28316%29.JPG.png,,metadata/train/bacterial_leaf_blight/bacterial_leaf_blight (316).JPG.json
0,train/bacterial_leaf_blight/bacterial_leaf_blight (32).JPG,validation,bacterial_leaf_blight,7.825836462956641,requires_human_review,unreviewed,none,../segmentation_annotations/masks/validation/bacterial_leaf_blight/bacterial_leaf_blight%20%2832%29.JPG.png,,metadata/validation/bacterial_leaf_blight/bacterial_leaf_blight (32).JPG.json
0,train/bacterial_leaf_blight/bacterial_leaf_blight (321).JPG,train,bacterial_leaf_blight,13.011668284547177,requires_human_review,unreviewed,none,../segmentation_annotations/masks/train/bacterial_leaf_blight/bacterial_leaf_blight%20%28321%29.JPG.png,,metadata/train/bacterial_leaf_blight/bacterial_leaf_blight (321).JPG.json
0,train/bacterial_leaf_blight/bacterial_leaf_blight (322).JPG,train,bacterial_leaf_blight,1.5480100814156552,requires_human_review,unreviewed,none,../segmentation_annotations/masks/train/bacterial_leaf_blight/bacterial_leaf_blight%20%28322%29.JPG.png,,metadata/train/bacterial_leaf_blight/bacterial_leaf_blight (322).JPG.json
0,train/bacterial_leaf_blight/bacterial_leaf_blight (324).JPG,train,bacterial_leaf_blight,0.5563666180029199,requires_human_review,unreviewed,none,../segmentation_annotations/masks/train/bacterial_leaf_blight/bacterial_leaf_blight%20%28324%29.JPG.png,,metadata/train/bacterial_leaf_blight/bacterial_leaf_blight (324).JPG.json
0,train/bacterial_leaf_blight/bacterial_leaf_blight (328).JPG,train,bacterial_leaf_blight,5.812577111685904,requires_human_review,unreviewed,none,../segmentation_annotations/masks/train/bacterial_leaf_blight/bacterial_leaf_blight%20%28328%29.JPG.png,,metadata/train/bacterial_leaf_blight/bacterial_leaf_blight (328).JPG.json
0,train/bacterial_leaf_blight/bacterial_leaf_blight (330).JPG,validation,bacterial_leaf_blight,8.240179853868732,requires_human_review,unreviewed,none,../segmentation_annotations/masks/validation/bacterial_leaf_blight/bacterial_leaf_blight%20%28330%29.JPG.png,,metadata/validation/bacterial_leaf_blight/bacterial_leaf_blight (330).JPG.json
0,train/bacterial_leaf_blight/bacterial_leaf_blight (332).jpg,validation,bacterial_leaf_blight,0.49584982612302814,requires_human_review,unreviewed,none,../segmentation_annotations/masks/validation/bacterial_leaf_blight/bacterial_leaf_blight%20%28332%29.jpg.png,,metadata/validation/bacterial_leaf_blight/bacterial_leaf_blight (332).jpg.json
0,train/bacterial_leaf_blight/bacterial_leaf_blight (333).JPG,train,bacterial_leaf_blight,0.7680088910790394,requires_human_review,unreviewed,none,../segmentation_annotations/masks/train/bacterial_leaf_blight/bacterial_leaf_blight%20%28333%29.JPG.png,,metadata/train/bacterial_leaf_blight/bacterial_leaf_blight (333).JPG.json
0,train/bacterial_leaf_blight/bacterial_leaf_blight (34).jpg,train,bacterial_leaf_blight,7.208848482704542,requires_human_review,unreviewed,none,../segmentation_annotations/masks/train/bacterial_leaf_blight/bacterial_leaf_blight%20%2834%29.jpg.png,,metadata/train/bacterial_leaf_blight/bacterial_leaf_blight (34).jpg.json
0,train/bacterial_leaf_blight/bacterial_leaf_blight (342).JPG,train,bacterial_leaf_blight,1.7851203015855417,requires_human_review,unreviewed,none,../segmentation_annotations/masks/train/bacterial_leaf_blight/bacterial_leaf_blight%20%28342%29.JPG.png,,metadata/train/bacterial_leaf_blight/bacterial_leaf_blight (342).JPG.json
0,train/bacterial_leaf_blight/bacterial_leaf_blight (35).JPG,train,bacterial_leaf_blight,7.852364032139313,requires_human_review,unreviewed,none,../segmentation_annotations/masks/train/bacterial_leaf_blight/bacterial_leaf_blight%20%2835%29.JPG.png,,metadata/train/bacterial_leaf_blight/bacterial_leaf_blight (35).JPG.json
0,train/bacterial_leaf_blight/bacterial_leaf_blight (350).JPG,validation,bacterial_leaf_blight,1.544579184330737,requires_human_review,unreviewed,none,../segmentation_annotations/masks/validation/bacterial_leaf_blight/bacterial_leaf_blight%20%28350%29.JPG.png,,metadata/validation/bacterial_leaf_blight/bacterial_leaf_blight (350).JPG.json
0,train/bacterial_leaf_blight/bacterial_leaf_blight (36).JPG,validation,bacterial_leaf_blight,5.123509915584772,requires_human_review,unreviewed,none,../segmentation_annotations/masks/validation/bacterial_leaf_blight/bacterial_leaf_blight%20%2836%29.JPG.png,,metadata/validation/bacterial_leaf_blight/bacterial_leaf_blight (36).JPG.json
0,train/bacterial_leaf_blight/bacterial_leaf_blight (39).JPG,train,bacterial_leaf_blight,1.4129006540386517,requires_human_review,unreviewed,none,../segmentation_annotations/masks/train/bacterial_leaf_blight/bacterial_leaf_blight%20%2839%29.JPG.png,,metadata/train/bacterial_leaf_blight/bacterial_leaf_blight (39).JPG.json
0,train/bacterial_leaf_blight/bacterial_leaf_blight (40).JPG,train,bacterial_leaf_blight,1.6620231332392565,requires_human_review,unreviewed,none,../segmentation_annotations/masks/train/bacterial_leaf_blight/bacterial_leaf_blight%20%2840%29.JPG.png,,metadata/train/bacterial_leaf_blight/bacterial_leaf_blight (40).JPG.json
0,train/bacterial_leaf_blight/bacterial_leaf_blight (41).JPG,train,bacterial_leaf_blight,0.42894927983116116,requires_human_review,reviewed,ai_visual,../segmentation_annotations/masks/train/bacterial_leaf_blight/bacterial_leaf_blight%20%2841%29.JPG.png,../boundary_review_20261010/index.html,metadata/train/bacterial_leaf_blight/bacterial_leaf_blight (41).JPG.json
0,train/bacterial_leaf_blight/bacterial_leaf_blight (43).JPG,train,bacterial_leaf_blight,1.2663316582914572,requires_human_review,unreviewed,none,../segmentation_annotations/masks/train/bacterial_leaf_blight/bacterial_leaf_blight%20%2843%29.JPG.png,,metadata/train/bacterial_leaf_blight/bacterial_leaf_blight (43).JPG.json
0,train/bacterial_leaf_blight/bacterial_leaf_blight (44).JPG,validation,bacterial_leaf_blight,1.365843955643223,requires_human_review,unreviewed,none,../segmentation_annotations/masks/validation/bacterial_leaf_blight/bacterial_leaf_blight%20%2844%29.JPG.png,,metadata/validation/bacterial_leaf_blight/bacterial_leaf_blight (44).JPG.json
0,train/bacterial_leaf_blight/bacterial_leaf_blight (45).JPG,validation,bacterial_leaf_blight,13.018956603477989,requires_human_review,unreviewed,none,../segmentation_annotations/masks/validation/bacterial_leaf_blight/bacterial_leaf_blight%20%2845%29.JPG.png,,metadata/validation/bacterial_leaf_blight/bacterial_leaf_blight (45).JPG.json
0,train/bacterial_leaf_blight/bacterial_leaf_blight (46).JPG,train,bacterial_leaf_blight,4.007375329859936,requires_human_review,unreviewed,none,../segmentation_annotations/masks/train/bacterial_leaf_blight/bacterial_leaf_blight%20%2846%29.JPG.png,,metadata/train/bacterial_leaf_blight/bacterial_leaf_blight (46).JPG.json
0,train/bacterial_leaf_blight/bacterial_leaf_blight (48).JPG,train,bacterial_leaf_blight,1.0000142047472265,requires_human_review,unreviewed,none,../segmentation_annotations/masks/train/bacterial_leaf_blight/bacterial_leaf_blight%20%2848%29.JPG.png,,metadata/train/bacterial_leaf_blight/bacterial_leaf_blight (48).JPG.json
0,train/bacterial_leaf_blight/bacterial_leaf_blight (50).JPG,train,bacterial_leaf_blight,5.150722389472439,requires_human_review,unreviewed,none,../segmentation_annotations/masks/train/bacterial_leaf_blight/bacterial_leaf_blight%20%2850%29.JPG.png,,metadata/train/bacterial_leaf_blight/bacterial_leaf_blight (50).JPG.json
0,train/bacterial_leaf_blight/bacterial_leaf_blight (51).JPG,validation,bacterial_leaf_blight,0.9420132825147548,requires_human_review,unreviewed,none,../segmentation_annotations/masks/validation/bacterial_leaf_blight/bacterial_leaf_blight%20%2851%29.JPG.png,,metadata/validation/bacterial_leaf_blight/bacterial_leaf_blight (51).JPG.json
0,train/bacterial_leaf_blight/bacterial_leaf_blight (52).JPG,train,bacterial_leaf_blight,0.8412124582869855,requires_human_review,unreviewed,none,../segmentation_annotations/masks/train/bacterial_leaf_blight/bacterial_leaf_blight%20%2852%29.JPG.png,,metadata/train/bacterial_leaf_blight/bacterial_leaf_blight (52).JPG.json
0,train/bacterial_leaf_blight/bacterial_leaf_blight (53).JPG,train,bacterial_leaf_blight,2.139301592126762,requires_human_review,unreviewed,none,../segmentation_annotations/masks/train/bacterial_leaf_blight/bacterial_leaf_blight%20%2853%29.JPG.png,,metadata/train/bacterial_leaf_blight/bacterial_leaf_blight (53).JPG.json
0,train/bacterial_leaf_blight/bacterial_leaf_blight (54).JPG,train,bacterial_leaf_blight,8.674809739186957,requires_human_review,unreviewed,none,../segmentation_annotations/masks/train/bacterial_leaf_blight/bacterial_leaf_blight%20%2854%29.JPG.png,,metadata/train/bacterial_leaf_blight/bacterial_leaf_blight (54).JPG.json
0,train/bacterial_leaf_blight/bacterial_leaf_blight (55).JPG,train,bacterial_leaf_blight,2.866211669186862,requires_human_review,unreviewed,none,../segmentation_annotations/masks/train/bacterial_leaf_blight/bacterial_leaf_blight%20%2855%29.JPG.png,,metadata/train/bacterial_leaf_blight/bacterial_leaf_blight (55).JPG.json
0,train/bacterial_leaf_blight/bacterial_leaf_blight (56).JPG,train,bacterial_leaf_blight,2.9884661731795488,requires_human_review,unreviewed,none,../segmentation_annotations/masks/train/bacterial_leaf_blight/bacterial_leaf_blight%20%2856%29.JPG.png,,metadata/train/bacterial_leaf_blight/bacterial_leaf_blight (56).JPG.json
0,train/bacterial_leaf_blight/bacterial_leaf_blight (57).JPG,train,bacterial_leaf_blight,1.4868688403182622,requires_human_review,unreviewed,none,../segmentation_annotations/masks/train/bacterial_leaf_blight/bacterial_leaf_blight%20%2857%29.JPG.png,,metadata/train/bacterial_leaf_blight/bacterial_leaf_blight (57).JPG.json
0,train/bacterial_leaf_blight/bacterial_leaf_blight (59).JPG,train,bacterial_leaf_blight,1.9729451972945198,requires_human_review,unreviewed,none,../segmentation_annotations/masks/train/bacterial_leaf_blight/bacterial_leaf_blight%20%2859%29.JPG.png,,metadata/train/bacterial_leaf_blight/bacterial_leaf_blight (59).JPG.json
0,train/bacterial_leaf_blight/bacterial_leaf_blight (60).JPG,train,bacterial_leaf_blight,14.083007743958076,requires_human_review,unreviewed,none,../segmentation_annotations/masks/train/bacterial_leaf_blight/bacterial_leaf_blight%20%2860%29.JPG.png,,metadata/train/bacterial_leaf_blight/bacterial_leaf_blight (60).JPG.json
0,train/bacterial_leaf_blight/bacterial_leaf_blight (61).JPG,validation,bacterial_leaf_blight,7.745134965473948,requires_human_review,unreviewed,none,../segmentation_annotations/masks/validation/bacterial_leaf_blight/bacterial_leaf_blight%20%2861%29.JPG.png,,metadata/validation/bacterial_leaf_blight/bacterial_leaf_blight (61).JPG.json
0,train/bacterial_leaf_blight/bacterial_leaf_blight (62).JPG,train,bacterial_leaf_blight,1.5523488406967914,requires_human_review,unreviewed,none,../segmentation_annotations/masks/train/bacterial_leaf_blight/bacterial_leaf_blight%20%2862%29.JPG.png,,metadata/train/bacterial_leaf_blight/bacterial_leaf_blight (62).JPG.json
0,train/bacterial_leaf_blight/bacterial_leaf_blight (65).JPG,train,bacterial_leaf_blight,1.6412037710292218,requires_human_review,unreviewed,none,../segmentation_annotations/masks/train/bacterial_leaf_blight/bacterial_leaf_blight%20%2865%29.JPG.png,,metadata/train/bacterial_leaf_blight/bacterial_leaf_blight (65).JPG.json
0,train/bacterial_leaf_blight/bacterial_leaf_blight (67).JPG,train,bacterial_leaf_blight,5.028819935802299,requires_human_review,unreviewed,none,../segmentation_annotations/masks/train/bacterial_leaf_blight/bacterial_leaf_blight%20%2867%29.JPG.png,,metadata/train/bacterial_leaf_blight/bacterial_leaf_blight (67).JPG.json
0,train/bacterial_leaf_blight/bacterial_leaf_blight (72).JPG,train,bacterial_leaf_blight,1.890711838897555,requires_human_review,unreviewed,none,../segmentation_annotations/masks/train/bacterial_leaf_blight/bacterial_leaf_blight%20%2872%29.JPG.png,,metadata/train/bacterial_leaf_blight/bacterial_leaf_blight (72).JPG.json
0,train/bacterial_leaf_blight/bacterial_leaf_blight (74).JPG,train,bacterial_leaf_blight,7.850925316363105,requires_human_review,unreviewed,none,../segmentation_annotations/masks/train/bacterial_leaf_blight/bacterial_leaf_blight%20%2874%29.JPG.png,,metadata/train/bacterial_leaf_blight/bacterial_leaf_blight (74).JPG.json
0,train/bacterial_leaf_blight/bacterial_leaf_blight (76).jpg,train,bacterial_leaf_blight,12.456318914334181,requires_human_review,unreviewed,none,../segmentation_annotations/masks/train/bacterial_leaf_blight/bacterial_leaf_blight%20%2876%29.jpg.png,,metadata/train/bacterial_leaf_blight/bacterial_leaf_blight (76).jpg.json
0,train/bacterial_leaf_blight/bacterial_leaf_blight (8).JPG,validation,bacterial_leaf_blight,6.924103825388161,requires_human_review,unreviewed,none,../segmentation_annotations/masks/validation/bacterial_leaf_blight/bacterial_leaf_blight%20%288%29.JPG.png,,metadata/validation/bacterial_leaf_blight/bacterial_leaf_blight (8).JPG.json
0,train/bacterial_leaf_blight/bacterial_leaf_blight (82).JPG,train,bacterial_leaf_blight,6.730987171157014,requires_human_review,unreviewed,none,../segmentation_annotations/masks/train/bacterial_leaf_blight/bacterial_leaf_blight%20%2882%29.JPG.png,,metadata/train/bacterial_leaf_blight/bacterial_leaf_blight (82).JPG.json
0,train/bacterial_leaf_blight/bacterial_leaf_blight (87).JPG,train,bacterial_leaf_blight,1.698185695353947,requires_human_review,unreviewed,none,../segmentation_annotations/masks/train/bacterial_leaf_blight/bacterial_leaf_blight%20%2887%29.JPG.png,,metadata/train/bacterial_leaf_blight/bacterial_leaf_blight (87).JPG.json
0,train/bacterial_leaf_blight/bacterial_leaf_blight (9).JPG,train,bacterial_leaf_blight,7.718285104513213,requires_human_review,unreviewed,none,../segmentation_annotations/masks/train/bacterial_leaf_blight/bacterial_leaf_blight%20%289%29.JPG.png,,metadata/train/bacterial_leaf_blight/bacterial_leaf_blight (9).JPG.json
0,train/bacterial_leaf_blight/bacterial_leaf_blight (93).JPG,validation,bacterial_leaf_blight,3.7904405948425883,requires_human_review,unreviewed,none,../segmentation_annotations/masks/validation/bacterial_leaf_blight/bacterial_leaf_blight%20%2893%29.JPG.png,,metadata/validation/bacterial_leaf_blight/bacterial_leaf_blight (93).JPG.json
0,train/bacterial_leaf_blight/bacterial_leaf_blight (94).JPG,train,bacterial_leaf_blight,0.7201766348464186,requires_human_review,unreviewed,none,../segmentation_annotations/masks/train/bacterial_leaf_blight/bacterial_leaf_blight%20%2894%29.JPG.png,,metadata/train/bacterial_leaf_blight/bacterial_leaf_blight (94).JPG.json
0,train/bacterial_leaf_blight/bacterial_leaf_blight (97).JPG,train,bacterial_leaf_blight,1.5449521268556183,requires_human_review,unreviewed,none,../segmentation_annotations/masks/train/bacterial_leaf_blight/bacterial_leaf_blight%20%2897%29.JPG.png,,metadata/train/bacterial_leaf_blight/bacterial_leaf_blight (97).JPG.json
0,train/bacterial_leaf_blight/bacterial_leaf_blight (99).JPG,validation,bacterial_leaf_blight,1.2479083776447402,requires_human_review,unreviewed,none,../segmentation_annotations/masks/validation/bacterial_leaf_blight/bacterial_leaf_blight%20%2899%29.JPG.png,,metadata/validation/bacterial_leaf_blight/bacterial_leaf_blight (99).JPG.json
0,train/brown_spot/brown_spot (1).jpg,train,brown_spot,11.161864786037253,requires_human_review,reviewed,ai_visual,../segmentation_annotations/masks/train/brown_spot/brown_spot%20%281%29.jpg.png,../boundary_review_20261010/index.html,metadata/train/brown_spot/brown_spot (1).jpg.json
0,train/brown_spot/brown_spot (10).jpg,validation,brown_spot,0.15707105323280787,requires_human_review,reviewed,ai_visual,../segmentation_annotations/masks/validation/brown_spot/brown_spot%20%2810%29.jpg.png,../boundary_review_20261010/index.html,metadata/validation/brown_spot/brown_spot (10).jpg.json
0,train/brown_spot/brown_spot (100).JPG,train,brown_spot,1.143029661635951,requires_human_review,unreviewed,none,../segmentation_annotations/masks/train/brown_spot/brown_spot%20%28100%29.JPG.png,,metadata/train/brown_spot/brown_spot (100).JPG.json
0,train/brown_spot/brown_spot (101).jpg,train,brown_spot,0.7596314582280449,requires_human_review,unreviewed,none,../segmentation_annotations/masks/train/brown_spot/brown_spot%20%28101%29.jpg.png,,metadata/train/brown_spot/brown_spot (101).jpg.json
0,train/brown_spot/brown_spot (103).jpg,train,brown_spot,3.9728078516235503,requires_human_review,unreviewed,none,../segmentation_annotations/masks/train/brown_spot/brown_spot%20%28103%29.jpg.png,,metadata/train/brown_spot/brown_spot (103).jpg.json
0,train/brown_spot/brown_spot (104).jpg,train,brown_spot,1.0478962688541942,requires_human_review,unreviewed,none,../segmentation_annotations/masks/train/brown_spot/brown_spot%20%28104%29.jpg.png,,metadata/train/brown_spot/brown_spot (104).jpg.json
0,train/brown_spot/brown_spot (105).jpg,validation,brown_spot,0.16325266030338778,requires_human_review,unreviewed,none,../segmentation_annotations/masks/validation/brown_spot/brown_spot%20%28105%29.jpg.png,,metadata/validation/brown_spot/brown_spot (105).jpg.json
0,train/brown_spot/brown_spot (106).jpg,train,brown_spot,1.3820512550206094,requires_human_review,unreviewed,none,../segmentation_annotations/masks/train/brown_spot/brown_spot%20%28106%29.jpg.png,,metadata/train/brown_spot/brown_spot (106).jpg.json
0,train/brown_spot/brown_spot (107).jpg,validation,brown_spot,0.8413916376138294,requires_human_review,unreviewed,none,../segmentation_annotations/masks/validation/brown_spot/brown_spot%20%28107%29.jpg.png,,metadata/validation/brown_spot/brown_spot (107).jpg.json
0,train/brown_spot/brown_spot (108).jpg,train,brown_spot,0.9112060334084868,requires_human_review,unreviewed,none,../segmentation_annotations/masks/train/brown_spot/brown_spot%20%28108%29.jpg.png,,metadata/train/brown_spot/brown_spot (108).jpg.json
0,train/brown_spot/brown_spot (110).jpg,validation,brown_spot,17.728862532860127,requires_human_review,unreviewed,none,../segmentation_annotations/masks/validation/brown_spot/brown_spot%20%28110%29.jpg.png,,metadata/validation/brown_spot/brown_spot (110).jpg.json
0,train/brown_spot/brown_spot (111).jpg,train,brown_spot,2.27669452181987,requires_human_review,unreviewed,none,../segmentation_annotations/masks/train/brown_spot/brown_spot%20%28111%29.jpg.png,,metadata/train/brown_spot/brown_spot (111).jpg.json
0,train/brown_spot/brown_spot (112).jpg,train,brown_spot,2.6786157588997566,requires_human_review,unreviewed,none,../segmentation_annotations/masks/train/brown_spot/brown_spot%20%28112%29.jpg.png,,metadata/train/brown_spot/brown_spot (112).jpg.json
0,train/brown_spot/brown_spot (114).jpg,train,brown_spot,1.215127321003817,requires_human_review,unreviewed,none,../segmentation_annotations/masks/train/brown_spot/brown_spot%20%28114%29.jpg.png,,metadata/train/brown_spot/brown_spot (114).jpg.json
0,train/brown_spot/brown_spot (116).jpg,train,brown_spot,0.6267196575970652,requires_human_review,unreviewed,none,../segmentation_annotations/masks/train/brown_spot/brown_spot%20%28116%29.jpg.png,,metadata/train/brown_spot/brown_spot (116).jpg.json
0,train/brown_spot/brown_spot (117).jpg,train,brown_spot,0.3423629046789597,requires_human_review,unreviewed,none,../segmentation_annotations/masks/train/brown_spot/brown_spot%20%28117%29.jpg.png,,metadata/train/brown_spot/brown_spot (117).jpg.json
0,train/brown_spot/brown_spot (119).jpg,train,brown_spot,10.076154602030789,requires_human_review,unreviewed,none,../segmentation_annotations/masks/train/brown_spot/brown_spot%20%28119%29.jpg.png,,metadata/train/brown_spot/brown_spot (119).jpg.json
0,train/brown_spot/brown_spot (12).jpg,train,brown_spot,16.662061104298715,requires_human_review,unreviewed,none,../segmentation_annotations/masks/train/brown_spot/brown_spot%20%2812%29.jpg.png,,metadata/train/brown_spot/brown_spot (12).jpg.json
0,train/brown_spot/brown_spot (121).jpg,train,brown_spot,8.14737225612533,requires_human_review,unreviewed,none,../segmentation_annotations/masks/train/brown_spot/brown_spot%20%28121%29.jpg.png,,metadata/train/brown_spot/brown_spot (121).jpg.json
0,train/brown_spot/brown_spot (122).jpg,train,brown_spot,24.136825630291717,requires_human_review,unreviewed,none,../segmentation_annotations/masks/train/brown_spot/brown_spot%20%28122%29.jpg.png,,metadata/train/brown_spot/brown_spot (122).jpg.json
0,train/brown_spot/brown_spot (123).jpg,train,brown_spot,5.902008857956343,requires_human_review,unreviewed,none,../segmentation_annotations/masks/train/brown_spot/brown_spot%20%28123%29.jpg.png,,metadata/train/brown_spot/brown_spot (123).jpg.json
0,train/brown_spot/brown_spot (125).jpg,train,brown_spot,24.163130598774163,requires_human_review,unreviewed,none,../segmentation_annotations/masks/train/brown_spot/brown_spot%20%28125%29.jpg.png,,metadata/train/brown_spot/brown_spot (125).jpg.json
0,train/brown_spot/brown_spot (126).jpg,train,brown_spot,8.14718673862058,requires_human_review,unreviewed,none,../segmentation_annotations/masks/train/brown_spot/brown_spot%20%28126%29.jpg.png,,metadata/train/brown_spot/brown_spot (126).jpg.json
0,train/brown_spot/brown_spot (128).jpg,train,brown_spot,1.6853169030036697,requires_human_review,unreviewed,none,../segmentation_annotations/masks/train/brown_spot/brown_spot%20%28128%29.jpg.png,,metadata/train/brown_spot/brown_spot (128).jpg.json
0,train/brown_spot/brown_spot (129).jpg,train,brown_spot,0.10161193478361277,requires_human_review,unreviewed,none,../segmentation_annotations/masks/train/brown_spot/brown_spot%20%28129%29.jpg.png,,metadata/train/brown_spot/brown_spot (129).jpg.json
0,train/brown_spot/brown_spot (133).jpg,train,brown_spot,17.78685643999297,requires_human_review,unreviewed,none,../segmentation_annotations/masks/train/brown_spot/brown_spot%20%28133%29.jpg.png,,metadata/train/brown_spot/brown_spot (133).jpg.json
0,train/brown_spot/brown_spot (134).jpg,train,brown_spot,1.3337356040823545,requires_human_review,unreviewed,none,../segmentation_annotations/masks/train/brown_spot/brown_spot%20%28134%29.jpg.png,,metadata/train/brown_spot/brown_spot (134).jpg.json
0,train/brown_spot/brown_spot (135).jpg,train,brown_spot,0.4966013842763587,requires_human_review,unreviewed,none,../segmentation_annotations/masks/train/brown_spot/brown_spot%20%28135%29.jpg.png,,metadata/train/brown_spot/brown_spot (135).jpg.json
0,train/brown_spot/brown_spot (136).jpg,train,brown_spot,1.6901266333686493,requires_human_review,unreviewed,none,../segmentation_annotations/masks/train/brown_spot/brown_spot%20%28136%29.jpg.png,,metadata/train/brown_spot/brown_spot (136).jpg.json
0,train/brown_spot/brown_spot (137).jpg,train,brown_spot,24.136825630291717,requires_human_review,reviewed,ai_visual,../segmentation_annotations/masks/train/brown_spot/brown_spot%20%28137%29.jpg.png,../boundary_review_20261010/index.html,metadata/train/brown_spot/brown_spot (137).jpg.json
0,train/brown_spot/brown_spot (14).jpg,train,brown_spot,3.9065788496298315,requires_human_review,unreviewed,none,../segmentation_annotations/masks/train/brown_spot/brown_spot%20%2814%29.jpg.png,,metadata/train/brown_spot/brown_spot (14).jpg.json
0,train/brown_spot/brown_spot (140).jpg,train,brown_spot,24.916348361457445,requires_human_review,unreviewed,none,../segmentation_annotations/masks/train/brown_spot/brown_spot%20%28140%29.jpg.png,,metadata/train/brown_spot/brown_spot (140).jpg.json
0,train/brown_spot/brown_spot (141).jpg,train,brown_spot,7.9081235033228,requires_human_review,unreviewed,none,../segmentation_annotations/masks/train/brown_spot/brown_spot%20%28141%29.jpg.png,,metadata/train/brown_spot/brown_spot (141).jpg.json
0,train/brown_spot/brown_spot (142).jpg,train,brown_spot,23.608983862864985,requires_human_review,unreviewed,none,../segmentation_annotations/masks/train/brown_spot/brown_spot%20%28142%29.jpg.png,,metadata/train/brown_spot/brown_spot (142).jpg.json
0,train/brown_spot/brown_spot (143).jpg,train,brown_spot,10.058687047905009,requires_human_review,unreviewed,none,../segmentation_annotations/masks/train/brown_spot/brown_spot%20%28143%29.jpg.png,,metadata/train/brown_spot/brown_spot (143).jpg.json
0,train/brown_spot/brown_spot (145).jpg,validation,brown_spot,0.13619301761651145,requires_human_review,unreviewed,none,../segmentation_annotations/masks/validation/brown_spot/brown_spot%20%28145%29.jpg.png,,metadata/validation/brown_spot/brown_spot (145).jpg.json
0,train/brown_spot/brown_spot (147).jpg,train,brown_spot,5.390738744871141,requires_human_review,unreviewed,none,../segmentation_annotations/masks/train/brown_spot/brown_spot%20%28147%29.jpg.png,,metadata/train/brown_spot/brown_spot (147).jpg.json
0,train/brown_spot/brown_spot (148).jpg,validation,brown_spot,5.439222042139384,requires_human_review,unreviewed,none,../segmentation_annotations/masks/validation/brown_spot/brown_spot%20%28148%29.jpg.png,,metadata/validation/brown_spot/brown_spot (148).jpg.json
0,train/brown_spot/brown_spot (149).jpg,train,brown_spot,8.509694786220916,requires_human_review,unreviewed,none,../segmentation_annotations/masks/train/brown_spot/brown_spot%20%28149%29.jpg.png,,metadata/train/brown_spot/brown_spot (149).jpg.json
0,train/brown_spot/brown_spot (15).jpg,train,brown_spot,4.239466082279112,requires_human_review,unreviewed,none,../segmentation_annotations/masks/train/brown_spot/brown_spot%20%2815%29.jpg.png,,metadata/train/brown_spot/brown_spot (15).jpg.json
0,train/brown_spot/brown_spot (150).jpg,validation,brown_spot,21.985124993704144,requires_human_review,unreviewed,none,../segmentation_annotations/masks/validation/brown_spot/brown_spot%20%28150%29.jpg.png,,metadata/validation/brown_spot/brown_spot (150).jpg.json
0,train/brown_spot/brown_spot (151).JPG,train,brown_spot,0.6189146350667974,requires_human_review,unreviewed,none,../segmentation_annotations/masks/train/brown_spot/brown_spot%20%28151%29.JPG.png,,metadata/train/brown_spot/brown_spot (151).JPG.json
0,train/brown_spot/brown_spot (152).jpg,train,brown_spot,3.7708630862220684,requires_human_review,unreviewed,none,../segmentation_annotations/masks/train/brown_spot/brown_spot%20%28152%29.jpg.png,,metadata/train/brown_spot/brown_spot (152).jpg.json
0,train/brown_spot/brown_spot (154).jpg,train,brown_spot,1.9256822140507064,requires_human_review,unreviewed,none,../segmentation_annotations/masks/train/brown_spot/brown_spot%20%28154%29.jpg.png,,metadata/train/brown_spot/brown_spot (154).jpg.json
0,train/brown_spot/brown_spot (155).jpg,train,brown_spot,0.15373465398721806,requires_human_review,unreviewed,none,../segmentation_annotations/masks/train/brown_spot/brown_spot%20%28155%29.jpg.png,,metadata/train/brown_spot/brown_spot (155).jpg.json
0,train/brown_spot/brown_spot (156).jpg,train,brown_spot,3.0711424033378374,requires_human_review,unreviewed,none,../segmentation_annotations/masks/train/brown_spot/brown_spot%20%28156%29.jpg.png,,metadata/train/brown_spot/brown_spot (156).jpg.json
0,train/brown_spot/brown_spot (158).jpg,train,brown_spot,1.849458088893308,requires_human_review,unreviewed,none,../segmentation_annotations/masks/train/brown_spot/brown_spot%20%28158%29.jpg.png,,metadata/train/brown_spot/brown_spot (158).jpg.json
0,train/brown_spot/brown_spot (159).jpg,train,brown_spot,7.103902384583907,requires_human_review,unreviewed,none,../segmentation_annotations/masks/train/brown_spot/brown_spot%20%28159%29.jpg.png,,metadata/train/brown_spot/brown_spot (159).jpg.json
0,train/brown_spot/brown_spot (16).jpg,train,brown_spot,5.0265,requires_human_review,unreviewed,none,../segmentation_annotations/masks/train/brown_spot/brown_spot%20%2816%29.jpg.png,,metadata/train/brown_spot/brown_spot (16).jpg.json
0,train/brown_spot/brown_spot (161).jpg,validation,brown_spot,3.06190469136534,requires_human_review,unreviewed,none,../segmentation_annotations/masks/validation/brown_spot/brown_spot%20%28161%29.jpg.png,,metadata/validation/brown_spot/brown_spot (161).jpg.json
0,train/brown_spot/brown_spot (162).jpg,train,brown_spot,1.1635674449674542,requires_human_review,unreviewed,none,../segmentation_annotations/masks/train/brown_spot/brown_spot%20%28162%29.jpg.png,,metadata/train/brown_spot/brown_spot (162).jpg.json
0,train/brown_spot/brown_spot (163).jpg,validation,brown_spot,4.680684851246664,requires_human_review,unreviewed,none,../segmentation_annotations/masks/validation/brown_spot/brown_spot%20%28163%29.jpg.png,,metadata/validation/brown_spot/brown_spot (163).jpg.json
0,train/brown_spot/brown_spot (164).jpg,train,brown_spot,8.493738819320214,requires_human_review,unreviewed,none,../segmentation_annotations/masks/train/brown_spot/brown_spot%20%28164%29.jpg.png,,metadata/train/brown_spot/brown_spot (164).jpg.json
0,train/brown_spot/brown_spot (165).jpg,train,brown_spot,0.22083103839719073,requires_human_review,unreviewed,none,../segmentation_annotations/masks/train/brown_spot/brown_spot%20%28165%29.jpg.png,,metadata/train/brown_spot/brown_spot (165).jpg.json
0,train/brown_spot/brown_spot (167).JPG,train,brown_spot,0.6843582295307962,requires_human_review,unreviewed,none,../segmentation_annotations/masks/train/brown_spot/brown_spot%20%28167%29.JPG.png,,metadata/train/brown_spot/brown_spot (167).JPG.json
0,train/brown_spot/brown_spot (168).JPG,train,brown_spot,0.9853967809983334,requires_human_review,unreviewed,none,../segmentation_annotations/masks/train/brown_spot/brown_spot%20%28168%29.JPG.png,,metadata/train/brown_spot/brown_spot (168).JPG.json
0,train/brown_spot/brown_spot (17).jpg,train,brown_spot,3.0735,requires_human_review,unreviewed,none,../segmentation_annotations/masks/train/brown_spot/brown_spot%20%2817%29.jpg.png,,metadata/train/brown_spot/brown_spot (17).jpg.json
0,train/brown_spot/brown_spot (172).jpg,train,brown_spot,1.9708240749686021,requires_human_review,unreviewed,none,../segmentation_annotations/masks/train/brown_spot/brown_spot%20%28172%29.jpg.png,,metadata/train/brown_spot/brown_spot (172).jpg.json
0,train/brown_spot/brown_spot (173).jpg,train,brown_spot,0.33564432706063607,requires_human_review,reviewed,ai_visual,../segmentation_annotations/masks/train/brown_spot/brown_spot%20%28173%29.jpg.png,../boundary_review_20261010/index.html,metadata/train/brown_spot/brown_spot (173).jpg.json
0,train/brown_spot/brown_spot (174).jpg,train,brown_spot,2.8792912513842746,requires_human_review,unreviewed,none,../segmentation_annotations/masks/train/brown_spot/brown_spot%20%28174%29.jpg.png,,metadata/train/brown_spot/brown_spot (174).jpg.json
0,train/brown_spot/brown_spot (175).jpg,train,brown_spot,2.6552691764934875,requires_human_review,unreviewed,none,../segmentation_annotations/masks/train/brown_spot/brown_spot%20%28175%29.jpg.png,,metadata/train/brown_spot/brown_spot (175).jpg.json
0,train/brown_spot/brown_spot (176).jpg,train,brown_spot,2.316094896740058,requires_human_review,unreviewed,none,../segmentation_annotations/masks/train/brown_spot/brown_spot%20%28176%29.jpg.png,,metadata/train/brown_spot/brown_spot (176).jpg.json
0,train/brown_spot/brown_spot (178).jpg,train,brown_spot,5.061707418791801,requires_human_review,unreviewed,none,../segmentation_annotations/masks/train/brown_spot/brown_spot%20%28178%29.jpg.png,,metadata/train/brown_spot/brown_spot (178).jpg.json
0,train/brown_spot/brown_spot (179).jpg,train,brown_spot,3.779252071162161,requires_human_review,unreviewed,none,../segmentation_annotations/masks/train/brown_spot/brown_spot%20%28179%29.jpg.png,,metadata/train/brown_spot/brown_spot (179).jpg.json
0,train/brown_spot/brown_spot (18).jpg,train,brown_spot,3.6431750182284466,requires_human_review,unreviewed,none,../segmentation_annotations/masks/train/brown_spot/brown_spot%20%2818%29.jpg.png,,metadata/train/brown_spot/brown_spot (18).jpg.json
0,train/brown_spot/brown_spot (180).jpg,train,brown_spot,5.845061878184906,requires_human_review,unreviewed,none,../segmentation_annotations/masks/train/brown_spot/brown_spot%20%28180%29.jpg.png,,metadata/train/brown_spot/brown_spot (180).jpg.json
0,train/brown_spot/brown_spot (181).jpg,train,brown_spot,5.734144222415291,requires_human_review,unreviewed,none,../segmentation_annotations/masks/train/brown_spot/brown_spot%20%28181%29.jpg.png,,metadata/train/brown_spot/brown_spot (181).jpg.json
0,train/brown_spot/brown_spot (183).jpg,train,brown_spot,0.30699412706887347,requires_human_review,unreviewed,none,../segmentation_annotations/masks/train/brown_spot/brown_spot%20%28183%29.jpg.png,,metadata/train/brown_spot/brown_spot (183).jpg.json
0,train/brown_spot/brown_spot (184).jpg,train,brown_spot,1.243277173060188,requires_human_review,unreviewed,none,../segmentation_annotations/masks/train/brown_spot/brown_spot%20%28184%29.jpg.png,,metadata/train/brown_spot/brown_spot (184).jpg.json
0,train/brown_spot/brown_spot (185).jpg,train,brown_spot,0.816168732146309,requires_human_review,unreviewed,none,../segmentation_annotations/masks/train/brown_spot/brown_spot%20%28185%29.jpg.png,,metadata/train/brown_spot/brown_spot (185).jpg.json
0,train/brown_spot/brown_spot (186).jpg,validation,brown_spot,4.206826692860212,requires_human_review,unreviewed,none,../segmentation_annotations/masks/validation/brown_spot/brown_spot%20%28186%29.jpg.png,,metadata/validation/brown_spot/brown_spot (186).jpg.json
0,train/brown_spot/brown_spot (187).jpg,train,brown_spot,2.279299782679375,requires_human_review,unreviewed,none,../segmentation_annotations/masks/train/brown_spot/brown_spot%20%28187%29.jpg.png,,metadata/train/brown_spot/brown_spot (187).jpg.json
0,train/brown_spot/brown_spot (188).jpg,train,brown_spot,12.21881286704192,requires_human_review,unreviewed,none,../segmentation_annotations/masks/train/brown_spot/brown_spot%20%28188%29.jpg.png,,metadata/train/brown_spot/brown_spot (188).jpg.json
0,train/brown_spot/brown_spot (19).jpg,train,brown_spot,8.222200567960353,requires_human_review,unreviewed,none,../segmentation_annotations/masks/train/brown_spot/brown_spot%20%2819%29.jpg.png,,metadata/train/brown_spot/brown_spot (19).jpg.json
0,train/brown_spot/brown_spot (190).jpg,train,brown_spot,2.3090237710593122,requires_human_review,unreviewed,none,../segmentation_annotations/masks/train/brown_spot/brown_spot%20%28190%29.jpg.png,,metadata/train/brown_spot/brown_spot (190).jpg.json
0,train/brown_spot/brown_spot (193).jpg,train,brown_spot,0.3444281882467691,requires_human_review,unreviewed,none,../segmentation_annotations/masks/train/brown_spot/brown_spot%20%28193%29.jpg.png,,metadata/train/brown_spot/brown_spot (193).jpg.json
0,train/brown_spot/brown_spot (194).jpg,train,brown_spot,0.218649913771865,requires_human_review,unreviewed,none,../segmentation_annotations/masks/train/brown_spot/brown_spot%20%28194%29.jpg.png,,metadata/train/brown_spot/brown_spot (194).jpg.json
0,train/brown_spot/brown_spot (195).jpg,validation,brown_spot,0.2885738819521671,requires_human_review,unreviewed,none,../segmentation_annotations/masks/validation/brown_spot/brown_spot%20%28195%29.jpg.png,,metadata/validation/brown_spot/brown_spot (195).jpg.json
0,train/brown_spot/brown_spot (197).jpg,train,brown_spot,0.5890288370353551,requires_human_review,unreviewed,none,../segmentation_annotations/masks/train/brown_spot/brown_spot%20%28197%29.jpg.png,,metadata/train/brown_spot/brown_spot (197).jpg.json
0,train/brown_spot/brown_spot (2).jpg,train,brown_spot,2.289380459491582,requires_human_review,unreviewed,none,../segmentation_annotations/masks/train/brown_spot/brown_spot%20%282%29.jpg.png,,metadata/train/brown_spot/brown_spot (2).jpg.json
0,train/brown_spot/brown_spot (201).jpg,train,brown_spot,0.759249885803879,requires_human_review,unreviewed,none,../segmentation_annotations/masks/train/brown_spot/brown_spot%20%28201%29.jpg.png,,metadata/train/brown_spot/brown_spot (201).jpg.json
0,train/brown_spot/brown_spot (202).jpg,train,brown_spot,1.2294730829644438,requires_human_review,unreviewed,none,../segmentation_annotations/masks/train/brown_spot/brown_spot%20%28202%29.jpg.png,,metadata/train/brown_spot/brown_spot (202).jpg.json
0,train/brown_spot/brown_spot (203).jpg,train,brown_spot,2.80786342327399,requires_human_review,unreviewed,none,../segmentation_annotations/masks/train/brown_spot/brown_spot%20%28203%29.jpg.png,,metadata/train/brown_spot/brown_spot (203).jpg.json
0,train/brown_spot/brown_spot (204).jpg,train,brown_spot,1.0823644888944894,requires_human_review,unreviewed,none,../segmentation_annotations/masks/train/brown_spot/brown_spot%20%28204%29.jpg.png,,metadata/train/brown_spot/brown_spot (204).jpg.json
0,train/brown_spot/brown_spot (205).jpg,train,brown_spot,0.3662551440329218,requires_human_review,unreviewed,none,../segmentation_annotations/masks/train/brown_spot/brown_spot%20%28205%29.jpg.png,,metadata/train/brown_spot/brown_spot (205).jpg.json
0,train/brown_spot/brown_spot (206).jpg,validation,brown_spot,0.4474497595375981,requires_human_review,unreviewed,none,../segmentation_annotations/masks/validation/brown_spot/brown_spot%20%28206%29.jpg.png,,metadata/validation/brown_spot/brown_spot (206).jpg.json
0,train/brown_spot/brown_spot (208).jpg,train,brown_spot,0.752774337679998,requires_human_review,reviewed,ai_visual,../segmentation_annotations/masks/train/brown_spot/brown_spot%20%28208%29.jpg.png,../boundary_review_20261010/index.html,metadata/train/brown_spot/brown_spot (208).jpg.json
0,train/brown_spot/brown_spot (209).jpg,train,brown_spot,16.72646865862647,requires_human_review,unreviewed,none,../segmentation_annotations/masks/train/brown_spot/brown_spot%20%28209%29.jpg.png,,metadata/train/brown_spot/brown_spot (209).jpg.json
0,train/brown_spot/brown_spot (21).jpg,train,brown_spot,4.507085407889697,requires_human_review,unreviewed,none,../segmentation_annotations/masks/train/brown_spot/brown_spot%20%2821%29.jpg.png,,metadata/train/brown_spot/brown_spot (21).jpg.json
0,train/brown_spot/brown_spot (210).jpg,train,brown_spot,8.32849649247518,requires_human_review,unreviewed,none,../segmentation_annotations/masks/train/brown_spot/brown_spot%20%28210%29.jpg.png,,metadata/train/brown_spot/brown_spot (210).jpg.json
0,train/brown_spot/brown_spot (211).JPG,train,brown_spot,2.386997711854201,requires_human_review,unreviewed,none,../segmentation_annotations/masks/train/brown_spot/brown_spot%20%28211%29.JPG.png,,metadata/train/brown_spot/brown_spot (211).JPG.json
0,train/brown_spot/brown_spot (213).JPG,validation,brown_spot,0.3142220723733301,requires_human_review,unreviewed,none,../segmentation_annotations/masks/validation/brown_spot/brown_spot%20%28213%29.JPG.png,,metadata/validation/brown_spot/brown_spot (213).JPG.json
0,train/brown_spot/brown_spot (214).jpg,train,brown_spot,1.059396447794348,requires_human_review,unreviewed,none,../segmentation_annotations/masks/train/brown_spot/brown_spot%20%28214%29.jpg.png,,metadata/train/brown_spot/brown_spot (214).jpg.json
0,train/brown_spot/brown_spot (215).jpg,train,brown_spot,5.360642531651657,requires_human_review,unreviewed,none,../segmentation_annotations/masks/train/brown_spot/brown_spot%20%28215%29.jpg.png,,metadata/train/brown_spot/brown_spot (215).jpg.json
0,train/brown_spot/brown_spot (216).JPG,validation,brown_spot,0.19455352788686123,requires_human_review,unreviewed,none,../segmentation_annotations/masks/validation/brown_spot/brown_spot%20%28216%29.JPG.png,,metadata/validation/brown_spot/brown_spot (216).JPG.json
0,train/brown_spot/brown_spot (217).JPG,train,brown_spot,0.07228316931579462,requires_human_review,unreviewed,none,../segmentation_annotations/masks/train/brown_spot/brown_spot%20%28217%29.JPG.png,,metadata/train/brown_spot/brown_spot (217).JPG.json
0,train/brown_spot/brown_spot (218).JPG,train,brown_spot,0.18744286844078345,requires_human_review,unreviewed,none,../segmentation_annotations/masks/train/brown_spot/brown_spot%20%28218%29.JPG.png,,metadata/train/brown_spot/brown_spot (218).JPG.json
0,train/brown_spot/brown_spot (219).JPG,train,brown_spot,2.791795006225834,requires_human_review,unreviewed,none,../segmentation_annotations/masks/train/brown_spot/brown_spot%20%28219%29.JPG.png,,metadata/train/brown_spot/brown_spot (219).JPG.json
0,train/brown_spot/brown_spot (22).jpg,train,brown_spot,3.783,requires_human_review,unreviewed,none,../segmentation_annotations/masks/train/brown_spot/brown_spot%20%2822%29.jpg.png,,metadata/train/brown_spot/brown_spot (22).jpg.json
0,train/brown_spot/brown_spot (220).JPG,validation,brown_spot,0.19455352788686123,requires_human_review,unreviewed,none,../segmentation_annotations/masks/validation/brown_spot/brown_spot%20%28220%29.JPG.png,,metadata/validation/brown_spot/brown_spot (220).JPG.json
0,train/brown_spot/brown_spot (221).JPG,train,brown_spot,2.8551303892019395,requires_human_review,unreviewed,none,../segmentation_annotations/masks/train/brown_spot/brown_spot%20%28221%29.JPG.png,,metadata/train/brown_spot/brown_spot (221).JPG.json
0,train/brown_spot/brown_spot (222).JPG,train,brown_spot,2.789073889357784,requires_human_review,unreviewed,none,../segmentation_annotations/masks/train/brown_spot/brown_spot%20%28222%29.JPG.png,,metadata/train/brown_spot/brown_spot (222).JPG.json
0,train/brown_spot/brown_spot (223).JPG,train,brown_spot,3.7903336040331594,requires_human_review,unreviewed,none,../segmentation_annotations/masks/train/brown_spot/brown_spot%20%28223%29.JPG.png,,metadata/train/brown_spot/brown_spot (223).JPG.json
0,train/brown_spot/brown_spot (226).JPG,train,brown_spot,1.3621224714330988,requires_human_review,unreviewed,none,../segmentation_annotations/masks/train/brown_spot/brown_spot%20%28226%29.JPG.png,,metadata/train/brown_spot/brown_spot (226).JPG.json
0,train/brown_spot/brown_spot (228).JPG,train,brown_spot,2.764349294045427,requires_human_review,unreviewed,none,../segmentation_annotations/masks/train/brown_spot/brown_spot%20%28228%29.JPG.png,,metadata/train/brown_spot/brown_spot (228).JPG.json
0,train/brown_spot/brown_spot (229).JPG,train,brown_spot,3.770272664315279,requires_human_review,unreviewed,none,../segmentation_annotations/masks/train/brown_spot/brown_spot%20%28229%29.JPG.png,,metadata/train/brown_spot/brown_spot (229).JPG.json
0,train/brown_spot/brown_spot (23).jpg,train,brown_spot,10.027041644131963,requires_human_review,unreviewed,none,../segmentation_annotations/masks/train/brown_spot/brown_spot%20%2823%29.jpg.png,,metadata/train/brown_spot/brown_spot (23).jpg.json
0,train/brown_spot/brown_spot (230).JPG,validation,brown_spot,1.8630383737013092,requires_human_review,unreviewed,none,../segmentation_annotations/masks/validation/brown_spot/brown_spot%20%28230%29.JPG.png,,metadata/validation/brown_spot/brown_spot (230).JPG.json
0,train/brown_spot/brown_spot (231).JPG,validation,brown_spot,1.3873503823147255,requires_human_review,unreviewed,none,../segmentation_annotations/masks/validation/brown_spot/brown_spot%20%28231%29.JPG.png,,metadata/validation/brown_spot/brown_spot (231).JPG.json
0,train/brown_spot/brown_spot (232).JPG,train,brown_spot,0.6938357263669922,requires_human_review,unreviewed,none,../segmentation_annotations/masks/train/brown_spot/brown_spot%20%28232%29.JPG.png,,metadata/train/brown_spot/brown_spot (232).JPG.json
0,train/brown_spot/brown_spot (233).JPG,train,brown_spot,0.18744286844078345,requires_human_review,unreviewed,none,../segmentation_annotations/masks/train/brown_spot/brown_spot%20%28233%29.JPG.png,,metadata/train/brown_spot/brown_spot (233).JPG.json
0,train/brown_spot/brown_spot (234).JPG,validation,brown_spot,2.791795006225834,requires_human_review,unreviewed,none,../segmentation_annotations/masks/validation/brown_spot/brown_spot%20%28234%29.JPG.png,,metadata/validation/brown_spot/brown_spot (234).JPG.json
0,train/brown_spot/brown_spot (235).jpg,train,brown_spot,0.9877558387902248,requires_human_review,unreviewed,none,../segmentation_annotations/masks/train/brown_spot/brown_spot%20%28235%29.jpg.png,,metadata/train/brown_spot/brown_spot (235).jpg.json
0,train/brown_spot/brown_spot (236).jpg,train,brown_spot,1.2680417065063971,requires_human_review,unreviewed,none,../segmentation_annotations/masks/train/brown_spot/brown_spot%20%28236%29.jpg.png,,metadata/train/brown_spot/brown_spot (236).jpg.json
0,train/brown_spot/brown_spot (237).jpg,train,brown_spot,0.83302100083423,requires_human_review,unreviewed,none,../segmentation_annotations/masks/train/brown_spot/brown_spot%20%28237%29.jpg.png,,metadata/train/brown_spot/brown_spot (237).jpg.json
0,train/brown_spot/brown_spot (238).jpg,validation,brown_spot,1.1365859566420407,requires_human_review,unreviewed,none,../segmentation_annotations/masks/validation/brown_spot/brown_spot%20%28238%29.jpg.png,,metadata/validation/brown_spot/brown_spot (238).jpg.json
0,train/brown_spot/brown_spot (239).jpg,train,brown_spot,0.33479207021067986,requires_human_review,unreviewed,none,../segmentation_annotations/masks/train/brown_spot/brown_spot%20%28239%29.jpg.png,,metadata/train/brown_spot/brown_spot (239).jpg.json
0,train/brown_spot/brown_spot (24).jpg,train,brown_spot,17.67824421980194,requires_human_review,unreviewed,none,../segmentation_annotations/masks/train/brown_spot/brown_spot%20%2824%29.jpg.png,,metadata/train/brown_spot/brown_spot (24).jpg.json
0,train/brown_spot/brown_spot (240).jpg,train,brown_spot,1.274183120306361,requires_human_review,unreviewed,none,../segmentation_annotations/masks/train/brown_spot/brown_spot%20%28240%29.jpg.png,,metadata/train/brown_spot/brown_spot (240).jpg.json
0,train/brown_spot/brown_spot (241).jpg,train,brown_spot,11.667777991252557,requires_human_review,unreviewed,none,../segmentation_annotations/masks/train/brown_spot/brown_spot%20%28241%29.jpg.png,,metadata/train/brown_spot/brown_spot (241).jpg.json
0,train/brown_spot/brown_spot (242).jpg,train,brown_spot,0.6997427253371186,requires_human_review,unreviewed,none,../segmentation_annotations/masks/train/brown_spot/brown_spot%20%28242%29.jpg.png,,metadata/train/brown_spot/brown_spot (242).jpg.json
0,train/brown_spot/brown_spot (243).jpg,train,brown_spot,5.913755264250549,requires_human_review,unreviewed,none,../segmentation_annotations/masks/train/brown_spot/brown_spot%20%28243%29.jpg.png,,metadata/train/brown_spot/brown_spot (243).jpg.json
0,train/brown_spot/brown_spot (246).jpg,train,brown_spot,5.9234121759658604,requires_human_review,unreviewed,none,../segmentation_annotations/masks/train/brown_spot/brown_spot%20%28246%29.jpg.png,,metadata/train/brown_spot/brown_spot (246).jpg.json
0,train/brown_spot/brown_spot (253).jpg,validation,brown_spot,23.578779710855184,requires_human_review,unreviewed,none,../segmentation_annotations/masks/validation/brown_spot/brown_spot%20%28253%29.jpg.png,,metadata/validation/brown_spot/brown_spot (253).jpg.json
0,train/brown_spot/brown_spot (255).jpg,validation,brown_spot,24.89934199009381,requires_human_review,unreviewed,none,../segmentation_annotations/masks/validation/brown_spot/brown_spot%20%28255%29.jpg.png,,metadata/validation/brown_spot/brown_spot (255).jpg.json
0,train/brown_spot/brown_spot (256).jpg,train,brown_spot,7.906706530826237,requires_human_review,unreviewed,none,../segmentation_annotations/masks/train/brown_spot/brown_spot%20%28256%29.jpg.png,,metadata/train/brown_spot/brown_spot (256).jpg.json
0,train/brown_spot/brown_spot (258).jpg,validation,brown_spot,24.925867962604507,requires_human_review,unreviewed,none,../segmentation_annotations/masks/validation/brown_spot/brown_spot%20%28258%29.jpg.png,,metadata/validation/brown_spot/brown_spot (258).jpg.json
0,train/brown_spot/brown_spot (259).jpg,train,brown_spot,7.909764634198184,requires_human_review,unreviewed,none,../segmentation_annotations/masks/train/brown_spot/brown_spot%20%28259%29.jpg.png,,metadata/train/brown_spot/brown_spot (259).jpg.json
0,train/brown_spot/brown_spot (26).jpg,train,brown_spot,24.740737980799086,requires_human_review,unreviewed,none,../segmentation_annotations/masks/train/brown_spot/brown_spot%20%2826%29.jpg.png,,metadata/train/brown_spot/brown_spot (26).jpg.json
0,train/brown_spot/brown_spot (260).jpg,train,brown_spot,24.701797446757563,requires_human_review,unreviewed,none,../segmentation_annotations/masks/train/brown_spot/brown_spot%20%28260%29.jpg.png,,metadata/train/brown_spot/brown_spot (260).jpg.json
0,train/brown_spot/brown_spot (261).jpg,train,brown_spot,10.362793061820954,requires_human_review,unreviewed,none,../segmentation_annotations/masks/train/brown_spot/brown_spot%20%28261%29.jpg.png,,metadata/train/brown_spot/brown_spot (261).jpg.json
0,train/brown_spot/brown_spot (262).jpg,train,brown_spot,0.9814097170616667,requires_human_review,unreviewed,none,../segmentation_annotations/masks/train/brown_spot/brown_spot%20%28262%29.jpg.png,,metadata/train/brown_spot/brown_spot (262).jpg.json
0,train/brown_spot/brown_spot (263).jpg,train,brown_spot,0.4324606200100698,requires_human_review,unreviewed,none,../segmentation_annotations/masks/train/brown_spot/brown_spot%20%28263%29.jpg.png,,metadata/train/brown_spot/brown_spot (263).jpg.json
0,train/brown_spot/brown_spot (264).jpg,train,brown_spot,0.46639570457490986,requires_human_review,unreviewed,none,../segmentation_annotations/masks/train/brown_spot/brown_spot%20%28264%29.jpg.png,,metadata/train/brown_spot/brown_spot (264).jpg.json
0,train/brown_spot/brown_spot (265).jpg,train,brown_spot,0.6264495612462042,requires_human_review,unreviewed,none,../segmentation_annotations/masks/train/brown_spot/brown_spot%20%28265%29.jpg.png,,metadata/train/brown_spot/brown_spot (265).jpg.json
0,train/brown_spot/brown_spot (266).jpg,validation,brown_spot,0.5878680313436082,requires_human_review,unreviewed,none,../segmentation_annotations/masks/validation/brown_spot/brown_spot%20%28266%29.jpg.png,,metadata/validation/brown_spot/brown_spot (266).jpg.json
0,train/brown_spot/brown_spot (267).jpg,train,brown_spot,0.39546191247974066,requires_human_review,unreviewed,none,../segmentation_annotations/masks/train/brown_spot/brown_spot%20%28267%29.jpg.png,,metadata/train/brown_spot/brown_spot (267).jpg.json
0,train/brown_spot/brown_spot (268).jpg,train,brown_spot,0.1689010126993774,requires_human_review,unreviewed,none,../segmentation_annotations/masks/train/brown_spot/brown_spot%20%28268%29.jpg.png,,metadata/train/brown_spot/brown_spot (268).jpg.json
0,train/brown_spot/brown_spot (269).jpg,train,brown_spot,2.2401775496757637,requires_human_review,unreviewed,none,../segmentation_annotations/masks/train/brown_spot/brown_spot%20%28269%29.jpg.png,,metadata/train/brown_spot/brown_spot (269).jpg.json
0,train/brown_spot/brown_spot (27).jpg,validation,brown_spot,3.938679245283019,requires_human_review,reviewed,ai_visual,../segmentation_annotations/masks/validation/brown_spot/brown_spot%20%2827%29.jpg.png,../boundary_review_20261010/index.html,metadata/validation/brown_spot/brown_spot (27).jpg.json
0,train/brown_spot/brown_spot (270).jpg,train,brown_spot,0.32082339242237945,requires_human_review,unreviewed,none,../segmentation_annotations/masks/train/brown_spot/brown_spot%20%28270%29.jpg.png,,metadata/train/brown_spot/brown_spot (270).jpg.json
0,train/brown_spot/brown_spot (271).jpg,train,brown_spot,0.07126080728314536,requires_human_review,unreviewed,none,../segmentation_annotations/masks/train/brown_spot/brown_spot%20%28271%29.jpg.png,,metadata/train/brown_spot/brown_spot (271).jpg.json
0,train/brown_spot/brown_spot (272).jpg,validation,brown_spot,0.07464021085859568,requires_human_review,unreviewed,none,../segmentation_annotations/masks/validation/brown_spot/brown_spot%20%28272%29.jpg.png,,metadata/validation/brown_spot/brown_spot (272).jpg.json
0,train/brown_spot/brown_spot (273).jpg,validation,brown_spot,0.38460288397993564,requires_human_review,unreviewed,none,../segmentation_annotations/masks/validation/brown_spot/brown_spot%20%28273%29.jpg.png,,metadata/validation/brown_spot/brown_spot (273).jpg.json
0,train/brown_spot/brown_spot (274).jpg,train,brown_spot,0.4144062688366486,requires_human_review,unreviewed,none,../segmentation_annotations/masks/train/brown_spot/brown_spot%20%28274%29.jpg.png,,metadata/train/brown_spot/brown_spot (274).jpg.json
0,train/brown_spot/brown_spot (275).jpg,train,brown_spot,1.433197516146825,requires_human_review,unreviewed,none,../segmentation_annotations/masks/train/brown_spot/brown_spot%20%28275%29.jpg.png,,metadata/train/brown_spot/brown_spot (275).jpg.json
0,train/brown_spot/brown_spot (277).jpg,validation,brown_spot,1.1955835451440042,requires_human_review,unreviewed,none,../segmentation_annotations/masks/validation/brown_spot/brown_spot%20%28277%29.jpg.png,,metadata/validation/brown_spot/brown_spot (277).jpg.json
0,train/brown_spot/brown_spot (278).jpg,validation,brown_spot,0.8831736337790881,requires_human_review,unreviewed,none,../segmentation_annotations/masks/validation/brown_spot/brown_spot%20%28278%29.jpg.png,,metadata/validation/brown_spot/brown_spot (278).jpg.json
0,train/brown_spot/brown_spot (28).jpg,train,brown_spot,3.9048426734677455,requires_human_review,unreviewed,none,../segmentation_annotations/masks/train/brown_spot/brown_spot%20%2828%29.jpg.png,,metadata/train/brown_spot/brown_spot (28).jpg.json
0,train/brown_spot/brown_spot (280).jpg,train,brown_spot,0.44514489723714257,requires_human_review,unreviewed,none,../segmentation_annotations/masks/train/brown_spot/brown_spot%20%28280%29.jpg.png,,metadata/train/brown_spot/brown_spot (280).jpg.json
0,train/brown_spot/brown_spot (281).jpg,train,brown_spot,0.5785985804151108,requires_human_review,unreviewed,none,../segmentation_annotations/masks/train/brown_spot/brown_spot%20%28281%29.jpg.png,,metadata/train/brown_spot/brown_spot (281).jpg.json
0,train/brown_spot/brown_spot (282).jpg,train,brown_spot,2.3761453641869856,requires_human_review,unreviewed,none,../segmentation_annotations/masks/train/brown_spot/brown_spot%20%28282%29.jpg.png,,metadata/train/brown_spot/brown_spot (282).jpg.json
0,train/brown_spot/brown_spot (283).jpg,train,brown_spot,0.5726720879624327,requires_human_review,unreviewed,none,../segmentation_annotations/masks/train/brown_spot/brown_spot%20%28283%29.jpg.png,,metadata/train/brown_spot/brown_spot (283).jpg.json
0,train/brown_spot/brown_spot (284).jpg,train,brown_spot,0.3436799073873092,requires_human_review,unreviewed,none,../segmentation_annotations/masks/train/brown_spot/brown_spot%20%28284%29.jpg.png,,metadata/train/brown_spot/brown_spot (284).jpg.json
0,train/brown_spot/brown_spot (29).jpg,validation,brown_spot,5.0235,requires_human_review,unreviewed,none,../segmentation_annotations/masks/validation/brown_spot/brown_spot%20%2829%29.jpg.png,,metadata/validation/brown_spot/brown_spot (29).jpg.json
0,train/brown_spot/brown_spot (292).jpg,validation,brown_spot,2.0216336190183313,requires_human_review,unreviewed,none,../segmentation_annotations/masks/validation/brown_spot/brown_spot%20%28292%29.jpg.png,,metadata/validation/brown_spot/brown_spot (292).jpg.json
0,train/brown_spot/brown_spot (293).jpg,train,brown_spot,0.7368641964615861,requires_human_review,unreviewed,none,../segmentation_annotations/masks/train/brown_spot/brown_spot%20%28293%29.jpg.png,,metadata/train/brown_spot/brown_spot (293).jpg.json
0,train/brown_spot/brown_spot (295).jpg,train,brown_spot,1.2674864403954405,requires_human_review,unreviewed,none,../segmentation_annotations/masks/train/brown_spot/brown_spot%20%28295%29.jpg.png,,metadata/train/brown_spot/brown_spot (295).jpg.json
0,train/brown_spot/brown_spot (299).jpg,train,brown_spot,0.8008254662498268,requires_human_review,unreviewed,none,../segmentation_annotations/masks/train/brown_spot/brown_spot%20%28299%29.jpg.png,,metadata/train/brown_spot/brown_spot (299).jpg.json
0,train/brown_spot/brown_spot (300).jpg,train,brown_spot,0.36929185003539655,requires_human_review,unreviewed,none,../segmentation_annotations/masks/train/brown_spot/brown_spot%20%28300%29.jpg.png,,metadata/train/brown_spot/brown_spot (300).jpg.json
0,train/brown_spot/brown_spot (301).jpg,train,brown_spot,0.9328073578449535,requires_human_review,unreviewed,none,../segmentation_annotations/masks/train/brown_spot/brown_spot%20%28301%29.jpg.png,,metadata/train/brown_spot/brown_spot (301).jpg.json
0,train/brown_spot/brown_spot (302).jpg,train,brown_spot,0.3744563182302618,requires_human_review,unreviewed,none,../segmentation_annotations/masks/train/brown_spot/brown_spot%20%28302%29.jpg.png,,metadata/train/brown_spot/brown_spot (302).jpg.json
0,train/brown_spot/brown_spot (303).jpg,validation,brown_spot,1.9147489685873138,requires_human_review,unreviewed,none,../segmentation_annotations/masks/validation/brown_spot/brown_spot%20%28303%29.jpg.png,,metadata/validation/brown_spot/brown_spot (303).jpg.json
0,train/brown_spot/brown_spot (304).jpg,train,brown_spot,0.7404717751870631,requires_human_review,unreviewed,none,../segmentation_annotations/masks/train/brown_spot/brown_spot%20%28304%29.jpg.png,,metadata/train/brown_spot/brown_spot (304).jpg.json
0,train/brown_spot/brown_spot (305).jpg,train,brown_spot,0.726240554397719,requires_human_review,unreviewed,none,../segmentation_annotations/masks/train/brown_spot/brown_spot%20%28305%29.jpg.png,,metadata/train/brown_spot/brown_spot (305).jpg.json
0,train/brown_spot/brown_spot (307).jpg,train,brown_spot,1.6417940793754067,requires_human_review,unreviewed,none,../segmentation_annotations/masks/train/brown_spot/brown_spot%20%28307%29.jpg.png,,metadata/train/brown_spot/brown_spot (307).jpg.json
0,train/brown_spot/brown_spot (308).jpg,train,brown_spot,0.8912639826094833,requires_human_review,unreviewed,none,../segmentation_annotations/masks/train/brown_spot/brown_spot%20%28308%29.jpg.png,,metadata/train/brown_spot/brown_spot (308).jpg.json
0,train/brown_spot/brown_spot (309).jpg,train,brown_spot,1.2301836625053497,requires_human_review,unreviewed,none,../segmentation_annotations/masks/train/brown_spot/brown_spot%20%28309%29.jpg.png,,metadata/train/brown_spot/brown_spot (309).jpg.json
0,train/brown_spot/brown_spot (311).jpg,train,brown_spot,8.14737225612533,requires_human_review,unreviewed,none,../segmentation_annotations/masks/train/brown_spot/brown_spot%20%28311%29.jpg.png,,metadata/train/brown_spot/brown_spot (311).jpg.json
0,train/brown_spot/brown_spot (313).jpg,train,brown_spot,24.716057880796683,requires_human_review,unreviewed,none,../segmentation_annotations/masks/train/brown_spot/brown_spot%20%28313%29.jpg.png,,metadata/train/brown_spot/brown_spot (313).jpg.json
0,train/brown_spot/brown_spot (314).jpg,train,brown_spot,24.716057880796683,requires_human_review,unreviewed,none,../segmentation_annotations/masks/train/brown_spot/brown_spot%20%28314%29.jpg.png,,metadata/train/brown_spot/brown_spot (314).jpg.json
0,train/brown_spot/brown_spot (315).jpg,train,brown_spot,10.339761102992567,requires_human_review,unreviewed,none,../segmentation_annotations/masks/train/brown_spot/brown_spot%20%28315%29.jpg.png,,metadata/train/brown_spot/brown_spot (315).jpg.json
0,train/brown_spot/brown_spot (316).jpg,validation,brown_spot,24.916348361457445,requires_human_review,unreviewed,none,../segmentation_annotations/masks/validation/brown_spot/brown_spot%20%28316%29.jpg.png,,metadata/validation/brown_spot/brown_spot (316).jpg.json
0,train/brown_spot/brown_spot (317).jpg,train,brown_spot,7.9081235033228,requires_human_review,unreviewed,none,../segmentation_annotations/masks/train/brown_spot/brown_spot%20%28317%29.jpg.png,,metadata/train/brown_spot/brown_spot (317).jpg.json
0,train/brown_spot/brown_spot (32).jpg,train,brown_spot,24.61910342806915,requires_human_review,unreviewed,none,../segmentation_annotations/masks/train/brown_spot/brown_spot%20%2832%29.jpg.png,,metadata/train/brown_spot/brown_spot (32).jpg.json
0,train/brown_spot/brown_spot (321).jpg,train,brown_spot,24.697307571426432,requires_human_review,unreviewed,none,../segmentation_annotations/masks/train/brown_spot/brown_spot%20%28321%29.jpg.png,,metadata/train/brown_spot/brown_spot (321).jpg.json
0,train/brown_spot/brown_spot (322).jpg,train,brown_spot,5.873223006504933,requires_human_review,unreviewed,none,../segmentation_annotations/masks/train/brown_spot/brown_spot%20%28322%29.jpg.png,,metadata/train/brown_spot/brown_spot (322).jpg.json
0,train/brown_spot/brown_spot (325).jpg,train,brown_spot,8.17100244777139,requires_human_review,unreviewed,none,../segmentation_annotations/masks/train/brown_spot/brown_spot%20%28325%29.jpg.png,,metadata/train/brown_spot/brown_spot (325).jpg.json
0,train/brown_spot/brown_spot (33).jpg,train,brown_spot,5.176577120434652,requires_human_review,unreviewed,none,../segmentation_annotations/masks/train/brown_spot/brown_spot%20%2833%29.jpg.png,,metadata/train/brown_spot/brown_spot (33).jpg.json
0,train/brown_spot/brown_spot (330).jpg,train,brown_spot,5.8686861696342945,requires_human_review,unreviewed,none,../segmentation_annotations/masks/train/brown_spot/brown_spot%20%28330%29.jpg.png,,metadata/train/brown_spot/brown_spot (330).jpg.json
0,train/brown_spot/brown_spot (331).jpg,train,brown_spot,10.305520668377655,requires_human_review,unreviewed,none,../segmentation_annotations/masks/train/brown_spot/brown_spot%20%28331%29.jpg.png,,metadata/train/brown_spot/brown_spot (331).jpg.json
0,train/brown_spot/brown_spot (332).jpg,train,brown_spot,5.880216549955169,requires_human_review,reviewed,ai_visual,../segmentation_annotations/masks/train/brown_spot/brown_spot%20%28332%29.jpg.png,../boundary_review_20261010/index.html,metadata/train/brown_spot/brown_spot (332).jpg.json
0,train/brown_spot/brown_spot (334).jpg,train,brown_spot,10.432483085035418,requires_human_review,unreviewed,none,../segmentation_annotations/masks/train/brown_spot/brown_spot%20%28334%29.jpg.png,,metadata/train/brown_spot/brown_spot (334).jpg.json
0,train/brown_spot/brown_spot (335).jpg,train,brown_spot,24.080270710993393,requires_human_review,unreviewed,none,../segmentation_annotations/masks/train/brown_spot/brown_spot%20%28335%29.jpg.png,,metadata/train/brown_spot/brown_spot (335).jpg.json
0,train/brown_spot/brown_spot (339).jpg,train,brown_spot,24.692572043723086,requires_human_review,unreviewed,none,../segmentation_annotations/masks/train/brown_spot/brown_spot%20%28339%29.jpg.png,,metadata/train/brown_spot/brown_spot (339).jpg.json
0,train/brown_spot/brown_spot (340).jpg,train,brown_spot,8.14857832587481,requires_human_review,unreviewed,none,../segmentation_annotations/masks/train/brown_spot/brown_spot%20%28340%29.jpg.png,,metadata/train/brown_spot/brown_spot (340).jpg.json
0,train/brown_spot/brown_spot (341).JPG,train,brown_spot,1.3873503823147255,requires_human_review,unreviewed,none,../segmentation_annotations/masks/train/brown_spot/brown_spot%20%28341%29.JPG.png,,metadata/train/brown_spot/brown_spot (341).JPG.json
0,train/brown_spot/brown_spot (342).JPG,train,brown_spot,1.866951546783193,requires_human_review,unreviewed,none,../segmentation_annotations/masks/train/brown_spot/brown_spot%20%28342%29.JPG.png,,metadata/train/brown_spot/brown_spot (342).JPG.json
0,train/brown_spot/brown_spot (343).JPG,validation,brown_spot,0.6985388785083751,requires_human_review,unreviewed,none,../segmentation_annotations/masks/validation/brown_spot/brown_spot%20%28343%29.JPG.png,,metadata/validation/brown_spot/brown_spot (343).JPG.json
0,train/brown_spot/brown_spot (344).JPG,train,brown_spot,1.3621224714330988,requires_human_review,unreviewed,none,../segmentation_annotations/masks/train/brown_spot/brown_spot%20%28344%29.JPG.png,,metadata/train/brown_spot/brown_spot (344).JPG.json
0,train/brown_spot/brown_spot (345).JPG,validation,brown_spot,0.06853957972433532,requires_human_review,unreviewed,none,../segmentation_annotations/masks/validation/brown_spot/brown_spot%20%28345%29.JPG.png,,metadata/validation/brown_spot/brown_spot (345).JPG.json
0,train/brown_spot/brown_spot (346).JPG,train,brown_spot,2.764349294045427,requires_human_review,unreviewed,none,../segmentation_annotations/masks/train/brown_spot/brown_spot%20%28346%29.JPG.png,,metadata/train/brown_spot/brown_spot (346).JPG.json
0,train/brown_spot/brown_spot (347).JPG,train,brown_spot,3.770272664315279,requires_human_review,unreviewed,none,../segmentation_annotations/masks/train/brown_spot/brown_spot%20%28347%29.JPG.png,,metadata/train/brown_spot/brown_spot (347).JPG.json
0,train/brown_spot/brown_spot (348).JPG,train,brown_spot,1.8630383737013092,requires_human_review,unreviewed,none,../segmentation_annotations/masks/train/brown_spot/brown_spot%20%28348%29.JPG.png,,metadata/train/brown_spot/brown_spot (348).JPG.json
0,train/brown_spot/brown_spot (349).JPG,train,brown_spot,0.6997715839923949,requires_human_review,unreviewed,none,../segmentation_annotations/masks/train/brown_spot/brown_spot%20%28349%29.JPG.png,,metadata/train/brown_spot/brown_spot (349).JPG.json
0,train/brown_spot/brown_spot (35).jpg,train,brown_spot,3.7735,requires_human_review,unreviewed,none,../segmentation_annotations/masks/train/brown_spot/brown_spot%20%2835%29.jpg.png,,metadata/train/brown_spot/brown_spot (35).jpg.json
0,train/brown_spot/brown_spot (350).jpg,train,brown_spot,5.796561782411717,requires_human_review,unreviewed,none,../segmentation_annotations/masks/train/brown_spot/brown_spot%20%28350%29.jpg.png,,metadata/train/brown_spot/brown_spot (350).jpg.json
0,train/brown_spot/brown_spot (36).jpg,train,brown_spot,10.025627797839944,requires_human_review,unreviewed,none,../segmentation_annotations/masks/train/brown_spot/brown_spot%20%2836%29.jpg.png,,metadata/train/brown_spot/brown_spot (36).jpg.json
0,train/brown_spot/brown_spot (37).jpg,train,brown_spot,8.095416697922136,requires_human_review,unreviewed,none,../segmentation_annotations/masks/train/brown_spot/brown_spot%20%2837%29.jpg.png,,metadata/train/brown_spot/brown_spot (37).jpg.json
0,train/brown_spot/brown_spot (38).jpg,validation,brown_spot,8.202255011135858,requires_human_review,unreviewed,none,../segmentation_annotations/masks/validation/brown_spot/brown_spot%20%2838%29.jpg.png,,metadata/validation/brown_spot/brown_spot (38).jpg.json
0,train/brown_spot/brown_spot (4).jpg,train,brown_spot,3.4277136497748333,requires_human_review,unreviewed,none,../segmentation_annotations/masks/train/brown_spot/brown_spot%20%284%29.jpg.png,,metadata/train/brown_spot/brown_spot (4).jpg.json
0,train/brown_spot/brown_spot (40).jpg,train,brown_spot,4.49731396940172,requires_human_review,unreviewed,none,../segmentation_annotations/masks/train/brown_spot/brown_spot%20%2840%29.jpg.png,,metadata/train/brown_spot/brown_spot (40).jpg.json
0,train/brown_spot/brown_spot (41).jpg,train,brown_spot,3.7955,requires_human_review,unreviewed,none,../segmentation_annotations/masks/train/brown_spot/brown_spot%20%2841%29.jpg.png,,metadata/train/brown_spot/brown_spot (41).jpg.json
0,train/brown_spot/brown_spot (43).jpg,train,brown_spot,17.66770630680707,requires_human_review,unreviewed,none,../segmentation_annotations/masks/train/brown_spot/brown_spot%20%2843%29.jpg.png,,metadata/train/brown_spot/brown_spot (43).jpg.json
0,train/brown_spot/brown_spot (44).jpg,validation,brown_spot,17.701156690474686,requires_human_review,unreviewed,none,../segmentation_annotations/masks/validation/brown_spot/brown_spot%20%2844%29.jpg.png,,metadata/validation/brown_spot/brown_spot (44).jpg.json
0,train/brown_spot/brown_spot (47).jpg,train,brown_spot,3.9053166531516754,requires_human_review,unreviewed,none,../segmentation_annotations/masks/train/brown_spot/brown_spot%20%2847%29.jpg.png,,metadata/train/brown_spot/brown_spot (47).jpg.json
0,train/brown_spot/brown_spot (48).jpg,train,brown_spot,5.0245,requires_human_review,unreviewed,none,../segmentation_annotations/masks/train/brown_spot/brown_spot%20%2848%29.jpg.png,,metadata/train/brown_spot/brown_spot (48).jpg.json
0,train/brown_spot/brown_spot (50).jpg,train,brown_spot,8.236407804158228,requires_human_review,unreviewed,none,../segmentation_annotations/masks/train/brown_spot/brown_spot%20%2850%29.jpg.png,,metadata/train/brown_spot/brown_spot (50).jpg.json
0,train/brown_spot/brown_spot (52).jpg,validation,brown_spot,3.787,requires_human_review,unreviewed,none,../segmentation_annotations/masks/validation/brown_spot/brown_spot%20%2852%29.jpg.png,,metadata/validation/brown_spot/brown_spot (52).jpg.json
0,train/brown_spot/brown_spot (53).jpg,train,brown_spot,10.030620225990582,requires_human_review,unreviewed,none,../segmentation_annotations/masks/train/brown_spot/brown_spot%20%2853%29.jpg.png,,metadata/train/brown_spot/brown_spot (53).jpg.json
0,train/brown_spot/brown_spot (54).jpg,train,brown_spot,8.093491452702956,requires_human_review,unreviewed,none,../segmentation_annotations/masks/train/brown_spot/brown_spot%20%2854%29.jpg.png,,metadata/train/brown_spot/brown_spot (54).jpg.json
0,train/brown_spot/brown_spot (55).jpg,validation,brown_spot,17.665767750169834,requires_human_review,unreviewed,none,../segmentation_annotations/masks/validation/brown_spot/brown_spot%20%2855%29.jpg.png,,metadata/validation/brown_spot/brown_spot (55).jpg.json
0,train/brown_spot/brown_spot (56).jpg,train,brown_spot,16.651411004801215,requires_human_review,unreviewed,none,../segmentation_annotations/masks/train/brown_spot/brown_spot%20%2856%29.jpg.png,,metadata/train/brown_spot/brown_spot (56).jpg.json
0,train/brown_spot/brown_spot (57).jpg,validation,brown_spot,17.72427847021468,requires_human_review,unreviewed,none,../segmentation_annotations/masks/validation/brown_spot/brown_spot%20%2857%29.jpg.png,,metadata/validation/brown_spot/brown_spot (57).jpg.json
0,train/brown_spot/brown_spot (58).jpg,train,brown_spot,16.09107082695479,requires_human_review,reviewed,ai_visual,../segmentation_annotations/masks/train/brown_spot/brown_spot%20%2858%29.jpg.png,../boundary_review_20261010/index.html,metadata/train/brown_spot/brown_spot (58).jpg.json
0,train/brown_spot/brown_spot (59).jpg,train,brown_spot,24.716687054849388,requires_human_review,unreviewed,none,../segmentation_annotations/masks/train/brown_spot/brown_spot%20%2859%29.jpg.png,,metadata/train/brown_spot/brown_spot (59).jpg.json
0,train/brown_spot/brown_spot (6).jpg,validation,brown_spot,0.2857343936941375,requires_human_review,unreviewed,none,../segmentation_annotations/masks/validation/brown_spot/brown_spot%20%286%29.jpg.png,,metadata/validation/brown_spot/brown_spot (6).jpg.json
0,train/brown_spot/brown_spot (60).jpg,train,brown_spot,3.955389425512218,requires_human_review,unreviewed,none,../segmentation_annotations/masks/train/brown_spot/brown_spot%20%2860%29.jpg.png,,metadata/train/brown_spot/brown_spot (60).jpg.json
0,train/brown_spot/brown_spot (63).jpg,train,brown_spot,3.6455670742438593,requires_human_review,unreviewed,none,../segmentation_annotations/masks/train/brown_spot/brown_spot%20%2863%29.jpg.png,,metadata/train/brown_spot/brown_spot (63).jpg.json
0,train/brown_spot/brown_spot (64).jpg,validation,brown_spot,24.6564559433732,requires_human_review,unreviewed,none,../segmentation_annotations/masks/validation/brown_spot/brown_spot%20%2864%29.jpg.png,,metadata/validation/brown_spot/brown_spot (64).jpg.json
0,train/brown_spot/brown_spot (65).jpg,train,brown_spot,3.781224212791227,requires_human_review,unreviewed,none,../segmentation_annotations/masks/train/brown_spot/brown_spot%20%2865%29.jpg.png,,metadata/train/brown_spot/brown_spot (65).jpg.json
0,train/brown_spot/brown_spot (67).jpg,train,brown_spot,1.2378817515955396,requires_human_review,unreviewed,none,../segmentation_annotations/masks/train/brown_spot/brown_spot%20%2867%29.jpg.png,,metadata/train/brown_spot/brown_spot (67).jpg.json
0,train/brown_spot/brown_spot (68).jpg,train,brown_spot,10.34233576062702,requires_human_review,unreviewed,none,../segmentation_annotations/masks/train/brown_spot/brown_spot%20%2868%29.jpg.png,,metadata/train/brown_spot/brown_spot (68).jpg.json
0,train/brown_spot/brown_spot (69).jpg,train,brown_spot,5.928935816822873,requires_human_review,unreviewed,none,../segmentation_annotations/masks/train/brown_spot/brown_spot%20%2869%29.jpg.png,,metadata/train/brown_spot/brown_spot (69).jpg.json
0,train/brown_spot/brown_spot (70).jpg,validation,brown_spot,10.073012623677926,requires_human_review,unreviewed,none,../segmentation_annotations/masks/validation/brown_spot/brown_spot%20%2870%29.jpg.png,,metadata/validation/brown_spot/brown_spot (70).jpg.json
0,train/brown_spot/brown_spot (71).jpg,validation,brown_spot,24.95829815276262,requires_human_review,unreviewed,none,../segmentation_annotations/masks/validation/brown_spot/brown_spot%20%2871%29.jpg.png,,metadata/validation/brown_spot/brown_spot (71).jpg.json
0,train/brown_spot/brown_spot (72).jpg,train,brown_spot,5.936098972816525,requires_human_review,unreviewed,none,../segmentation_annotations/masks/train/brown_spot/brown_spot%20%2872%29.jpg.png,,metadata/train/brown_spot/brown_spot (72).jpg.json
0,train/brown_spot/brown_spot (73).jpg,train,brown_spot,10.34233576062702,requires_human_review,unreviewed,none,../segmentation_annotations/masks/train/brown_spot/brown_spot%20%2873%29.jpg.png,,metadata/train/brown_spot/brown_spot (73).jpg.json
0,train/brown_spot/brown_spot (75).jpg,train,brown_spot,5.883354329100133,requires_human_review,unreviewed,none,../segmentation_annotations/masks/train/brown_spot/brown_spot%20%2875%29.jpg.png,,metadata/train/brown_spot/brown_spot (75).jpg.json
0,train/brown_spot/brown_spot (76).jpg,train,brown_spot,8.168632451386674,requires_human_review,unreviewed,none,../segmentation_annotations/masks/train/brown_spot/brown_spot%20%2876%29.jpg.png,,metadata/train/brown_spot/brown_spot (76).jpg.json
0,train/brown_spot/brown_spot (77).jpg,train,brown_spot,1.1421195156515274,requires_human_review,unreviewed,none,../segmentation_annotations/masks/train/brown_spot/brown_spot%20%2877%29.jpg.png,,metadata/train/brown_spot/brown_spot (77).jpg.json
0,train/brown_spot/brown_spot (78).jpg,train,brown_spot,7.113310021575775,requires_human_review,unreviewed,none,../segmentation_annotations/masks/train/brown_spot/brown_spot%20%2878%29.jpg.png,,metadata/train/brown_spot/brown_spot (78).jpg.json
0,train/brown_spot/brown_spot (79).jpg,train,brown_spot,3.8499636795879284,requires_human_review,unreviewed,none,../segmentation_annotations/masks/train/brown_spot/brown_spot%20%2879%29.jpg.png,,metadata/train/brown_spot/brown_spot (79).jpg.json
0,train/brown_spot/brown_spot (80).jpg,train,brown_spot,5.931779230430892,requires_human_review,unreviewed,none,../segmentation_annotations/masks/train/brown_spot/brown_spot%20%2880%29.jpg.png,,metadata/train/brown_spot/brown_spot (80).jpg.json
0,train/brown_spot/brown_spot (81).jpg,train,brown_spot,24.87532385844578,requires_human_review,unreviewed,none,../segmentation_annotations/masks/train/brown_spot/brown_spot%20%2881%29.jpg.png,,metadata/train/brown_spot/brown_spot (81).jpg.json
0,train/brown_spot/brown_spot (83).jpg,validation,brown_spot,2.2978808590957187,requires_human_review,unreviewed,none,../segmentation_annotations/masks/validation/brown_spot/brown_spot%20%2883%29.jpg.png,,metadata/validation/brown_spot/brown_spot (83).jpg.json
0,train/brown_spot/brown_spot (84).jpg,train,brown_spot,1.0621200039868435,requires_human_review,unreviewed,none,../segmentation_annotations/masks/train/brown_spot/brown_spot%20%2884%29.jpg.png,,metadata/train/brown_spot/brown_spot (84).jpg.json
0,train/brown_spot/brown_spot (85).jpg,train,brown_spot,0.41497168789223,requires_human_review,unreviewed,none,../segmentation_annotations/masks/train/brown_spot/brown_spot%20%2885%29.jpg.png,,metadata/train/brown_spot/brown_spot (85).jpg.json
0,train/brown_spot/brown_spot (86).jpg,train,brown_spot,1.2499752185721933,requires_human_review,unreviewed,none,../segmentation_annotations/masks/train/brown_spot/brown_spot%20%2886%29.jpg.png,,metadata/train/brown_spot/brown_spot (86).jpg.json
0,train/brown_spot/brown_spot (87).jpg,train,brown_spot,6.325125170961542,requires_human_review,unreviewed,none,../segmentation_annotations/masks/train/brown_spot/brown_spot%20%2887%29.jpg.png,,metadata/train/brown_spot/brown_spot (87).jpg.json
0,train/brown_spot/brown_spot (88).jpg,train,brown_spot,7.107105302688899,requires_human_review,unreviewed,none,../segmentation_annotations/masks/train/brown_spot/brown_spot%20%2888%29.jpg.png,,metadata/train/brown_spot/brown_spot (88).jpg.json
0,train/brown_spot/brown_spot (89).jpg,validation,brown_spot,1.7479363691029355,requires_human_review,unreviewed,none,../segmentation_annotations/masks/validation/brown_spot/brown_spot%20%2889%29.jpg.png,,metadata/validation/brown_spot/brown_spot (89).jpg.json
0,train/brown_spot/brown_spot (9).jpg,train,brown_spot,0.5943556250083477,requires_human_review,unreviewed,none,../segmentation_annotations/masks/train/brown_spot/brown_spot%20%289%29.jpg.png,,metadata/train/brown_spot/brown_spot (9).jpg.json
0,train/brown_spot/brown_spot (90).jpg,train,brown_spot,4.182322183977509,requires_human_review,unreviewed,none,../segmentation_annotations/masks/train/brown_spot/brown_spot%20%2890%29.jpg.png,,metadata/train/brown_spot/brown_spot (90).jpg.json
0,train/brown_spot/brown_spot (91).jpg,train,brown_spot,0.15424653624793602,requires_human_review,unreviewed,none,../segmentation_annotations/masks/train/brown_spot/brown_spot%20%2891%29.jpg.png,,metadata/train/brown_spot/brown_spot (91).jpg.json
0,train/brown_spot/brown_spot (97).jpg,train,brown_spot,20.984022610601603,requires_human_review,unreviewed,none,../segmentation_annotations/masks/train/brown_spot/brown_spot%20%2897%29.jpg.png,,metadata/train/brown_spot/brown_spot (97).jpg.json
0,train/brown_spot/brown_spot (98).jpg,validation,brown_spot,24.792146453803817,requires_human_review,unreviewed,none,../segmentation_annotations/masks/validation/brown_spot/brown_spot%20%2898%29.jpg.png,,metadata/validation/brown_spot/brown_spot (98).jpg.json
0,train/brown_spot/brown_spot (99).JPG,validation,brown_spot,2.6655605522563985,requires_human_review,unreviewed,none,../segmentation_annotations/masks/validation/brown_spot/brown_spot%20%2899%29.JPG.png,,metadata/validation/brown_spot/brown_spot (99).JPG.json
0,train/healthy/healthy (100).jpg,train,healthy,0.0,requires_human_review,reviewed,ai_visual,../segmentation_annotations/masks/train/healthy/healthy%20%28100%29.jpg.png,../boundary_review_20261010/index.html,metadata/train/healthy/healthy (100).jpg.json
0,train/healthy/healthy (109).jpg,validation,healthy,0.0,requires_human_review,unreviewed,none,../segmentation_annotations/masks/validation/healthy/healthy%20%28109%29.jpg.png,,metadata/validation/healthy/healthy (109).jpg.json
0,train/healthy/healthy (113).jpg,train,healthy,0.0,requires_human_review;multiple_leaf_components,unreviewed,none,../segmentation_annotations/masks/train/healthy/healthy%20%28113%29.jpg.png,,metadata/train/healthy/healthy (113).jpg.json
0,train/healthy/healthy (115).jpg,train,healthy,0.0,requires_human_review,unreviewed,none,../segmentation_annotations/masks/train/healthy/healthy%20%28115%29.jpg.png,,metadata/train/healthy/healthy (115).jpg.json
0,train/healthy/healthy (117).jpg,validation,healthy,0.0,requires_human_review,unreviewed,none,../segmentation_annotations/masks/validation/healthy/healthy%20%28117%29.jpg.png,,metadata/validation/healthy/healthy (117).jpg.json
0,train/healthy/healthy (119).jpg,train,healthy,0.0,requires_human_review,unreviewed,none,../segmentation_annotations/masks/train/healthy/healthy%20%28119%29.jpg.png,,metadata/train/healthy/healthy (119).jpg.json
0,train/healthy/healthy (12).jpg,train,healthy,0.0,requires_human_review,unreviewed,none,../segmentation_annotations/masks/train/healthy/healthy%20%2812%29.jpg.png,,metadata/train/healthy/healthy (12).jpg.json
0,train/healthy/healthy (120).jpg,train,healthy,0.0,requires_human_review,unreviewed,none,../segmentation_annotations/masks/train/healthy/healthy%20%28120%29.jpg.png,,metadata/train/healthy/healthy (120).jpg.json
0,train/healthy/healthy (124).jpg,train,healthy,0.0,requires_human_review,unreviewed,none,../segmentation_annotations/masks/train/healthy/healthy%20%28124%29.jpg.png,,metadata/train/healthy/healthy (124).jpg.json
0,train/healthy/healthy (125).jpg,train,healthy,0.0,requires_human_review,unreviewed,none,../segmentation_annotations/masks/train/healthy/healthy%20%28125%29.jpg.png,,metadata/train/healthy/healthy (125).jpg.json
0,train/healthy/healthy (126).jpg,train,healthy,0.0,requires_human_review,unreviewed,none,../segmentation_annotations/masks/train/healthy/healthy%20%28126%29.jpg.png,,metadata/train/healthy/healthy (126).jpg.json
0,train/healthy/healthy (127).jpg,train,healthy,0.0,requires_human_review,unreviewed,none,../segmentation_annotations/masks/train/healthy/healthy%20%28127%29.jpg.png,,metadata/train/healthy/healthy (127).jpg.json
0,train/healthy/healthy (128).jpg,train,healthy,0.0,requires_human_review,unreviewed,none,../segmentation_annotations/masks/train/healthy/healthy%20%28128%29.jpg.png,,metadata/train/healthy/healthy (128).jpg.json
0,train/healthy/healthy (129).jpg,train,healthy,0.0,requires_human_review,unreviewed,none,../segmentation_annotations/masks/train/healthy/healthy%20%28129%29.jpg.png,,metadata/train/healthy/healthy (129).jpg.json
0,train/healthy/healthy (130).jpg,train,healthy,0.0,requires_human_review,unreviewed,none,../segmentation_annotations/masks/train/healthy/healthy%20%28130%29.jpg.png,,metadata/train/healthy/healthy (130).jpg.json
0,train/healthy/healthy (133).jpg,train,healthy,0.0,requires_human_review,unreviewed,none,../segmentation_annotations/masks/train/healthy/healthy%20%28133%29.jpg.png,,metadata/train/healthy/healthy (133).jpg.json
0,train/healthy/healthy (134).jpg,validation,healthy,0.0,requires_human_review,unreviewed,none,../segmentation_annotations/masks/validation/healthy/healthy%20%28134%29.jpg.png,,metadata/validation/healthy/healthy (134).jpg.json
0,train/healthy/healthy (135).jpg,train,healthy,0.0,requires_human_review,reviewed,ai_visual,../segmentation_annotations/masks/train/healthy/healthy%20%28135%29.jpg.png,../boundary_review_20261010/index.html,metadata/train/healthy/healthy (135).jpg.json
0,train/healthy/healthy (136).jpg,validation,healthy,0.0,requires_human_review,unreviewed,none,../segmentation_annotations/masks/validation/healthy/healthy%20%28136%29.jpg.png,,metadata/validation/healthy/healthy (136).jpg.json
0,train/healthy/healthy (138).jpg,train,healthy,0.0,requires_human_review,unreviewed,none,../segmentation_annotations/masks/train/healthy/healthy%20%28138%29.jpg.png,,metadata/train/healthy/healthy (138).jpg.json
0,train/healthy/healthy (140).jpg,train,healthy,0.0,requires_human_review,unreviewed,none,../segmentation_annotations/masks/train/healthy/healthy%20%28140%29.jpg.png,,metadata/train/healthy/healthy (140).jpg.json
0,train/healthy/healthy (141).jpg,train,healthy,0.0,requires_human_review,unreviewed,none,../segmentation_annotations/masks/train/healthy/healthy%20%28141%29.jpg.png,,metadata/train/healthy/healthy (141).jpg.json
0,train/healthy/healthy (144).jpg,train,healthy,0.0,requires_human_review,unreviewed,none,../segmentation_annotations/masks/train/healthy/healthy%20%28144%29.jpg.png,,metadata/train/healthy/healthy (144).jpg.json
0,train/healthy/healthy (145).jpg,validation,healthy,0.0,requires_human_review,unreviewed,none,../segmentation_annotations/masks/validation/healthy/healthy%20%28145%29.jpg.png,,metadata/validation/healthy/healthy (145).jpg.json
0,train/healthy/healthy (147).jpg,validation,healthy,0.0,requires_human_review,unreviewed,none,../segmentation_annotations/masks/validation/healthy/healthy%20%28147%29.jpg.png,,metadata/validation/healthy/healthy (147).jpg.json
0,train/healthy/healthy (148).jpg,train,healthy,0.0,requires_human_review,unreviewed,none,../segmentation_annotations/masks/train/healthy/healthy%20%28148%29.jpg.png,,metadata/train/healthy/healthy (148).jpg.json
0,train/healthy/healthy (149).jpg,train,healthy,0.0,requires_human_review,unreviewed,none,../segmentation_annotations/masks/train/healthy/healthy%20%28149%29.jpg.png,,metadata/train/healthy/healthy (149).jpg.json
0,train/healthy/healthy (151).jpg,train,healthy,0.0,requires_human_review,unreviewed,none,../segmentation_annotations/masks/train/healthy/healthy%20%28151%29.jpg.png,,metadata/train/healthy/healthy (151).jpg.json
0,train/healthy/healthy (153).jpg,train,healthy,0.0,requires_human_review,unreviewed,none,../segmentation_annotations/masks/train/healthy/healthy%20%28153%29.jpg.png,,metadata/train/healthy/healthy (153).jpg.json
0,train/healthy/healthy (157).jpg,train,healthy,0.0,requires_human_review,unreviewed,none,../segmentation_annotations/masks/train/healthy/healthy%20%28157%29.jpg.png,,metadata/train/healthy/healthy (157).jpg.json
0,train/healthy/healthy (163).jpg,validation,healthy,0.0,requires_human_review,unreviewed,none,../segmentation_annotations/masks/validation/healthy/healthy%20%28163%29.jpg.png,,metadata/validation/healthy/healthy (163).jpg.json
0,train/healthy/healthy (167).jpg,train,healthy,0.0,requires_human_review,unreviewed,none,../segmentation_annotations/masks/train/healthy/healthy%20%28167%29.jpg.png,,metadata/train/healthy/healthy (167).jpg.json
0,train/healthy/healthy (172).jpg,train,healthy,0.0,requires_human_review,unreviewed,none,../segmentation_annotations/masks/train/healthy/healthy%20%28172%29.jpg.png,,metadata/train/healthy/healthy (172).jpg.json
0,train/healthy/healthy (181).jpg,train,healthy,0.0,requires_human_review,unreviewed,none,../segmentation_annotations/masks/train/healthy/healthy%20%28181%29.jpg.png,,metadata/train/healthy/healthy (181).jpg.json
0,train/healthy/healthy (182).jpg,validation,healthy,0.0,requires_human_review,unreviewed,none,../segmentation_annotations/masks/validation/healthy/healthy%20%28182%29.jpg.png,,metadata/validation/healthy/healthy (182).jpg.json
0,train/healthy/healthy (189).jpg,train,healthy,0.0,requires_human_review,unreviewed,none,../segmentation_annotations/masks/train/healthy/healthy%20%28189%29.jpg.png,,metadata/train/healthy/healthy (189).jpg.json
0,train/healthy/healthy (190).jpg,train,healthy,0.0,requires_human_review,unreviewed,none,../segmentation_annotations/masks/train/healthy/healthy%20%28190%29.jpg.png,,metadata/train/healthy/healthy (190).jpg.json
0,train/healthy/healthy (193).jpg,train,healthy,0.0,requires_human_review,unreviewed,none,../segmentation_annotations/masks/train/healthy/healthy%20%28193%29.jpg.png,,metadata/train/healthy/healthy (193).jpg.json
0,train/healthy/healthy (194).jpg,train,healthy,0.0,requires_human_review,unreviewed,none,../segmentation_annotations/masks/train/healthy/healthy%20%28194%29.jpg.png,,metadata/train/healthy/healthy (194).jpg.json
0,train/healthy/healthy (195).jpg,train,healthy,0.0,requires_human_review,unreviewed,none,../segmentation_annotations/masks/train/healthy/healthy%20%28195%29.jpg.png,,metadata/train/healthy/healthy (195).jpg.json
0,train/healthy/healthy (196).jpg,train,healthy,0.0,requires_human_review,unreviewed,none,../segmentation_annotations/masks/train/healthy/healthy%20%28196%29.jpg.png,,metadata/train/healthy/healthy (196).jpg.json
0,train/healthy/healthy (197).jpg,train,healthy,0.0,requires_human_review,unreviewed,none,../segmentation_annotations/masks/train/healthy/healthy%20%28197%29.jpg.png,,metadata/train/healthy/healthy (197).jpg.json
0,train/healthy/healthy (198).jpg,validation,healthy,0.0,requires_human_review,unreviewed,none,../segmentation_annotations/masks/validation/healthy/healthy%20%28198%29.jpg.png,,metadata/validation/healthy/healthy (198).jpg.json
0,train/healthy/healthy (199).jpg,train,healthy,0.0,requires_human_review,unreviewed,none,../segmentation_annotations/masks/train/healthy/healthy%20%28199%29.jpg.png,,metadata/train/healthy/healthy (199).jpg.json
0,train/healthy/healthy (2).jpg,train,healthy,0.0,requires_human_review,unreviewed,none,../segmentation_annotations/masks/train/healthy/healthy%20%282%29.jpg.png,,metadata/train/healthy/healthy (2).jpg.json
0,train/healthy/healthy (20).jpg,validation,healthy,0.0,requires_human_review,unreviewed,none,../segmentation_annotations/masks/validation/healthy/healthy%20%2820%29.jpg.png,,metadata/validation/healthy/healthy (20).jpg.json
0,train/healthy/healthy (200).jpg,train,healthy,0.0,requires_human_review,unreviewed,none,../segmentation_annotations/masks/train/healthy/healthy%20%28200%29.jpg.png,,metadata/train/healthy/healthy (200).jpg.json
0,train/healthy/healthy (203).jpg,validation,healthy,0.0,requires_human_review,unreviewed,none,../segmentation_annotations/masks/validation/healthy/healthy%20%28203%29.jpg.png,,metadata/validation/healthy/healthy (203).jpg.json
0,train/healthy/healthy (204).jpg,validation,healthy,0.0,requires_human_review,unreviewed,none,../segmentation_annotations/masks/validation/healthy/healthy%20%28204%29.jpg.png,,metadata/validation/healthy/healthy (204).jpg.json
0,train/healthy/healthy (205).jpg,train,healthy,0.0,requires_human_review,unreviewed,none,../segmentation_annotations/masks/train/healthy/healthy%20%28205%29.jpg.png,,metadata/train/healthy/healthy (205).jpg.json
0,train/healthy/healthy (207).jpg,train,healthy,0.0,requires_human_review,unreviewed,none,../segmentation_annotations/masks/train/healthy/healthy%20%28207%29.jpg.png,,metadata/train/healthy/healthy (207).jpg.json
0,train/healthy/healthy (214).jpg,validation,healthy,0.0,requires_human_review,unreviewed,none,../segmentation_annotations/masks/validation/healthy/healthy%20%28214%29.jpg.png,,metadata/validation/healthy/healthy (214).jpg.json
0,train/healthy/healthy (218).jpg,train,healthy,0.0,requires_human_review,unreviewed,none,../segmentation_annotations/masks/train/healthy/healthy%20%28218%29.jpg.png,,metadata/train/healthy/healthy (218).jpg.json
0,train/healthy/healthy (219).jpg,train,healthy,0.0,requires_human_review,unreviewed,none,../segmentation_annotations/masks/train/healthy/healthy%20%28219%29.jpg.png,,metadata/train/healthy/healthy (219).jpg.json
0,train/healthy/healthy (220).jpg,train,healthy,0.0,requires_human_review,unreviewed,none,../segmentation_annotations/masks/train/healthy/healthy%20%28220%29.jpg.png,,metadata/train/healthy/healthy (220).jpg.json
0,train/healthy/healthy (222).jpg,train,healthy,0.0,requires_human_review,unreviewed,none,../segmentation_annotations/masks/train/healthy/healthy%20%28222%29.jpg.png,,metadata/train/healthy/healthy (222).jpg.json
0,train/healthy/healthy (229).jpg,validation,healthy,0.0,requires_human_review,unreviewed,none,../segmentation_annotations/masks/validation/healthy/healthy%20%28229%29.jpg.png,,metadata/validation/healthy/healthy (229).jpg.json
0,train/healthy/healthy (236).jpg,train,healthy,0.0,requires_human_review,unreviewed,none,../segmentation_annotations/masks/train/healthy/healthy%20%28236%29.jpg.png,,metadata/train/healthy/healthy (236).jpg.json
0,train/healthy/healthy (238).jpg,train,healthy,0.0,requires_human_review,unreviewed,none,../segmentation_annotations/masks/train/healthy/healthy%20%28238%29.jpg.png,,metadata/train/healthy/healthy (238).jpg.json
0,train/healthy/healthy (239).jpg,train,healthy,0.0,requires_human_review,unreviewed,none,../segmentation_annotations/masks/train/healthy/healthy%20%28239%29.jpg.png,,metadata/train/healthy/healthy (239).jpg.json
0,train/healthy/healthy (240).jpg,train,healthy,0.0,requires_human_review,unreviewed,none,../segmentation_annotations/masks/train/healthy/healthy%20%28240%29.jpg.png,,metadata/train/healthy/healthy (240).jpg.json
0,train/healthy/healthy (244).jpg,train,healthy,0.0,requires_human_review,unreviewed,none,../segmentation_annotations/masks/train/healthy/healthy%20%28244%29.jpg.png,,metadata/train/healthy/healthy (244).jpg.json
0,train/healthy/healthy (246).jpg,train,healthy,0.0,requires_human_review,unreviewed,none,../segmentation_annotations/masks/train/healthy/healthy%20%28246%29.jpg.png,,metadata/train/healthy/healthy (246).jpg.json
0,train/healthy/healthy (247).jpg,validation,healthy,0.0,requires_human_review,unreviewed,none,../segmentation_annotations/masks/validation/healthy/healthy%20%28247%29.jpg.png,,metadata/validation/healthy/healthy (247).jpg.json
0,train/healthy/healthy (260).jpg,train,healthy,0.0,requires_human_review,unreviewed,none,../segmentation_annotations/masks/train/healthy/healthy%20%28260%29.jpg.png,,metadata/train/healthy/healthy (260).jpg.json
0,train/healthy/healthy (261).jpg,train,healthy,0.0,requires_human_review,unreviewed,none,../segmentation_annotations/masks/train/healthy/healthy%20%28261%29.jpg.png,,metadata/train/healthy/healthy (261).jpg.json
0,train/healthy/healthy (262).jpg,train,healthy,0.0,requires_human_review,unreviewed,none,../segmentation_annotations/masks/train/healthy/healthy%20%28262%29.jpg.png,,metadata/train/healthy/healthy (262).jpg.json
0,train/healthy/healthy (263).jpg,validation,healthy,0.0,requires_human_review,unreviewed,none,../segmentation_annotations/masks/validation/healthy/healthy%20%28263%29.jpg.png,,metadata/validation/healthy/healthy (263).jpg.json
0,train/healthy/healthy (264).jpg,train,healthy,0.0,requires_human_review,unreviewed,none,../segmentation_annotations/masks/train/healthy/healthy%20%28264%29.jpg.png,,metadata/train/healthy/healthy (264).jpg.json
0,train/healthy/healthy (266).jpg,train,healthy,0.0,requires_human_review,unreviewed,none,../segmentation_annotations/masks/train/healthy/healthy%20%28266%29.jpg.png,,metadata/train/healthy/healthy (266).jpg.json
0,train/healthy/healthy (267).jpg,train,healthy,0.0,requires_human_review,unreviewed,none,../segmentation_annotations/masks/train/healthy/healthy%20%28267%29.jpg.png,,metadata/train/healthy/healthy (267).jpg.json
0,train/healthy/healthy (27).jpg,validation,healthy,0.0,requires_human_review,unreviewed,none,../segmentation_annotations/masks/validation/healthy/healthy%20%2827%29.jpg.png,,metadata/validation/healthy/healthy (27).jpg.json
0,train/healthy/healthy (271).jpg,validation,healthy,0.0,requires_human_review,reviewed,ai_visual,../segmentation_annotations/masks/validation/healthy/healthy%20%28271%29.jpg.png,../boundary_review_20261010/index.html,metadata/validation/healthy/healthy (271).jpg.json
0,train/healthy/healthy (273).jpg,train,healthy,0.0,requires_human_review,unreviewed,none,../segmentation_annotations/masks/train/healthy/healthy%20%28273%29.jpg.png,,metadata/train/healthy/healthy (273).jpg.json
0,train/healthy/healthy (274).jpg,train,healthy,0.0,requires_human_review,unreviewed,none,../segmentation_annotations/masks/train/healthy/healthy%20%28274%29.jpg.png,,metadata/train/healthy/healthy (274).jpg.json
0,train/healthy/healthy (277).jpg,train,healthy,0.0,requires_human_review,unreviewed,none,../segmentation_annotations/masks/train/healthy/healthy%20%28277%29.jpg.png,,metadata/train/healthy/healthy (277).jpg.json
0,train/healthy/healthy (281).jpg,validation,healthy,0.0,requires_human_review,unreviewed,none,../segmentation_annotations/masks/validation/healthy/healthy%20%28281%29.jpg.png,,metadata/validation/healthy/healthy (281).jpg.json
0,train/healthy/healthy (282).jpg,train,healthy,0.0,requires_human_review,unreviewed,none,../segmentation_annotations/masks/train/healthy/healthy%20%28282%29.jpg.png,,metadata/train/healthy/healthy (282).jpg.json
0,train/healthy/healthy (283).jpg,validation,healthy,0.0,requires_human_review,unreviewed,none,../segmentation_annotations/masks/validation/healthy/healthy%20%28283%29.jpg.png,,metadata/validation/healthy/healthy (283).jpg.json
0,train/healthy/healthy (284).jpg,validation,healthy,0.0,requires_human_review,unreviewed,none,../segmentation_annotations/masks/validation/healthy/healthy%20%28284%29.jpg.png,,metadata/validation/healthy/healthy (284).jpg.json
0,train/healthy/healthy (286).jpg,validation,healthy,0.0,requires_human_review,unreviewed,none,../segmentation_annotations/masks/validation/healthy/healthy%20%28286%29.jpg.png,,metadata/validation/healthy/healthy (286).jpg.json
0,train/healthy/healthy (287).jpg,train,healthy,0.0,requires_human_review,unreviewed,none,../segmentation_annotations/masks/train/healthy/healthy%20%28287%29.jpg.png,,metadata/train/healthy/healthy (287).jpg.json
0,train/healthy/healthy (289).jpg,train,healthy,0.0,requires_human_review,unreviewed,none,../segmentation_annotations/masks/train/healthy/healthy%20%28289%29.jpg.png,,metadata/train/healthy/healthy (289).jpg.json
0,train/healthy/healthy (292).jpg,train,healthy,0.0,requires_human_review,unreviewed,none,../segmentation_annotations/masks/train/healthy/healthy%20%28292%29.jpg.png,,metadata/train/healthy/healthy (292).jpg.json
0,train/healthy/healthy (299).jpg,train,healthy,0.0,requires_human_review,unreviewed,none,../segmentation_annotations/masks/train/healthy/healthy%20%28299%29.jpg.png,,metadata/train/healthy/healthy (299).jpg.json
0,train/healthy/healthy (3).jpg,train,healthy,0.0,requires_human_review,unreviewed,none,../segmentation_annotations/masks/train/healthy/healthy%20%283%29.jpg.png,,metadata/train/healthy/healthy (3).jpg.json
0,train/healthy/healthy (30).jpg,validation,healthy,0.0,requires_human_review,unreviewed,none,../segmentation_annotations/masks/validation/healthy/healthy%20%2830%29.jpg.png,,metadata/validation/healthy/healthy (30).jpg.json
0,train/healthy/healthy (310).jpg,train,healthy,0.0,requires_human_review,unreviewed,none,../segmentation_annotations/masks/train/healthy/healthy%20%28310%29.jpg.png,,metadata/train/healthy/healthy (310).jpg.json
0,train/healthy/healthy (319).jpg,train,healthy,0.0,requires_human_review,unreviewed,none,../segmentation_annotations/masks/train/healthy/healthy%20%28319%29.jpg.png,,metadata/train/healthy/healthy (319).jpg.json
0,train/healthy/healthy (325).jpg,train,healthy,0.0,requires_human_review,unreviewed,none,../segmentation_annotations/masks/train/healthy/healthy%20%28325%29.jpg.png,,metadata/train/healthy/healthy (325).jpg.json
0,train/healthy/healthy (331).jpg,train,healthy,0.0,requires_human_review;multiple_leaf_components,unreviewed,none,../segmentation_annotations/masks/train/healthy/healthy%20%28331%29.jpg.png,,metadata/train/healthy/healthy (331).jpg.json
0,train/healthy/healthy (347).jpg,train,healthy,0.0,requires_human_review,unreviewed,none,../segmentation_annotations/masks/train/healthy/healthy%20%28347%29.jpg.png,,metadata/train/healthy/healthy (347).jpg.json
0,train/healthy/healthy (349).jpg,validation,healthy,0.0,requires_human_review,unreviewed,none,../segmentation_annotations/masks/validation/healthy/healthy%20%28349%29.jpg.png,,metadata/validation/healthy/healthy (349).jpg.json
0,train/healthy/healthy (38).jpg,train,healthy,0.0,requires_human_review,unreviewed,none,../segmentation_annotations/masks/train/healthy/healthy%20%2838%29.jpg.png,,metadata/train/healthy/healthy (38).jpg.json
0,train/healthy/healthy (4).jpg,train,healthy,0.0,requires_human_review,unreviewed,none,../segmentation_annotations/masks/train/healthy/healthy%20%284%29.jpg.png,,metadata/train/healthy/healthy (4).jpg.json
0,train/healthy/healthy (47).jpg,train,healthy,0.0,requires_human_review,unreviewed,none,../segmentation_annotations/masks/train/healthy/healthy%20%2847%29.jpg.png,,metadata/train/healthy/healthy (47).jpg.json
0,train/healthy/healthy (48).jpg,train,healthy,0.0,requires_human_review,unreviewed,none,../segmentation_annotations/masks/train/healthy/healthy%20%2848%29.jpg.png,,metadata/train/healthy/healthy (48).jpg.json
0,train/healthy/healthy (52).jpg,train,healthy,0.0,requires_human_review,unreviewed,none,../segmentation_annotations/masks/train/healthy/healthy%20%2852%29.jpg.png,,metadata/train/healthy/healthy (52).jpg.json
0,train/healthy/healthy (56).jpg,train,healthy,0.0,requires_human_review,unreviewed,none,../segmentation_annotations/masks/train/healthy/healthy%20%2856%29.jpg.png,,metadata/train/healthy/healthy (56).jpg.json
0,train/healthy/healthy (59).jpg,train,healthy,0.0,requires_human_review,unreviewed,none,../segmentation_annotations/masks/train/healthy/healthy%20%2859%29.jpg.png,,metadata/train/healthy/healthy (59).jpg.json
0,train/healthy/healthy (60).jpg,validation,healthy,0.0,requires_human_review,unreviewed,none,../segmentation_annotations/masks/validation/healthy/healthy%20%2860%29.jpg.png,,metadata/validation/healthy/healthy (60).jpg.json
0,train/healthy/healthy (64).jpg,train,healthy,0.0,requires_human_review,unreviewed,none,../segmentation_annotations/masks/train/healthy/healthy%20%2864%29.jpg.png,,metadata/train/healthy/healthy (64).jpg.json
0,train/healthy/healthy (65).jpg,validation,healthy,0.0,requires_human_review,unreviewed,none,../segmentation_annotations/masks/validation/healthy/healthy%20%2865%29.jpg.png,,metadata/validation/healthy/healthy (65).jpg.json
0,train/healthy/healthy (66).jpg,train,healthy,0.0,requires_human_review,unreviewed,none,../segmentation_annotations/masks/train/healthy/healthy%20%2866%29.jpg.png,,metadata/train/healthy/healthy (66).jpg.json
0,train/healthy/healthy (67).jpg,train,healthy,0.0,requires_human_review,unreviewed,none,../segmentation_annotations/masks/train/healthy/healthy%20%2867%29.jpg.png,,metadata/train/healthy/healthy (67).jpg.json
0,train/healthy/healthy (68).jpg,train,healthy,0.0,requires_human_review,unreviewed,none,../segmentation_annotations/masks/train/healthy/healthy%20%2868%29.jpg.png,,metadata/train/healthy/healthy (68).jpg.json
0,train/healthy/healthy (69).jpg,train,healthy,0.0,requires_human_review,unreviewed,none,../segmentation_annotations/masks/train/healthy/healthy%20%2869%29.jpg.png,,metadata/train/healthy/healthy (69).jpg.json
0,train/healthy/healthy (70).jpg,validation,healthy,0.0,requires_human_review,unreviewed,none,../segmentation_annotations/masks/validation/healthy/healthy%20%2870%29.jpg.png,,metadata/validation/healthy/healthy (70).jpg.json
0,train/healthy/healthy (71).jpg,train,healthy,0.0,requires_human_review,unreviewed,none,../segmentation_annotations/masks/train/healthy/healthy%20%2871%29.jpg.png,,metadata/train/healthy/healthy (71).jpg.json
0,train/healthy/healthy (72).jpg,train,healthy,0.0,requires_human_review,unreviewed,none,../segmentation_annotations/masks/train/healthy/healthy%20%2872%29.jpg.png,,metadata/train/healthy/healthy (72).jpg.json
0,train/healthy/healthy (73).jpg,train,healthy,0.0,requires_human_review,unreviewed,none,../segmentation_annotations/masks/train/healthy/healthy%20%2873%29.jpg.png,,metadata/train/healthy/healthy (73).jpg.json
0,train/healthy/healthy (74).jpg,validation,healthy,0.0,requires_human_review,unreviewed,none,../segmentation_annotations/masks/validation/healthy/healthy%20%2874%29.jpg.png,,metadata/validation/healthy/healthy (74).jpg.json
0,train/healthy/healthy (75).jpg,validation,healthy,0.0,requires_human_review,unreviewed,none,../segmentation_annotations/masks/validation/healthy/healthy%20%2875%29.jpg.png,,metadata/validation/healthy/healthy (75).jpg.json
0,train/healthy/healthy (79).jpg,train,healthy,0.0,requires_human_review,unreviewed,none,../segmentation_annotations/masks/train/healthy/healthy%20%2879%29.jpg.png,,metadata/train/healthy/healthy (79).jpg.json
0,train/healthy/healthy (80).jpg,train,healthy,0.0,requires_human_review,unreviewed,none,../segmentation_annotations/masks/train/healthy/healthy%20%2880%29.jpg.png,,metadata/train/healthy/healthy (80).jpg.json
0,train/healthy/healthy (81).jpg,train,healthy,0.0,requires_human_review,unreviewed,none,../segmentation_annotations/masks/train/healthy/healthy%20%2881%29.jpg.png,,metadata/train/healthy/healthy (81).jpg.json
0,train/healthy/healthy (82).jpg,train,healthy,0.0,requires_human_review,unreviewed,none,../segmentation_annotations/masks/train/healthy/healthy%20%2882%29.jpg.png,,metadata/train/healthy/healthy (82).jpg.json
0,train/healthy/healthy (83).jpg,validation,healthy,0.0,requires_human_review,unreviewed,none,../segmentation_annotations/masks/validation/healthy/healthy%20%2883%29.jpg.png,,metadata/validation/healthy/healthy (83).jpg.json
0,train/healthy/healthy (87).jpg,train,healthy,0.0,requires_human_review,unreviewed,none,../segmentation_annotations/masks/train/healthy/healthy%20%2887%29.jpg.png,,metadata/train/healthy/healthy (87).jpg.json
0,train/healthy/healthy (9).jpg,train,healthy,0.0,requires_human_review,unreviewed,none,../segmentation_annotations/masks/train/healthy/healthy%20%289%29.jpg.png,,metadata/train/healthy/healthy (9).jpg.json
0,train/healthy/healthy (97).jpg,train,healthy,0.0,requires_human_review,unreviewed,none,../segmentation_annotations/masks/train/healthy/healthy%20%2897%29.jpg.png,,metadata/train/healthy/healthy (97).jpg.json
0,train/healthy/healthy (98).jpg,train,healthy,0.0,requires_human_review,unreviewed,none,../segmentation_annotations/masks/train/healthy/healthy%20%2898%29.jpg.png,,metadata/train/healthy/healthy (98).jpg.json
0,train/leaf_blast/leaf_blast (1).jpg,train,leaf_blast,0.4545062278859707,requires_human_review,reviewed,ai_visual,../segmentation_annotations/masks/train/leaf_blast/leaf_blast%20%281%29.jpg.png,../boundary_review_20261010/index.html,metadata/train/leaf_blast/leaf_blast (1).jpg.json
0,train/leaf_blast/leaf_blast (101).jpg,train,leaf_blast,2.109181141439206,requires_human_review,unreviewed,none,../segmentation_annotations/masks/train/leaf_blast/leaf_blast%20%28101%29.jpg.png,,metadata/train/leaf_blast/leaf_blast (101).jpg.json
0,train/leaf_blast/leaf_blast (102).jpg,train,leaf_blast,2.034921459171751,requires_human_review,unreviewed,none,../segmentation_annotations/masks/train/leaf_blast/leaf_blast%20%28102%29.jpg.png,,metadata/train/leaf_blast/leaf_blast (102).jpg.json
0,train/leaf_blast/leaf_blast (103).jpg,train,leaf_blast,1.9404886482551527,requires_human_review,unreviewed,none,../segmentation_annotations/masks/train/leaf_blast/leaf_blast%20%28103%29.jpg.png,,metadata/train/leaf_blast/leaf_blast (103).jpg.json
0,train/leaf_blast/leaf_blast (104).jpg,validation,leaf_blast,9.688550302487116,requires_human_review,reviewed,ai_visual,../segmentation_annotations/masks/validation/leaf_blast/leaf_blast%20%28104%29.jpg.png,../boundary_review_20261010/index.html,metadata/validation/leaf_blast/leaf_blast (104).jpg.json
0,train/leaf_blast/leaf_blast (105).jpg,train,leaf_blast,14.76217406834147,requires_human_review,unreviewed,none,../segmentation_annotations/masks/train/leaf_blast/leaf_blast%20%28105%29.jpg.png,,metadata/train/leaf_blast/leaf_blast (105).jpg.json
0,train/leaf_blast/leaf_blast (107).jpg,train,leaf_blast,19.17341145704024,requires_human_review,unreviewed,none,../segmentation_annotations/masks/train/leaf_blast/leaf_blast%20%28107%29.jpg.png,,metadata/train/leaf_blast/leaf_blast (107).jpg.json
0,train/leaf_blast/leaf_blast (108).jpg,train,leaf_blast,0.24141879971524963,requires_human_review,unreviewed,none,../segmentation_annotations/masks/train/leaf_blast/leaf_blast%20%28108%29.jpg.png,,metadata/train/leaf_blast/leaf_blast (108).jpg.json
0,train/leaf_blast/leaf_blast (109).jpg,train,leaf_blast,0.1843107387661843,requires_human_review,unreviewed,none,../segmentation_annotations/masks/train/leaf_blast/leaf_blast%20%28109%29.jpg.png,,metadata/train/leaf_blast/leaf_blast (109).jpg.json
0,train/leaf_blast/leaf_blast (11).jpg,train,leaf_blast,0.4551823935083847,requires_human_review,unreviewed,none,../segmentation_annotations/masks/train/leaf_blast/leaf_blast%20%2811%29.jpg.png,,metadata/train/leaf_blast/leaf_blast (11).jpg.json
0,train/leaf_blast/leaf_blast (110).jpg,train,leaf_blast,1.3992867011534877,requires_human_review,unreviewed,none,../segmentation_annotations/masks/train/leaf_blast/leaf_blast%20%28110%29.jpg.png,,metadata/train/leaf_blast/leaf_blast (110).jpg.json
0,train/leaf_blast/leaf_blast (113).jpg,train,leaf_blast,0.48013901167576134,requires_human_review,unreviewed,none,../segmentation_annotations/masks/train/leaf_blast/leaf_blast%20%28113%29.jpg.png,,metadata/train/leaf_blast/leaf_blast (113).jpg.json
0,train/leaf_blast/leaf_blast (114).jpg,train,leaf_blast,4.133325788014261,requires_human_review,unreviewed,none,../segmentation_annotations/masks/train/leaf_blast/leaf_blast%20%28114%29.jpg.png,,metadata/train/leaf_blast/leaf_blast (114).jpg.json
0,train/leaf_blast/leaf_blast (115).jpg,train,leaf_blast,1.1352592985246046,requires_human_review,unreviewed,none,../segmentation_annotations/masks/train/leaf_blast/leaf_blast%20%28115%29.jpg.png,,metadata/train/leaf_blast/leaf_blast (115).jpg.json
0,train/leaf_blast/leaf_blast (116).jpg,train,leaf_blast,0.2610425602870318,requires_human_review,unreviewed,none,../segmentation_annotations/masks/train/leaf_blast/leaf_blast%20%28116%29.jpg.png,,metadata/train/leaf_blast/leaf_blast (116).jpg.json
0,train/leaf_blast/leaf_blast (117).jpg,validation,leaf_blast,0.6094314774860601,requires_human_review,unreviewed,none,../segmentation_annotations/masks/validation/leaf_blast/leaf_blast%20%28117%29.jpg.png,,metadata/validation/leaf_blast/leaf_blast (117).jpg.json
0,train/leaf_blast/leaf_blast (119).jpg,train,leaf_blast,19.03899739332537,requires_human_review,unreviewed,none,../segmentation_annotations/masks/train/leaf_blast/leaf_blast%20%28119%29.jpg.png,,metadata/train/leaf_blast/leaf_blast (119).jpg.json
0,train/leaf_blast/leaf_blast (122).jpg,train,leaf_blast,14.709499680228268,requires_human_review,unreviewed,none,../segmentation_annotations/masks/train/leaf_blast/leaf_blast%20%28122%29.jpg.png,,metadata/train/leaf_blast/leaf_blast (122).jpg.json
0,train/leaf_blast/leaf_blast (123).jpg,train,leaf_blast,19.635803708910757,requires_human_review,unreviewed,none,../segmentation_annotations/masks/train/leaf_blast/leaf_blast%20%28123%29.jpg.png,,metadata/train/leaf_blast/leaf_blast (123).jpg.json
0,train/leaf_blast/leaf_blast (124).jpg,train,leaf_blast,19.761919259574988,requires_human_review,unreviewed,none,../segmentation_annotations/masks/train/leaf_blast/leaf_blast%20%28124%29.jpg.png,,metadata/train/leaf_blast/leaf_blast (124).jpg.json
0,train/leaf_blast/leaf_blast (126).jpg,train,leaf_blast,25.282697888521966,requires_human_review,unreviewed,none,../segmentation_annotations/masks/train/leaf_blast/leaf_blast%20%28126%29.jpg.png,,metadata/train/leaf_blast/leaf_blast (126).jpg.json
0,train/leaf_blast/leaf_blast (127).jpg,train,leaf_blast,25.310482703841572,requires_human_review,unreviewed,none,../segmentation_annotations/masks/train/leaf_blast/leaf_blast%20%28127%29.jpg.png,,metadata/train/leaf_blast/leaf_blast (127).jpg.json
0,train/leaf_blast/leaf_blast (129).jpg,train,leaf_blast,14.838391315075253,requires_human_review;multiple_leaf_components,unreviewed,none,../segmentation_annotations/masks/train/leaf_blast/leaf_blast%20%28129%29.jpg.png,,metadata/train/leaf_blast/leaf_blast (129).jpg.json
0,train/leaf_blast/leaf_blast (13).jpg,train,leaf_blast,20.03285244965005,requires_human_review,unreviewed,none,../segmentation_annotations/masks/train/leaf_blast/leaf_blast%20%2813%29.jpg.png,,metadata/train/leaf_blast/leaf_blast (13).jpg.json
0,train/leaf_blast/leaf_blast (130).jpg,train,leaf_blast,25.306303002788013,requires_human_review,unreviewed,none,../segmentation_annotations/masks/train/leaf_blast/leaf_blast%20%28130%29.jpg.png,,metadata/train/leaf_blast/leaf_blast (130).jpg.json
0,train/leaf_blast/leaf_blast (131).jpg,validation,leaf_blast,20.012141556261827,requires_human_review,unreviewed,none,../segmentation_annotations/masks/validation/leaf_blast/leaf_blast%20%28131%29.jpg.png,,metadata/validation/leaf_blast/leaf_blast (131).jpg.json
0,train/leaf_blast/leaf_blast (132).jpg,validation,leaf_blast,19.990669776741086,requires_human_review,unreviewed,none,../segmentation_annotations/masks/validation/leaf_blast/leaf_blast%20%28132%29.jpg.png,,metadata/validation/leaf_blast/leaf_blast (132).jpg.json
0,train/leaf_blast/leaf_blast (134).jpg,train,leaf_blast,14.717542120911794,requires_human_review;multiple_leaf_components,reviewed,ai_visual,../segmentation_annotations/masks/train/leaf_blast/leaf_blast%20%28134%29.jpg.png,../boundary_review_20261010/index.html,metadata/train/leaf_blast/leaf_blast (134).jpg.json
0,train/leaf_blast/leaf_blast (137).jpg,train,leaf_blast,19.117330462863293,requires_human_review,unreviewed,none,../segmentation_annotations/masks/train/leaf_blast/leaf_blast%20%28137%29.jpg.png,,metadata/train/leaf_blast/leaf_blast (137).jpg.json
0,train/leaf_blast/leaf_blast (138).jpg,validation,leaf_blast,14.831082913074129,requires_human_review,unreviewed,none,../segmentation_annotations/masks/validation/leaf_blast/leaf_blast%20%28138%29.jpg.png,,metadata/validation/leaf_blast/leaf_blast (138).jpg.json
0,train/leaf_blast/leaf_blast (139).jpg,train,leaf_blast,14.750771728302444,requires_human_review,unreviewed,none,../segmentation_annotations/masks/train/leaf_blast/leaf_blast%20%28139%29.jpg.png,,metadata/train/leaf_blast/leaf_blast (139).jpg.json
0,train/leaf_blast/leaf_blast (141).jpg,train,leaf_blast,19.149673617930794,requires_human_review,unreviewed,none,../segmentation_annotations/masks/train/leaf_blast/leaf_blast%20%28141%29.jpg.png,,metadata/train/leaf_blast/leaf_blast (141).jpg.json
0,train/leaf_blast/leaf_blast (142).jpg,train,leaf_blast,25.274876477578335,requires_human_review,unreviewed,none,../segmentation_annotations/masks/train/leaf_blast/leaf_blast%20%28142%29.jpg.png,,metadata/train/leaf_blast/leaf_blast (142).jpg.json
0,train/leaf_blast/leaf_blast (144).jpg,train,leaf_blast,14.271891630382196,requires_human_review;multiple_leaf_components,unreviewed,none,../segmentation_annotations/masks/train/leaf_blast/leaf_blast%20%28144%29.jpg.png,,metadata/train/leaf_blast/leaf_blast (144).jpg.json
0,train/leaf_blast/leaf_blast (145).jpg,train,leaf_blast,25.52963635517065,requires_human_review,unreviewed,none,../segmentation_annotations/masks/train/leaf_blast/leaf_blast%20%28145%29.jpg.png,,metadata/train/leaf_blast/leaf_blast (145).jpg.json
0,train/leaf_blast/leaf_blast (148).jpg,train,leaf_blast,14.717542120911794,requires_human_review;multiple_leaf_components,unreviewed,none,../segmentation_annotations/masks/train/leaf_blast/leaf_blast%20%28148%29.jpg.png,,metadata/train/leaf_blast/leaf_blast (148).jpg.json
0,train/leaf_blast/leaf_blast (15).jpg,validation,leaf_blast,3.013986271596449,requires_human_review,unreviewed,none,../segmentation_annotations/masks/validation/leaf_blast/leaf_blast%20%2815%29.jpg.png,,metadata/validation/leaf_blast/leaf_blast (15).jpg.json
0,train/leaf_blast/leaf_blast (151).jpg,train,leaf_blast,14.741555342337687,requires_human_review,unreviewed,none,../segmentation_annotations/masks/train/leaf_blast/leaf_blast%20%28151%29.jpg.png,,metadata/train/leaf_blast/leaf_blast (151).jpg.json
0,train/leaf_blast/leaf_blast (152).jpg,train,leaf_blast,19.456710825638968,requires_human_review,unreviewed,none,../segmentation_annotations/masks/train/leaf_blast/leaf_blast%20%28152%29.jpg.png,,metadata/train/leaf_blast/leaf_blast (152).jpg.json
0,train/leaf_blast/leaf_blast (153).jpg,train,leaf_blast,25.510803414103798,requires_human_review,unreviewed,none,../segmentation_annotations/masks/train/leaf_blast/leaf_blast%20%28153%29.jpg.png,,metadata/train/leaf_blast/leaf_blast (153).jpg.json
0,train/leaf_blast/leaf_blast (154).jpg,train,leaf_blast,3.2563384819864267,requires_human_review,unreviewed,none,../segmentation_annotations/masks/train/leaf_blast/leaf_blast%20%28154%29.jpg.png,,metadata/train/leaf_blast/leaf_blast (154).jpg.json
0,train/leaf_blast/leaf_blast (155).jpg,train,leaf_blast,14.067217133273125,requires_human_review,unreviewed,none,../segmentation_annotations/masks/train/leaf_blast/leaf_blast%20%28155%29.jpg.png,,metadata/train/leaf_blast/leaf_blast (155).jpg.json
0,train/leaf_blast/leaf_blast (156).jpg,train,leaf_blast,4.155271283634759,requires_human_review,unreviewed,none,../segmentation_annotations/masks/train/leaf_blast/leaf_blast%20%28156%29.jpg.png,,metadata/train/leaf_blast/leaf_blast (156).jpg.json
0,train/leaf_blast/leaf_blast (157).jpg,validation,leaf_blast,1.8142235123367199,requires_human_review,unreviewed,none,../segmentation_annotations/masks/validation/leaf_blast/leaf_blast%20%28157%29.jpg.png,,metadata/validation/leaf_blast/leaf_blast (157).jpg.json
0,train/leaf_blast/leaf_blast (158).jpg,validation,leaf_blast,30.58620310924286,requires_human_review,unreviewed,none,../segmentation_annotations/masks/validation/leaf_blast/leaf_blast%20%28158%29.jpg.png,,metadata/validation/leaf_blast/leaf_blast (158).jpg.json
0,train/leaf_blast/leaf_blast (159).jpg,validation,leaf_blast,31.712625431873523,requires_human_review,unreviewed,none,../segmentation_annotations/masks/validation/leaf_blast/leaf_blast%20%28159%29.jpg.png,,metadata/validation/leaf_blast/leaf_blast (159).jpg.json
0,train/leaf_blast/leaf_blast (16).jpg,validation,leaf_blast,1.3721450361499372,requires_human_review,unreviewed,none,../segmentation_annotations/masks/validation/leaf_blast/leaf_blast%20%2816%29.jpg.png,,metadata/validation/leaf_blast/leaf_blast (16).jpg.json
0,train/leaf_blast/leaf_blast (162).jpg,validation,leaf_blast,1.3567323284174975,requires_human_review,unreviewed,none,../segmentation_annotations/masks/validation/leaf_blast/leaf_blast%20%28162%29.jpg.png,,metadata/validation/leaf_blast/leaf_blast (162).jpg.json
0,train/leaf_blast/leaf_blast (164).jpg,train,leaf_blast,0.529694138419378,requires_human_review,unreviewed,none,../segmentation_annotations/masks/train/leaf_blast/leaf_blast%20%28164%29.jpg.png,,metadata/train/leaf_blast/leaf_blast (164).jpg.json
0,train/leaf_blast/leaf_blast (166).jpg,train,leaf_blast,19.20900163300002,requires_human_review,unreviewed,none,../segmentation_annotations/masks/train/leaf_blast/leaf_blast%20%28166%29.jpg.png,,metadata/train/leaf_blast/leaf_blast (166).jpg.json
0,train/leaf_blast/leaf_blast (167).jpg,train,leaf_blast,9.70759589053684,requires_human_review,unreviewed,none,../segmentation_annotations/masks/train/leaf_blast/leaf_blast%20%28167%29.jpg.png,,metadata/train/leaf_blast/leaf_blast (167).jpg.json
0,train/leaf_blast/leaf_blast (168).jpg,train,leaf_blast,8.172313337127035,requires_human_review,unreviewed,none,../segmentation_annotations/masks/train/leaf_blast/leaf_blast%20%28168%29.jpg.png,,metadata/train/leaf_blast/leaf_blast (168).jpg.json
0,train/leaf_blast/leaf_blast (169).jpg,train,leaf_blast,0.4266767418833707,requires_human_review,unreviewed,none,../segmentation_annotations/masks/train/leaf_blast/leaf_blast%20%28169%29.jpg.png,,metadata/train/leaf_blast/leaf_blast (169).jpg.json
0,train/leaf_blast/leaf_blast (17).jpg,train,leaf_blast,1.2667727996361156,requires_human_review,unreviewed,none,../segmentation_annotations/masks/train/leaf_blast/leaf_blast%20%2817%29.jpg.png,,metadata/train/leaf_blast/leaf_blast (17).jpg.json
0,train/leaf_blast/leaf_blast (171).jpg,train,leaf_blast,0.32880120856660444,requires_human_review,unreviewed,none,../segmentation_annotations/masks/train/leaf_blast/leaf_blast%20%28171%29.jpg.png,,metadata/train/leaf_blast/leaf_blast (171).jpg.json
0,train/leaf_blast/leaf_blast (173).jpg,train,leaf_blast,4.3712012030829,requires_human_review,unreviewed,none,../segmentation_annotations/masks/train/leaf_blast/leaf_blast%20%28173%29.jpg.png,,metadata/train/leaf_blast/leaf_blast (173).jpg.json
0,train/leaf_blast/leaf_blast (174).jpg,train,leaf_blast,3.6217662801070474,requires_human_review,unreviewed,none,../segmentation_annotations/masks/train/leaf_blast/leaf_blast%20%28174%29.jpg.png,,metadata/train/leaf_blast/leaf_blast (174).jpg.json
0,train/leaf_blast/leaf_blast (176).jpg,train,leaf_blast,0.24779127061659026,requires_human_review,unreviewed,none,../segmentation_annotations/masks/train/leaf_blast/leaf_blast%20%28176%29.jpg.png,,metadata/train/leaf_blast/leaf_blast (176).jpg.json
0,train/leaf_blast/leaf_blast (177).jpg,validation,leaf_blast,1.024009707185695,requires_human_review,unreviewed,none,../segmentation_annotations/masks/validation/leaf_blast/leaf_blast%20%28177%29.jpg.png,,metadata/validation/leaf_blast/leaf_blast (177).jpg.json
0,train/leaf_blast/leaf_blast (178).jpg,train,leaf_blast,1.1216364240556962,requires_human_review,reviewed,ai_visual,../segmentation_annotations/masks/train/leaf_blast/leaf_blast%20%28178%29.jpg.png,../boundary_review_20261010/index.html,metadata/train/leaf_blast/leaf_blast (178).jpg.json
0,train/leaf_blast/leaf_blast (179).jpg,train,leaf_blast,33.2351477758981,requires_human_review,unreviewed,none,../segmentation_annotations/masks/train/leaf_blast/leaf_blast%20%28179%29.jpg.png,,metadata/train/leaf_blast/leaf_blast (179).jpg.json
0,train/leaf_blast/leaf_blast (182).jpg,validation,leaf_blast,0.4892152498177673,requires_human_review,unreviewed,none,../segmentation_annotations/masks/validation/leaf_blast/leaf_blast%20%28182%29.jpg.png,,metadata/validation/leaf_blast/leaf_blast (182).jpg.json
0,train/leaf_blast/leaf_blast (183).jpg,train,leaf_blast,0.40419421129515465,requires_human_review,unreviewed,none,../segmentation_annotations/masks/train/leaf_blast/leaf_blast%20%28183%29.jpg.png,,metadata/train/leaf_blast/leaf_blast (183).jpg.json
0,train/leaf_blast/leaf_blast (184).jpg,train,leaf_blast,0.41201412980972785,requires_human_review,unreviewed,none,../segmentation_annotations/masks/train/leaf_blast/leaf_blast%20%28184%29.jpg.png,,metadata/train/leaf_blast/leaf_blast (184).jpg.json
0,train/leaf_blast/leaf_blast (185).jpg,train,leaf_blast,1.261467889908257,requires_human_review,unreviewed,none,../segmentation_annotations/masks/train/leaf_blast/leaf_blast%20%28185%29.jpg.png,,metadata/train/leaf_blast/leaf_blast (185).jpg.json
0,train/leaf_blast/leaf_blast (186).jpg,train,leaf_blast,2.1495219000616905,requires_human_review,unreviewed,none,../segmentation_annotations/masks/train/leaf_blast/leaf_blast%20%28186%29.jpg.png,,metadata/train/leaf_blast/leaf_blast (186).jpg.json
0,train/leaf_blast/leaf_blast (188).jpg,validation,leaf_blast,2.882915670167412,requires_human_review,unreviewed,none,../segmentation_annotations/masks/validation/leaf_blast/leaf_blast%20%28188%29.jpg.png,,metadata/validation/leaf_blast/leaf_blast (188).jpg.json
0,train/leaf_blast/leaf_blast (189).jpg,validation,leaf_blast,3.279442540763057,requires_human_review,unreviewed,none,../segmentation_annotations/masks/validation/leaf_blast/leaf_blast%20%28189%29.jpg.png,,metadata/validation/leaf_blast/leaf_blast (189).jpg.json
0,train/leaf_blast/leaf_blast (19).jpg,train,leaf_blast,14.613673139158577,requires_human_review,unreviewed,none,../segmentation_annotations/masks/train/leaf_blast/leaf_blast%20%2819%29.jpg.png,,metadata/train/leaf_blast/leaf_blast (19).jpg.json
0,train/leaf_blast/leaf_blast (191).jpg,train,leaf_blast,8.608833641893678,requires_human_review,unreviewed,none,../segmentation_annotations/masks/train/leaf_blast/leaf_blast%20%28191%29.jpg.png,,metadata/train/leaf_blast/leaf_blast (191).jpg.json
0,train/leaf_blast/leaf_blast (192).jpg,train,leaf_blast,15.466761591172022,requires_human_review;multiple_leaf_components,unreviewed,none,../segmentation_annotations/masks/train/leaf_blast/leaf_blast%20%28192%29.jpg.png,,metadata/train/leaf_blast/leaf_blast (192).jpg.json
0,train/leaf_blast/leaf_blast (194).jpg,train,leaf_blast,15.204938271604938,requires_human_review;multiple_leaf_components,unreviewed,none,../segmentation_annotations/masks/train/leaf_blast/leaf_blast%20%28194%29.jpg.png,,metadata/train/leaf_blast/leaf_blast (194).jpg.json
0,train/leaf_blast/leaf_blast (196).jpg,validation,leaf_blast,2.7014985087655488,requires_human_review,unreviewed,none,../segmentation_annotations/masks/validation/leaf_blast/leaf_blast%20%28196%29.jpg.png,,metadata/validation/leaf_blast/leaf_blast (196).jpg.json
0,train/leaf_blast/leaf_blast (198).jpg,validation,leaf_blast,14.750006148397727,requires_human_review,unreviewed,none,../segmentation_annotations/masks/validation/leaf_blast/leaf_blast%20%28198%29.jpg.png,,metadata/validation/leaf_blast/leaf_blast (198).jpg.json
0,train/leaf_blast/leaf_blast (199).jpg,train,leaf_blast,19.571524213345235,requires_human_review,unreviewed,none,../segmentation_annotations/masks/train/leaf_blast/leaf_blast%20%28199%29.jpg.png,,metadata/train/leaf_blast/leaf_blast (199).jpg.json
0,train/leaf_blast/leaf_blast (2).jpg,validation,leaf_blast,0.5890376054796984,requires_human_review,unreviewed,none,../segmentation_annotations/masks/validation/leaf_blast/leaf_blast%20%282%29.jpg.png,,metadata/validation/leaf_blast/leaf_blast (2).jpg.json
0,train/leaf_blast/leaf_blast (20).jpg,train,leaf_blast,4.580340450654334,requires_human_review,unreviewed,none,../segmentation_annotations/masks/train/leaf_blast/leaf_blast%20%2820%29.jpg.png,,metadata/train/leaf_blast/leaf_blast (20).jpg.json
0,train/leaf_blast/leaf_blast (200).jpg,train,leaf_blast,19.11555196180355,requires_human_review,unreviewed,none,../segmentation_annotations/masks/train/leaf_blast/leaf_blast%20%28200%29.jpg.png,,metadata/train/leaf_blast/leaf_blast (200).jpg.json
0,train/leaf_blast/leaf_blast (201).jpg,train,leaf_blast,14.34854315557999,requires_human_review;multiple_leaf_components,unreviewed,none,../segmentation_annotations/masks/train/leaf_blast/leaf_blast%20%28201%29.jpg.png,,metadata/train/leaf_blast/leaf_blast (201).jpg.json
0,train/leaf_blast/leaf_blast (202).jpg,train,leaf_blast,19.07237669773293,requires_human_review,unreviewed,none,../segmentation_annotations/masks/train/leaf_blast/leaf_blast%20%28202%29.jpg.png,,metadata/train/leaf_blast/leaf_blast (202).jpg.json
0,train/leaf_blast/leaf_blast (203).jpg,train,leaf_blast,14.713732242789497,requires_human_review,unreviewed,none,../segmentation_annotations/masks/train/leaf_blast/leaf_blast%20%28203%29.jpg.png,,metadata/train/leaf_blast/leaf_blast (203).jpg.json
0,train/leaf_blast/leaf_blast (206).jpg,train,leaf_blast,19.162944709687356,requires_human_review,unreviewed,none,../segmentation_annotations/masks/train/leaf_blast/leaf_blast%20%28206%29.jpg.png,,metadata/train/leaf_blast/leaf_blast (206).jpg.json
0,train/leaf_blast/leaf_blast (208).jpg,validation,leaf_blast,14.713732242789497,requires_human_review,unreviewed,none,../segmentation_annotations/masks/validation/leaf_blast/leaf_blast%20%28208%29.jpg.png,,metadata/validation/leaf_blast/leaf_blast (208).jpg.json
0,train/leaf_blast/leaf_blast (209).jpg,train,leaf_blast,19.62508368667708,requires_human_review,unreviewed,none,../segmentation_annotations/masks/train/leaf_blast/leaf_blast%20%28209%29.jpg.png,,metadata/train/leaf_blast/leaf_blast (209).jpg.json
0,train/leaf_blast/leaf_blast (210).jpg,train,leaf_blast,19.753105211885046,requires_human_review,unreviewed,none,../segmentation_annotations/masks/train/leaf_blast/leaf_blast%20%28210%29.jpg.png,,metadata/train/leaf_blast/leaf_blast (210).jpg.json
0,train/leaf_blast/leaf_blast (211).jpg,train,leaf_blast,25.349241486261707,requires_human_review,unreviewed,none,../segmentation_annotations/masks/train/leaf_blast/leaf_blast%20%28211%29.jpg.png,,metadata/train/leaf_blast/leaf_blast (211).jpg.json
0,train/leaf_blast/leaf_blast (212).jpg,train,leaf_blast,15.466761591172022,requires_human_review;multiple_leaf_components,unreviewed,none,../segmentation_annotations/masks/train/leaf_blast/leaf_blast%20%28212%29.jpg.png,,metadata/train/leaf_blast/leaf_blast (212).jpg.json
0,train/leaf_blast/leaf_blast (214).jpg,train,leaf_blast,15.204938271604938,requires_human_review;multiple_leaf_components,unreviewed,none,../segmentation_annotations/masks/train/leaf_blast/leaf_blast%20%28214%29.jpg.png,,metadata/train/leaf_blast/leaf_blast (214).jpg.json
0,train/leaf_blast/leaf_blast (216).jpg,validation,leaf_blast,20.04404499732159,requires_human_review,unreviewed,none,../segmentation_annotations/masks/validation/leaf_blast/leaf_blast%20%28216%29.jpg.png,,metadata/validation/leaf_blast/leaf_blast (216).jpg.json
0,train/leaf_blast/leaf_blast (217).jpg,train,leaf_blast,0.20257898632591842,requires_human_review,unreviewed,none,../segmentation_annotations/masks/train/leaf_blast/leaf_blast%20%28217%29.jpg.png,,metadata/train/leaf_blast/leaf_blast (217).jpg.json
0,train/leaf_blast/leaf_blast (218).jpg,train,leaf_blast,19.06400020537571,requires_human_review,unreviewed,none,../segmentation_annotations/masks/train/leaf_blast/leaf_blast%20%28218%29.jpg.png,,metadata/train/leaf_blast/leaf_blast (218).jpg.json
0,train/leaf_blast/leaf_blast (22).jpg,train,leaf_blast,0.060643733228217526,requires_human_review,unreviewed,none,../segmentation_annotations/masks/train/leaf_blast/leaf_blast%20%2822%29.jpg.png,,metadata/train/leaf_blast/leaf_blast (22).jpg.json
0,train/leaf_blast/leaf_blast (222).jpg,train,leaf_blast,19.571524213345235,requires_human_review,unreviewed,none,../segmentation_annotations/masks/train/leaf_blast/leaf_blast%20%28222%29.jpg.png,,metadata/train/leaf_blast/leaf_blast (222).jpg.json
0,train/leaf_blast/leaf_blast (224).jpg,validation,leaf_blast,11.132716049382717,requires_human_review,unreviewed,none,../segmentation_annotations/masks/validation/leaf_blast/leaf_blast%20%28224%29.jpg.png,,metadata/validation/leaf_blast/leaf_blast (224).jpg.json
0,train/leaf_blast/leaf_blast (225).jpg,train,leaf_blast,12.33997377131081,requires_human_review,reviewed,ai_visual,../segmentation_annotations/masks/train/leaf_blast/leaf_blast%20%28225%29.jpg.png,../boundary_review_20261010/index.html,metadata/train/leaf_blast/leaf_blast (225).jpg.json
0,train/leaf_blast/leaf_blast (226).jpg,train,leaf_blast,13.818400080029344,requires_human_review,unreviewed,none,../segmentation_annotations/masks/train/leaf_blast/leaf_blast%20%28226%29.jpg.png,,metadata/train/leaf_blast/leaf_blast (226).jpg.json
0,train/leaf_blast/leaf_blast (227).jpg,validation,leaf_blast,10.891628635651522,requires_human_review,unreviewed,none,../segmentation_annotations/masks/validation/leaf_blast/leaf_blast%20%28227%29.jpg.png,,metadata/validation/leaf_blast/leaf_blast (227).jpg.json
0,train/leaf_blast/leaf_blast (228).jpg,train,leaf_blast,3.0242726610236,requires_human_review,unreviewed,none,../segmentation_annotations/masks/train/leaf_blast/leaf_blast%20%28228%29.jpg.png,,metadata/train/leaf_blast/leaf_blast (228).jpg.json
0,train/leaf_blast/leaf_blast (229).jpg,train,leaf_blast,1.2313597296701682,requires_human_review,unreviewed,none,../segmentation_annotations/masks/train/leaf_blast/leaf_blast%20%28229%29.jpg.png,,metadata/train/leaf_blast/leaf_blast (229).jpg.json
0,train/leaf_blast/leaf_blast (230).jpg,train,leaf_blast,1.9070200448026067,requires_human_review,unreviewed,none,../segmentation_annotations/masks/train/leaf_blast/leaf_blast%20%28230%29.jpg.png,,metadata/train/leaf_blast/leaf_blast (230).jpg.json
0,train/leaf_blast/leaf_blast (231).jpg,train,leaf_blast,1.8488303613666863,requires_human_review,unreviewed,none,../segmentation_annotations/masks/train/leaf_blast/leaf_blast%20%28231%29.jpg.png,,metadata/train/leaf_blast/leaf_blast (231).jpg.json
0,train/leaf_blast/leaf_blast (232).jpg,train,leaf_blast,1.2349399653422284,requires_human_review,unreviewed,none,../segmentation_annotations/masks/train/leaf_blast/leaf_blast%20%28232%29.jpg.png,,metadata/train/leaf_blast/leaf_blast (232).jpg.json
0,train/leaf_blast/leaf_blast (233).jpg,validation,leaf_blast,3.1465077830774186,requires_human_review,unreviewed,none,../segmentation_annotations/masks/validation/leaf_blast/leaf_blast%20%28233%29.jpg.png,,metadata/validation/leaf_blast/leaf_blast (233).jpg.json
0,train/leaf_blast/leaf_blast (235).jpg,train,leaf_blast,1.3353082926182211,requires_human_review,unreviewed,none,../segmentation_annotations/masks/train/leaf_blast/leaf_blast%20%28235%29.jpg.png,,metadata/train/leaf_blast/leaf_blast (235).jpg.json
0,train/leaf_blast/leaf_blast (236).jpg,train,leaf_blast,1.3102554581347237,requires_human_review,unreviewed,none,../segmentation_annotations/masks/train/leaf_blast/leaf_blast%20%28236%29.jpg.png,,metadata/train/leaf_blast/leaf_blast (236).jpg.json
0,train/leaf_blast/leaf_blast (237).jpg,train,leaf_blast,0.8813445444575088,requires_human_review,unreviewed,none,../segmentation_annotations/masks/train/leaf_blast/leaf_blast%20%28237%29.jpg.png,,metadata/train/leaf_blast/leaf_blast (237).jpg.json
0,train/leaf_blast/leaf_blast (238).jpg,train,leaf_blast,1.7923420249001645,requires_human_review,unreviewed,none,../segmentation_annotations/masks/train/leaf_blast/leaf_blast%20%28238%29.jpg.png,,metadata/train/leaf_blast/leaf_blast (238).jpg.json
0,train/leaf_blast/leaf_blast (24).jpg,train,leaf_blast,9.742831154273743,requires_human_review,unreviewed,none,../segmentation_annotations/masks/train/leaf_blast/leaf_blast%20%2824%29.jpg.png,,metadata/train/leaf_blast/leaf_blast (24).jpg.json
0,train/leaf_blast/leaf_blast (240).jpg,validation,leaf_blast,4.795881752187474,requires_human_review,unreviewed,none,../segmentation_annotations/masks/validation/leaf_blast/leaf_blast%20%28240%29.jpg.png,,metadata/validation/leaf_blast/leaf_blast (240).jpg.json
0,train/leaf_blast/leaf_blast (241).jpg,train,leaf_blast,7.779524807826695,requires_human_review,unreviewed,none,../segmentation_annotations/masks/train/leaf_blast/leaf_blast%20%28241%29.jpg.png,,metadata/train/leaf_blast/leaf_blast (241).jpg.json
0,train/leaf_blast/leaf_blast (242).jpg,train,leaf_blast,2.8956441184616413,requires_human_review,unreviewed,none,../segmentation_annotations/masks/train/leaf_blast/leaf_blast%20%28242%29.jpg.png,,metadata/train/leaf_blast/leaf_blast (242).jpg.json
0,train/leaf_blast/leaf_blast (243).jpg,train,leaf_blast,13.23886460954399,requires_human_review,unreviewed,none,../segmentation_annotations/masks/train/leaf_blast/leaf_blast%20%28243%29.jpg.png,,metadata/train/leaf_blast/leaf_blast (243).jpg.json
0,train/leaf_blast/leaf_blast (245).jpg,train,leaf_blast,7.9085823116295675,requires_human_review,unreviewed,none,../segmentation_annotations/masks/train/leaf_blast/leaf_blast%20%28245%29.jpg.png,,metadata/train/leaf_blast/leaf_blast (245).jpg.json
0,train/leaf_blast/leaf_blast (246).jpg,train,leaf_blast,9.0196595990924,requires_human_review,unreviewed,none,../segmentation_annotations/masks/train/leaf_blast/leaf_blast%20%28246%29.jpg.png,,metadata/train/leaf_blast/leaf_blast (246).jpg.json
0,train/leaf_blast/leaf_blast (248).jpg,train,leaf_blast,12.23897087838371,requires_human_review,unreviewed,none,../segmentation_annotations/masks/train/leaf_blast/leaf_blast%20%28248%29.jpg.png,,metadata/train/leaf_blast/leaf_blast (248).jpg.json
0,train/leaf_blast/leaf_blast (249).jpg,train,leaf_blast,19.796099037610304,requires_human_review,unreviewed,none,../segmentation_annotations/masks/train/leaf_blast/leaf_blast%20%28249%29.jpg.png,,metadata/train/leaf_blast/leaf_blast (249).jpg.json
0,train/leaf_blast/leaf_blast (25).jpg,validation,leaf_blast,1.1697288355881137,requires_human_review,unreviewed,none,../segmentation_annotations/masks/validation/leaf_blast/leaf_blast%20%2825%29.jpg.png,,metadata/validation/leaf_blast/leaf_blast (25).jpg.json
0,train/leaf_blast/leaf_blast (250).jpg,train,leaf_blast,24.80656076901524,requires_human_review,unreviewed,none,../segmentation_annotations/masks/train/leaf_blast/leaf_blast%20%28250%29.jpg.png,,metadata/train/leaf_blast/leaf_blast (250).jpg.json
0,train/leaf_blast/leaf_blast (252).jpg,train,leaf_blast,2.516153761909977,requires_human_review,unreviewed,none,../segmentation_annotations/masks/train/leaf_blast/leaf_blast%20%28252%29.jpg.png,,metadata/train/leaf_blast/leaf_blast (252).jpg.json
0,train/leaf_blast/leaf_blast (253).jpg,train,leaf_blast,4.973149302189602,requires_human_review,unreviewed,none,../segmentation_annotations/masks/train/leaf_blast/leaf_blast%20%28253%29.jpg.png,,metadata/train/leaf_blast/leaf_blast (253).jpg.json
0,train/leaf_blast/leaf_blast (256).jpg,train,leaf_blast,2.112505399795598,requires_human_review,unreviewed,none,../segmentation_annotations/masks/train/leaf_blast/leaf_blast%20%28256%29.jpg.png,,metadata/train/leaf_blast/leaf_blast (256).jpg.json
0,train/leaf_blast/leaf_blast (257).jpg,validation,leaf_blast,0.011654914627750352,requires_human_review,reviewed,ai_visual,../segmentation_annotations/masks/validation/leaf_blast/leaf_blast%20%28257%29.jpg.png,../boundary_review_20261010/index.html,metadata/validation/leaf_blast/leaf_blast (257).jpg.json
0,train/leaf_blast/leaf_blast (259).jpg,validation,leaf_blast,1.2326984502543477,requires_human_review,unreviewed,none,../segmentation_annotations/masks/validation/leaf_blast/leaf_blast%20%28259%29.jpg.png,,metadata/validation/leaf_blast/leaf_blast (259).jpg.json
0,train/leaf_blast/leaf_blast (26).jpg,train,leaf_blast,0.42993941762751614,requires_human_review,unreviewed,none,../segmentation_annotations/masks/train/leaf_blast/leaf_blast%20%2826%29.jpg.png,,metadata/train/leaf_blast/leaf_blast (26).jpg.json
0,train/leaf_blast/leaf_blast (260).jpg,train,leaf_blast,0.3169237270230298,requires_human_review,unreviewed,none,../segmentation_annotations/masks/train/leaf_blast/leaf_blast%20%28260%29.jpg.png,,metadata/train/leaf_blast/leaf_blast (260).jpg.json
0,train/leaf_blast/leaf_blast (261).jpg,train,leaf_blast,0.7094535656826068,requires_human_review,unreviewed,none,../segmentation_annotations/masks/train/leaf_blast/leaf_blast%20%28261%29.jpg.png,,metadata/train/leaf_blast/leaf_blast (261).jpg.json
0,train/leaf_blast/leaf_blast (262).jpg,train,leaf_blast,0.6382464569503475,requires_human_review,reviewed,ai_visual,../segmentation_annotations/masks/train/leaf_blast/leaf_blast%20%28262%29.jpg.png,../boundary_review_20261010/index.html,metadata/train/leaf_blast/leaf_blast (262).jpg.json
0,train/leaf_blast/leaf_blast (263).jpg,validation,leaf_blast,0.11980304905342426,requires_human_review,unreviewed,none,../segmentation_annotations/masks/validation/leaf_blast/leaf_blast%20%28263%29.jpg.png,,metadata/validation/leaf_blast/leaf_blast (263).jpg.json
0,train/leaf_blast/leaf_blast (265).jpg,train,leaf_blast,1.9253705912421195,requires_human_review,unreviewed,none,../segmentation_annotations/masks/train/leaf_blast/leaf_blast%20%28265%29.jpg.png,,metadata/train/leaf_blast/leaf_blast (265).jpg.json
0,train/leaf_blast/leaf_blast (268).jpg,train,leaf_blast,0.5331250636693945,requires_human_review,unreviewed,none,../segmentation_annotations/masks/train/leaf_blast/leaf_blast%20%28268%29.jpg.png,,metadata/train/leaf_blast/leaf_blast (268).jpg.json
0,train/leaf_blast/leaf_blast (269).jpg,train,leaf_blast,0.5433714301760691,requires_human_review,unreviewed,none,../segmentation_annotations/masks/train/leaf_blast/leaf_blast%20%28269%29.jpg.png,,metadata/train/leaf_blast/leaf_blast (269).jpg.json
0,train/leaf_blast/leaf_blast (27).jpg,train,leaf_blast,0.7897423966290538,requires_human_review,unreviewed,none,../segmentation_annotations/masks/train/leaf_blast/leaf_blast%20%2827%29.jpg.png,,metadata/train/leaf_blast/leaf_blast (27).jpg.json
0,train/leaf_blast/leaf_blast (270).jpg,train,leaf_blast,0.4327508226773452,requires_human_review,unreviewed,none,../segmentation_annotations/masks/train/leaf_blast/leaf_blast%20%28270%29.jpg.png,,metadata/train/leaf_blast/leaf_blast (270).jpg.json
0,train/leaf_blast/leaf_blast (271).jpg,train,leaf_blast,1.7354548266263445,requires_human_review,unreviewed,none,../segmentation_annotations/masks/train/leaf_blast/leaf_blast%20%28271%29.jpg.png,,metadata/train/leaf_blast/leaf_blast (271).jpg.json
0,train/leaf_blast/leaf_blast (273).jpg,train,leaf_blast,0.07042521603410865,requires_human_review,unreviewed,none,../segmentation_annotations/masks/train/leaf_blast/leaf_blast%20%28273%29.jpg.png,,metadata/train/leaf_blast/leaf_blast (273).jpg.json
0,train/leaf_blast/leaf_blast (274).jpg,train,leaf_blast,0.16113646324799547,requires_human_review,unreviewed,none,../segmentation_annotations/masks/train/leaf_blast/leaf_blast%20%28274%29.jpg.png,,metadata/train/leaf_blast/leaf_blast (274).jpg.json
0,train/leaf_blast/leaf_blast (275).jpg,train,leaf_blast,0.06658484998824973,requires_human_review,unreviewed,none,../segmentation_annotations/masks/train/leaf_blast/leaf_blast%20%28275%29.jpg.png,,metadata/train/leaf_blast/leaf_blast (275).jpg.json
0,train/leaf_blast/leaf_blast (276).jpg,train,leaf_blast,0.014963899592233735,requires_human_review,unreviewed,none,../segmentation_annotations/masks/train/leaf_blast/leaf_blast%20%28276%29.jpg.png,,metadata/train/leaf_blast/leaf_blast (276).jpg.json
0,train/leaf_blast/leaf_blast (277).jpg,train,leaf_blast,0.4561933010702329,requires_human_review,unreviewed,none,../segmentation_annotations/masks/train/leaf_blast/leaf_blast%20%28277%29.jpg.png,,metadata/train/leaf_blast/leaf_blast (277).jpg.json
0,train/leaf_blast/leaf_blast (278).jpg,train,leaf_blast,0.10146608133852397,requires_human_review,unreviewed,none,../segmentation_annotations/masks/train/leaf_blast/leaf_blast%20%28278%29.jpg.png,,metadata/train/leaf_blast/leaf_blast (278).jpg.json
0,train/leaf_blast/leaf_blast (28).jpg,train,leaf_blast,0.44234991699244897,requires_human_review,unreviewed,none,../segmentation_annotations/masks/train/leaf_blast/leaf_blast%20%2828%29.jpg.png,,metadata/train/leaf_blast/leaf_blast (28).jpg.json
0,train/leaf_blast/leaf_blast (280).jpg,train,leaf_blast,1.276735601961875,requires_human_review,unreviewed,none,../segmentation_annotations/masks/train/leaf_blast/leaf_blast%20%28280%29.jpg.png,,metadata/train/leaf_blast/leaf_blast (280).jpg.json
0,train/leaf_blast/leaf_blast (281).jpg,train,leaf_blast,4.590977829771449,requires_human_review,unreviewed,none,../segmentation_annotations/masks/train/leaf_blast/leaf_blast%20%28281%29.jpg.png,,metadata/train/leaf_blast/leaf_blast (281).jpg.json
0,train/leaf_blast/leaf_blast (282).jpg,train,leaf_blast,1.5181776966340321,requires_human_review,unreviewed,none,../segmentation_annotations/masks/train/leaf_blast/leaf_blast%20%28282%29.jpg.png,,metadata/train/leaf_blast/leaf_blast (282).jpg.json
0,train/leaf_blast/leaf_blast (284).jpg,train,leaf_blast,0.7351351351351352,requires_human_review,unreviewed,none,../segmentation_annotations/masks/train/leaf_blast/leaf_blast%20%28284%29.jpg.png,,metadata/train/leaf_blast/leaf_blast (284).jpg.json
0,train/leaf_blast/leaf_blast (287).jpg,train,leaf_blast,0.40814591216359847,requires_human_review,unreviewed,none,../segmentation_annotations/masks/train/leaf_blast/leaf_blast%20%28287%29.jpg.png,,metadata/train/leaf_blast/leaf_blast (287).jpg.json
0,train/leaf_blast/leaf_blast (288).jpg,train,leaf_blast,1.476381104883907,requires_human_review,unreviewed,none,../segmentation_annotations/masks/train/leaf_blast/leaf_blast%20%28288%29.jpg.png,,metadata/train/leaf_blast/leaf_blast (288).jpg.json
0,train/leaf_blast/leaf_blast (29).jpg,train,leaf_blast,1.062672152888768,requires_human_review,unreviewed,none,../segmentation_annotations/masks/train/leaf_blast/leaf_blast%20%2829%29.jpg.png,,metadata/train/leaf_blast/leaf_blast (29).jpg.json
0,train/leaf_blast/leaf_blast (290).jpg,train,leaf_blast,0.804004854368932,requires_human_review,unreviewed,none,../segmentation_annotations/masks/train/leaf_blast/leaf_blast%20%28290%29.jpg.png,,metadata/train/leaf_blast/leaf_blast (290).jpg.json
0,train/leaf_blast/leaf_blast (291).jpg,train,leaf_blast,0.08982090810771176,requires_human_review,unreviewed,none,../segmentation_annotations/masks/train/leaf_blast/leaf_blast%20%28291%29.jpg.png,,metadata/train/leaf_blast/leaf_blast (291).jpg.json
0,train/leaf_blast/leaf_blast (292).jpg,train,leaf_blast,7.56394458328055,requires_human_review,unreviewed,none,../segmentation_annotations/masks/train/leaf_blast/leaf_blast%20%28292%29.jpg.png,,metadata/train/leaf_blast/leaf_blast (292).jpg.json
0,train/leaf_blast/leaf_blast (296).jpg,train,leaf_blast,0.7762031148279833,requires_human_review,unreviewed,none,../segmentation_annotations/masks/train/leaf_blast/leaf_blast%20%28296%29.jpg.png,,metadata/train/leaf_blast/leaf_blast (296).jpg.json
0,train/leaf_blast/leaf_blast (298).jpg,train,leaf_blast,19.953271028037385,requires_human_review,unreviewed,none,../segmentation_annotations/masks/train/leaf_blast/leaf_blast%20%28298%29.jpg.png,,metadata/train/leaf_blast/leaf_blast (298).jpg.json
0,train/leaf_blast/leaf_blast (3).jpg,train,leaf_blast,3.744948049470087,requires_human_review,unreviewed,none,../segmentation_annotations/masks/train/leaf_blast/leaf_blast%20%283%29.jpg.png,,metadata/train/leaf_blast/leaf_blast (3).jpg.json
0,train/leaf_blast/leaf_blast (30).jpg,train,leaf_blast,0.33018937767445994,requires_human_review,unreviewed,none,../segmentation_annotations/masks/train/leaf_blast/leaf_blast%20%2830%29.jpg.png,,metadata/train/leaf_blast/leaf_blast (30).jpg.json
0,train/leaf_blast/leaf_blast (300).jpg,train,leaf_blast,20.147014880774517,requires_human_review,unreviewed,none,../segmentation_annotations/masks/train/leaf_blast/leaf_blast%20%28300%29.jpg.png,,metadata/train/leaf_blast/leaf_blast (300).jpg.json
0,train/leaf_blast/leaf_blast (302).jpg,train,leaf_blast,19.973608445297504,requires_human_review,unreviewed,none,../segmentation_annotations/masks/train/leaf_blast/leaf_blast%20%28302%29.jpg.png,,metadata/train/leaf_blast/leaf_blast (302).jpg.json
0,train/leaf_blast/leaf_blast (303).jpg,train,leaf_blast,20.19472082302476,requires_human_review,unreviewed,none,../segmentation_annotations/masks/train/leaf_blast/leaf_blast%20%28303%29.jpg.png,,metadata/train/leaf_blast/leaf_blast (303).jpg.json
0,train/leaf_blast/leaf_blast (304).jpg,train,leaf_blast,14.271891630382196,requires_human_review;multiple_leaf_components,unreviewed,none,../segmentation_annotations/masks/train/leaf_blast/leaf_blast%20%28304%29.jpg.png,,metadata/train/leaf_blast/leaf_blast (304).jpg.json
0,train/leaf_blast/leaf_blast (305).jpg,train,leaf_blast,20.123010386756,requires_human_review,unreviewed,none,../segmentation_annotations/masks/train/leaf_blast/leaf_blast%20%28305%29.jpg.png,,metadata/train/leaf_blast/leaf_blast (305).jpg.json
0,train/leaf_blast/leaf_blast (309).jpg,train,leaf_blast,1.2020539031258135,requires_human_review,unreviewed,none,../segmentation_annotations/masks/train/leaf_blast/leaf_blast%20%28309%29.jpg.png,,metadata/train/leaf_blast/leaf_blast (309).jpg.json
0,train/leaf_blast/leaf_blast (31).jpg,train,leaf_blast,0.9267187106522287,requires_human_review,unreviewed,none,../segmentation_annotations/masks/train/leaf_blast/leaf_blast%20%2831%29.jpg.png,,metadata/train/leaf_blast/leaf_blast (31).jpg.json
0,train/leaf_blast/leaf_blast (311).jpg,validation,leaf_blast,0.585162785217767,requires_human_review,unreviewed,none,../segmentation_annotations/masks/validation/leaf_blast/leaf_blast%20%28311%29.jpg.png,,metadata/validation/leaf_blast/leaf_blast (311).jpg.json
0,train/leaf_blast/leaf_blast (312).jpg,train,leaf_blast,7.5841337848110015,requires_human_review,unreviewed,none,../segmentation_annotations/masks/train/leaf_blast/leaf_blast%20%28312%29.jpg.png,,metadata/train/leaf_blast/leaf_blast (312).jpg.json
0,train/leaf_blast/leaf_blast (313).jpg,train,leaf_blast,0.660461164111081,requires_human_review,unreviewed,none,../segmentation_annotations/masks/train/leaf_blast/leaf_blast%20%28313%29.jpg.png,,metadata/train/leaf_blast/leaf_blast (313).jpg.json
0,train/leaf_blast/leaf_blast (314).jpg,train,leaf_blast,1.5545065862639942,requires_human_review,unreviewed,none,../segmentation_annotations/masks/train/leaf_blast/leaf_blast%20%28314%29.jpg.png,,metadata/train/leaf_blast/leaf_blast (314).jpg.json
0,train/leaf_blast/leaf_blast (315).jpg,train,leaf_blast,9.73062828908094,requires_human_review,unreviewed,none,../segmentation_annotations/masks/train/leaf_blast/leaf_blast%20%28315%29.jpg.png,,metadata/train/leaf_blast/leaf_blast (315).jpg.json
0,train/leaf_blast/leaf_blast (316).jpg,validation,leaf_blast,1.925387951303621,requires_human_review,unreviewed,none,../segmentation_annotations/masks/validation/leaf_blast/leaf_blast%20%28316%29.jpg.png,,metadata/validation/leaf_blast/leaf_blast (316).jpg.json
0,train/leaf_blast/leaf_blast (317).jpg,train,leaf_blast,14.805978781470838,requires_human_review,unreviewed,none,../segmentation_annotations/masks/train/leaf_blast/leaf_blast%20%28317%29.jpg.png,,metadata/train/leaf_blast/leaf_blast (317).jpg.json
0,train/leaf_blast/leaf_blast (318).jpg,train,leaf_blast,2.538152000607395,requires_human_review,unreviewed,none,../segmentation_annotations/masks/train/leaf_blast/leaf_blast%20%28318%29.jpg.png,,metadata/train/leaf_blast/leaf_blast (318).jpg.json
0,train/leaf_blast/leaf_blast (32).jpg,train,leaf_blast,4.367545354314925,requires_human_review,unreviewed,none,../segmentation_annotations/masks/train/leaf_blast/leaf_blast%20%2832%29.jpg.png,,metadata/train/leaf_blast/leaf_blast (32).jpg.json
0,train/leaf_blast/leaf_blast (320).jpg,train,leaf_blast,4.143277501131734,requires_human_review,unreviewed,none,../segmentation_annotations/masks/train/leaf_blast/leaf_blast%20%28320%29.jpg.png,,metadata/train/leaf_blast/leaf_blast (320).jpg.json
0,train/leaf_blast/leaf_blast (322).jpg,train,leaf_blast,26.9240436334389,requires_human_review,unreviewed,none,../segmentation_annotations/masks/train/leaf_blast/leaf_blast%20%28322%29.jpg.png,,metadata/train/leaf_blast/leaf_blast (322).jpg.json
0,train/leaf_blast/leaf_blast (323).jpg,validation,leaf_blast,3.6206363182066963,requires_human_review,unreviewed,none,../segmentation_annotations/masks/validation/leaf_blast/leaf_blast%20%28323%29.jpg.png,,metadata/validation/leaf_blast/leaf_blast (323).jpg.json
0,train/leaf_blast/leaf_blast (324).jpg,validation,leaf_blast,1.0256494344990428,requires_human_review,unreviewed,none,../segmentation_annotations/masks/validation/leaf_blast/leaf_blast%20%28324%29.jpg.png,,metadata/validation/leaf_blast/leaf_blast (324).jpg.json
0,train/leaf_blast/leaf_blast (325).jpg,train,leaf_blast,33.264686862657314,requires_human_review,unreviewed,none,../segmentation_annotations/masks/train/leaf_blast/leaf_blast%20%28325%29.jpg.png,,metadata/train/leaf_blast/leaf_blast (325).jpg.json
0,train/leaf_blast/leaf_blast (326).jpg,validation,leaf_blast,0.36801887852567705,requires_human_review,unreviewed,none,../segmentation_annotations/masks/validation/leaf_blast/leaf_blast%20%28326%29.jpg.png,,metadata/validation/leaf_blast/leaf_blast (326).jpg.json
0,train/leaf_blast/leaf_blast (328).jpg,train,leaf_blast,1.2303906490310674,requires_human_review,unreviewed,none,../segmentation_annotations/masks/train/leaf_blast/leaf_blast%20%28328%29.jpg.png,,metadata/train/leaf_blast/leaf_blast (328).jpg.json
0,train/leaf_blast/leaf_blast (329).jpg,train,leaf_blast,0.07042387559717543,requires_human_review,unreviewed,none,../segmentation_annotations/masks/train/leaf_blast/leaf_blast%20%28329%29.jpg.png,,metadata/train/leaf_blast/leaf_blast (329).jpg.json
0,train/leaf_blast/leaf_blast (33).jpg,train,leaf_blast,1.4400603759345298,requires_human_review,unreviewed,none,../segmentation_annotations/masks/train/leaf_blast/leaf_blast%20%2833%29.jpg.png,,metadata/train/leaf_blast/leaf_blast (33).jpg.json
0,train/leaf_blast/leaf_blast (330).jpg,train,leaf_blast,7.6088583833335255,requires_human_review,reviewed,ai_visual,../segmentation_annotations/masks/train/leaf_blast/leaf_blast%20%28330%29.jpg.png,../boundary_review_20261010/index.html,metadata/train/leaf_blast/leaf_blast (330).jpg.json
0,train/leaf_blast/leaf_blast (331).jpg,train,leaf_blast,0.6642593701121903,requires_human_review,unreviewed,none,../segmentation_annotations/masks/train/leaf_blast/leaf_blast%20%28331%29.jpg.png,,metadata/train/leaf_blast/leaf_blast (331).jpg.json
0,train/leaf_blast/leaf_blast (332).jpg,train,leaf_blast,0.11354149273668392,requires_human_review,unreviewed,none,../segmentation_annotations/masks/train/leaf_blast/leaf_blast%20%28332%29.jpg.png,,metadata/train/leaf_blast/leaf_blast (332).jpg.json
0,train/leaf_blast/leaf_blast (333).jpg,train,leaf_blast,9.73389548715405,requires_human_review,unreviewed,none,../segmentation_annotations/masks/train/leaf_blast/leaf_blast%20%28333%29.jpg.png,,metadata/train/leaf_blast/leaf_blast (333).jpg.json
0,train/leaf_blast/leaf_blast (334).jpg,train,leaf_blast,2.168911709789277,requires_human_review,unreviewed,none,../segmentation_annotations/masks/train/leaf_blast/leaf_blast%20%28334%29.jpg.png,,metadata/train/leaf_blast/leaf_blast (334).jpg.json
0,train/leaf_blast/leaf_blast (335).jpg,train,leaf_blast,1.1816615441929776,requires_human_review,unreviewed,none,../segmentation_annotations/masks/train/leaf_blast/leaf_blast%20%28335%29.jpg.png,,metadata/train/leaf_blast/leaf_blast (335).jpg.json
0,train/leaf_blast/leaf_blast (336).jpg,validation,leaf_blast,1.2051275146096465,requires_human_review,unreviewed,none,../segmentation_annotations/masks/validation/leaf_blast/leaf_blast%20%28336%29.jpg.png,,metadata/validation/leaf_blast/leaf_blast (336).jpg.json
0,train/leaf_blast/leaf_blast (337).jpg,train,leaf_blast,14.814279258924536,requires_human_review,unreviewed,none,../segmentation_annotations/masks/train/leaf_blast/leaf_blast%20%28337%29.jpg.png,,metadata/train/leaf_blast/leaf_blast (337).jpg.json
0,train/leaf_blast/leaf_blast (338).jpg,validation,leaf_blast,2.537392756814213,requires_human_review,unreviewed,none,../segmentation_annotations/masks/validation/leaf_blast/leaf_blast%20%28338%29.jpg.png,,metadata/validation/leaf_blast/leaf_blast (338).jpg.json
0,train/leaf_blast/leaf_blast (339).jpg,train,leaf_blast,0.6366437099430776,requires_human_review,unreviewed,none,../segmentation_annotations/masks/train/leaf_blast/leaf_blast%20%28339%29.jpg.png,,metadata/train/leaf_blast/leaf_blast (339).jpg.json
0,train/leaf_blast/leaf_blast (34).jpg,train,leaf_blast,3.6088544206682447,requires_human_review,unreviewed,none,../segmentation_annotations/masks/train/leaf_blast/leaf_blast%20%2834%29.jpg.png,,metadata/train/leaf_blast/leaf_blast (34).jpg.json
0,train/leaf_blast/leaf_blast (341).jpg,train,leaf_blast,3.617368126703078,requires_human_review,unreviewed,none,../segmentation_annotations/masks/train/leaf_blast/leaf_blast%20%28341%29.jpg.png,,metadata/train/leaf_blast/leaf_blast (341).jpg.json
0,train/leaf_blast/leaf_blast (342).jpg,train,leaf_blast,0.7335750875406531,requires_human_review,unreviewed,none,../segmentation_annotations/masks/train/leaf_blast/leaf_blast%20%28342%29.jpg.png,,metadata/train/leaf_blast/leaf_blast (342).jpg.json
0,train/leaf_blast/leaf_blast (343).jpg,train,leaf_blast,1.0227882971702174,requires_human_review,unreviewed,none,../segmentation_annotations/masks/train/leaf_blast/leaf_blast%20%28343%29.jpg.png,,metadata/train/leaf_blast/leaf_blast (343).jpg.json
0,train/leaf_blast/leaf_blast (344).jpg,train,leaf_blast,33.28060645854474,requires_human_review,unreviewed,none,../segmentation_annotations/masks/train/leaf_blast/leaf_blast%20%28344%29.jpg.png,,metadata/train/leaf_blast/leaf_blast (344).jpg.json
0,train/leaf_blast/leaf_blast (345).jpg,train,leaf_blast,0.36521983424638294,requires_human_review,unreviewed,none,../segmentation_annotations/masks/train/leaf_blast/leaf_blast%20%28345%29.jpg.png,,metadata/train/leaf_blast/leaf_blast (345).jpg.json
0,train/leaf_blast/leaf_blast (347).jpg,train,leaf_blast,0.6565734589834697,requires_human_review,unreviewed,none,../segmentation_annotations/masks/train/leaf_blast/leaf_blast%20%28347%29.jpg.png,,metadata/train/leaf_blast/leaf_blast (347).jpg.json
0,train/leaf_blast/leaf_blast (348).jpg,train,leaf_blast,0.15025543423820495,requires_human_review,unreviewed,none,../segmentation_annotations/masks/train/leaf_blast/leaf_blast%20%28348%29.jpg.png,,metadata/train/leaf_blast/leaf_blast (348).jpg.json
0,train/leaf_blast/leaf_blast (349).jpg,train,leaf_blast,0.10808713485948672,requires_human_review,unreviewed,none,../segmentation_annotations/masks/train/leaf_blast/leaf_blast%20%28349%29.jpg.png,,metadata/train/leaf_blast/leaf_blast (349).jpg.json
0,train/leaf_blast/leaf_blast (35).jpg,train,leaf_blast,0.33352433846108637,requires_human_review,unreviewed,none,../segmentation_annotations/masks/train/leaf_blast/leaf_blast%20%2835%29.jpg.png,,metadata/train/leaf_blast/leaf_blast (35).jpg.json
0,train/leaf_blast/leaf_blast (350).jpg,train,leaf_blast,0.5610098176718092,requires_human_review,unreviewed,none,../segmentation_annotations/masks/train/leaf_blast/leaf_blast%20%28350%29.jpg.png,,metadata/train/leaf_blast/leaf_blast (350).jpg.json
0,train/leaf_blast/leaf_blast (36).jpg,validation,leaf_blast,0.7300531340446672,requires_human_review,unreviewed,none,../segmentation_annotations/masks/validation/leaf_blast/leaf_blast%20%2836%29.jpg.png,,metadata/validation/leaf_blast/leaf_blast (36).jpg.json
0,train/leaf_blast/leaf_blast (37).jpg,train,leaf_blast,0.24815045904269542,requires_human_review,unreviewed,none,../segmentation_annotations/masks/train/leaf_blast/leaf_blast%20%2837%29.jpg.png,,metadata/train/leaf_blast/leaf_blast (37).jpg.json
0,train/leaf_blast/leaf_blast (38).jpg,train,leaf_blast,1.0244868341757984,requires_human_review,unreviewed,none,../segmentation_annotations/masks/train/leaf_blast/leaf_blast%20%2838%29.jpg.png,,metadata/train/leaf_blast/leaf_blast (38).jpg.json
0,train/leaf_blast/leaf_blast (39).jpg,validation,leaf_blast,1.1179395451114247,requires_human_review,unreviewed,none,../segmentation_annotations/masks/validation/leaf_blast/leaf_blast%20%2839%29.jpg.png,,metadata/validation/leaf_blast/leaf_blast (39).jpg.json
0,train/leaf_blast/leaf_blast (40).jpg,validation,leaf_blast,1.2799237180133678,requires_human_review,unreviewed,none,../segmentation_annotations/masks/validation/leaf_blast/leaf_blast%20%2840%29.jpg.png,,metadata/validation/leaf_blast/leaf_blast (40).jpg.json
0,train/leaf_blast/leaf_blast (42).jpg,train,leaf_blast,1.770119714898623,requires_human_review,unreviewed,none,../segmentation_annotations/masks/train/leaf_blast/leaf_blast%20%2842%29.jpg.png,,metadata/train/leaf_blast/leaf_blast (42).jpg.json
0,train/leaf_blast/leaf_blast (43).jpg,train,leaf_blast,1.2024425877426261,requires_human_review,unreviewed,none,../segmentation_annotations/masks/train/leaf_blast/leaf_blast%20%2843%29.jpg.png,,metadata/train/leaf_blast/leaf_blast (43).jpg.json
0,train/leaf_blast/leaf_blast (44).jpg,validation,leaf_blast,1.3825322885119444,requires_human_review,unreviewed,none,../segmentation_annotations/masks/validation/leaf_blast/leaf_blast%20%2844%29.jpg.png,,metadata/validation/leaf_blast/leaf_blast (44).jpg.json
0,train/leaf_blast/leaf_blast (45).jpg,train,leaf_blast,1.053524203748419,requires_human_review,unreviewed,none,../segmentation_annotations/masks/train/leaf_blast/leaf_blast%20%2845%29.jpg.png,,metadata/train/leaf_blast/leaf_blast (45).jpg.json
0,train/leaf_blast/leaf_blast (47).jpg,train,leaf_blast,3.9861618297136268,requires_human_review,unreviewed,none,../segmentation_annotations/masks/train/leaf_blast/leaf_blast%20%2847%29.jpg.png,,metadata/train/leaf_blast/leaf_blast (47).jpg.json
0,train/leaf_blast/leaf_blast (48).jpg,train,leaf_blast,1.9285042333019755,requires_human_review,unreviewed,none,../segmentation_annotations/masks/train/leaf_blast/leaf_blast%20%2848%29.jpg.png,,metadata/train/leaf_blast/leaf_blast (48).jpg.json
0,train/leaf_blast/leaf_blast (49).jpg,train,leaf_blast,25.367945880381637,requires_human_review,reviewed,ai_visual,../segmentation_annotations/masks/train/leaf_blast/leaf_blast%20%2849%29.jpg.png,../boundary_review_20261010/index.html,metadata/train/leaf_blast/leaf_blast (49).jpg.json
0,train/leaf_blast/leaf_blast (5).jpg,train,leaf_blast,2.362451224829776,requires_human_review,unreviewed,none,../segmentation_annotations/masks/train/leaf_blast/leaf_blast%20%285%29.jpg.png,,metadata/train/leaf_blast/leaf_blast (5).jpg.json
0,train/leaf_blast/leaf_blast (50).jpg,train,leaf_blast,25.302943881173828,requires_human_review,unreviewed,none,../segmentation_annotations/masks/train/leaf_blast/leaf_blast%20%2850%29.jpg.png,,metadata/train/leaf_blast/leaf_blast (50).jpg.json
0,train/leaf_blast/leaf_blast (54).jpg,validation,leaf_blast,25.293646466482233,requires_human_review,unreviewed,none,../segmentation_annotations/masks/validation/leaf_blast/leaf_blast%20%2854%29.jpg.png,,metadata/validation/leaf_blast/leaf_blast (54).jpg.json
0,train/leaf_blast/leaf_blast (56).jpg,train,leaf_blast,17.790307101727446,requires_human_review,unreviewed,none,../segmentation_annotations/masks/train/leaf_blast/leaf_blast%20%2856%29.jpg.png,,metadata/train/leaf_blast/leaf_blast (56).jpg.json
0,train/leaf_blast/leaf_blast (57).jpg,train,leaf_blast,0.30339029516585947,requires_human_review,unreviewed,none,../segmentation_annotations/masks/train/leaf_blast/leaf_blast%20%2857%29.jpg.png,,metadata/train/leaf_blast/leaf_blast (57).jpg.json
0,train/leaf_blast/leaf_blast (58).jpg,validation,leaf_blast,0.6878837458876516,requires_human_review,unreviewed,none,../segmentation_annotations/masks/validation/leaf_blast/leaf_blast%20%2858%29.jpg.png,,metadata/validation/leaf_blast/leaf_blast (58).jpg.json
0,train/leaf_blast/leaf_blast (6).jpg,train,leaf_blast,1.0870239287011525,requires_human_review,unreviewed,none,../segmentation_annotations/masks/train/leaf_blast/leaf_blast%20%286%29.jpg.png,,metadata/train/leaf_blast/leaf_blast (6).jpg.json
0,train/leaf_blast/leaf_blast (60).jpg,train,leaf_blast,18.626859497009292,requires_human_review,unreviewed,none,../segmentation_annotations/masks/train/leaf_blast/leaf_blast%20%2860%29.jpg.png,,metadata/train/leaf_blast/leaf_blast (60).jpg.json
0,train/leaf_blast/leaf_blast (61).jpg,train,leaf_blast,0.8311923832552516,requires_human_review,unreviewed,none,../segmentation_annotations/masks/train/leaf_blast/leaf_blast%20%2861%29.jpg.png,,metadata/train/leaf_blast/leaf_blast (61).jpg.json
0,train/leaf_blast/leaf_blast (62).jpg,train,leaf_blast,1.7709154802916476,requires_human_review,unreviewed,none,../segmentation_annotations/masks/train/leaf_blast/leaf_blast%20%2862%29.jpg.png,,metadata/train/leaf_blast/leaf_blast (62).jpg.json
0,train/leaf_blast/leaf_blast (64).jpg,train,leaf_blast,1.3873044328552804,requires_human_review,unreviewed,none,../segmentation_annotations/masks/train/leaf_blast/leaf_blast%20%2864%29.jpg.png,,metadata/train/leaf_blast/leaf_blast (64).jpg.json
0,train/leaf_blast/leaf_blast (65).jpg,train,leaf_blast,3.07614109992884,requires_human_review,unreviewed,none,../segmentation_annotations/masks/train/leaf_blast/leaf_blast%20%2865%29.jpg.png,,metadata/train/leaf_blast/leaf_blast (65).jpg.json
0,train/leaf_blast/leaf_blast (66).jpg,train,leaf_blast,1.0402747244852508,requires_human_review,unreviewed,none,../segmentation_annotations/masks/train/leaf_blast/leaf_blast%20%2866%29.jpg.png,,metadata/train/leaf_blast/leaf_blast (66).jpg.json
0,train/leaf_blast/leaf_blast (67).jpg,validation,leaf_blast,3.9831257687576875,requires_human_review,unreviewed,none,../segmentation_annotations/masks/validation/leaf_blast/leaf_blast%20%2867%29.jpg.png,,metadata/validation/leaf_blast/leaf_blast (67).jpg.json
0,train/leaf_blast/leaf_blast (68).jpg,validation,leaf_blast,1.9157388531702473,requires_human_review,unreviewed,none,../segmentation_annotations/masks/validation/leaf_blast/leaf_blast%20%2868%29.jpg.png,,metadata/validation/leaf_blast/leaf_blast (68).jpg.json
0,train/leaf_blast/leaf_blast (69).jpg,train,leaf_blast,15.212987223467762,requires_human_review,unreviewed,none,../segmentation_annotations/masks/train/leaf_blast/leaf_blast%20%2869%29.jpg.png,,metadata/train/leaf_blast/leaf_blast (69).jpg.json
0,train/leaf_blast/leaf_blast (7).jpg,train,leaf_blast,1.978021978021978,requires_human_review,unreviewed,none,../segmentation_annotations/masks/train/leaf_blast/leaf_blast%20%287%29.jpg.png,,metadata/train/leaf_blast/leaf_blast (7).jpg.json
0,train/leaf_blast/leaf_blast (71).jpg,validation,leaf_blast,19.06400020537571,requires_human_review,unreviewed,none,../segmentation_annotations/masks/validation/leaf_blast/leaf_blast%20%2871%29.jpg.png,,metadata/validation/leaf_blast/leaf_blast (71).jpg.json
0,train/leaf_blast/leaf_blast (72).jpg,validation,leaf_blast,14.824256888696029,requires_human_review,unreviewed,none,../segmentation_annotations/masks/validation/leaf_blast/leaf_blast%20%2872%29.jpg.png,,metadata/validation/leaf_blast/leaf_blast (72).jpg.json
0,train/leaf_blast/leaf_blast (73).jpg,validation,leaf_blast,14.819566670883102,requires_human_review,unreviewed,none,../segmentation_annotations/masks/validation/leaf_blast/leaf_blast%20%2873%29.jpg.png,,metadata/validation/leaf_blast/leaf_blast (73).jpg.json
0,train/leaf_blast/leaf_blast (75).jpg,train,leaf_blast,19.11555196180355,requires_human_review,unreviewed,none,../segmentation_annotations/masks/train/leaf_blast/leaf_blast%20%2875%29.jpg.png,,metadata/train/leaf_blast/leaf_blast (75).jpg.json
0,train/leaf_blast/leaf_blast (76).jpg,validation,leaf_blast,14.819566670883102,requires_human_review,unreviewed,none,../segmentation_annotations/masks/validation/leaf_blast/leaf_blast%20%2876%29.jpg.png,,metadata/validation/leaf_blast/leaf_blast (76).jpg.json
0,train/leaf_blast/leaf_blast (80).jpg,train,leaf_blast,1.9446354883081156,requires_human_review,unreviewed,none,../segmentation_annotations/masks/train/leaf_blast/leaf_blast%20%2880%29.jpg.png,,metadata/train/leaf_blast/leaf_blast (80).jpg.json
0,train/leaf_blast/leaf_blast (81).jpg,train,leaf_blast,2.228465860980679,requires_human_review,unreviewed,none,../segmentation_annotations/masks/train/leaf_blast/leaf_blast%20%2881%29.jpg.png,,metadata/train/leaf_blast/leaf_blast (81).jpg.json
0,train/leaf_blast/leaf_blast (82).jpg,validation,leaf_blast,1.8063157580328408,requires_human_review,unreviewed,none,../segmentation_annotations/masks/validation/leaf_blast/leaf_blast%20%2882%29.jpg.png,,metadata/validation/leaf_blast/leaf_blast (82).jpg.json
0,train/leaf_blast/leaf_blast (85).jpg,train,leaf_blast,0.3010243814772659,requires_human_review,unreviewed,none,../segmentation_annotations/masks/train/leaf_blast/leaf_blast%20%2885%29.jpg.png,,metadata/train/leaf_blast/leaf_blast (85).jpg.json
0,train/leaf_blast/leaf_blast (87).jpg,train,leaf_blast,1.5928325488273751,requires_human_review,unreviewed,none,../segmentation_annotations/masks/train/leaf_blast/leaf_blast%20%2887%29.jpg.png,,metadata/train/leaf_blast/leaf_blast (87).jpg.json
0,train/leaf_blast/leaf_blast (89).jpg,train,leaf_blast,1.4136787237403254,requires_human_review,unreviewed,none,../segmentation_annotations/masks/train/leaf_blast/leaf_blast%20%2889%29.jpg.png,,metadata/train/leaf_blast/leaf_blast (89).jpg.json
0,train/leaf_blast/leaf_blast (90).jpg,train,leaf_blast,2.3135523525083324,requires_human_review,unreviewed,none,../segmentation_annotations/masks/train/leaf_blast/leaf_blast%20%2890%29.jpg.png,,metadata/train/leaf_blast/leaf_blast (90).jpg.json
0,train/leaf_blast/leaf_blast (91).jpg,train,leaf_blast,2.5337119601530707,requires_human_review,unreviewed,none,../segmentation_annotations/masks/train/leaf_blast/leaf_blast%20%2891%29.jpg.png,,metadata/train/leaf_blast/leaf_blast (91).jpg.json
0,train/leaf_blast/leaf_blast (92).jpg,train,leaf_blast,1.0897435897435896,requires_human_review,unreviewed,none,../segmentation_annotations/masks/train/leaf_blast/leaf_blast%20%2892%29.jpg.png,,metadata/train/leaf_blast/leaf_blast (92).jpg.json
0,train/leaf_blast/leaf_blast (93).jpg,train,leaf_blast,1.0214294124573178,requires_human_review,unreviewed,none,../segmentation_annotations/masks/train/leaf_blast/leaf_blast%20%2893%29.jpg.png,,metadata/train/leaf_blast/leaf_blast (93).jpg.json
0,train/leaf_blast/leaf_blast (95).jpg,train,leaf_blast,1.2937082339138637,requires_human_review,unreviewed,none,../segmentation_annotations/masks/train/leaf_blast/leaf_blast%20%2895%29.jpg.png,,metadata/train/leaf_blast/leaf_blast (95).jpg.json
0,train/leaf_blast/leaf_blast (96).jpg,train,leaf_blast,0.6400573491384828,requires_human_review,unreviewed,none,../segmentation_annotations/masks/train/leaf_blast/leaf_blast%20%2896%29.jpg.png,,metadata/train/leaf_blast/leaf_blast (96).jpg.json
0,train/leaf_blast/leaf_blast (98).jpg,train,leaf_blast,23.997324712963994,requires_human_review,unreviewed,none,../segmentation_annotations/masks/train/leaf_blast/leaf_blast%20%2898%29.jpg.png,,metadata/train/leaf_blast/leaf_blast (98).jpg.json
0,train/leaf_scald/leaf_scald (10).jpg,train,leaf_scald,2.3534921842983434,requires_human_review,reviewed,ai_visual,../segmentation_annotations/masks/train/leaf_scald/leaf_scald%20%2810%29.jpg.png,../boundary_review_20261010/index.html,metadata/train/leaf_scald/leaf_scald (10).jpg.json
0,train/leaf_scald/leaf_scald (104).jpg,validation,leaf_scald,1.1822412275185512,requires_human_review,reviewed,ai_visual,../segmentation_annotations/masks/validation/leaf_scald/leaf_scald%20%28104%29.jpg.png,../boundary_review_20261010/index.html,metadata/validation/leaf_scald/leaf_scald (104).jpg.json
0,train/leaf_scald/leaf_scald (105).jpg,train,leaf_scald,31.789917946301436,requires_human_review,unreviewed,none,../segmentation_annotations/masks/train/leaf_scald/leaf_scald%20%28105%29.jpg.png,,metadata/train/leaf_scald/leaf_scald (105).jpg.json
0,train/leaf_scald/leaf_scald (106).jpg,train,leaf_scald,3.2333568084841957,requires_human_review,unreviewed,none,../segmentation_annotations/masks/train/leaf_scald/leaf_scald%20%28106%29.jpg.png,,metadata/train/leaf_scald/leaf_scald (106).jpg.json
0,train/leaf_scald/leaf_scald (107).jpg,train,leaf_scald,3.1625689234384886,requires_human_review,unreviewed,none,../segmentation_annotations/masks/train/leaf_scald/leaf_scald%20%28107%29.jpg.png,,metadata/train/leaf_scald/leaf_scald (107).jpg.json
0,train/leaf_scald/leaf_scald (109).jpg,train,leaf_scald,3.0658708221501154,requires_human_review,unreviewed,none,../segmentation_annotations/masks/train/leaf_scald/leaf_scald%20%28109%29.jpg.png,,metadata/train/leaf_scald/leaf_scald (109).jpg.json
0,train/leaf_scald/leaf_scald (110).jpg,train,leaf_scald,2.854702679619942,requires_human_review,unreviewed,none,../segmentation_annotations/masks/train/leaf_scald/leaf_scald%20%28110%29.jpg.png,,metadata/train/leaf_scald/leaf_scald (110).jpg.json
0,train/leaf_scald/leaf_scald (111).jpg,train,leaf_scald,2.4605615636471874,requires_human_review,unreviewed,none,../segmentation_annotations/masks/train/leaf_scald/leaf_scald%20%28111%29.jpg.png,,metadata/train/leaf_scald/leaf_scald (111).jpg.json
0,train/leaf_scald/leaf_scald (112).jpg,train,leaf_scald,2.7461626814242455,requires_human_review,unreviewed,none,../segmentation_annotations/masks/train/leaf_scald/leaf_scald%20%28112%29.jpg.png,,metadata/train/leaf_scald/leaf_scald (112).jpg.json
0,train/leaf_scald/leaf_scald (116).jpg,train,leaf_scald,19.665983685777245,requires_human_review,unreviewed,none,../segmentation_annotations/masks/train/leaf_scald/leaf_scald%20%28116%29.jpg.png,,metadata/train/leaf_scald/leaf_scald (116).jpg.json
0,train/leaf_scald/leaf_scald (117).jpg,train,leaf_scald,4.647257821567029,requires_human_review,unreviewed,none,../segmentation_annotations/masks/train/leaf_scald/leaf_scald%20%28117%29.jpg.png,,metadata/train/leaf_scald/leaf_scald (117).jpg.json
0,train/leaf_scald/leaf_scald (119).jpg,train,leaf_scald,1.0328608656963072,requires_human_review,unreviewed,none,../segmentation_annotations/masks/train/leaf_scald/leaf_scald%20%28119%29.jpg.png,,metadata/train/leaf_scald/leaf_scald (119).jpg.json
0,train/leaf_scald/leaf_scald (121).jpg,train,leaf_scald,21.710626619911572,requires_human_review;multiple_leaf_components,unreviewed,none,../segmentation_annotations/masks/train/leaf_scald/leaf_scald%20%28121%29.jpg.png,,metadata/train/leaf_scald/leaf_scald (121).jpg.json
0,train/leaf_scald/leaf_scald (122).jpg,train,leaf_scald,18.80085195119995,requires_human_review,unreviewed,none,../segmentation_annotations/masks/train/leaf_scald/leaf_scald%20%28122%29.jpg.png,,metadata/train/leaf_scald/leaf_scald (122).jpg.json
0,train/leaf_scald/leaf_scald (123).jpg,train,leaf_scald,37.32457207755334,requires_human_review,unreviewed,none,../segmentation_annotations/masks/train/leaf_scald/leaf_scald%20%28123%29.jpg.png,,metadata/train/leaf_scald/leaf_scald (123).jpg.json
0,train/leaf_scald/leaf_scald (124).jpg,train,leaf_scald,1.2100281401893067,requires_human_review,unreviewed,none,../segmentation_annotations/masks/train/leaf_scald/leaf_scald%20%28124%29.jpg.png,,metadata/train/leaf_scald/leaf_scald (124).jpg.json
0,train/leaf_scald/leaf_scald (125).jpg,train,leaf_scald,14.019333954148374,requires_human_review,unreviewed,none,../segmentation_annotations/masks/train/leaf_scald/leaf_scald%20%28125%29.jpg.png,,metadata/train/leaf_scald/leaf_scald (125).jpg.json
0,train/leaf_scald/leaf_scald (127).jpg,train,leaf_scald,2.4155545875737534,requires_human_review;multiple_leaf_components,unreviewed,none,../segmentation_annotations/masks/train/leaf_scald/leaf_scald%20%28127%29.jpg.png,,metadata/train/leaf_scald/leaf_scald (127).jpg.json
0,train/leaf_scald/leaf_scald (131).jpg,train,leaf_scald,21.91827173347215,requires_human_review,unreviewed,none,../segmentation_annotations/masks/train/leaf_scald/leaf_scald%20%28131%29.jpg.png,,metadata/train/leaf_scald/leaf_scald (131).jpg.json
0,train/leaf_scald/leaf_scald (136).jpg,validation,leaf_scald,23.8992488992489,requires_human_review,unreviewed,none,../segmentation_annotations/masks/validation/leaf_scald/leaf_scald%20%28136%29.jpg.png,,metadata/validation/leaf_scald/leaf_scald (136).jpg.json
0,train/leaf_scald/leaf_scald (137).jpg,train,leaf_scald,5.100769675668461,requires_human_review,unreviewed,none,../segmentation_annotations/masks/train/leaf_scald/leaf_scald%20%28137%29.jpg.png,,metadata/train/leaf_scald/leaf_scald (137).jpg.json
0,train/leaf_scald/leaf_scald (140).jpg,train,leaf_scald,1.071097497077909,requires_human_review,unreviewed,none,../segmentation_annotations/masks/train/leaf_scald/leaf_scald%20%28140%29.jpg.png,,metadata/train/leaf_scald/leaf_scald (140).jpg.json
0,train/leaf_scald/leaf_scald (141).jpg,train,leaf_scald,1.1371267403859069,requires_human_review,unreviewed,none,../segmentation_annotations/masks/train/leaf_scald/leaf_scald%20%28141%29.jpg.png,,metadata/train/leaf_scald/leaf_scald (141).jpg.json
0,train/leaf_scald/leaf_scald (142).jpg,validation,leaf_scald,1.0229397382424852,requires_human_review,unreviewed,none,../segmentation_annotations/masks/validation/leaf_scald/leaf_scald%20%28142%29.jpg.png,,metadata/validation/leaf_scald/leaf_scald (142).jpg.json
0,train/leaf_scald/leaf_scald (146).jpg,train,leaf_scald,23.889749760970624,requires_human_review,unreviewed,none,../segmentation_annotations/masks/train/leaf_scald/leaf_scald%20%28146%29.jpg.png,,metadata/train/leaf_scald/leaf_scald (146).jpg.json
0,train/leaf_scald/leaf_scald (149).jpg,validation,leaf_scald,2.48788898924378,requires_human_review,unreviewed,none,../segmentation_annotations/masks/validation/leaf_scald/leaf_scald%20%28149%29.jpg.png,,metadata/validation/leaf_scald/leaf_scald (149).jpg.json
0,train/leaf_scald/leaf_scald (150).jpg,train,leaf_scald,2.607685043945667,requires_human_review,unreviewed,none,../segmentation_annotations/masks/train/leaf_scald/leaf_scald%20%28150%29.jpg.png,,metadata/train/leaf_scald/leaf_scald (150).jpg.json
0,train/leaf_scald/leaf_scald (152).jpg,train,leaf_scald,23.13265833085554,requires_human_review,unreviewed,none,../segmentation_annotations/masks/train/leaf_scald/leaf_scald%20%28152%29.jpg.png,,metadata/train/leaf_scald/leaf_scald (152).jpg.json
0,train/leaf_scald/leaf_scald (153).jpg,train,leaf_scald,24.293706293706293,requires_human_review,unreviewed,none,../segmentation_annotations/masks/train/leaf_scald/leaf_scald%20%28153%29.jpg.png,,metadata/train/leaf_scald/leaf_scald (153).jpg.json
0,train/leaf_scald/leaf_scald (156).jpg,train,leaf_scald,22.930130265606497,requires_human_review,unreviewed,none,../segmentation_annotations/masks/train/leaf_scald/leaf_scald%20%28156%29.jpg.png,,metadata/train/leaf_scald/leaf_scald (156).jpg.json
0,train/leaf_scald/leaf_scald (171).jpg,train,leaf_scald,5.027911959851888,requires_human_review,unreviewed,none,../segmentation_annotations/masks/train/leaf_scald/leaf_scald%20%28171%29.jpg.png,,metadata/train/leaf_scald/leaf_scald (171).jpg.json
0,train/leaf_scald/leaf_scald (173).jpg,train,leaf_scald,4.382100626014375,requires_human_review,unreviewed,none,../segmentation_annotations/masks/train/leaf_scald/leaf_scald%20%28173%29.jpg.png,,metadata/train/leaf_scald/leaf_scald (173).jpg.json
0,train/leaf_scald/leaf_scald (175).jpg,train,leaf_scald,2.3517076093469145,requires_human_review,unreviewed,none,../segmentation_annotations/masks/train/leaf_scald/leaf_scald%20%28175%29.jpg.png,,metadata/train/leaf_scald/leaf_scald (175).jpg.json
0,train/leaf_scald/leaf_scald (179).jpg,train,leaf_scald,19.039786619248723,requires_human_review,reviewed,ai_visual,../segmentation_annotations/masks/train/leaf_scald/leaf_scald%20%28179%29.jpg.png,../boundary_review_20261010/index.html,metadata/train/leaf_scald/leaf_scald (179).jpg.json
0,train/leaf_scald/leaf_scald (18).jpg,validation,leaf_scald,10.023005658148355,requires_human_review,unreviewed,none,../segmentation_annotations/masks/validation/leaf_scald/leaf_scald%20%2818%29.jpg.png,,metadata/validation/leaf_scald/leaf_scald (18).jpg.json
0,train/leaf_scald/leaf_scald (180).jpg,validation,leaf_scald,18.976578725504307,requires_human_review,unreviewed,none,../segmentation_annotations/masks/validation/leaf_scald/leaf_scald%20%28180%29.jpg.png,,metadata/validation/leaf_scald/leaf_scald (180).jpg.json
0,train/leaf_scald/leaf_scald (181).jpg,train,leaf_scald,39.08728598023021,requires_human_review,unreviewed,none,../segmentation_annotations/masks/train/leaf_scald/leaf_scald%20%28181%29.jpg.png,,metadata/train/leaf_scald/leaf_scald (181).jpg.json
0,train/leaf_scald/leaf_scald (185).jpg,validation,leaf_scald,18.449717132483322,requires_human_review,unreviewed,none,../segmentation_annotations/masks/validation/leaf_scald/leaf_scald%20%28185%29.jpg.png,,metadata/validation/leaf_scald/leaf_scald (185).jpg.json
0,train/leaf_scald/leaf_scald (186).jpg,train,leaf_scald,19.160591133004925,requires_human_review,unreviewed,none,../segmentation_annotations/masks/train/leaf_scald/leaf_scald%20%28186%29.jpg.png,,metadata/train/leaf_scald/leaf_scald (186).jpg.json
0,train/leaf_scald/leaf_scald (189).jpg,train,leaf_scald,38.00896860986547,requires_human_review,unreviewed,none,../segmentation_annotations/masks/train/leaf_scald/leaf_scald%20%28189%29.jpg.png,,metadata/train/leaf_scald/leaf_scald (189).jpg.json
0,train/leaf_scald/leaf_scald (190).jpg,train,leaf_scald,1.2889954418990115,requires_human_review,unreviewed,none,../segmentation_annotations/masks/train/leaf_scald/leaf_scald%20%28190%29.jpg.png,,metadata/train/leaf_scald/leaf_scald (190).jpg.json
0,train/leaf_scald/leaf_scald (192).jpg,validation,leaf_scald,37.59594056101918,requires_human_review,unreviewed,none,../segmentation_annotations/masks/validation/leaf_scald/leaf_scald%20%28192%29.jpg.png,,metadata/validation/leaf_scald/leaf_scald (192).jpg.json
0,train/leaf_scald/leaf_scald (193).jpg,train,leaf_scald,18.813024957281414,requires_human_review,unreviewed,none,../segmentation_annotations/masks/train/leaf_scald/leaf_scald%20%28193%29.jpg.png,,metadata/train/leaf_scald/leaf_scald (193).jpg.json
0,train/leaf_scald/leaf_scald (195).jpg,train,leaf_scald,19.109225596301357,requires_human_review,unreviewed,none,../segmentation_annotations/masks/train/leaf_scald/leaf_scald%20%28195%29.jpg.png,,metadata/train/leaf_scald/leaf_scald (195).jpg.json
0,train/leaf_scald/leaf_scald (198).jpg,train,leaf_scald,20.016248140135644,requires_human_review,unreviewed,none,../segmentation_annotations/masks/train/leaf_scald/leaf_scald%20%28198%29.jpg.png,,metadata/train/leaf_scald/leaf_scald (198).jpg.json
0,train/leaf_scald/leaf_scald (201).jpg,train,leaf_scald,15.017695723721287,requires_human_review,unreviewed,none,../segmentation_annotations/masks/train/leaf_scald/leaf_scald%20%28201%29.jpg.png,,metadata/train/leaf_scald/leaf_scald (201).jpg.json
0,train/leaf_scald/leaf_scald (205).jpg,validation,leaf_scald,11.095429377917707,requires_human_review,unreviewed,none,../segmentation_annotations/masks/validation/leaf_scald/leaf_scald%20%28205%29.jpg.png,,metadata/validation/leaf_scald/leaf_scald (205).jpg.json
0,train/leaf_scald/leaf_scald (208).jpg,train,leaf_scald,14.944725439478063,requires_human_review,unreviewed,none,../segmentation_annotations/masks/train/leaf_scald/leaf_scald%20%28208%29.jpg.png,,metadata/train/leaf_scald/leaf_scald (208).jpg.json
0,train/leaf_scald/leaf_scald (209).jpg,train,leaf_scald,9.804289767985312,requires_human_review,unreviewed,none,../segmentation_annotations/masks/train/leaf_scald/leaf_scald%20%28209%29.jpg.png,,metadata/train/leaf_scald/leaf_scald (209).jpg.json
0,train/leaf_scald/leaf_scald (22).jpg,train,leaf_scald,9.90602259845687,requires_human_review,unreviewed,none,../segmentation_annotations/masks/train/leaf_scald/leaf_scald%20%2822%29.jpg.png,,metadata/train/leaf_scald/leaf_scald (22).jpg.json
0,train/leaf_scald/leaf_scald (221).jpg,train,leaf_scald,9.830905497401362,requires_human_review,unreviewed,none,../segmentation_annotations/masks/train/leaf_scald/leaf_scald%20%28221%29.jpg.png,,metadata/train/leaf_scald/leaf_scald (221).jpg.json
0,train/leaf_scald/leaf_scald (222).jpg,validation,leaf_scald,15.17273191545444,requires_human_review,unreviewed,none,../segmentation_annotations/masks/validation/leaf_scald/leaf_scald%20%28222%29.jpg.png,,metadata/validation/leaf_scald/leaf_scald (222).jpg.json
0,train/leaf_scald/leaf_scald (226).jpg,train,leaf_scald,15.92366966555049,requires_human_review,unreviewed,none,../segmentation_annotations/masks/train/leaf_scald/leaf_scald%20%28226%29.jpg.png,,metadata/train/leaf_scald/leaf_scald (226).jpg.json
0,train/leaf_scald/leaf_scald (227).jpg,train,leaf_scald,16.000577496029713,requires_human_review,unreviewed,none,../segmentation_annotations/masks/train/leaf_scald/leaf_scald%20%28227%29.jpg.png,,metadata/train/leaf_scald/leaf_scald (227).jpg.json
0,train/leaf_scald/leaf_scald (229).jpg,train,leaf_scald,10.370276318504294,requires_human_review,unreviewed,none,../segmentation_annotations/masks/train/leaf_scald/leaf_scald%20%28229%29.jpg.png,,metadata/train/leaf_scald/leaf_scald (229).jpg.json
0,train/leaf_scald/leaf_scald (231).jpg,train,leaf_scald,2.437050099736926,requires_human_review;multiple_leaf_components,unreviewed,none,../segmentation_annotations/masks/train/leaf_scald/leaf_scald%20%28231%29.jpg.png,,metadata/train/leaf_scald/leaf_scald (231).jpg.json
0,train/leaf_scald/leaf_scald (245).jpg,train,leaf_scald,37.35632183908046,requires_human_review,unreviewed,none,../segmentation_annotations/masks/train/leaf_scald/leaf_scald%20%28245%29.jpg.png,,metadata/train/leaf_scald/leaf_scald (245).jpg.json
0,train/leaf_scald/leaf_scald (252).jpg,train,leaf_scald,36.40659594858068,requires_human_review,unreviewed,none,../segmentation_annotations/masks/train/leaf_scald/leaf_scald%20%28252%29.jpg.png,,metadata/train/leaf_scald/leaf_scald (252).jpg.json
0,train/leaf_scald/leaf_scald (257).jpg,train,leaf_scald,9.88141930281148,requires_human_review,unreviewed,none,../segmentation_annotations/masks/train/leaf_scald/leaf_scald%20%28257%29.jpg.png,,metadata/train/leaf_scald/leaf_scald (257).jpg.json
0,train/leaf_scald/leaf_scald (259).jpg,validation,leaf_scald,2.381232438084036,requires_human_review;multiple_leaf_components,unreviewed,none,../segmentation_annotations/masks/validation/leaf_scald/leaf_scald%20%28259%29.jpg.png,,metadata/validation/leaf_scald/leaf_scald (259).jpg.json
0,train/leaf_scald/leaf_scald (26).jpg,train,leaf_scald,14.925507697162306,requires_human_review,unreviewed,none,../segmentation_annotations/masks/train/leaf_scald/leaf_scald%20%2826%29.jpg.png,,metadata/train/leaf_scald/leaf_scald (26).jpg.json
0,train/leaf_scald/leaf_scald (261).jpg,train,leaf_scald,13.943490304709142,requires_human_review,unreviewed,none,../segmentation_annotations/masks/train/leaf_scald/leaf_scald%20%28261%29.jpg.png,,metadata/train/leaf_scald/leaf_scald (261).jpg.json
0,train/leaf_scald/leaf_scald (263).jpg,train,leaf_scald,18.736791418100104,requires_human_review,unreviewed,none,../segmentation_annotations/masks/train/leaf_scald/leaf_scald%20%28263%29.jpg.png,,metadata/train/leaf_scald/leaf_scald (263).jpg.json
0,train/leaf_scald/leaf_scald (265).jpg,train,leaf_scald,21.338246600037113,requires_human_review,unreviewed,none,../segmentation_annotations/masks/train/leaf_scald/leaf_scald%20%28265%29.jpg.png,,metadata/train/leaf_scald/leaf_scald (265).jpg.json
0,train/leaf_scald/leaf_scald (266).jpg,train,leaf_scald,1.1215962888825342,requires_human_review,unreviewed,none,../segmentation_annotations/masks/train/leaf_scald/leaf_scald%20%28266%29.jpg.png,,metadata/train/leaf_scald/leaf_scald (266).jpg.json
0,train/leaf_scald/leaf_scald (268).jpg,train,leaf_scald,2.372443915028787,requires_human_review,unreviewed,none,../segmentation_annotations/masks/train/leaf_scald/leaf_scald%20%28268%29.jpg.png,,metadata/train/leaf_scald/leaf_scald (268).jpg.json
0,train/leaf_scald/leaf_scald (273).jpg,validation,leaf_scald,2.2466333587003278,requires_human_review,unreviewed,none,../segmentation_annotations/masks/validation/leaf_scald/leaf_scald%20%28273%29.jpg.png,,metadata/validation/leaf_scald/leaf_scald (273).jpg.json
0,train/leaf_scald/leaf_scald (274).jpg,validation,leaf_scald,3.1105944602557423,requires_human_review,reviewed,ai_visual,../segmentation_annotations/masks/validation/leaf_scald/leaf_scald%20%28274%29.jpg.png,../boundary_review_20261010/index.html,metadata/validation/leaf_scald/leaf_scald (274).jpg.json
0,train/leaf_scald/leaf_scald (278).jpg,train,leaf_scald,31.84375288198465,requires_human_review,unreviewed,none,../segmentation_annotations/masks/train/leaf_scald/leaf_scald%20%28278%29.jpg.png,,metadata/train/leaf_scald/leaf_scald (278).jpg.json
0,train/leaf_scald/leaf_scald (279).jpg,train,leaf_scald,0.9927366860187489,requires_human_review,unreviewed,none,../segmentation_annotations/masks/train/leaf_scald/leaf_scald%20%28279%29.jpg.png,,metadata/train/leaf_scald/leaf_scald (279).jpg.json
0,train/leaf_scald/leaf_scald (28).jpg,train,leaf_scald,18.689503796193012,requires_human_review,unreviewed,none,../segmentation_annotations/masks/train/leaf_scald/leaf_scald%20%2828%29.jpg.png,,metadata/train/leaf_scald/leaf_scald (28).jpg.json
0,train/leaf_scald/leaf_scald (280).jpg,train,leaf_scald,0.9760660247592847,requires_human_review,unreviewed,none,../segmentation_annotations/masks/train/leaf_scald/leaf_scald%20%28280%29.jpg.png,,metadata/train/leaf_scald/leaf_scald (280).jpg.json
0,train/leaf_scald/leaf_scald (281).jpg,train,leaf_scald,3.1176343326918916,requires_human_review,unreviewed,none,../segmentation_annotations/masks/train/leaf_scald/leaf_scald%20%28281%29.jpg.png,,metadata/train/leaf_scald/leaf_scald (281).jpg.json
0,train/leaf_scald/leaf_scald (282).jpg,train,leaf_scald,2.888516493208679,requires_human_review,unreviewed,none,../segmentation_annotations/masks/train/leaf_scald/leaf_scald%20%28282%29.jpg.png,,metadata/train/leaf_scald/leaf_scald (282).jpg.json
0,train/leaf_scald/leaf_scald (283).jpg,train,leaf_scald,2.989774025467413,requires_human_review,unreviewed,none,../segmentation_annotations/masks/train/leaf_scald/leaf_scald%20%28283%29.jpg.png,,metadata/train/leaf_scald/leaf_scald (283).jpg.json
0,train/leaf_scald/leaf_scald (285).jpg,train,leaf_scald,36.87642272919853,requires_human_review,unreviewed,none,../segmentation_annotations/masks/train/leaf_scald/leaf_scald%20%28285%29.jpg.png,,metadata/train/leaf_scald/leaf_scald (285).jpg.json
0,train/leaf_scald/leaf_scald (287).jpg,validation,leaf_scald,29.507890210156308,requires_human_review;multiple_leaf_components,unreviewed,none,../segmentation_annotations/masks/validation/leaf_scald/leaf_scald%20%28287%29.jpg.png,,metadata/validation/leaf_scald/leaf_scald (287).jpg.json
0,train/leaf_scald/leaf_scald (289).jpg,train,leaf_scald,22.65006076444412,requires_human_review,unreviewed,none,../segmentation_annotations/masks/train/leaf_scald/leaf_scald%20%28289%29.jpg.png,,metadata/train/leaf_scald/leaf_scald (289).jpg.json
0,train/leaf_scald/leaf_scald (29).jpg,train,leaf_scald,37.62449490637983,requires_human_review,unreviewed,none,../segmentation_annotations/masks/train/leaf_scald/leaf_scald%20%2829%29.jpg.png,,metadata/train/leaf_scald/leaf_scald (29).jpg.json
0,train/leaf_scald/leaf_scald (290).jpg,train,leaf_scald,24.40143749822209,requires_human_review,unreviewed,none,../segmentation_annotations/masks/train/leaf_scald/leaf_scald%20%28290%29.jpg.png,,metadata/train/leaf_scald/leaf_scald (290).jpg.json
0,train/leaf_scald/leaf_scald (295).jpg,validation,leaf_scald,22.585885888044626,requires_human_review;multiple_leaf_components,unreviewed,none,../segmentation_annotations/masks/validation/leaf_scald/leaf_scald%20%28295%29.jpg.png,,metadata/validation/leaf_scald/leaf_scald (295).jpg.json
0,train/leaf_scald/leaf_scald (30).jpg,train,leaf_scald,20.127547761983834,requires_human_review,unreviewed,none,../segmentation_annotations/masks/train/leaf_scald/leaf_scald%20%2830%29.jpg.png,,metadata/train/leaf_scald/leaf_scald (30).jpg.json
0,train/leaf_scald/leaf_scald (300).jpg,train,leaf_scald,2.411151032422839,requires_human_review;multiple_leaf_components,unreviewed,none,../segmentation_annotations/masks/train/leaf_scald/leaf_scald%20%28300%29.jpg.png,,metadata/train/leaf_scald/leaf_scald (300).jpg.json
0,train/leaf_scald/leaf_scald (301).jpg,train,leaf_scald,23.1154279652589,requires_human_review;multiple_leaf_components,unreviewed,none,../segmentation_annotations/masks/train/leaf_scald/leaf_scald%20%28301%29.jpg.png,,metadata/train/leaf_scald/leaf_scald (301).jpg.json
0,train/leaf_scald/leaf_scald (303).jpg,train,leaf_scald,23.223198243162308,requires_human_review;multiple_leaf_components,unreviewed,none,../segmentation_annotations/masks/train/leaf_scald/leaf_scald%20%28303%29.jpg.png,,metadata/train/leaf_scald/leaf_scald (303).jpg.json
0,train/leaf_scald/leaf_scald (307).jpg,validation,leaf_scald,2.4164338197247233,requires_human_review,unreviewed,none,../segmentation_annotations/masks/validation/leaf_scald/leaf_scald%20%28307%29.jpg.png,,metadata/validation/leaf_scald/leaf_scald (307).jpg.json
0,train/leaf_scald/leaf_scald (311).jpg,train,leaf_scald,15.793860781276889,requires_human_review,unreviewed,none,../segmentation_annotations/masks/train/leaf_scald/leaf_scald%20%28311%29.jpg.png,,metadata/train/leaf_scald/leaf_scald (311).jpg.json
0,train/leaf_scald/leaf_scald (312).jpg,train,leaf_scald,16.01332111298459,requires_human_review,unreviewed,none,../segmentation_annotations/masks/train/leaf_scald/leaf_scald%20%28312%29.jpg.png,,metadata/train/leaf_scald/leaf_scald (312).jpg.json
0,train/leaf_scald/leaf_scald (32).jpg,train,leaf_scald,1.258353389613087,requires_human_review,unreviewed,none,../segmentation_annotations/masks/train/leaf_scald/leaf_scald%20%2832%29.jpg.png,,metadata/train/leaf_scald/leaf_scald (32).jpg.json
0,train/leaf_scald/leaf_scald (321).jpg,train,leaf_scald,9.86699659758738,requires_human_review,unreviewed,none,../segmentation_annotations/masks/train/leaf_scald/leaf_scald%20%28321%29.jpg.png,,metadata/train/leaf_scald/leaf_scald (321).jpg.json
0,train/leaf_scald/leaf_scald (34).jpg,train,leaf_scald,1.2421991965728347,requires_human_review,unreviewed,none,../segmentation_annotations/masks/train/leaf_scald/leaf_scald%20%2834%29.jpg.png,,metadata/train/leaf_scald/leaf_scald (34).jpg.json
0,train/leaf_scald/leaf_scald (344).jpg,validation,leaf_scald,2.1416748302536903,requires_human_review,unreviewed,none,../segmentation_annotations/masks/validation/leaf_scald/leaf_scald%20%28344%29.jpg.png,,metadata/validation/leaf_scald/leaf_scald (344).jpg.json
0,train/leaf_scald/leaf_scald (346).jpg,validation,leaf_scald,2.430501388412218,requires_human_review,unreviewed,none,../segmentation_annotations/masks/validation/leaf_scald/leaf_scald%20%28346%29.jpg.png,,metadata/validation/leaf_scald/leaf_scald (346).jpg.json
0,train/leaf_scald/leaf_scald (347).jpg,train,leaf_scald,11.393908369593039,requires_human_review,unreviewed,none,../segmentation_annotations/masks/train/leaf_scald/leaf_scald%20%28347%29.jpg.png,,metadata/train/leaf_scald/leaf_scald (347).jpg.json
0,train/leaf_scald/leaf_scald (349).jpg,train,leaf_scald,15.934057608679183,requires_human_review,unreviewed,none,../segmentation_annotations/masks/train/leaf_scald/leaf_scald%20%28349%29.jpg.png,,metadata/train/leaf_scald/leaf_scald (349).jpg.json
0,train/leaf_scald/leaf_scald (36).jpg,train,leaf_scald,1.3065536173465842,requires_human_review,unreviewed,none,../segmentation_annotations/masks/train/leaf_scald/leaf_scald%20%2836%29.jpg.png,,metadata/train/leaf_scald/leaf_scald (36).jpg.json
0,train/leaf_scald/leaf_scald (37).jpg,validation,leaf_scald,37.71949627506601,requires_human_review,unreviewed,none,../segmentation_annotations/masks/validation/leaf_scald/leaf_scald%20%2837%29.jpg.png,,metadata/validation/leaf_scald/leaf_scald (37).jpg.json
0,train/leaf_scald/leaf_scald (38).jpg,train,leaf_scald,19.03422548555187,requires_human_review,unreviewed,none,../segmentation_annotations/masks/train/leaf_scald/leaf_scald%20%2838%29.jpg.png,,metadata/train/leaf_scald/leaf_scald (38).jpg.json
0,train/leaf_scald/leaf_scald (4).jpg,validation,leaf_scald,15.28432340905884,requires_human_review,unreviewed,none,../segmentation_annotations/masks/validation/leaf_scald/leaf_scald%20%284%29.jpg.png,,metadata/validation/leaf_scald/leaf_scald (4).jpg.json
0,train/leaf_scald/leaf_scald (42).jpg,train,leaf_scald,19.005395986734865,requires_human_review,unreviewed,none,../segmentation_annotations/masks/train/leaf_scald/leaf_scald%20%2842%29.jpg.png,,metadata/train/leaf_scald/leaf_scald (42).jpg.json
0,train/leaf_scald/leaf_scald (44).jpg,train,leaf_scald,37.66216276877497,requires_human_review,unreviewed,none,../segmentation_annotations/masks/train/leaf_scald/leaf_scald%20%2844%29.jpg.png,,metadata/train/leaf_scald/leaf_scald (44).jpg.json
0,train/leaf_scald/leaf_scald (46).jpg,train,leaf_scald,37.750054957133436,requires_human_review,unreviewed,none,../segmentation_annotations/masks/train/leaf_scald/leaf_scald%20%2846%29.jpg.png,,metadata/train/leaf_scald/leaf_scald (46).jpg.json
0,train/leaf_scald/leaf_scald (48).jpg,train,leaf_scald,38.99809598844462,requires_human_review,unreviewed,none,../segmentation_annotations/masks/train/leaf_scald/leaf_scald%20%2848%29.jpg.png,,metadata/train/leaf_scald/leaf_scald (48).jpg.json
0,train/leaf_scald/leaf_scald (50).jpg,validation,leaf_scald,19.191494946843417,requires_human_review,unreviewed,none,../segmentation_annotations/masks/validation/leaf_scald/leaf_scald%20%2850%29.jpg.png,,metadata/validation/leaf_scald/leaf_scald (50).jpg.json
0,train/leaf_scald/leaf_scald (51).jpg,train,leaf_scald,1.3411908148750253,requires_human_review,unreviewed,none,../segmentation_annotations/masks/train/leaf_scald/leaf_scald%20%2851%29.jpg.png,,metadata/train/leaf_scald/leaf_scald (51).jpg.json
0,train/leaf_scald/leaf_scald (52).jpg,validation,leaf_scald,23.94210648686352,requires_human_review;multiple_leaf_components,unreviewed,none,../segmentation_annotations/masks/validation/leaf_scald/leaf_scald%20%2852%29.jpg.png,,metadata/validation/leaf_scald/leaf_scald (52).jpg.json
0,train/leaf_scald/leaf_scald (54).jpg,train,leaf_scald,23.39079205760419,requires_human_review;multiple_leaf_components,unreviewed,none,../segmentation_annotations/masks/train/leaf_scald/leaf_scald%20%2854%29.jpg.png,,metadata/train/leaf_scald/leaf_scald (54).jpg.json
0,train/leaf_scald/leaf_scald (56).jpg,validation,leaf_scald,2.259776944430916,requires_human_review,unreviewed,none,../segmentation_annotations/masks/validation/leaf_scald/leaf_scald%20%2856%29.jpg.png,,metadata/validation/leaf_scald/leaf_scald (56).jpg.json
0,train/leaf_scald/leaf_scald (57).jpg,train,leaf_scald,30.861543972774495,requires_human_review,unreviewed,none,../segmentation_annotations/masks/train/leaf_scald/leaf_scald%20%2857%29.jpg.png,,metadata/train/leaf_scald/leaf_scald (57).jpg.json
0,train/leaf_scald/leaf_scald (58).jpg,validation,leaf_scald,4.829284307288247,requires_human_review,unreviewed,none,../segmentation_annotations/masks/validation/leaf_scald/leaf_scald%20%2858%29.jpg.png,,metadata/validation/leaf_scald/leaf_scald (58).jpg.json
0,train/leaf_scald/leaf_scald (59).jpg,validation,leaf_scald,31.772121869386925,requires_human_review,unreviewed,none,../segmentation_annotations/masks/validation/leaf_scald/leaf_scald%20%2859%29.jpg.png,,metadata/validation/leaf_scald/leaf_scald (59).jpg.json
0,train/leaf_scald/leaf_scald (60).jpg,train,leaf_scald,5.197684906794949,requires_human_review,reviewed,ai_visual,../segmentation_annotations/masks/train/leaf_scald/leaf_scald%20%2860%29.jpg.png,../boundary_review_20261010/index.html,metadata/train/leaf_scald/leaf_scald (60).jpg.json
0,train/leaf_scald/leaf_scald (62).jpg,train,leaf_scald,2.3649113158256565,requires_human_review;multiple_leaf_components,unreviewed,none,../segmentation_annotations/masks/train/leaf_scald/leaf_scald%20%2862%29.jpg.png,,metadata/train/leaf_scald/leaf_scald (62).jpg.json
0,train/leaf_scald/leaf_scald (66).jpg,train,leaf_scald,22.327497425334705,requires_human_review,unreviewed,none,../segmentation_annotations/masks/train/leaf_scald/leaf_scald%20%2866%29.jpg.png,,metadata/train/leaf_scald/leaf_scald (66).jpg.json
0,train/leaf_scald/leaf_scald (68).jpg,validation,leaf_scald,6.482325534285425,requires_human_review,unreviewed,none,../segmentation_annotations/masks/validation/leaf_scald/leaf_scald%20%2868%29.jpg.png,,metadata/validation/leaf_scald/leaf_scald (68).jpg.json
0,train/leaf_scald/leaf_scald (78).jpg,train,leaf_scald,23.217491664529366,requires_human_review,unreviewed,none,../segmentation_annotations/masks/train/leaf_scald/leaf_scald%20%2878%29.jpg.png,,metadata/train/leaf_scald/leaf_scald (78).jpg.json
0,train/leaf_scald/leaf_scald (79).jpg,validation,leaf_scald,24.334691920402783,requires_human_review,unreviewed,none,../segmentation_annotations/masks/validation/leaf_scald/leaf_scald%20%2879%29.jpg.png,,metadata/validation/leaf_scald/leaf_scald (79).jpg.json
0,train/leaf_scald/leaf_scald (8).jpg,train,leaf_scald,1.2245841035120149,requires_human_review,unreviewed,none,../segmentation_annotations/masks/train/leaf_scald/leaf_scald%20%288%29.jpg.png,,metadata/train/leaf_scald/leaf_scald (8).jpg.json
0,train/leaf_scald/leaf_scald (80).jpg,validation,leaf_scald,23.2649511592875,requires_human_review,unreviewed,none,../segmentation_annotations/masks/validation/leaf_scald/leaf_scald%20%2880%29.jpg.png,,metadata/validation/leaf_scald/leaf_scald (80).jpg.json
0,train/leaf_scald/leaf_scald (82).jpg,train,leaf_scald,2.588983893418175,requires_human_review,unreviewed,none,../segmentation_annotations/masks/train/leaf_scald/leaf_scald%20%2882%29.jpg.png,,metadata/train/leaf_scald/leaf_scald (82).jpg.json
0,train/leaf_scald/leaf_scald (83).jpg,train,leaf_scald,2.4573146168386475,requires_human_review,unreviewed,none,../segmentation_annotations/masks/train/leaf_scald/leaf_scald%20%2883%29.jpg.png,,metadata/train/leaf_scald/leaf_scald (83).jpg.json
0,train/leaf_scald/leaf_scald (85).jpg,train,leaf_scald,1.8464199759326112,requires_human_review;multiple_leaf_components,unreviewed,none,../segmentation_annotations/masks/train/leaf_scald/leaf_scald%20%2885%29.jpg.png,,metadata/train/leaf_scald/leaf_scald (85).jpg.json
0,train/leaf_scald/leaf_scald (86).jpg,train,leaf_scald,2.328054384565721,requires_human_review,unreviewed,none,../segmentation_annotations/masks/train/leaf_scald/leaf_scald%20%2886%29.jpg.png,,metadata/train/leaf_scald/leaf_scald (86).jpg.json
0,train/leaf_scald/leaf_scald (89).jpg,train,leaf_scald,1.0550722553742182,requires_human_review,unreviewed,none,../segmentation_annotations/masks/train/leaf_scald/leaf_scald%20%2889%29.jpg.png,,metadata/train/leaf_scald/leaf_scald (89).jpg.json
0,train/leaf_scald/leaf_scald (90).jpg,train,leaf_scald,1.0489729739413973,requires_human_review,unreviewed,none,../segmentation_annotations/masks/train/leaf_scald/leaf_scald%20%2890%29.jpg.png,,metadata/train/leaf_scald/leaf_scald (90).jpg.json
0,train/leaf_scald/leaf_scald (94).jpg,train,leaf_scald,5.090432386792872,requires_human_review,unreviewed,none,../segmentation_annotations/masks/train/leaf_scald/leaf_scald%20%2894%29.jpg.png,,metadata/train/leaf_scald/leaf_scald (94).jpg.json
0,train/leaf_scald/leaf_scald (99).jpg,train,leaf_scald,22.60985283373343,requires_human_review,unreviewed,none,../segmentation_annotations/masks/train/leaf_scald/leaf_scald%20%2899%29.jpg.png,,metadata/train/leaf_scald/leaf_scald (99).jpg.json
0,train/narrow_brown_spot/narrow_brown (1).jpg,train,narrow_brown_spot,4.303591317939742,requires_human_review,reviewed,ai_visual,../segmentation_annotations/masks/train/narrow_brown_spot/narrow_brown%20%281%29.jpg.png,../boundary_review_20261010/index.html,metadata/train/narrow_brown_spot/narrow_brown (1).jpg.json
0,train/narrow_brown_spot/narrow_brown (10).jpg,validation,narrow_brown_spot,1.6827561774864936,requires_human_review,reviewed,ai_visual,../segmentation_annotations/masks/validation/narrow_brown_spot/narrow_brown%20%2810%29.jpg.png,../boundary_review_20261010/index.html,metadata/validation/narrow_brown_spot/narrow_brown (10).jpg.json
0,train/narrow_brown_spot/narrow_brown (100).jpg,train,narrow_brown_spot,8.30937108309371,requires_human_review,unreviewed,none,../segmentation_annotations/masks/train/narrow_brown_spot/narrow_brown%20%28100%29.jpg.png,,metadata/train/narrow_brown_spot/narrow_brown (100).jpg.json
0,train/narrow_brown_spot/narrow_brown (101).jpg,train,narrow_brown_spot,4.187192118226601,requires_human_review,unreviewed,none,../segmentation_annotations/masks/train/narrow_brown_spot/narrow_brown%20%28101%29.jpg.png,,metadata/train/narrow_brown_spot/narrow_brown (101).jpg.json
0,train/narrow_brown_spot/narrow_brown (102).jpg,validation,narrow_brown_spot,4.755778770351769,requires_human_review,unreviewed,none,../segmentation_annotations/masks/validation/narrow_brown_spot/narrow_brown%20%28102%29.jpg.png,,metadata/validation/narrow_brown_spot/narrow_brown (102).jpg.json
0,train/narrow_brown_spot/narrow_brown (103).jpg,train,narrow_brown_spot,4.549939525112992,requires_human_review,unreviewed,none,../segmentation_annotations/masks/train/narrow_brown_spot/narrow_brown%20%28103%29.jpg.png,,metadata/train/narrow_brown_spot/narrow_brown (103).jpg.json
0,train/narrow_brown_spot/narrow_brown (106).jpg,validation,narrow_brown_spot,11.37725936726145,requires_human_review,unreviewed,none,../segmentation_annotations/masks/validation/narrow_brown_spot/narrow_brown%20%28106%29.jpg.png,,metadata/validation/narrow_brown_spot/narrow_brown (106).jpg.json
0,train/narrow_brown_spot/narrow_brown (107).jpg,train,narrow_brown_spot,9.904210509196767,requires_human_review,unreviewed,none,../segmentation_annotations/masks/train/narrow_brown_spot/narrow_brown%20%28107%29.jpg.png,,metadata/train/narrow_brown_spot/narrow_brown (107).jpg.json
0,train/narrow_brown_spot/narrow_brown (108).jpg,train,narrow_brown_spot,8.752444013604325,requires_human_review,unreviewed,none,../segmentation_annotations/masks/train/narrow_brown_spot/narrow_brown%20%28108%29.jpg.png,,metadata/train/narrow_brown_spot/narrow_brown (108).jpg.json
0,train/narrow_brown_spot/narrow_brown (11).jpg,train,narrow_brown_spot,6.062548608328816,requires_human_review,unreviewed,none,../segmentation_annotations/masks/train/narrow_brown_spot/narrow_brown%20%2811%29.jpg.png,,metadata/train/narrow_brown_spot/narrow_brown (11).jpg.json
0,train/narrow_brown_spot/narrow_brown (111).jpg,validation,narrow_brown_spot,1.6101290014333494,requires_human_review,unreviewed,none,../segmentation_annotations/masks/validation/narrow_brown_spot/narrow_brown%20%28111%29.jpg.png,,metadata/validation/narrow_brown_spot/narrow_brown (111).jpg.json
0,train/narrow_brown_spot/narrow_brown (113).jpg,train,narrow_brown_spot,1.5704482605578505,requires_human_review,unreviewed,none,../segmentation_annotations/masks/train/narrow_brown_spot/narrow_brown%20%28113%29.jpg.png,,metadata/train/narrow_brown_spot/narrow_brown (113).jpg.json
0,train/narrow_brown_spot/narrow_brown (115).jpg,train,narrow_brown_spot,1.4080415577314127,requires_human_review,unreviewed,none,../segmentation_annotations/masks/train/narrow_brown_spot/narrow_brown%20%28115%29.jpg.png,,metadata/train/narrow_brown_spot/narrow_brown (115).jpg.json
0,train/narrow_brown_spot/narrow_brown (116).jpg,train,narrow_brown_spot,9.778958166462909,requires_human_review,unreviewed,none,../segmentation_annotations/masks/train/narrow_brown_spot/narrow_brown%20%28116%29.jpg.png,,metadata/train/narrow_brown_spot/narrow_brown (116).jpg.json
0,train/narrow_brown_spot/narrow_brown (117).jpg,train,narrow_brown_spot,1.5310219913538268,requires_human_review,unreviewed,none,../segmentation_annotations/masks/train/narrow_brown_spot/narrow_brown%20%28117%29.jpg.png,,metadata/train/narrow_brown_spot/narrow_brown (117).jpg.json
0,train/narrow_brown_spot/narrow_brown (119).jpg,train,narrow_brown_spot,10.020393951452448,requires_human_review,unreviewed,none,../segmentation_annotations/masks/train/narrow_brown_spot/narrow_brown%20%28119%29.jpg.png,,metadata/train/narrow_brown_spot/narrow_brown (119).jpg.json
0,train/narrow_brown_spot/narrow_brown (12).jpg,train,narrow_brown_spot,9.537293937053668,requires_human_review,unreviewed,none,../segmentation_annotations/masks/train/narrow_brown_spot/narrow_brown%20%2812%29.jpg.png,,metadata/train/narrow_brown_spot/narrow_brown (12).jpg.json
0,train/narrow_brown_spot/narrow_brown (120).jpg,train,narrow_brown_spot,1.6068165906801222,requires_human_review,unreviewed,none,../segmentation_annotations/masks/train/narrow_brown_spot/narrow_brown%20%28120%29.jpg.png,,metadata/train/narrow_brown_spot/narrow_brown (120).jpg.json
0,train/narrow_brown_spot/narrow_brown (122).jpg,train,narrow_brown_spot,4.391844956932482,requires_human_review,unreviewed,none,../segmentation_annotations/masks/train/narrow_brown_spot/narrow_brown%20%28122%29.jpg.png,,metadata/train/narrow_brown_spot/narrow_brown (122).jpg.json
0,train/narrow_brown_spot/narrow_brown (124).jpg,validation,narrow_brown_spot,11.421885446846446,requires_human_review,unreviewed,none,../segmentation_annotations/masks/validation/narrow_brown_spot/narrow_brown%20%28124%29.jpg.png,,metadata/validation/narrow_brown_spot/narrow_brown (124).jpg.json
0,train/narrow_brown_spot/narrow_brown (13).jpg,train,narrow_brown_spot,11.309858253380085,requires_human_review,unreviewed,none,../segmentation_annotations/masks/train/narrow_brown_spot/narrow_brown%20%2813%29.jpg.png,,metadata/train/narrow_brown_spot/narrow_brown (13).jpg.json
0,train/narrow_brown_spot/narrow_brown (131).jpg,train,narrow_brown_spot,7.9569479146646165,requires_human_review,unreviewed,none,../segmentation_annotations/masks/train/narrow_brown_spot/narrow_brown%20%28131%29.jpg.png,,metadata/train/narrow_brown_spot/narrow_brown (131).jpg.json
0,train/narrow_brown_spot/narrow_brown (132).jpg,train,narrow_brown_spot,10.020393951452448,requires_human_review,unreviewed,none,../segmentation_annotations/masks/train/narrow_brown_spot/narrow_brown%20%28132%29.jpg.png,,metadata/train/narrow_brown_spot/narrow_brown (132).jpg.json
0,train/narrow_brown_spot/narrow_brown (133).jpg,train,narrow_brown_spot,3.408404521529036,requires_human_review,unreviewed,none,../segmentation_annotations/masks/train/narrow_brown_spot/narrow_brown%20%28133%29.jpg.png,,metadata/train/narrow_brown_spot/narrow_brown (133).jpg.json
0,train/narrow_brown_spot/narrow_brown (134).jpg,train,narrow_brown_spot,4.694267515923567,requires_human_review,unreviewed,none,../segmentation_annotations/masks/train/narrow_brown_spot/narrow_brown%20%28134%29.jpg.png,,metadata/train/narrow_brown_spot/narrow_brown (134).jpg.json
0,train/narrow_brown_spot/narrow_brown (135).jpg,train,narrow_brown_spot,4.892361861815487,requires_human_review,unreviewed,none,../segmentation_annotations/masks/train/narrow_brown_spot/narrow_brown%20%28135%29.jpg.png,,metadata/train/narrow_brown_spot/narrow_brown (135).jpg.json
0,train/narrow_brown_spot/narrow_brown (136).jpg,train,narrow_brown_spot,8.331693397618814,requires_human_review,unreviewed,none,../segmentation_annotations/masks/train/narrow_brown_spot/narrow_brown%20%28136%29.jpg.png,,metadata/train/narrow_brown_spot/narrow_brown (136).jpg.json
0,train/narrow_brown_spot/narrow_brown (138).jpg,train,narrow_brown_spot,9.557495256166982,requires_human_review,unreviewed,none,../segmentation_annotations/masks/train/narrow_brown_spot/narrow_brown%20%28138%29.jpg.png,,metadata/train/narrow_brown_spot/narrow_brown (138).jpg.json
0,train/narrow_brown_spot/narrow_brown (139).jpg,validation,narrow_brown_spot,24.603794707933435,requires_human_review,unreviewed,none,../segmentation_annotations/masks/validation/narrow_brown_spot/narrow_brown%20%28139%29.jpg.png,,metadata/validation/narrow_brown_spot/narrow_brown (139).jpg.json
0,train/narrow_brown_spot/narrow_brown (14).jpg,train,narrow_brown_spot,1.8337287790258234,requires_human_review,unreviewed,none,../segmentation_annotations/masks/train/narrow_brown_spot/narrow_brown%20%2814%29.jpg.png,,metadata/train/narrow_brown_spot/narrow_brown (14).jpg.json
0,train/narrow_brown_spot/narrow_brown (140).jpg,train,narrow_brown_spot,1.3865388934641012,requires_human_review,unreviewed,none,../segmentation_annotations/masks/train/narrow_brown_spot/narrow_brown%20%28140%29.jpg.png,,metadata/train/narrow_brown_spot/narrow_brown (140).jpg.json
0,train/narrow_brown_spot/narrow_brown (141).jpg,validation,narrow_brown_spot,3.744950322087564,requires_human_review,unreviewed,none,../segmentation_annotations/masks/validation/narrow_brown_spot/narrow_brown%20%28141%29.jpg.png,,metadata/validation/narrow_brown_spot/narrow_brown (141).jpg.json
0,train/narrow_brown_spot/narrow_brown (142).jpg,train,narrow_brown_spot,3.867114662246764,requires_human_review,unreviewed,none,../segmentation_annotations/masks/train/narrow_brown_spot/narrow_brown%20%28142%29.jpg.png,,metadata/train/narrow_brown_spot/narrow_brown (142).jpg.json
0,train/narrow_brown_spot/narrow_brown (143).jpg,train,narrow_brown_spot,1.703939140113137,requires_human_review,reviewed,ai_visual,../segmentation_annotations/masks/train/narrow_brown_spot/narrow_brown%20%28143%29.jpg.png,../boundary_review_20261010/index.html,metadata/train/narrow_brown_spot/narrow_brown (143).jpg.json
0,train/narrow_brown_spot/narrow_brown (144).jpg,train,narrow_brown_spot,3.7862101188092376,requires_human_review,unreviewed,none,../segmentation_annotations/masks/train/narrow_brown_spot/narrow_brown%20%28144%29.jpg.png,,metadata/train/narrow_brown_spot/narrow_brown (144).jpg.json
0,train/narrow_brown_spot/narrow_brown (145).jpg,validation,narrow_brown_spot,3.784659704717321,requires_human_review,unreviewed,none,../segmentation_annotations/masks/validation/narrow_brown_spot/narrow_brown%20%28145%29.jpg.png,,metadata/validation/narrow_brown_spot/narrow_brown (145).jpg.json
0,train/narrow_brown_spot/narrow_brown (146).jpg,train,narrow_brown_spot,9.678506849734898,requires_human_review,unreviewed,none,../segmentation_annotations/masks/train/narrow_brown_spot/narrow_brown%20%28146%29.jpg.png,,metadata/train/narrow_brown_spot/narrow_brown (146).jpg.json
0,train/narrow_brown_spot/narrow_brown (149).jpg,train,narrow_brown_spot,10.022834084401541,requires_human_review,unreviewed,none,../segmentation_annotations/masks/train/narrow_brown_spot/narrow_brown%20%28149%29.jpg.png,,metadata/train/narrow_brown_spot/narrow_brown (149).jpg.json
0,train/narrow_brown_spot/narrow_brown (15).jpg,train,narrow_brown_spot,5.345992785770554,requires_human_review,unreviewed,none,../segmentation_annotations/masks/train/narrow_brown_spot/narrow_brown%20%2815%29.jpg.png,,metadata/train/narrow_brown_spot/narrow_brown (15).jpg.json
0,train/narrow_brown_spot/narrow_brown (150).jpg,train,narrow_brown_spot,9.987158402234888,requires_human_review,unreviewed,none,../segmentation_annotations/masks/train/narrow_brown_spot/narrow_brown%20%28150%29.jpg.png,,metadata/train/narrow_brown_spot/narrow_brown (150).jpg.json
0,train/narrow_brown_spot/narrow_brown (151).jpg,train,narrow_brown_spot,9.659118757045533,requires_human_review,unreviewed,none,../segmentation_annotations/masks/train/narrow_brown_spot/narrow_brown%20%28151%29.jpg.png,,metadata/train/narrow_brown_spot/narrow_brown (151).jpg.json
0,train/narrow_brown_spot/narrow_brown (152).jpg,train,narrow_brown_spot,3.6293346219859695,requires_human_review,unreviewed,none,../segmentation_annotations/masks/train/narrow_brown_spot/narrow_brown%20%28152%29.jpg.png,,metadata/train/narrow_brown_spot/narrow_brown (152).jpg.json
0,train/narrow_brown_spot/narrow_brown (154).jpg,train,narrow_brown_spot,24.703748847994767,requires_human_review,unreviewed,none,../segmentation_annotations/masks/train/narrow_brown_spot/narrow_brown%20%28154%29.jpg.png,,metadata/train/narrow_brown_spot/narrow_brown (154).jpg.json
0,train/narrow_brown_spot/narrow_brown (155).jpg,train,narrow_brown_spot,39.68485987488363,requires_human_review,unreviewed,none,../segmentation_annotations/masks/train/narrow_brown_spot/narrow_brown%20%28155%29.jpg.png,,metadata/train/narrow_brown_spot/narrow_brown (155).jpg.json
0,train/narrow_brown_spot/narrow_brown (157).jpg,validation,narrow_brown_spot,5.916701209292267,requires_human_review,unreviewed,none,../segmentation_annotations/masks/validation/narrow_brown_spot/narrow_brown%20%28157%29.jpg.png,,metadata/validation/narrow_brown_spot/narrow_brown (157).jpg.json
0,train/narrow_brown_spot/narrow_brown (158).jpg,validation,narrow_brown_spot,5.816946699234331,requires_human_review,unreviewed,none,../segmentation_annotations/masks/validation/narrow_brown_spot/narrow_brown%20%28158%29.jpg.png,,metadata/validation/narrow_brown_spot/narrow_brown (158).jpg.json
0,train/narrow_brown_spot/narrow_brown (159).jpg,train,narrow_brown_spot,3.8542145314758987,requires_human_review,unreviewed,none,../segmentation_annotations/masks/train/narrow_brown_spot/narrow_brown%20%28159%29.jpg.png,,metadata/train/narrow_brown_spot/narrow_brown (159).jpg.json
0,train/narrow_brown_spot/narrow_brown (16).jpg,train,narrow_brown_spot,10.163144958225079,requires_human_review,unreviewed,none,../segmentation_annotations/masks/train/narrow_brown_spot/narrow_brown%20%2816%29.jpg.png,,metadata/train/narrow_brown_spot/narrow_brown (16).jpg.json
0,train/narrow_brown_spot/narrow_brown (160).jpg,train,narrow_brown_spot,5.658306751338855,requires_human_review,unreviewed,none,../segmentation_annotations/masks/train/narrow_brown_spot/narrow_brown%20%28160%29.jpg.png,,metadata/train/narrow_brown_spot/narrow_brown (160).jpg.json
0,train/narrow_brown_spot/narrow_brown (161).jpg,validation,narrow_brown_spot,1.6924427826875141,requires_human_review,unreviewed,none,../segmentation_annotations/masks/validation/narrow_brown_spot/narrow_brown%20%28161%29.jpg.png,,metadata/validation/narrow_brown_spot/narrow_brown (161).jpg.json
0,train/narrow_brown_spot/narrow_brown (162).jpg,train,narrow_brown_spot,9.44452770549205,requires_human_review,unreviewed,none,../segmentation_annotations/masks/train/narrow_brown_spot/narrow_brown%20%28162%29.jpg.png,,metadata/train/narrow_brown_spot/narrow_brown (162).jpg.json
0,train/narrow_brown_spot/narrow_brown (163).jpg,train,narrow_brown_spot,10.42150244830669,requires_human_review,unreviewed,none,../segmentation_annotations/masks/train/narrow_brown_spot/narrow_brown%20%28163%29.jpg.png,,metadata/train/narrow_brown_spot/narrow_brown (163).jpg.json
0,train/narrow_brown_spot/narrow_brown (164).jpg,validation,narrow_brown_spot,11.38926529018626,requires_human_review,unreviewed,none,../segmentation_annotations/masks/validation/narrow_brown_spot/narrow_brown%20%28164%29.jpg.png,,metadata/validation/narrow_brown_spot/narrow_brown (164).jpg.json
0,train/narrow_brown_spot/narrow_brown (165).jpg,validation,narrow_brown_spot,5.955436840267354,requires_human_review,unreviewed,none,../segmentation_annotations/masks/validation/narrow_brown_spot/narrow_brown%20%28165%29.jpg.png,,metadata/validation/narrow_brown_spot/narrow_brown (165).jpg.json
0,train/narrow_brown_spot/narrow_brown (169).jpg,train,narrow_brown_spot,8.035357570914902,requires_human_review,unreviewed,none,../segmentation_annotations/masks/train/narrow_brown_spot/narrow_brown%20%28169%29.jpg.png,,metadata/train/narrow_brown_spot/narrow_brown (169).jpg.json
0,train/narrow_brown_spot/narrow_brown (17).jpg,train,narrow_brown_spot,3.4316925621273446,requires_human_review,unreviewed,none,../segmentation_annotations/masks/train/narrow_brown_spot/narrow_brown%20%2817%29.jpg.png,,metadata/train/narrow_brown_spot/narrow_brown (17).jpg.json
0,train/narrow_brown_spot/narrow_brown (170).jpg,train,narrow_brown_spot,7.7613628331094935,requires_human_review,unreviewed,none,../segmentation_annotations/masks/train/narrow_brown_spot/narrow_brown%20%28170%29.jpg.png,,metadata/train/narrow_brown_spot/narrow_brown (170).jpg.json
0,train/narrow_brown_spot/narrow_brown (171).jpg,train,narrow_brown_spot,21.071576579243384,requires_human_review,unreviewed,none,../segmentation_annotations/masks/train/narrow_brown_spot/narrow_brown%20%28171%29.jpg.png,,metadata/train/narrow_brown_spot/narrow_brown (171).jpg.json
0,train/narrow_brown_spot/narrow_brown (172).jpg,train,narrow_brown_spot,20.298908480268683,requires_human_review,unreviewed,none,../segmentation_annotations/masks/train/narrow_brown_spot/narrow_brown%20%28172%29.jpg.png,,metadata/train/narrow_brown_spot/narrow_brown (172).jpg.json
0,train/narrow_brown_spot/narrow_brown (173).jpg,train,narrow_brown_spot,18.899043623742102,requires_human_review,unreviewed,none,../segmentation_annotations/masks/train/narrow_brown_spot/narrow_brown%20%28173%29.jpg.png,,metadata/train/narrow_brown_spot/narrow_brown (173).jpg.json
0,train/narrow_brown_spot/narrow_brown (175).jpg,train,narrow_brown_spot,3.981247615067323,requires_human_review,unreviewed,none,../segmentation_annotations/masks/train/narrow_brown_spot/narrow_brown%20%28175%29.jpg.png,,metadata/train/narrow_brown_spot/narrow_brown (175).jpg.json
0,train/narrow_brown_spot/narrow_brown (176).jpg,train,narrow_brown_spot,18.824820722962095,requires_human_review,unreviewed,none,../segmentation_annotations/masks/train/narrow_brown_spot/narrow_brown%20%28176%29.jpg.png,,metadata/train/narrow_brown_spot/narrow_brown (176).jpg.json
0,train/narrow_brown_spot/narrow_brown (177).jpg,train,narrow_brown_spot,20.520167511571522,requires_human_review,unreviewed,none,../segmentation_annotations/masks/train/narrow_brown_spot/narrow_brown%20%28177%29.jpg.png,,metadata/train/narrow_brown_spot/narrow_brown (177).jpg.json
0,train/narrow_brown_spot/narrow_brown (178).jpg,train,narrow_brown_spot,11.800758690974975,requires_human_review,unreviewed,none,../segmentation_annotations/masks/train/narrow_brown_spot/narrow_brown%20%28178%29.jpg.png,,metadata/train/narrow_brown_spot/narrow_brown (178).jpg.json
0,train/narrow_brown_spot/narrow_brown (179).jpg,train,narrow_brown_spot,9.60209331596264,requires_human_review,unreviewed,none,../segmentation_annotations/masks/train/narrow_brown_spot/narrow_brown%20%28179%29.jpg.png,,metadata/train/narrow_brown_spot/narrow_brown (179).jpg.json
0,train/narrow_brown_spot/narrow_brown (18).jpg,validation,narrow_brown_spot,7.1441261914479846,requires_human_review,unreviewed,none,../segmentation_annotations/masks/validation/narrow_brown_spot/narrow_brown%20%2818%29.jpg.png,,metadata/validation/narrow_brown_spot/narrow_brown (18).jpg.json
0,train/narrow_brown_spot/narrow_brown (180).jpg,train,narrow_brown_spot,9.631649709648814,requires_human_review,reviewed,ai_visual,../segmentation_annotations/masks/train/narrow_brown_spot/narrow_brown%20%28180%29.jpg.png,../boundary_review_20261010/index.html,metadata/train/narrow_brown_spot/narrow_brown (180).jpg.json
0,train/narrow_brown_spot/narrow_brown (182).jpg,train,narrow_brown_spot,9.32412364954156,requires_human_review,unreviewed,none,../segmentation_annotations/masks/train/narrow_brown_spot/narrow_brown%20%28182%29.jpg.png,,metadata/train/narrow_brown_spot/narrow_brown (182).jpg.json
0,train/narrow_brown_spot/narrow_brown (183).jpg,train,narrow_brown_spot,9.651662478604464,requires_human_review,unreviewed,none,../segmentation_annotations/masks/train/narrow_brown_spot/narrow_brown%20%28183%29.jpg.png,,metadata/train/narrow_brown_spot/narrow_brown (183).jpg.json
0,train/narrow_brown_spot/narrow_brown (185).jpg,train,narrow_brown_spot,10.513260552919629,requires_human_review,unreviewed,none,../segmentation_annotations/masks/train/narrow_brown_spot/narrow_brown%20%28185%29.jpg.png,,metadata/train/narrow_brown_spot/narrow_brown (185).jpg.json
0,train/narrow_brown_spot/narrow_brown (186).jpg,train,narrow_brown_spot,3.910313021293298,requires_human_review,unreviewed,none,../segmentation_annotations/masks/train/narrow_brown_spot/narrow_brown%20%28186%29.jpg.png,,metadata/train/narrow_brown_spot/narrow_brown (186).jpg.json
0,train/narrow_brown_spot/narrow_brown (187).jpg,train,narrow_brown_spot,9.560752994865943,requires_human_review,unreviewed,none,../segmentation_annotations/masks/train/narrow_brown_spot/narrow_brown%20%28187%29.jpg.png,,metadata/train/narrow_brown_spot/narrow_brown (187).jpg.json
0,train/narrow_brown_spot/narrow_brown (188).jpg,validation,narrow_brown_spot,10.045595476928689,requires_human_review,unreviewed,none,../segmentation_annotations/masks/validation/narrow_brown_spot/narrow_brown%20%28188%29.jpg.png,,metadata/validation/narrow_brown_spot/narrow_brown (188).jpg.json
0,train/narrow_brown_spot/narrow_brown (189).jpg,train,narrow_brown_spot,1.7677677845485864,requires_human_review,unreviewed,none,../segmentation_annotations/masks/train/narrow_brown_spot/narrow_brown%20%28189%29.jpg.png,,metadata/train/narrow_brown_spot/narrow_brown (189).jpg.json
0,train/narrow_brown_spot/narrow_brown (190).jpg,train,narrow_brown_spot,1.3939325162656984,requires_human_review,unreviewed,none,../segmentation_annotations/masks/train/narrow_brown_spot/narrow_brown%20%28190%29.jpg.png,,metadata/train/narrow_brown_spot/narrow_brown (190).jpg.json
0,train/narrow_brown_spot/narrow_brown (191).jpg,train,narrow_brown_spot,1.643827102948945,requires_human_review,unreviewed,none,../segmentation_annotations/masks/train/narrow_brown_spot/narrow_brown%20%28191%29.jpg.png,,metadata/train/narrow_brown_spot/narrow_brown (191).jpg.json
0,train/narrow_brown_spot/narrow_brown (192).jpg,validation,narrow_brown_spot,7.9611885339533135,requires_human_review,unreviewed,none,../segmentation_annotations/masks/validation/narrow_brown_spot/narrow_brown%20%28192%29.jpg.png,,metadata/validation/narrow_brown_spot/narrow_brown (192).jpg.json
0,train/narrow_brown_spot/narrow_brown (193).jpg,train,narrow_brown_spot,9.993576769721136,requires_human_review,unreviewed,none,../segmentation_annotations/masks/train/narrow_brown_spot/narrow_brown%20%28193%29.jpg.png,,metadata/train/narrow_brown_spot/narrow_brown (193).jpg.json
0,train/narrow_brown_spot/narrow_brown (194).jpg,train,narrow_brown_spot,8.877766507590747,requires_human_review,unreviewed,none,../segmentation_annotations/masks/train/narrow_brown_spot/narrow_brown%20%28194%29.jpg.png,,metadata/train/narrow_brown_spot/narrow_brown (194).jpg.json
0,train/narrow_brown_spot/narrow_brown (195).jpg,train,narrow_brown_spot,8.559004955000505,requires_human_review,unreviewed,none,../segmentation_annotations/masks/train/narrow_brown_spot/narrow_brown%20%28195%29.jpg.png,,metadata/train/narrow_brown_spot/narrow_brown (195).jpg.json
0,train/narrow_brown_spot/narrow_brown (196).jpg,validation,narrow_brown_spot,9.140468278639572,requires_human_review,unreviewed,none,../segmentation_annotations/masks/validation/narrow_brown_spot/narrow_brown%20%28196%29.jpg.png,,metadata/validation/narrow_brown_spot/narrow_brown (196).jpg.json
0,train/narrow_brown_spot/narrow_brown (197).jpg,train,narrow_brown_spot,8.236997540851739,requires_human_review,unreviewed,none,../segmentation_annotations/masks/train/narrow_brown_spot/narrow_brown%20%28197%29.jpg.png,,metadata/train/narrow_brown_spot/narrow_brown (197).jpg.json
0,train/narrow_brown_spot/narrow_brown (198).jpg,train,narrow_brown_spot,9.95846266888599,requires_human_review,unreviewed,none,../segmentation_annotations/masks/train/narrow_brown_spot/narrow_brown%20%28198%29.jpg.png,,metadata/train/narrow_brown_spot/narrow_brown (198).jpg.json
0,train/narrow_brown_spot/narrow_brown (199).jpg,validation,narrow_brown_spot,8.841363717053937,requires_human_review,unreviewed,none,../segmentation_annotations/masks/validation/narrow_brown_spot/narrow_brown%20%28199%29.jpg.png,,metadata/validation/narrow_brown_spot/narrow_brown (199).jpg.json
0,train/narrow_brown_spot/narrow_brown (20).jpg,train,narrow_brown_spot,17.98085609061219,requires_human_review,unreviewed,none,../segmentation_annotations/masks/train/narrow_brown_spot/narrow_brown%20%2820%29.jpg.png,,metadata/train/narrow_brown_spot/narrow_brown (20).jpg.json
0,train/narrow_brown_spot/narrow_brown (200).jpg,train,narrow_brown_spot,1.7908175828439676,requires_human_review,unreviewed,none,../segmentation_annotations/masks/train/narrow_brown_spot/narrow_brown%20%28200%29.jpg.png,,metadata/train/narrow_brown_spot/narrow_brown (200).jpg.json
0,train/narrow_brown_spot/narrow_brown (201).jpg,validation,narrow_brown_spot,1.682204670033234,requires_human_review,unreviewed,none,../segmentation_annotations/masks/validation/narrow_brown_spot/narrow_brown%20%28201%29.jpg.png,,metadata/validation/narrow_brown_spot/narrow_brown (201).jpg.json
0,train/narrow_brown_spot/narrow_brown (202).jpg,train,narrow_brown_spot,1.7846648007308572,requires_human_review,unreviewed,none,../segmentation_annotations/masks/train/narrow_brown_spot/narrow_brown%20%28202%29.jpg.png,,metadata/train/narrow_brown_spot/narrow_brown (202).jpg.json
0,train/narrow_brown_spot/narrow_brown (203).jpg,train,narrow_brown_spot,10.180812508112101,requires_human_review,unreviewed,none,../segmentation_annotations/masks/train/narrow_brown_spot/narrow_brown%20%28203%29.jpg.png,,metadata/train/narrow_brown_spot/narrow_brown (203).jpg.json
0,train/narrow_brown_spot/narrow_brown (204).jpg,train,narrow_brown_spot,10.6674344714018,requires_human_review,unreviewed,none,../segmentation_annotations/masks/train/narrow_brown_spot/narrow_brown%20%28204%29.jpg.png,,metadata/train/narrow_brown_spot/narrow_brown (204).jpg.json
0,train/narrow_brown_spot/narrow_brown (205).jpg,validation,narrow_brown_spot,1.7748594262577442,requires_human_review,unreviewed,none,../segmentation_annotations/masks/validation/narrow_brown_spot/narrow_brown%20%28205%29.jpg.png,,metadata/validation/narrow_brown_spot/narrow_brown (205).jpg.json
0,train/narrow_brown_spot/narrow_brown (206).jpg,train,narrow_brown_spot,4.559354537758504,requires_human_review,unreviewed,none,../segmentation_annotations/masks/train/narrow_brown_spot/narrow_brown%20%28206%29.jpg.png,,metadata/train/narrow_brown_spot/narrow_brown (206).jpg.json
0,train/narrow_brown_spot/narrow_brown (207).jpg,train,narrow_brown_spot,9.989684945113721,requires_human_review,unreviewed,none,../segmentation_annotations/masks/train/narrow_brown_spot/narrow_brown%20%28207%29.jpg.png,,metadata/train/narrow_brown_spot/narrow_brown (207).jpg.json
0,train/narrow_brown_spot/narrow_brown (208).jpg,train,narrow_brown_spot,9.710367452816692,requires_human_review,unreviewed,none,../segmentation_annotations/masks/train/narrow_brown_spot/narrow_brown%20%28208%29.jpg.png,,metadata/train/narrow_brown_spot/narrow_brown (208).jpg.json
0,train/narrow_brown_spot/narrow_brown (209).jpg,validation,narrow_brown_spot,9.291412482402627,requires_human_review,unreviewed,none,../segmentation_annotations/masks/validation/narrow_brown_spot/narrow_brown%20%28209%29.jpg.png,,metadata/validation/narrow_brown_spot/narrow_brown (209).jpg.json
0,train/narrow_brown_spot/narrow_brown (21).jpg,validation,narrow_brown_spot,1.7627322869815416,requires_human_review,unreviewed,none,../segmentation_annotations/masks/validation/narrow_brown_spot/narrow_brown%20%2821%29.jpg.png,,metadata/validation/narrow_brown_spot/narrow_brown (21).jpg.json
0,train/narrow_brown_spot/narrow_brown (210).jpg,train,narrow_brown_spot,8.091156733771843,requires_human_review,unreviewed,none,../segmentation_annotations/masks/train/narrow_brown_spot/narrow_brown%20%28210%29.jpg.png,,metadata/train/narrow_brown_spot/narrow_brown (210).jpg.json
0,train/narrow_brown_spot/narrow_brown (211).jpg,train,narrow_brown_spot,9.982240145283624,requires_human_review,unreviewed,none,../segmentation_annotations/masks/train/narrow_brown_spot/narrow_brown%20%28211%29.jpg.png,,metadata/train/narrow_brown_spot/narrow_brown (211).jpg.json
0,train/narrow_brown_spot/narrow_brown (212).jpg,train,narrow_brown_spot,9.883640072319318,requires_human_review,unreviewed,none,../segmentation_annotations/masks/train/narrow_brown_spot/narrow_brown%20%28212%29.jpg.png,,metadata/train/narrow_brown_spot/narrow_brown (212).jpg.json
0,train/narrow_brown_spot/narrow_brown (213).jpg,train,narrow_brown_spot,11.768781839829797,requires_human_review,unreviewed,none,../segmentation_annotations/masks/train/narrow_brown_spot/narrow_brown%20%28213%29.jpg.png,,metadata/train/narrow_brown_spot/narrow_brown (213).jpg.json
0,train/narrow_brown_spot/narrow_brown (214).jpg,train,narrow_brown_spot,20.450829722880734,requires_human_review,reviewed,ai_visual,../segmentation_annotations/masks/train/narrow_brown_spot/narrow_brown%20%28214%29.jpg.png,../boundary_review_20261010/index.html,metadata/train/narrow_brown_spot/narrow_brown (214).jpg.json
0,train/narrow_brown_spot/narrow_brown (215).jpg,train,narrow_brown_spot,18.024875266557153,requires_human_review,unreviewed,none,../segmentation_annotations/masks/train/narrow_brown_spot/narrow_brown%20%28215%29.jpg.png,,metadata/train/narrow_brown_spot/narrow_brown (215).jpg.json
0,train/narrow_brown_spot/narrow_brown (216).jpg,train,narrow_brown_spot,1.7627139770649825,requires_human_review,unreviewed,none,../segmentation_annotations/masks/train/narrow_brown_spot/narrow_brown%20%28216%29.jpg.png,,metadata/train/narrow_brown_spot/narrow_brown (216).jpg.json
0,train/narrow_brown_spot/narrow_brown (217).jpg,train,narrow_brown_spot,17.968383566403197,requires_human_review,unreviewed,none,../segmentation_annotations/masks/train/narrow_brown_spot/narrow_brown%20%28217%29.jpg.png,,metadata/train/narrow_brown_spot/narrow_brown (217).jpg.json
0,train/narrow_brown_spot/narrow_brown (218).jpg,train,narrow_brown_spot,19.9332550233763,requires_human_review,unreviewed,none,../segmentation_annotations/masks/train/narrow_brown_spot/narrow_brown%20%28218%29.jpg.png,,metadata/train/narrow_brown_spot/narrow_brown (218).jpg.json
0,train/narrow_brown_spot/narrow_brown (219).jpg,train,narrow_brown_spot,18.795126353790614,requires_human_review,unreviewed,none,../segmentation_annotations/masks/train/narrow_brown_spot/narrow_brown%20%28219%29.jpg.png,,metadata/train/narrow_brown_spot/narrow_brown (219).jpg.json
0,train/narrow_brown_spot/narrow_brown (22).jpg,train,narrow_brown_spot,20.499902921550394,requires_human_review,unreviewed,none,../segmentation_annotations/masks/train/narrow_brown_spot/narrow_brown%20%2822%29.jpg.png,,metadata/train/narrow_brown_spot/narrow_brown (22).jpg.json
0,train/narrow_brown_spot/narrow_brown (220).jpg,train,narrow_brown_spot,7.198451987112697,requires_human_review,unreviewed,none,../segmentation_annotations/masks/train/narrow_brown_spot/narrow_brown%20%28220%29.jpg.png,,metadata/train/narrow_brown_spot/narrow_brown (220).jpg.json
0,train/narrow_brown_spot/narrow_brown (221).jpg,train,narrow_brown_spot,3.438482715095592,requires_human_review,unreviewed,none,../segmentation_annotations/masks/train/narrow_brown_spot/narrow_brown%20%28221%29.jpg.png,,metadata/train/narrow_brown_spot/narrow_brown (221).jpg.json
0,train/narrow_brown_spot/narrow_brown (222).jpg,train,narrow_brown_spot,17.772619697797197,requires_human_review,unreviewed,none,../segmentation_annotations/masks/train/narrow_brown_spot/narrow_brown%20%28222%29.jpg.png,,metadata/train/narrow_brown_spot/narrow_brown (222).jpg.json
0,train/narrow_brown_spot/narrow_brown (223).jpg,validation,narrow_brown_spot,10.16971214017522,requires_human_review,unreviewed,none,../segmentation_annotations/masks/validation/narrow_brown_spot/narrow_brown%20%28223%29.jpg.png,,metadata/validation/narrow_brown_spot/narrow_brown (223).jpg.json
0,train/narrow_brown_spot/narrow_brown (224).jpg,train,narrow_brown_spot,5.394672073019131,requires_human_review,unreviewed,none,../segmentation_annotations/masks/train/narrow_brown_spot/narrow_brown%20%28224%29.jpg.png,,metadata/train/narrow_brown_spot/narrow_brown (224).jpg.json
0,train/narrow_brown_spot/narrow_brown (226).jpg,train,narrow_brown_spot,6.483803263613646,requires_human_review,unreviewed,none,../segmentation_annotations/masks/train/narrow_brown_spot/narrow_brown%20%28226%29.jpg.png,,metadata/train/narrow_brown_spot/narrow_brown (226).jpg.json
0,train/narrow_brown_spot/narrow_brown (227).jpg,train,narrow_brown_spot,9.544696066746127,requires_human_review,unreviewed,none,../segmentation_annotations/masks/train/narrow_brown_spot/narrow_brown%20%28227%29.jpg.png,,metadata/train/narrow_brown_spot/narrow_brown (227).jpg.json
0,train/narrow_brown_spot/narrow_brown (228).jpg,train,narrow_brown_spot,6.0604489361100375,requires_human_review,unreviewed,none,../segmentation_annotations/masks/train/narrow_brown_spot/narrow_brown%20%28228%29.jpg.png,,metadata/train/narrow_brown_spot/narrow_brown (228).jpg.json
0,train/narrow_brown_spot/narrow_brown (229).jpg,train,narrow_brown_spot,1.6878592236831746,requires_human_review,unreviewed,none,../segmentation_annotations/masks/train/narrow_brown_spot/narrow_brown%20%28229%29.jpg.png,,metadata/train/narrow_brown_spot/narrow_brown (229).jpg.json
0,train/narrow_brown_spot/narrow_brown (23).jpg,train,narrow_brown_spot,11.807181889149103,requires_human_review,unreviewed,none,../segmentation_annotations/masks/train/narrow_brown_spot/narrow_brown%20%2823%29.jpg.png,,metadata/train/narrow_brown_spot/narrow_brown (23).jpg.json
0,train/narrow_brown_spot/narrow_brown (230).jpg,validation,narrow_brown_spot,5.836062014942923,requires_human_review,unreviewed,none,../segmentation_annotations/masks/validation/narrow_brown_spot/narrow_brown%20%28230%29.jpg.png,,metadata/validation/narrow_brown_spot/narrow_brown (230).jpg.json
0,train/narrow_brown_spot/narrow_brown (232).jpg,validation,narrow_brown_spot,5.968888539125416,requires_human_review,unreviewed,none,../segmentation_annotations/masks/validation/narrow_brown_spot/narrow_brown%20%28232%29.jpg.png,,metadata/validation/narrow_brown_spot/narrow_brown (232).jpg.json
0,train/narrow_brown_spot/narrow_brown (233).jpg,train,narrow_brown_spot,4.420986785518806,requires_human_review,unreviewed,none,../segmentation_annotations/masks/train/narrow_brown_spot/narrow_brown%20%28233%29.jpg.png,,metadata/train/narrow_brown_spot/narrow_brown (233).jpg.json
0,train/narrow_brown_spot/narrow_brown (234).jpg,train,narrow_brown_spot,5.925017421602788,requires_human_review,unreviewed,none,../segmentation_annotations/masks/train/narrow_brown_spot/narrow_brown%20%28234%29.jpg.png,,metadata/train/narrow_brown_spot/narrow_brown (234).jpg.json
0,train/narrow_brown_spot/narrow_brown (236).jpg,train,narrow_brown_spot,39.68690019193858,requires_human_review,unreviewed,none,../segmentation_annotations/masks/train/narrow_brown_spot/narrow_brown%20%28236%29.jpg.png,,metadata/train/narrow_brown_spot/narrow_brown (236).jpg.json
0,train/narrow_brown_spot/narrow_brown (24).jpg,train,narrow_brown_spot,11.583971647421974,requires_human_review,unreviewed,none,../segmentation_annotations/masks/train/narrow_brown_spot/narrow_brown%20%2824%29.jpg.png,,metadata/train/narrow_brown_spot/narrow_brown (24).jpg.json
0,train/narrow_brown_spot/narrow_brown (240).jpg,train,narrow_brown_spot,8.784672967476201,requires_human_review,unreviewed,none,../segmentation_annotations/masks/train/narrow_brown_spot/narrow_brown%20%28240%29.jpg.png,,metadata/train/narrow_brown_spot/narrow_brown (240).jpg.json
0,train/narrow_brown_spot/narrow_brown (242).jpg,train,narrow_brown_spot,10.371132724730135,requires_human_review,unreviewed,none,../segmentation_annotations/masks/train/narrow_brown_spot/narrow_brown%20%28242%29.jpg.png,,metadata/train/narrow_brown_spot/narrow_brown (242).jpg.json
0,train/narrow_brown_spot/narrow_brown (244).jpg,validation,narrow_brown_spot,1.7703555765197057,requires_human_review,reviewed,ai_visual,../segmentation_annotations/masks/validation/narrow_brown_spot/narrow_brown%20%28244%29.jpg.png,../boundary_review_20261010/index.html,metadata/validation/narrow_brown_spot/narrow_brown (244).jpg.json
0,train/narrow_brown_spot/narrow_brown (245).jpg,validation,narrow_brown_spot,10.096810654086196,requires_human_review,unreviewed,none,../segmentation_annotations/masks/validation/narrow_brown_spot/narrow_brown%20%28245%29.jpg.png,,metadata/validation/narrow_brown_spot/narrow_brown (245).jpg.json
0,train/narrow_brown_spot/narrow_brown (246).jpg,train,narrow_brown_spot,4.019183478173786,requires_human_review,unreviewed,none,../segmentation_annotations/masks/train/narrow_brown_spot/narrow_brown%20%28246%29.jpg.png,,metadata/train/narrow_brown_spot/narrow_brown (246).jpg.json
0,train/narrow_brown_spot/narrow_brown (250).jpg,train,narrow_brown_spot,4.255211110264808,requires_human_review,unreviewed,none,../segmentation_annotations/masks/train/narrow_brown_spot/narrow_brown%20%28250%29.jpg.png,,metadata/train/narrow_brown_spot/narrow_brown (250).jpg.json
0,train/narrow_brown_spot/narrow_brown (252).jpg,train,narrow_brown_spot,24.72327125927855,requires_human_review,unreviewed,none,../segmentation_annotations/masks/train/narrow_brown_spot/narrow_brown%20%28252%29.jpg.png,,metadata/train/narrow_brown_spot/narrow_brown (252).jpg.json
0,train/narrow_brown_spot/narrow_brown (253).jpg,train,narrow_brown_spot,9.495982468955441,requires_human_review,unreviewed,none,../segmentation_annotations/masks/train/narrow_brown_spot/narrow_brown%20%28253%29.jpg.png,,metadata/train/narrow_brown_spot/narrow_brown (253).jpg.json
0,train/narrow_brown_spot/narrow_brown (255).jpg,train,narrow_brown_spot,9.417815546027915,requires_human_review,reviewed,ai_visual,../segmentation_annotations/masks/train/narrow_brown_spot/narrow_brown%20%28255%29.jpg.png,../boundary_review_20261010/index.html,metadata/train/narrow_brown_spot/narrow_brown (255).jpg.json
0,train/narrow_brown_spot/narrow_brown (258).jpg,train,narrow_brown_spot,8.203346174769354,requires_human_review,unreviewed,none,../segmentation_annotations/masks/train/narrow_brown_spot/narrow_brown%20%28258%29.jpg.png,,metadata/train/narrow_brown_spot/narrow_brown (258).jpg.json
0,train/narrow_brown_spot/narrow_brown (259).jpg,train,narrow_brown_spot,7.973281771840393,requires_human_review,unreviewed,none,../segmentation_annotations/masks/train/narrow_brown_spot/narrow_brown%20%28259%29.jpg.png,,metadata/train/narrow_brown_spot/narrow_brown (259).jpg.json
0,train/narrow_brown_spot/narrow_brown (26).jpg,train,narrow_brown_spot,8.084981996465727,requires_human_review,unreviewed,none,../segmentation_annotations/masks/train/narrow_brown_spot/narrow_brown%20%2826%29.jpg.png,,metadata/train/narrow_brown_spot/narrow_brown (26).jpg.json
0,train/narrow_brown_spot/narrow_brown (260).jpg,train,narrow_brown_spot,10.190765326929176,requires_human_review,unreviewed,none,../segmentation_annotations/masks/train/narrow_brown_spot/narrow_brown%20%28260%29.jpg.png,,metadata/train/narrow_brown_spot/narrow_brown (260).jpg.json
0,train/narrow_brown_spot/narrow_brown (261).jpg,validation,narrow_brown_spot,8.328554717067687,requires_human_review,unreviewed,none,../segmentation_annotations/masks/validation/narrow_brown_spot/narrow_brown%20%28261%29.jpg.png,,metadata/validation/narrow_brown_spot/narrow_brown (261).jpg.json
0,train/narrow_brown_spot/narrow_brown (263).jpg,train,narrow_brown_spot,10.746907649083544,requires_human_review,unreviewed,none,../segmentation_annotations/masks/train/narrow_brown_spot/narrow_brown%20%28263%29.jpg.png,,metadata/train/narrow_brown_spot/narrow_brown (263).jpg.json
0,train/narrow_brown_spot/narrow_brown (264).jpg,validation,narrow_brown_spot,12.193940802727413,requires_human_review,unreviewed,none,../segmentation_annotations/masks/validation/narrow_brown_spot/narrow_brown%20%28264%29.jpg.png,,metadata/validation/narrow_brown_spot/narrow_brown (264).jpg.json
0,train/narrow_brown_spot/narrow_brown (266).jpg,train,narrow_brown_spot,5.047783590474695,requires_human_review,unreviewed,none,../segmentation_annotations/masks/train/narrow_brown_spot/narrow_brown%20%28266%29.jpg.png,,metadata/train/narrow_brown_spot/narrow_brown (266).jpg.json
0,train/narrow_brown_spot/narrow_brown (268).jpg,validation,narrow_brown_spot,1.9112582781456953,requires_human_review,unreviewed,none,../segmentation_annotations/masks/validation/narrow_brown_spot/narrow_brown%20%28268%29.jpg.png,,metadata/validation/narrow_brown_spot/narrow_brown (268).jpg.json
0,train/narrow_brown_spot/narrow_brown (269).jpg,train,narrow_brown_spot,1.7735985196736765,requires_human_review,unreviewed,none,../segmentation_annotations/masks/train/narrow_brown_spot/narrow_brown%20%28269%29.jpg.png,,metadata/train/narrow_brown_spot/narrow_brown (269).jpg.json
0,train/narrow_brown_spot/narrow_brown (27).jpg,train,narrow_brown_spot,9.28524661719773,requires_human_review,unreviewed,none,../segmentation_annotations/masks/train/narrow_brown_spot/narrow_brown%20%2827%29.jpg.png,,metadata/train/narrow_brown_spot/narrow_brown (27).jpg.json
0,train/narrow_brown_spot/narrow_brown (270).jpg,validation,narrow_brown_spot,5.407633631566873,requires_human_review,unreviewed,none,../segmentation_annotations/masks/validation/narrow_brown_spot/narrow_brown%20%28270%29.jpg.png,,metadata/validation/narrow_brown_spot/narrow_brown (270).jpg.json
0,train/narrow_brown_spot/narrow_brown (271).jpg,validation,narrow_brown_spot,10.180033695098539,requires_human_review,unreviewed,none,../segmentation_annotations/masks/validation/narrow_brown_spot/narrow_brown%20%28271%29.jpg.png,,metadata/validation/narrow_brown_spot/narrow_brown (271).jpg.json
0,train/narrow_brown_spot/narrow_brown (273).jpg,train,narrow_brown_spot,11.402865261861999,requires_human_review,unreviewed,none,../segmentation_annotations/masks/train/narrow_brown_spot/narrow_brown%20%28273%29.jpg.png,,metadata/train/narrow_brown_spot/narrow_brown (273).jpg.json
0,train/narrow_brown_spot/narrow_brown (275).jpg,train,narrow_brown_spot,12.500556602793404,requires_human_review,unreviewed,none,../segmentation_annotations/masks/train/narrow_brown_spot/narrow_brown%20%28275%29.jpg.png,,metadata/train/narrow_brown_spot/narrow_brown (275).jpg.json
0,train/narrow_brown_spot/narrow_brown (278).jpg,validation,narrow_brown_spot,4.423536471672436,requires_human_review,unreviewed,none,../segmentation_annotations/masks/validation/narrow_brown_spot/narrow_brown%20%28278%29.jpg.png,,metadata/validation/narrow_brown_spot/narrow_brown (278).jpg.json
0,train/narrow_brown_spot/narrow_brown (279).jpg,train,narrow_brown_spot,4.488499828355647,requires_human_review,unreviewed,none,../segmentation_annotations/masks/train/narrow_brown_spot/narrow_brown%20%28279%29.jpg.png,,metadata/train/narrow_brown_spot/narrow_brown (279).jpg.json
0,train/narrow_brown_spot/narrow_brown (28).jpg,train,narrow_brown_spot,9.72598299073262,requires_human_review,unreviewed,none,../segmentation_annotations/masks/train/narrow_brown_spot/narrow_brown%20%2828%29.jpg.png,,metadata/train/narrow_brown_spot/narrow_brown (28).jpg.json
0,train/narrow_brown_spot/narrow_brown (280).jpg,train,narrow_brown_spot,5.193779856488977,requires_human_review,unreviewed,none,../segmentation_annotations/masks/train/narrow_brown_spot/narrow_brown%20%28280%29.jpg.png,,metadata/train/narrow_brown_spot/narrow_brown (280).jpg.json
0,train/narrow_brown_spot/narrow_brown (281).jpg,train,narrow_brown_spot,5.246498826196066,requires_human_review,unreviewed,none,../segmentation_annotations/masks/train/narrow_brown_spot/narrow_brown%20%28281%29.jpg.png,,metadata/train/narrow_brown_spot/narrow_brown (281).jpg.json
0,train/narrow_brown_spot/narrow_brown (282).jpg,train,narrow_brown_spot,5.7392224279291195,requires_human_review,unreviewed,none,../segmentation_annotations/masks/train/narrow_brown_spot/narrow_brown%20%28282%29.jpg.png,,metadata/train/narrow_brown_spot/narrow_brown (282).jpg.json
0,train/narrow_brown_spot/narrow_brown (283).jpg,train,narrow_brown_spot,10.266247787446597,requires_human_review,unreviewed,none,../segmentation_annotations/masks/train/narrow_brown_spot/narrow_brown%20%28283%29.jpg.png,,metadata/train/narrow_brown_spot/narrow_brown (283).jpg.json
0,train/narrow_brown_spot/narrow_brown (284).jpg,train,narrow_brown_spot,8.13815605622314,requires_human_review,unreviewed,none,../segmentation_annotations/masks/train/narrow_brown_spot/narrow_brown%20%28284%29.jpg.png,,metadata/train/narrow_brown_spot/narrow_brown (284).jpg.json
0,train/narrow_brown_spot/narrow_brown (286).jpg,train,narrow_brown_spot,9.574918497819551,requires_human_review,unreviewed,none,../segmentation_annotations/masks/train/narrow_brown_spot/narrow_brown%20%28286%29.jpg.png,,metadata/train/narrow_brown_spot/narrow_brown (286).jpg.json
0,train/narrow_brown_spot/narrow_brown (287).jpg,train,narrow_brown_spot,9.487871465779646,requires_human_review,unreviewed,none,../segmentation_annotations/masks/train/narrow_brown_spot/narrow_brown%20%28287%29.jpg.png,,metadata/train/narrow_brown_spot/narrow_brown (287).jpg.json
0,train/narrow_brown_spot/narrow_brown (288).jpg,validation,narrow_brown_spot,9.863186854041192,requires_human_review,unreviewed,none,../segmentation_annotations/masks/validation/narrow_brown_spot/narrow_brown%20%28288%29.jpg.png,,metadata/validation/narrow_brown_spot/narrow_brown (288).jpg.json
0,train/narrow_brown_spot/narrow_brown (29).jpg,train,narrow_brown_spot,9.9674627987087,requires_human_review,unreviewed,none,../segmentation_annotations/masks/train/narrow_brown_spot/narrow_brown%20%2829%29.jpg.png,,metadata/train/narrow_brown_spot/narrow_brown (29).jpg.json
0,train/narrow_brown_spot/narrow_brown (290).jpg,train,narrow_brown_spot,11.363419521038068,requires_human_review,unreviewed,none,../segmentation_annotations/masks/train/narrow_brown_spot/narrow_brown%20%28290%29.jpg.png,,metadata/train/narrow_brown_spot/narrow_brown (290).jpg.json
0,train/narrow_brown_spot/narrow_brown (292).jpg,train,narrow_brown_spot,8.004783788868284,requires_human_review,unreviewed,none,../segmentation_annotations/masks/train/narrow_brown_spot/narrow_brown%20%28292%29.jpg.png,,metadata/train/narrow_brown_spot/narrow_brown (292).jpg.json
0,train/narrow_brown_spot/narrow_brown (293).jpg,validation,narrow_brown_spot,10.299908175493751,requires_human_review,unreviewed,none,../segmentation_annotations/masks/validation/narrow_brown_spot/narrow_brown%20%28293%29.jpg.png,,metadata/validation/narrow_brown_spot/narrow_brown (293).jpg.json
0,train/narrow_brown_spot/narrow_brown (295).jpg,train,narrow_brown_spot,11.315967995242033,requires_human_review,unreviewed,none,../segmentation_annotations/masks/train/narrow_brown_spot/narrow_brown%20%28295%29.jpg.png,,metadata/train/narrow_brown_spot/narrow_brown (295).jpg.json
0,train/narrow_brown_spot/narrow_brown (296).jpg,train,narrow_brown_spot,9.744610382704607,requires_human_review,unreviewed,none,../segmentation_annotations/masks/train/narrow_brown_spot/narrow_brown%20%28296%29.jpg.png,,metadata/train/narrow_brown_spot/narrow_brown (296).jpg.json
0,train/narrow_brown_spot/narrow_brown (297).jpg,train,narrow_brown_spot,9.697578745721195,requires_human_review,unreviewed,none,../segmentation_annotations/masks/train/narrow_brown_spot/narrow_brown%20%28297%29.jpg.png,,metadata/train/narrow_brown_spot/narrow_brown (297).jpg.json
0,train/narrow_brown_spot/narrow_brown (298).jpg,train,narrow_brown_spot,9.578105976390875,requires_human_review,reviewed,ai_visual,../segmentation_annotations/masks/train/narrow_brown_spot/narrow_brown%20%28298%29.jpg.png,../boundary_review_20261010/index.html,metadata/train/narrow_brown_spot/narrow_brown (298).jpg.json
0,train/narrow_brown_spot/narrow_brown (299).jpg,train,narrow_brown_spot,10.266247787446597,requires_human_review,unreviewed,none,../segmentation_annotations/masks/train/narrow_brown_spot/narrow_brown%20%28299%29.jpg.png,,metadata/train/narrow_brown_spot/narrow_brown (299).jpg.json
0,train/narrow_brown_spot/narrow_brown (30).jpg,train,narrow_brown_spot,4.565910288414197,requires_human_review,unreviewed,none,../segmentation_annotations/masks/train/narrow_brown_spot/narrow_brown%20%2830%29.jpg.png,,metadata/train/narrow_brown_spot/narrow_brown (30).jpg.json
0,train/narrow_brown_spot/narrow_brown (300).jpg,train,narrow_brown_spot,5.7438120488456255,requires_human_review,unreviewed,none,../segmentation_annotations/masks/train/narrow_brown_spot/narrow_brown%20%28300%29.jpg.png,,metadata/train/narrow_brown_spot/narrow_brown (300).jpg.json
0,train/narrow_brown_spot/narrow_brown (301).jpg,train,narrow_brown_spot,4.084884068871259,requires_human_review,unreviewed,none,../segmentation_annotations/masks/train/narrow_brown_spot/narrow_brown%20%28301%29.jpg.png,,metadata/train/narrow_brown_spot/narrow_brown (301).jpg.json
0,train/narrow_brown_spot/narrow_brown (302).jpg,train,narrow_brown_spot,5.251398457042476,requires_human_review,unreviewed,none,../segmentation_annotations/masks/train/narrow_brown_spot/narrow_brown%20%28302%29.jpg.png,,metadata/train/narrow_brown_spot/narrow_brown (302).jpg.json
0,train/narrow_brown_spot/narrow_brown (303).jpg,train,narrow_brown_spot,5.201722914563825,requires_human_review,unreviewed,none,../segmentation_annotations/masks/train/narrow_brown_spot/narrow_brown%20%28303%29.jpg.png,,metadata/train/narrow_brown_spot/narrow_brown (303).jpg.json
0,train/narrow_brown_spot/narrow_brown (304).jpg,validation,narrow_brown_spot,4.48449737152666,requires_human_review,unreviewed,none,../segmentation_annotations/masks/validation/narrow_brown_spot/narrow_brown%20%28304%29.jpg.png,,metadata/validation/narrow_brown_spot/narrow_brown (304).jpg.json
0,train/narrow_brown_spot/narrow_brown (305).jpg,train,narrow_brown_spot,4.430203399275564,requires_human_review,unreviewed,none,../segmentation_annotations/masks/train/narrow_brown_spot/narrow_brown%20%28305%29.jpg.png,,metadata/train/narrow_brown_spot/narrow_brown (305).jpg.json
0,train/narrow_brown_spot/narrow_brown (306).jpg,train,narrow_brown_spot,1.6038289838417388,requires_human_review,unreviewed,none,../segmentation_annotations/masks/train/narrow_brown_spot/narrow_brown%20%28306%29.jpg.png,,metadata/train/narrow_brown_spot/narrow_brown (306).jpg.json
0,train/narrow_brown_spot/narrow_brown (307).jpg,train,narrow_brown_spot,1.56445319898481,requires_human_review,unreviewed,none,../segmentation_annotations/masks/train/narrow_brown_spot/narrow_brown%20%28307%29.jpg.png,,metadata/train/narrow_brown_spot/narrow_brown (307).jpg.json
0,train/narrow_brown_spot/narrow_brown (308).jpg,train,narrow_brown_spot,4.731265458921051,requires_human_review,unreviewed,none,../segmentation_annotations/masks/train/narrow_brown_spot/narrow_brown%20%28308%29.jpg.png,,metadata/train/narrow_brown_spot/narrow_brown (308).jpg.json
0,train/narrow_brown_spot/narrow_brown (309).jpg,train,narrow_brown_spot,12.512060085199863,requires_human_review,unreviewed,none,../segmentation_annotations/masks/train/narrow_brown_spot/narrow_brown%20%28309%29.jpg.png,,metadata/train/narrow_brown_spot/narrow_brown (309).jpg.json
0,train/narrow_brown_spot/narrow_brown (31).jpg,validation,narrow_brown_spot,1.7789577437919304,requires_human_review,unreviewed,none,../segmentation_annotations/masks/validation/narrow_brown_spot/narrow_brown%20%2831%29.jpg.png,,metadata/validation/narrow_brown_spot/narrow_brown (31).jpg.json
0,train/narrow_brown_spot/narrow_brown (310).jpg,train,narrow_brown_spot,9.516598718695398,requires_human_review,unreviewed,none,../segmentation_annotations/masks/train/narrow_brown_spot/narrow_brown%20%28310%29.jpg.png,,metadata/train/narrow_brown_spot/narrow_brown (310).jpg.json
0,train/narrow_brown_spot/narrow_brown (312).jpg,train,narrow_brown_spot,11.383011915101738,requires_human_review,unreviewed,none,../segmentation_annotations/masks/train/narrow_brown_spot/narrow_brown%20%28312%29.jpg.png,,metadata/train/narrow_brown_spot/narrow_brown (312).jpg.json
0,train/narrow_brown_spot/narrow_brown (313).jpg,train,narrow_brown_spot,10.059142728588544,requires_human_review,unreviewed,none,../segmentation_annotations/masks/train/narrow_brown_spot/narrow_brown%20%28313%29.jpg.png,,metadata/train/narrow_brown_spot/narrow_brown (313).jpg.json
0,train/narrow_brown_spot/narrow_brown (314).jpg,train,narrow_brown_spot,8.847407905677477,requires_human_review,unreviewed,none,../segmentation_annotations/masks/train/narrow_brown_spot/narrow_brown%20%28314%29.jpg.png,,metadata/train/narrow_brown_spot/narrow_brown (314).jpg.json
0,train/narrow_brown_spot/narrow_brown (315).jpg,train,narrow_brown_spot,10.075028894939956,requires_human_review,unreviewed,none,../segmentation_annotations/masks/train/narrow_brown_spot/narrow_brown%20%28315%29.jpg.png,,metadata/train/narrow_brown_spot/narrow_brown (315).jpg.json
0,train/narrow_brown_spot/narrow_brown (316).jpg,validation,narrow_brown_spot,5.411179376151525,requires_human_review,unreviewed,none,../segmentation_annotations/masks/validation/narrow_brown_spot/narrow_brown%20%28316%29.jpg.png,,metadata/validation/narrow_brown_spot/narrow_brown (316).jpg.json
0,train/narrow_brown_spot/narrow_brown (317).jpg,train,narrow_brown_spot,10.344195097054085,requires_human_review,unreviewed,none,../segmentation_annotations/masks/train/narrow_brown_spot/narrow_brown%20%28317%29.jpg.png,,metadata/train/narrow_brown_spot/narrow_brown (317).jpg.json
0,train/narrow_brown_spot/narrow_brown (319).jpg,train,narrow_brown_spot,1.9164674485288762,requires_human_review,unreviewed,none,../segmentation_annotations/masks/train/narrow_brown_spot/narrow_brown%20%28319%29.jpg.png,,metadata/train/narrow_brown_spot/narrow_brown (319).jpg.json
0,train/narrow_brown_spot/narrow_brown (320).jpg,train,narrow_brown_spot,2.2554101469234658,requires_human_review,unreviewed,none,../segmentation_annotations/masks/train/narrow_brown_spot/narrow_brown%20%28320%29.jpg.png,,metadata/train/narrow_brown_spot/narrow_brown (320).jpg.json
0,train/narrow_brown_spot/narrow_brown (321).jpg,train,narrow_brown_spot,5.053824499510687,requires_human_review,unreviewed,none,../segmentation_annotations/masks/train/narrow_brown_spot/narrow_brown%20%28321%29.jpg.png,,metadata/train/narrow_brown_spot/narrow_brown (321).jpg.json
0,train/narrow_brown_spot/narrow_brown (322).jpg,train,narrow_brown_spot,12.189562320001032,requires_human_review,unreviewed,none,../segmentation_annotations/masks/train/narrow_brown_spot/narrow_brown%20%28322%29.jpg.png,,metadata/train/narrow_brown_spot/narrow_brown (322).jpg.json
0,train/narrow_brown_spot/narrow_brown (323).jpg,train,narrow_brown_spot,10.750909289963142,requires_human_review,unreviewed,none,../segmentation_annotations/masks/train/narrow_brown_spot/narrow_brown%20%28323%29.jpg.png,,metadata/train/narrow_brown_spot/narrow_brown (323).jpg.json
0,train/narrow_brown_spot/narrow_brown (324).jpg,validation,narrow_brown_spot,12.305921783197723,requires_human_review,unreviewed,none,../segmentation_annotations/masks/validation/narrow_brown_spot/narrow_brown%20%28324%29.jpg.png,,metadata/validation/narrow_brown_spot/narrow_brown (324).jpg.json
0,train/narrow_brown_spot/narrow_brown (325).jpg,validation,narrow_brown_spot,8.322629478416442,requires_human_review,unreviewed,none,../segmentation_annotations/masks/validation/narrow_brown_spot/narrow_brown%20%28325%29.jpg.png,,metadata/validation/narrow_brown_spot/narrow_brown (325).jpg.json
0,train/narrow_brown_spot/narrow_brown (326).jpg,validation,narrow_brown_spot,12.292348123799497,requires_human_review,unreviewed,none,../segmentation_annotations/masks/validation/narrow_brown_spot/narrow_brown%20%28326%29.jpg.png,,metadata/validation/narrow_brown_spot/narrow_brown (326).jpg.json
0,train/narrow_brown_spot/narrow_brown (327).jpg,train,narrow_brown_spot,8.222052016384161,requires_human_review,unreviewed,none,../segmentation_annotations/masks/train/narrow_brown_spot/narrow_brown%20%28327%29.jpg.png,,metadata/train/narrow_brown_spot/narrow_brown (327).jpg.json
0,train/narrow_brown_spot/narrow_brown (328).jpg,train,narrow_brown_spot,10.344195097054085,requires_human_review,unreviewed,none,../segmentation_annotations/masks/train/narrow_brown_spot/narrow_brown%20%28328%29.jpg.png,,metadata/train/narrow_brown_spot/narrow_brown (328).jpg.json
0,train/narrow_brown_spot/narrow_brown (329).jpg,train,narrow_brown_spot,5.162441272936796,requires_human_review,unreviewed,none,../segmentation_annotations/masks/train/narrow_brown_spot/narrow_brown%20%28329%29.jpg.png,,metadata/train/narrow_brown_spot/narrow_brown (329).jpg.json
0,train/narrow_brown_spot/narrow_brown (33).jpg,train,narrow_brown_spot,4.447258322567397,requires_human_review,unreviewed,none,../segmentation_annotations/masks/train/narrow_brown_spot/narrow_brown%20%2833%29.jpg.png,,metadata/train/narrow_brown_spot/narrow_brown (33).jpg.json
0,train/narrow_brown_spot/narrow_brown (331).jpg,train,narrow_brown_spot,9.410888801410307,requires_human_review,reviewed,ai_visual,../segmentation_annotations/masks/train/narrow_brown_spot/narrow_brown%20%28331%29.jpg.png,../boundary_review_20261010/index.html,metadata/train/narrow_brown_spot/narrow_brown (331).jpg.json
0,train/narrow_brown_spot/narrow_brown (332).jpg,train,narrow_brown_spot,11.349391349391349,requires_human_review,unreviewed,none,../segmentation_annotations/masks/train/narrow_brown_spot/narrow_brown%20%28332%29.jpg.png,,metadata/train/narrow_brown_spot/narrow_brown (332).jpg.json
0,train/narrow_brown_spot/narrow_brown (333).jpg,train,narrow_brown_spot,8.874139321382048,requires_human_review,unreviewed,none,../segmentation_annotations/masks/train/narrow_brown_spot/narrow_brown%20%28333%29.jpg.png,,metadata/train/narrow_brown_spot/narrow_brown (333).jpg.json
0,train/narrow_brown_spot/narrow_brown (335).jpg,train,narrow_brown_spot,24.768458221180286,requires_human_review,unreviewed,none,../segmentation_annotations/masks/train/narrow_brown_spot/narrow_brown%20%28335%29.jpg.png,,metadata/train/narrow_brown_spot/narrow_brown (335).jpg.json
0,train/narrow_brown_spot/narrow_brown (337).jpg,train,narrow_brown_spot,4.2537796564987245,requires_human_review,unreviewed,none,../segmentation_annotations/masks/train/narrow_brown_spot/narrow_brown%20%28337%29.jpg.png,,metadata/train/narrow_brown_spot/narrow_brown (337).jpg.json
0,train/narrow_brown_spot/narrow_brown (338).jpg,train,narrow_brown_spot,4.387006022242736,requires_human_review,unreviewed,none,../segmentation_annotations/masks/train/narrow_brown_spot/narrow_brown%20%28338%29.jpg.png,,metadata/train/narrow_brown_spot/narrow_brown (338).jpg.json
0,train/narrow_brown_spot/narrow_brown (339).jpg,train,narrow_brown_spot,1.992628151544824,requires_human_review,unreviewed,none,../segmentation_annotations/masks/train/narrow_brown_spot/narrow_brown%20%28339%29.jpg.png,,metadata/train/narrow_brown_spot/narrow_brown (339).jpg.json
0,train/narrow_brown_spot/narrow_brown (340).jpg,train,narrow_brown_spot,4.314599955866811,requires_human_review,unreviewed,none,../segmentation_annotations/masks/train/narrow_brown_spot/narrow_brown%20%28340%29.jpg.png,,metadata/train/narrow_brown_spot/narrow_brown (340).jpg.json
0,train/narrow_brown_spot/narrow_brown (343).jpg,validation,narrow_brown_spot,10.11814661188543,requires_human_review,unreviewed,none,../segmentation_annotations/masks/validation/narrow_brown_spot/narrow_brown%20%28343%29.jpg.png,,metadata/validation/narrow_brown_spot/narrow_brown (343).jpg.json
0,train/narrow_brown_spot/narrow_brown (344).jpg,train,narrow_brown_spot,1.8752464835020375,requires_human_review,unreviewed,none,../segmentation_annotations/masks/train/narrow_brown_spot/narrow_brown%20%28344%29.jpg.png,,metadata/train/narrow_brown_spot/narrow_brown (344).jpg.json
0,train/narrow_brown_spot/narrow_brown (345).jpg,train,narrow_brown_spot,1.771163649500261,requires_human_review,unreviewed,none,../segmentation_annotations/masks/train/narrow_brown_spot/narrow_brown%20%28345%29.jpg.png,,metadata/train/narrow_brown_spot/narrow_brown (345).jpg.json
0,train/narrow_brown_spot/narrow_brown (346).jpg,validation,narrow_brown_spot,5.150693422174014,requires_human_review,unreviewed,none,../segmentation_annotations/masks/validation/narrow_brown_spot/narrow_brown%20%28346%29.jpg.png,,metadata/validation/narrow_brown_spot/narrow_brown (346).jpg.json
0,train/narrow_brown_spot/narrow_brown (347).jpg,train,narrow_brown_spot,10.372919170732091,requires_human_review,unreviewed,none,../segmentation_annotations/masks/train/narrow_brown_spot/narrow_brown%20%28347%29.jpg.png,,metadata/train/narrow_brown_spot/narrow_brown (347).jpg.json
0,train/narrow_brown_spot/narrow_brown (350).jpg,validation,narrow_brown_spot,3.717315215153387,requires_human_review,unreviewed,none,../segmentation_annotations/masks/validation/narrow_brown_spot/narrow_brown%20%28350%29.jpg.png,,metadata/validation/narrow_brown_spot/narrow_brown (350).jpg.json
0,train/narrow_brown_spot/narrow_brown (36).jpg,train,narrow_brown_spot,1.7810801689727804,requires_human_review,unreviewed,none,../segmentation_annotations/masks/train/narrow_brown_spot/narrow_brown%20%2836%29.jpg.png,,metadata/train/narrow_brown_spot/narrow_brown (36).jpg.json
0,train/narrow_brown_spot/narrow_brown (38).jpg,train,narrow_brown_spot,1.6818054326954195,requires_human_review,unreviewed,none,../segmentation_annotations/masks/train/narrow_brown_spot/narrow_brown%20%2838%29.jpg.png,,metadata/train/narrow_brown_spot/narrow_brown (38).jpg.json
0,train/narrow_brown_spot/narrow_brown (4).jpg,train,narrow_brown_spot,39.70931383428609,requires_human_review,unreviewed,none,../segmentation_annotations/masks/train/narrow_brown_spot/narrow_brown%20%284%29.jpg.png,,metadata/train/narrow_brown_spot/narrow_brown (4).jpg.json
0,train/narrow_brown_spot/narrow_brown (40).jpg,train,narrow_brown_spot,9.97540455015822,requires_human_review,unreviewed,none,../segmentation_annotations/masks/train/narrow_brown_spot/narrow_brown%20%2840%29.jpg.png,,metadata/train/narrow_brown_spot/narrow_brown (40).jpg.json
0,train/narrow_brown_spot/narrow_brown (41).jpg,train,narrow_brown_spot,8.29656186799044,requires_human_review,unreviewed,none,../segmentation_annotations/masks/train/narrow_brown_spot/narrow_brown%20%2841%29.jpg.png,,metadata/train/narrow_brown_spot/narrow_brown (41).jpg.json
0,train/narrow_brown_spot/narrow_brown (42).jpg,train,narrow_brown_spot,8.859169385848002,requires_human_review,unreviewed,none,../segmentation_annotations/masks/train/narrow_brown_spot/narrow_brown%20%2842%29.jpg.png,,metadata/train/narrow_brown_spot/narrow_brown (42).jpg.json
0,train/narrow_brown_spot/narrow_brown (43).jpg,train,narrow_brown_spot,8.006390551690664,requires_human_review,unreviewed,none,../segmentation_annotations/masks/train/narrow_brown_spot/narrow_brown%20%2843%29.jpg.png,,metadata/train/narrow_brown_spot/narrow_brown (43).jpg.json
0,train/narrow_brown_spot/narrow_brown (45).jpg,validation,narrow_brown_spot,10.03419093576469,requires_human_review,unreviewed,none,../segmentation_annotations/masks/validation/narrow_brown_spot/narrow_brown%20%2845%29.jpg.png,,metadata/validation/narrow_brown_spot/narrow_brown (45).jpg.json
0,train/narrow_brown_spot/narrow_brown (46).jpg,train,narrow_brown_spot,8.004783788868284,requires_human_review,unreviewed,none,../segmentation_annotations/masks/train/narrow_brown_spot/narrow_brown%20%2846%29.jpg.png,,metadata/train/narrow_brown_spot/narrow_brown (46).jpg.json
0,train/narrow_brown_spot/narrow_brown (47).jpg,train,narrow_brown_spot,1.6032811334824757,requires_human_review,unreviewed,none,../segmentation_annotations/masks/train/narrow_brown_spot/narrow_brown%20%2847%29.jpg.png,,metadata/train/narrow_brown_spot/narrow_brown (47).jpg.json
0,train/narrow_brown_spot/narrow_brown (50).jpg,train,narrow_brown_spot,9.568450896864181,requires_human_review,unreviewed,none,../segmentation_annotations/masks/train/narrow_brown_spot/narrow_brown%20%2850%29.jpg.png,,metadata/train/narrow_brown_spot/narrow_brown (50).jpg.json
0,train/narrow_brown_spot/narrow_brown (51).jpg,train,narrow_brown_spot,3.847946616947157,requires_human_review,unreviewed,none,../segmentation_annotations/masks/train/narrow_brown_spot/narrow_brown%20%2851%29.jpg.png,,metadata/train/narrow_brown_spot/narrow_brown (51).jpg.json
0,train/narrow_brown_spot/narrow_brown (52).jpg,validation,narrow_brown_spot,10.503462204270052,requires_human_review,unreviewed,none,../segmentation_annotations/masks/validation/narrow_brown_spot/narrow_brown%20%2852%29.jpg.png,,metadata/validation/narrow_brown_spot/narrow_brown (52).jpg.json
0,train/narrow_brown_spot/narrow_brown (54).jpg,train,narrow_brown_spot,4.537348920150585,requires_human_review,unreviewed,none,../segmentation_annotations/masks/train/narrow_brown_spot/narrow_brown%20%2854%29.jpg.png,,metadata/train/narrow_brown_spot/narrow_brown (54).jpg.json
0,train/narrow_brown_spot/narrow_brown (56).jpg,train,narrow_brown_spot,8.265461450339751,requires_human_review,unreviewed,none,../segmentation_annotations/masks/train/narrow_brown_spot/narrow_brown%20%2856%29.jpg.png,,metadata/train/narrow_brown_spot/narrow_brown (56).jpg.json
0,train/narrow_brown_spot/narrow_brown (57).jpg,train,narrow_brown_spot,9.441953639225412,requires_human_review,unreviewed,none,../segmentation_annotations/masks/train/narrow_brown_spot/narrow_brown%20%2857%29.jpg.png,,metadata/train/narrow_brown_spot/narrow_brown (57).jpg.json
0,train/narrow_brown_spot/narrow_brown (58).jpg,validation,narrow_brown_spot,9.391703847682997,requires_human_review,unreviewed,none,../segmentation_annotations/masks/validation/narrow_brown_spot/narrow_brown%20%2858%29.jpg.png,,metadata/validation/narrow_brown_spot/narrow_brown (58).jpg.json
0,train/narrow_brown_spot/narrow_brown (59).jpg,train,narrow_brown_spot,11.16125708397733,requires_human_review,reviewed,ai_visual,../segmentation_annotations/masks/train/narrow_brown_spot/narrow_brown%20%2859%29.jpg.png,../boundary_review_20261010/index.html,metadata/train/narrow_brown_spot/narrow_brown (59).jpg.json
0,train/narrow_brown_spot/narrow_brown (60).jpg,validation,narrow_brown_spot,11.470325842219296,requires_human_review,unreviewed,none,../segmentation_annotations/masks/validation/narrow_brown_spot/narrow_brown%20%2860%29.jpg.png,,metadata/validation/narrow_brown_spot/narrow_brown (60).jpg.json
0,train/narrow_brown_spot/narrow_brown (61).jpg,train,narrow_brown_spot,20.255284146825105,requires_human_review,unreviewed,none,../segmentation_annotations/masks/train/narrow_brown_spot/narrow_brown%20%2861%29.jpg.png,,metadata/train/narrow_brown_spot/narrow_brown (61).jpg.json
0,train/narrow_brown_spot/narrow_brown (62).jpg,train,narrow_brown_spot,3.928710928629175,requires_human_review,unreviewed,none,../segmentation_annotations/masks/train/narrow_brown_spot/narrow_brown%20%2862%29.jpg.png,,metadata/train/narrow_brown_spot/narrow_brown (62).jpg.json
0,train/narrow_brown_spot/narrow_brown (63).jpg,train,narrow_brown_spot,18.67051085233584,requires_human_review,unreviewed,none,../segmentation_annotations/masks/train/narrow_brown_spot/narrow_brown%20%2863%29.jpg.png,,metadata/train/narrow_brown_spot/narrow_brown (63).jpg.json
0,train/narrow_brown_spot/narrow_brown (65).jpg,validation,narrow_brown_spot,20.817210408605206,requires_human_review,unreviewed,none,../segmentation_annotations/masks/validation/narrow_brown_spot/narrow_brown%20%2865%29.jpg.png,,metadata/validation/narrow_brown_spot/narrow_brown (65).jpg.json
0,train/narrow_brown_spot/narrow_brown (66).jpg,train,narrow_brown_spot,7.645724541927825,requires_human_review,unreviewed,none,../segmentation_annotations/masks/train/narrow_brown_spot/narrow_brown%20%2866%29.jpg.png,,metadata/train/narrow_brown_spot/narrow_brown (66).jpg.json
0,train/narrow_brown_spot/narrow_brown (67).jpg,train,narrow_brown_spot,2.950401881983925,requires_human_review,unreviewed,none,../segmentation_annotations/masks/train/narrow_brown_spot/narrow_brown%20%2867%29.jpg.png,,metadata/train/narrow_brown_spot/narrow_brown (67).jpg.json
0,train/narrow_brown_spot/narrow_brown (68).jpg,train,narrow_brown_spot,8.086199585962637,requires_human_review,unreviewed,none,../segmentation_annotations/masks/train/narrow_brown_spot/narrow_brown%20%2868%29.jpg.png,,metadata/train/narrow_brown_spot/narrow_brown (68).jpg.json
0,train/narrow_brown_spot/narrow_brown (69).jpg,train,narrow_brown_spot,17.16489231658258,requires_human_review,unreviewed,none,../segmentation_annotations/masks/train/narrow_brown_spot/narrow_brown%20%2869%29.jpg.png,,metadata/train/narrow_brown_spot/narrow_brown (69).jpg.json
0,train/narrow_brown_spot/narrow_brown (7).jpg,validation,narrow_brown_spot,5.970110106854532,requires_human_review,unreviewed,none,../segmentation_annotations/masks/validation/narrow_brown_spot/narrow_brown%20%287%29.jpg.png,,metadata/validation/narrow_brown_spot/narrow_brown (7).jpg.json
0,train/narrow_brown_spot/narrow_brown (70).jpg,train,narrow_brown_spot,1.6322233708589802,requires_human_review,unreviewed,none,../segmentation_annotations/masks/train/narrow_brown_spot/narrow_brown%20%2870%29.jpg.png,,metadata/train/narrow_brown_spot/narrow_brown (70).jpg.json
0,train/narrow_brown_spot/narrow_brown (72).jpg,train,narrow_brown_spot,11.374772826612068,requires_human_review,unreviewed,none,../segmentation_annotations/masks/train/narrow_brown_spot/narrow_brown%20%2872%29.jpg.png,,metadata/train/narrow_brown_spot/narrow_brown (72).jpg.json
0,train/narrow_brown_spot/narrow_brown (74).jpg,train,narrow_brown_spot,9.28089428123509,requires_human_review,unreviewed,none,../segmentation_annotations/masks/train/narrow_brown_spot/narrow_brown%20%2874%29.jpg.png,,metadata/train/narrow_brown_spot/narrow_brown (74).jpg.json
0,train/narrow_brown_spot/narrow_brown (75).jpg,train,narrow_brown_spot,5.938147084363102,requires_human_review,unreviewed,none,../segmentation_annotations/masks/train/narrow_brown_spot/narrow_brown%20%2875%29.jpg.png,,metadata/train/narrow_brown_spot/narrow_brown (75).jpg.json
0,train/narrow_brown_spot/narrow_brown (79).jpg,validation,narrow_brown_spot,5.861697491015847,requires_human_review,unreviewed,none,../segmentation_annotations/masks/validation/narrow_brown_spot/narrow_brown%20%2879%29.jpg.png,,metadata/validation/narrow_brown_spot/narrow_brown (79).jpg.json
0,train/narrow_brown_spot/narrow_brown (80).jpg,train,narrow_brown_spot,3.794517784700899,requires_human_review,unreviewed,none,../segmentation_annotations/masks/train/narrow_brown_spot/narrow_brown%20%2880%29.jpg.png,,metadata/train/narrow_brown_spot/narrow_brown (80).jpg.json
0,train/narrow_brown_spot/narrow_brown (81).jpg,train,narrow_brown_spot,39.7016093953893,requires_human_review,unreviewed,none,../segmentation_annotations/masks/train/narrow_brown_spot/narrow_brown%20%2881%29.jpg.png,,metadata/train/narrow_brown_spot/narrow_brown (81).jpg.json
0,train/narrow_brown_spot/narrow_brown (82).jpg,train,narrow_brown_spot,24.65063151068779,requires_human_review,unreviewed,none,../segmentation_annotations/masks/train/narrow_brown_spot/narrow_brown%20%2882%29.jpg.png,,metadata/train/narrow_brown_spot/narrow_brown (82).jpg.json
0,train/narrow_brown_spot/narrow_brown (84).jpg,train,narrow_brown_spot,3.749764968169975,requires_human_review,unreviewed,none,../segmentation_annotations/masks/train/narrow_brown_spot/narrow_brown%20%2884%29.jpg.png,,metadata/train/narrow_brown_spot/narrow_brown (84).jpg.json
0,train/narrow_brown_spot/narrow_brown (85).jpg,train,narrow_brown_spot,3.6074482804607664,requires_human_review,unreviewed,none,../segmentation_annotations/masks/train/narrow_brown_spot/narrow_brown%20%2885%29.jpg.png,,metadata/train/narrow_brown_spot/narrow_brown (85).jpg.json
0,train/narrow_brown_spot/narrow_brown (86).jpg,train,narrow_brown_spot,9.450247658280613,requires_human_review,unreviewed,none,../segmentation_annotations/masks/train/narrow_brown_spot/narrow_brown%20%2886%29.jpg.png,,metadata/train/narrow_brown_spot/narrow_brown (86).jpg.json
0,train/narrow_brown_spot/narrow_brown (87).jpg,train,narrow_brown_spot,9.949968448571171,requires_human_review,unreviewed,none,../segmentation_annotations/masks/train/narrow_brown_spot/narrow_brown%20%2887%29.jpg.png,,metadata/train/narrow_brown_spot/narrow_brown (87).jpg.json
0,train/narrow_brown_spot/narrow_brown (88).jpg,train,narrow_brown_spot,10.05063382919844,requires_human_review,unreviewed,none,../segmentation_annotations/masks/train/narrow_brown_spot/narrow_brown%20%2888%29.jpg.png,,metadata/train/narrow_brown_spot/narrow_brown (88).jpg.json
0,train/narrow_brown_spot/narrow_brown (89).jpg,train,narrow_brown_spot,5.124615653825963,requires_human_review,unreviewed,none,../segmentation_annotations/masks/train/narrow_brown_spot/narrow_brown%20%2889%29.jpg.png,,metadata/train/narrow_brown_spot/narrow_brown (89).jpg.json
0,train/narrow_brown_spot/narrow_brown (9).jpg,train,narrow_brown_spot,5.850212134644437,requires_human_review,unreviewed,none,../segmentation_annotations/masks/train/narrow_brown_spot/narrow_brown%20%289%29.jpg.png,,metadata/train/narrow_brown_spot/narrow_brown (9).jpg.json
0,train/narrow_brown_spot/narrow_brown (90).jpg,train,narrow_brown_spot,1.4628199918732223,requires_human_review,unreviewed,none,../segmentation_annotations/masks/train/narrow_brown_spot/narrow_brown%20%2890%29.jpg.png,,metadata/train/narrow_brown_spot/narrow_brown (90).jpg.json
0,train/narrow_brown_spot/narrow_brown (91).jpg,train,narrow_brown_spot,1.6259854097691935,requires_human_review,unreviewed,none,../segmentation_annotations/masks/train/narrow_brown_spot/narrow_brown%20%2891%29.jpg.png,,metadata/train/narrow_brown_spot/narrow_brown (91).jpg.json
0,train/narrow_brown_spot/narrow_brown (92).jpg,train,narrow_brown_spot,3.753688908083207,requires_human_review,unreviewed,none,../segmentation_annotations/masks/train/narrow_brown_spot/narrow_brown%20%2892%29.jpg.png,,metadata/train/narrow_brown_spot/narrow_brown (92).jpg.json
0,train/narrow_brown_spot/narrow_brown (95).jpg,validation,narrow_brown_spot,3.85183583756711,requires_human_review,unreviewed,none,../segmentation_annotations/masks/validation/narrow_brown_spot/narrow_brown%20%2895%29.jpg.png,,metadata/validation/narrow_brown_spot/narrow_brown (95).jpg.json
0,train/narrow_brown_spot/narrow_brown (96).jpg,train,narrow_brown_spot,3.5258513819003867,requires_human_review,unreviewed,none,../segmentation_annotations/masks/train/narrow_brown_spot/narrow_brown%20%2896%29.jpg.png,,metadata/train/narrow_brown_spot/narrow_brown (96).jpg.json
0,train/narrow_brown_spot/narrow_brown (97).jpg,train,narrow_brown_spot,1.352161659770942,requires_human_review,unreviewed,none,../segmentation_annotations/masks/train/narrow_brown_spot/narrow_brown%20%2897%29.jpg.png,,metadata/train/narrow_brown_spot/narrow_brown (97).jpg.json
