path,class_name,label,original_split,sha256,pixel_sha256,split
train/bacterial_leaf_blight/bacterial_leaf_blight (1).JPG,bacterial_leaf_blight,0,train,4c26c0e7607ec51bae6715e1c8e2fdc2c552a57850ef421bb87183fc2248d0fc,cc680482c5967065b50e35210cb2f3413067562fb0d71d47881f5a792b0becf0,train
train/bacterial_leaf_blight/bacterial_leaf_blight (101).JPG,bacterial_leaf_blight,0,train,b3e8338ae9bf7511d50c3cdfaef2855f42788aea700cf548873a0204a6530fc1,7011e151a2e0949f958a19774c7ca578219460bab0d21de824d83b23656c5ccd,train
train/bacterial_leaf_blight/bacterial_leaf_blight (102).JPG,bacterial_leaf_blight,0,train,c8f7368d7dfcedde752c40f21f5b2f77e35932f8053b91d5146364b32d8c5be9,ef5fc2e060866b976718857ce2f9906492c4fc700436fb1531699ff67ebb1fe9,train
train/bacterial_leaf_blight/bacterial_leaf_blight (103).JPG,bacterial_leaf_blight,0,train,ee5063705458f3a3b89a12071f79862498915f51e995af7541a718c86083464a,cd3db8cbd0a26dc9b8b8701ba13ed10006c80a2d55d4ba03090c389a5bd4610f,train
train/bacterial_leaf_blight/bacterial_leaf_blight (104).JPG,bacterial_leaf_blight,0,train,d05b5d4c04ea2f2b2b35c0ec836e07dada4ac30d8d440e6f3a937ac454fe4b28,c2f27ee23b53d1f0dcc7b2060e6a9fc2e0fa65da76eb04aa8a57b829b353c1c3,train
train/bacterial_leaf_blight/bacterial_leaf_blight (105).JPG,bacterial_leaf_blight,0,train,f49e8c5e2383f30d367c18cf227a204781a4c00056a99a5fc7ed0abf3465c887,b4fb67df13d292036489e93ac393526365a76a4deec98352c6ab502516f029e0,train
train/bacterial_leaf_blight/bacterial_leaf_blight (106).JPG,bacterial_leaf_blight,0,train,e8304408147ce86c617913708d6d1c7c6399baf5c5c5d5b826b4362e78fedb18,11b832ff3de8797865605c183e4343244c9c402e57a14351488a698dd558ba8b,train
train/bacterial_leaf_blight/bacterial_leaf_blight (107).JPG,bacterial_leaf_blight,0,train,77b7027c8586ef8ea8ac514d03891cdf872c1a51cfff8f091b474c36bb2319d8,3c15c5655875d913b8e6b15214d44382e3633f370a47d27dfa4b3f110caef46d,train
train/bacterial_leaf_blight/bacterial_leaf_blight (108).jpg,bacterial_leaf_blight,0,train,bb1256557059b1ec481632a8f2191adc9016e10a7f1bb640adfdbceb96f0b7e0,489886ff8a8f015d414c715807dea225de724f6971f725c4f378de04e278aa89,train
train/bacterial_leaf_blight/bacterial_leaf_blight (109).jpg,bacterial_leaf_blight,0,train,d3644e8f25a8472ef0a8c9208b0ad8b63f1bbb478aecaa5b353d51f5cfa60ded,9dbb93000d571dc58ec2f661a2b7a9a1977ec4520a1b377e732162e6851d8053,train
train/bacterial_leaf_blight/bacterial_leaf_blight (11).JPG,bacterial_leaf_blight,0,train,ea870216d832741514613ccc7109f0663d910ad73d64911a41a0bf09aeeef976,f6c7eb474f92835b862a9865f3d2b871dbb2047a15921fe7059613fa81d625ea,train
train/bacterial_leaf_blight/bacterial_leaf_blight (110).jpg,bacterial_leaf_blight,0,train,5d51008a7c4c45169dd7a43105da8a7cba484c4d53ce0ea9736add6bf14d1c33,f282a08d3426d58fc898890f303ea9b1fc26fdd1fc1f382c7b506ef733edd2c6,train
train/bacterial_leaf_blight/bacterial_leaf_blight (111).JPG,bacterial_leaf_blight,0,train,90edc39e4d08c6296e56a1f765fdfdae06049aca7341b4ef5cdabe66122f3f5e,02893b840cd309dc17772f8c8a58dbfd5db19aea58f043215333254f0462be70,train
train/bacterial_leaf_blight/bacterial_leaf_blight (113).jpg,bacterial_leaf_blight,0,train,4f88d7936dd9c392dc4d71f72ad5d6eabb9a1a34cf6adb8eab87db2942127163,14f7ffed7e26ce288acc5e4e89814df43ed0d9249efa224871b89171f6d2f710,train
train/bacterial_leaf_blight/bacterial_leaf_blight (114).JPG,bacterial_leaf_blight,0,train,2a3ed315de36bf466710d1e1d183de803e3fbb0be01800e1a3b7a2ebc706162b,a9213c50f3611ac1e188eae78a6c2b334e442c0d4691f559713326b48879910e,train
train/bacterial_leaf_blight/bacterial_leaf_blight (116).JPG,bacterial_leaf_blight,0,train,194658a706fd227e3f3cf0808bdb233c7cb67a0a2ded4fafa46dc0926c90fa29,2220f0b9df055d35638abdf4ec47a0fffb951990da5f4d9051e6616d5990641b,train
train/bacterial_leaf_blight/bacterial_leaf_blight (117).JPG,bacterial_leaf_blight,0,train,92e81d0fc3568eb16dd42301c6b14c8194988f5feafb0a62a96d97ef9c77d404,0d148c7aaca8c40da9c86dacdf12f816dbc86f8aca8ce1d603a3e998d8b5a638,train
train/bacterial_leaf_blight/bacterial_leaf_blight (118).JPG,bacterial_leaf_blight,0,train,516cc71965fd509568c0be24b915ae84e327600ba42607ca18b1755590625526,ec7907f04994c6743f2f6eb87fdd2b3f7a4dfe9e9a91cfd6ba92cc51e4614cb2,train
train/bacterial_leaf_blight/bacterial_leaf_blight (120).JPG,bacterial_leaf_blight,0,train,20f6fc6179c845756f037e808465dd342a0cb28dcec7219359b6924b6e9ab0f7,bf4425fd3c117d4ba92d724c4b3780390f9290229ddabcae51effd395f36615a,train
train/bacterial_leaf_blight/bacterial_leaf_blight (121).JPG,bacterial_leaf_blight,0,train,121bc59392a8e6ea60a210d007526ecb35251a11a58a7814ed88a673af99f8ff,939a88b0eef6a9b82f7871314ba9245567f03a42c2a92c38cea288b17b7e69f6,train
train/bacterial_leaf_blight/bacterial_leaf_blight (122).JPG,bacterial_leaf_blight,0,train,83b6ea4a229249502b962a42d4db8511e366c0a3929d9e0c88a1bf1f4297846b,dbb47f796f94cb77f39ba9d602b9be8205f494f006b4e23924cd5f5600d11f05,train
train/bacterial_leaf_blight/bacterial_leaf_blight (123).JPG,bacterial_leaf_blight,0,train,5ea8a45d167f673be170f27c4097feb87583685790955d58c7d1ca9e5d2565a6,56fe852032f7bbeb10425bdbec519033368f156cefa775ce4920f6dcab5f1c16,train
train/bacterial_leaf_blight/bacterial_leaf_blight (124).jpg,bacterial_leaf_blight,0,train,6ed086829f039ba45c9ae4b74f6d6982350cb956b12786345883dd1c1cb55305,2cd42c03d732aff09f4df090531949ea862363c9faf3fddbb2ff46529941708a,train
train/bacterial_leaf_blight/bacterial_leaf_blight (126).JPG,bacterial_leaf_blight,0,train,f33dae3190e7cd277cdef7d62ccd18023828638428d1d0570baec837fcaa3fae,7eddecbfa8d6d78728ec6dd78133d7fca14eae046eb725c64e8c9fc63b953bfc,train
train/bacterial_leaf_blight/bacterial_leaf_blight (127).JPG,bacterial_leaf_blight,0,train,a3e216996a28fc577fe3b3e7b3f2d850951b8fbc03180e80814b52ad96cd6fba,53feab54eaca0ccf352581f6a5cbc5795208ec7c5c3e6230911bb5baaa10f4dc,train
train/bacterial_leaf_blight/bacterial_leaf_blight (128).JPG,bacterial_leaf_blight,0,train,3bf52bd891bcbcf9048c0be7b2882def49e5f05eec21f5bac949dc74670f871f,472cd5bda40602876e497da99282b17b3da672db3af2d557fc27edb2e1be48b9,train
train/bacterial_leaf_blight/bacterial_leaf_blight (13).JPG,bacterial_leaf_blight,0,train,bd170db3f9a89afc656a88c730d46cdcc67a18bc4a992db50b588e2386cfc0b8,ae40a9382eef2c7825ab3aa7216ff57c753a3df6d214d21dbeaaa5b9515cceda,train
train/bacterial_leaf_blight/bacterial_leaf_blight (130).JPG,bacterial_leaf_blight,0,train,1f710e20568322e82370e46e5b7662c64887c4133342391617fd38c295b43320,76a0819fa7e2ca14d8cf82c12c9efc0cd9333f726e1a890c5815fc0f61b1a568,train
train/bacterial_leaf_blight/bacterial_leaf_blight (131).JPG,bacterial_leaf_blight,0,train,e7369597747c35bd562a05250c59581eadf07d8c6bf4d5ba76479d05b6c5200f,00ab94b4f6cfe74b76786dda29528f160fe1adfac79d84d7a35478f2ef8b3a20,train
train/bacterial_leaf_blight/bacterial_leaf_blight (132).JPG,bacterial_leaf_blight,0,train,8e8ab7bae85e01fe3607aa9faf49f14e4ad7cfa2d1db7f7c39322f4911acb80f,2ea023c59ca56888ffb99689084bc41d3d884aac2f5493bebcf31ed333e49cec,train
train/bacterial_leaf_blight/bacterial_leaf_blight (135).JPG,bacterial_leaf_blight,0,train,d17b16aa7b212ae57166a4d5ba8a46b0593ccb44bfadc74f0ce5e3b08de09e9b,8bd903e113da77701fdd08a5a7121395a9868434ae45d098b916c0db3e638cf8,train
train/bacterial_leaf_blight/bacterial_leaf_blight (138).JPG,bacterial_leaf_blight,0,train,0564796cbe72344a64b27569912438b5ea0488ea4f54a7f72659cfc6fba822fd,acf95bb4bbe52da057feed3ccb6bbe42fbd51f0bc2d65de272681eaf0d930526,train
train/bacterial_leaf_blight/bacterial_leaf_blight (139).JPG,bacterial_leaf_blight,0,train,05e0a5967f7c811ecc6513ea21bfb8379c39b097d5ed67ec35211402ad63c058,a40cd27d92678464ba79d0bca6820cbf157b404aac0ba818ff0baa5abf1bfd10,train
train/bacterial_leaf_blight/bacterial_leaf_blight (140).JPG,bacterial_leaf_blight,0,train,dc1e9aa0c1d54c2d05fdffc88d23ff2a026caab54ff61de791f21c8ccc7693e9,eb21f1727ea5a419e886e91a7b16ac83edd60731d223f0a194276103c4145c7b,train
train/bacterial_leaf_blight/bacterial_leaf_blight (141).JPG,bacterial_leaf_blight,0,train,30fcc4352b683b99a1a2d384e40c61d15a4d5c53e6486ecbd9ee794130fb7ea9,564e850f61cd99fe7d2332b04a85618ca6cbc7d715810a3941f11098b5d43914,train
train/bacterial_leaf_blight/bacterial_leaf_blight (143).JPG,bacterial_leaf_blight,0,train,3b5ba3ec5f2fe06d6be6f8794b1177970a36a571dc503f885e38d271afbe70bc,858ff6771e964b26abfb663d4ea0fa122466012e8c2c8520c6052a96a0b0de13,train
train/bacterial_leaf_blight/bacterial_leaf_blight (144).JPG,bacterial_leaf_blight,0,train,1df3bf1a8960f41b8a6615aa3404a2db2974ea599efde4d76a1aba60c940dc1a,11cbc07507162d412c1e440e8092142616d00ed9afa4808898e9549263d2246b,train
train/bacterial_leaf_blight/bacterial_leaf_blight (145).JPG,bacterial_leaf_blight,0,train,538201673ec307cfeda32f9abee8aa35a5dc22de52f5a841387509d069753dc7,ca2eaf76180ab165004c7b0bfc5eaeb82381d965de2d4bb3b079f14b1d54ca09,train
train/bacterial_leaf_blight/bacterial_leaf_blight (146).JPG,bacterial_leaf_blight,0,train,b076e7e1ade8bc80bd1c0e59d5ba9124c915c788e2364b7ce8801d3490e7b025,7b586af9884c3e58174c6ebc738bb18247a3102f4f825b56071c2d7c5347a044,train
train/bacterial_leaf_blight/bacterial_leaf_blight (148).JPG,bacterial_leaf_blight,0,train,53c2559801826f623b60f3a2036896b3a12a3c58442eaaae97bd6637b140e104,bb352d5b9bc5f52ec03fd19ddb0a2eb1c816625894f5d25f9ff7f7a07a894774,train
train/bacterial_leaf_blight/bacterial_leaf_blight (149).JPG,bacterial_leaf_blight,0,train,b6531748b00715154cd1e29dbdd3f0755c5f8cbabb986bc825a10715646de280,c5f5815c9a674c8ee9ad4f248929e5747ba7141b4690af9c0b438c6e161cf830,train
train/bacterial_leaf_blight/bacterial_leaf_blight (15).JPG,bacterial_leaf_blight,0,train,1e57d9bc852f11da5f370b86547ae516645a636b2994c0d55860b21d53498abf,7b245917893546173913cbfba31ae7a3ba53cfe6cd3d672d5babaadeae91f023,train
train/bacterial_leaf_blight/bacterial_leaf_blight (150).JPG,bacterial_leaf_blight,0,train,0db242a0706a7e1ff1c893dce662e998f488ee07105fce8832ea0624b688397c,7c0a9c0896bfae315f03d40a8d71ae36a7c77492c15683bfda804a6ca2666fb0,train
train/bacterial_leaf_blight/bacterial_leaf_blight (152).JPG,bacterial_leaf_blight,0,train,b203847694018e890a83cc757b5c0d5330f9455d35ce995066cf2a0a0ef449e0,474185462bccdf4c6d8401464baec4e986e9477d218e3cc2574e7814e50166f2,train
train/bacterial_leaf_blight/bacterial_leaf_blight (156).JPG,bacterial_leaf_blight,0,train,0fc3ca70ce7c56f403c9def5b6ff8b797c85f2c16c21d3e38c7c40b07f1fbbf6,1e22f27581d6c8208b6643a5af1f7da49fc57e088641e01f710fed4c64c34c29,train
train/bacterial_leaf_blight/bacterial_leaf_blight (159).jpg,bacterial_leaf_blight,0,train,c214ec3aaff6ea4abc7e4d4df3d1e8578ce084035570bb6f6922d7da96b7d002,f039f5186d9268bf8367ec2a04162c4aa479305add1259e4a495d7b1d1835ca3,train
train/bacterial_leaf_blight/bacterial_leaf_blight (160).JPG,bacterial_leaf_blight,0,train,2fff43cf020b874e3e84e9cdc1638e26f6cd0e794fbb9dd0f67932e5d3b52644,15baa91de8683cfa4aefd9e02b36a6bdd48e3525e588b2f47ae3c6d03aeac613,train
train/bacterial_leaf_blight/bacterial_leaf_blight (161).jpg,bacterial_leaf_blight,0,train,e9f61d1ce12a9b713f9efe3ae39e23ee857fe579da3f6aad503402e882f10279,5b689d97c1227f90c0bd2c317d1a13359c5716fffbc9296ad2b757603b71279d,train
train/bacterial_leaf_blight/bacterial_leaf_blight (164).JPG,bacterial_leaf_blight,0,train,4b5c1704287bec4c6409aa44475e77c7e94681ac666066ea24648b9bbc9ec7cc,b2de7fe76e85bdd21c076b46e9c53ce1ababeb675da0a60942d3eb0ed3070a93,train
train/bacterial_leaf_blight/bacterial_leaf_blight (165).jpg,bacterial_leaf_blight,0,train,e9e623aa0d6a345400343a189afa82a26a7e1d0037913eefdd4a52ef48f4b9e4,e13f4aebfc1ba30b18966cb564364f2bb499192b690e4a160166c2b6c72eb3d6,train
train/bacterial_leaf_blight/bacterial_leaf_blight (166).JPG,bacterial_leaf_blight,0,train,aa8047efb5c68e063e7389bd81a0c757d6b3c94a36e14924a75527d40c305693,0b237ed5bab7a0cb714532bd9cb8e001b40e0cf670a657ef834b9e3740fa1197,train
train/bacterial_leaf_blight/bacterial_leaf_blight (167).jpg,bacterial_leaf_blight,0,train,be9f839694a08c176bcfd5230996b482d1ccf951d823537261c6cb708d6bec42,50ee98c3f98ca0763b61d36945822405e622fb9c359ef66594e1bf4500a199b4,train
train/bacterial_leaf_blight/bacterial_leaf_blight (169).JPG,bacterial_leaf_blight,0,train,f904b1718c771cdc9e89180566f95347edeb43875499491d958d354a4aa33733,25cc3c66c2dad5d3c8fc979ed22c9ebe6d577efe5ce53311a65e1bc2f0b45fb7,train
train/bacterial_leaf_blight/bacterial_leaf_blight (17).JPG,bacterial_leaf_blight,0,train,4664a9152ef04076d18d16feef0a2bbf9f6c1ea45e56cab35603b9bb0f7d6893,d428f4980e12717655d7dfde9c8f6aac35c487ee0f6a8937600ba4033f4d3c9d,train
train/bacterial_leaf_blight/bacterial_leaf_blight (170).jpg,bacterial_leaf_blight,0,train,c901c6a19f70fb54d7bde225e6cba982ca846bbd941f4241e8f11e6ad33664c8,513c781ccf1481ff08ce3616d489061e83768d6b51b8d6537ea899ffe943d1e6,train
train/bacterial_leaf_blight/bacterial_leaf_blight (171).jpg,bacterial_leaf_blight,0,train,7a6f92e7b4154e9efec83fad3d1f3731e89c54e7bb2f7135c8e10bc8e5eb008d,ba97e7d9d00cfc597fa441550b0c99a9873908adeca512c2edc2013e6bb2d86a,train
train/bacterial_leaf_blight/bacterial_leaf_blight (172).jpg,bacterial_leaf_blight,0,train,e2f155e0509c5a9b2085ec02533206842dc1f22c7b2f0c12b732dc719c49cbda,5f383cce017921c0facb6a867922deb6ac12c5b28bcc3db5a9f8736a1c674360,train
train/bacterial_leaf_blight/bacterial_leaf_blight (173).JPG,bacterial_leaf_blight,0,train,63bf1aae967f6b9f13c3bbc906b7017c126a2216bf716a74a35f6ee77d3038e7,85d57831f8e67e9887ac6af8ef68bed0a56ae788eddb7de1f9f1df4013951cfe,train
train/bacterial_leaf_blight/bacterial_leaf_blight (174).JPG,bacterial_leaf_blight,0,train,3d5cb28c1a0d375e6358e773d89926e5e43cd46bebfb0d80e30fb4be075116e4,f3b589d95da0536bf8b848573466a88b927b2b1f56599eda44da501b1dd38dc5,train
train/bacterial_leaf_blight/bacterial_leaf_blight (179).JPG,bacterial_leaf_blight,0,train,68093edf0fdb64dbb76079377fb5fb806b2ea0b73654df7af7a7d029aa01c75a,963f5a1e160901a40cc5835f791979f4f65b5bee0cb7cb3970ed39424dc6cfd8,train
train/bacterial_leaf_blight/bacterial_leaf_blight (18).JPG,bacterial_leaf_blight,0,train,ec6cd45adbc66bdddd6e3d5d3b09cc18cecc9b5d040cfa20dc88b72b5924db74,835223d0552a298d5833642c57ae76a672e449fd4cec7d396f45d13b12dbe78a,train
train/bacterial_leaf_blight/bacterial_leaf_blight (184).jpg,bacterial_leaf_blight,0,train,ce4bf364ce3e6f3220731342a725764c62f2ea7539f454acf32039c042fc2b56,24622c4f5cd8087878eef36dcba8002ec5a0b68c1f221e4023956a2be1aab128,train
train/bacterial_leaf_blight/bacterial_leaf_blight (185).JPG,bacterial_leaf_blight,0,train,b386e60b8af10e73b6d3a11a2283d4d3a40653ff5993f38dc30e4c3c74c132fb,9fb1a7c6774d814017a0ac60acedf2eafe6ac28d62db8facd6a6c612e0549386,train
train/bacterial_leaf_blight/bacterial_leaf_blight (186).jpg,bacterial_leaf_blight,0,train,5d2053e869261f4885fa4df40ce6c6937336aec22d384c6034da8aa87d4a955e,1af5492e30b5b35d738b722079210cd2c0a473a0386e18d1b348770bb0773e63,train
train/bacterial_leaf_blight/bacterial_leaf_blight (187).JPG,bacterial_leaf_blight,0,train,88fd1969b4441c8d93a977f00677eab8c9331bc3a01f74c8887a4497f50425ab,eb38049cc6560297b4d355d524bb22d18d42a9a11b1e49b62dab6717489442f6,train
train/bacterial_leaf_blight/bacterial_leaf_blight (188).jpg,bacterial_leaf_blight,0,train,38ddd76a8df9d14aedbe43e56393d61952e5e19b953763a65ce2ccf98b7f683a,0fa159b5e14c479e4f6d31b91340e999bcda0570503657c1106269122925b5ff,train
train/bacterial_leaf_blight/bacterial_leaf_blight (189).JPG,bacterial_leaf_blight,0,train,e07f7084c3b3c53b0e51edef5742a473780bcd553fba912e05b9e93f66da2211,4458a6abc33d6362b17b0e2497af5d1e59019cde53c8f4c75ace136720559742,train
train/bacterial_leaf_blight/bacterial_leaf_blight (19).JPG,bacterial_leaf_blight,0,train,ada18c9728cf084fba8af77debfabd6e6fb99c5e2113cabeca5f5481953fcb6c,bf8e6668f8bdc760eec64674f7e0808550987cf213fbb4ac4f9985f07b15aa06,train
train/bacterial_leaf_blight/bacterial_leaf_blight (191).jpg,bacterial_leaf_blight,0,train,2c9cb8a75a51b85568c3875d4057cd847d2ce407e9738f4902f024019d29de65,94d2b855360faf1585f179c2e2d90f3bc5801351a047a9ef9077fe2ceba234f5,train
train/bacterial_leaf_blight/bacterial_leaf_blight (192).JPG,bacterial_leaf_blight,0,train,082cbf8f60ec78a7ca5d880ed165ded7a7a1943f50765a3fee91329519a30b10,bba6e233faceffc005e30ed5d091ff467da9d35e4c37ce78c85dfa3d6283d002,train
train/bacterial_leaf_blight/bacterial_leaf_blight (195).jpg,bacterial_leaf_blight,0,train,f3718411e194f433d1816c8aefaeb79a8f1a87b985b8b978ccfc56fb1a30ca69,06dd9f76a172b990772765cdaef6215dd470d09b614fe1bb4f0118a57402f8dc,train
train/bacterial_leaf_blight/bacterial_leaf_blight (196).jpg,bacterial_leaf_blight,0,train,8aa251af582dca0bb6c9254a72a886abdba6be7c70e404f4f80dc4b5bc96c7d1,38b84441a73cfe781efe743282f75d86507969d9f8a6505f84940d10420a8f03,train
train/bacterial_leaf_blight/bacterial_leaf_blight (197).jpg,bacterial_leaf_blight,0,train,f649473995756576f8af224cbfb16246a36769e0f59a4731b42859b0cb0d3930,b3280d4b923b475217fb549635e04423b8e008cb4a89cb193c35a08a716f4659,train
train/bacterial_leaf_blight/bacterial_leaf_blight (2).JPG,bacterial_leaf_blight,0,train,5a39a817df4430f377fb3c72c9a111cbf5f1303c7f2f8ddac1ffda30d0c7cdab,5443f129f6eb9cdbf005a2ad987116c914320716f9f076776f32a74c3b531a34,train
train/bacterial_leaf_blight/bacterial_leaf_blight (20).JPG,bacterial_leaf_blight,0,train,e0f284277f54bbc4041bd98bfe1ae71ebb7ef116b16a36c20356d8f8034955cc,940d97d73b92cca3e3e09731374dacbbc9dd75a3093fb774fb2f981e55c7b977,train
train/bacterial_leaf_blight/bacterial_leaf_blight (200).JPG,bacterial_leaf_blight,0,train,1e572ed086dd41a553f3166edb7369a099e9ce0ad1a8d756d0a818a20818df36,63b936b1967e130c8834e3833e7e0a10830d8b5e5734fde92c66319bf324db00,train
train/bacterial_leaf_blight/bacterial_leaf_blight (202).JPG,bacterial_leaf_blight,0,train,228e7d6da96eb189ba03ba843475d883c5f523a084050214681ab68db8d0d7a5,e45a4087ff2bf15fd5a0b75e4bdc96071850857e581688c17b8ca676afb50d33,train
train/bacterial_leaf_blight/bacterial_leaf_blight (203).JPG,bacterial_leaf_blight,0,train,7715c88048869452fbedd289227801f0555cef25ad8866e2f1897a0ed428e5d0,1c4212545eb0b27296d73781b2ecff5c91966064e5c71ea4914b3da7bf918d61,train
train/bacterial_leaf_blight/bacterial_leaf_blight (205).JPG,bacterial_leaf_blight,0,train,0fac467a6f564f3dad19315419437756762bd64063c78c003860b0d642693a45,6c86cbfd80492dea72dce78ee2df8bce3ae19aa4596d6b2288663af28758114a,train
train/bacterial_leaf_blight/bacterial_leaf_blight (206).JPG,bacterial_leaf_blight,0,train,c03df35665b7c66b2242d1627431307e7bba389aba64091b81cfd2754c7607ba,37a84e9263ba227e8f32a079e7f2456d5c5ee053eeba00dedbe0d58b9fbe479f,train
train/bacterial_leaf_blight/bacterial_leaf_blight (207).JPG,bacterial_leaf_blight,0,train,83084914b498632d6c067e580b08002ff9a5ba4de86aae424377cc5c25f60bb2,e0b3a977950b8f0a5d668bee2dad346b95b51849ec2bdfb208eda383b5322c13,train
train/bacterial_leaf_blight/bacterial_leaf_blight (208).jpg,bacterial_leaf_blight,0,train,0ca0920cec930a81ca3eac671ec487e3dcf509f3a6c4e57d9e9433e93c4ce987,a92f056e035d71534ad7ad4ca2948e0b9ec6f3a8e9613b3c460bd88c55b76532,train
train/bacterial_leaf_blight/bacterial_leaf_blight (21).JPG,bacterial_leaf_blight,0,train,391c5b9edb8d04ddfc38eea55ef54fe6cb202c9f593dcf1cf8724688a43b3726,7dc0fe1b3ac4467c8a52b1604f534f1dea057008119bc1c7721cf8413da5ae8a,train
train/bacterial_leaf_blight/bacterial_leaf_blight (211).JPG,bacterial_leaf_blight,0,train,5fbae5026c0a9d585d6034f93bd7fd90116f2c1fe7b035fc8364f99ebeb53d8c,f3fd75d2c9bd12ed98f11aaf55a1da2fc32121c63ca9960dec27519de49c07be,train
train/bacterial_leaf_blight/bacterial_leaf_blight (214).JPG,bacterial_leaf_blight,0,train,52722f5de9118be4dc2da036eb8e13a86d4e43fdc5c8aa912ff6e0a63950e4a7,a24df47e928f51c66e125fff55752e47ff8b0fbcd542660e64d1756b1f4bcc36,train
train/bacterial_leaf_blight/bacterial_leaf_blight (215).JPG,bacterial_leaf_blight,0,train,ead28a736e9f3db1fa3c6de09f5cc415cf24193d4a3b762b7548a46268138c22,002214c5e48ab34dc23ec725ecfba7a1e5e4dc2bda7ab3800ba10204647435bf,train
train/bacterial_leaf_blight/bacterial_leaf_blight (22).JPG,bacterial_leaf_blight,0,train,21fc63ac285883b7c22879ce7fd77afdf4a441c3c0dcab3d88374cfc11db00df,22860083dcca00de13abdf02a19d8a6091c8c31b3f6ab3088b45ce98247fb64d,train
train/bacterial_leaf_blight/bacterial_leaf_blight (220).jpg,bacterial_leaf_blight,0,train,3a428807d6eb9341226b18bb208be8060d43446a921a61350ba63f9199b90e62,536515143a148432c0d60c753ae4087b51a4c7ceea41dd7d4a66a3a056b8a109,train
train/bacterial_leaf_blight/bacterial_leaf_blight (221).JPG,bacterial_leaf_blight,0,train,74069584e55cbb1608cf2cefab32cb8dee8f7550b98e902b823e6f2b60183ffe,2da9fdc20b538a84e3569af72139bcdf08787626efa2c3188f13b780671e1bef,train
train/bacterial_leaf_blight/bacterial_leaf_blight (222).JPG,bacterial_leaf_blight,0,train,4d8e9549e1263c2fa94356c331f25ded77e76e2abeca5ca3ab2ed9fd99630fd7,af7f796cc08d15c3295ac899028d3387235b301ad30e5f3fa724b40bb458c8ec,train
train/bacterial_leaf_blight/bacterial_leaf_blight (225).JPG,bacterial_leaf_blight,0,train,9a01ea56f5d25a9d9a456b22589b069479f0cf721cf7a91b1d8c5737e7bd25c7,6ef1014da3d9ba579db17ee497cb8ad3c3396b603fd708ae9a73633fca9648b6,train
train/bacterial_leaf_blight/bacterial_leaf_blight (226).jpg,bacterial_leaf_blight,0,train,8b1546c1ecfc036f6c6d1b7adc28a8c7197536951982f7c656f39dce1eda4efe,13cae14f5d79d28c1c1b29773ef4a2179eced4959e530c65fa3563cd9953757e,train
train/bacterial_leaf_blight/bacterial_leaf_blight (227).jpg,bacterial_leaf_blight,0,train,c7516ccc67f3bb1634dcd955ed72b27383bba2be477973a6eb50df30b7dc83aa,63392350418817ac3e9d61fad7edb875c80471d88a265ad911760721de180218,train
train/bacterial_leaf_blight/bacterial_leaf_blight (228).JPG,bacterial_leaf_blight,0,train,fff15b78ec98cfc2acd3f4b8240fb6dab905595f0b37fd4cb9b3d6f82066930f,446a7b74dfd79aac5b084341032b43bd8302093c8d3e67d096c46e7da7729add,train
train/bacterial_leaf_blight/bacterial_leaf_blight (230).JPG,bacterial_leaf_blight,0,train,e1e9c0b05f1c3da3a2c3ddb4d13ff4ff3b6ad939b8a2453cc640c96b54fe07bd,e29640138b4df91d3239ac5f63f21410189752856879387b6c4c2056239d48f8,train
train/bacterial_leaf_blight/bacterial_leaf_blight (231).JPG,bacterial_leaf_blight,0,train,aca4761f937c36a01112a79eb4ecb3f7ce50fc79f657b1a0c5fcc47e90849b5d,1ab5c6f064c25d3d5b9984d26d0bf57de13ec62ea1776307fb7fc2edd61533bc,train
train/bacterial_leaf_blight/bacterial_leaf_blight (233).JPG,bacterial_leaf_blight,0,train,8616847c875c186ea67d04ae0254f74f675d784b5802a99174dff670266c85ce,47348b603c6fdf1bc6db4c67c17c972bb00fcdea9ebbbc00bb795abd3c57a713,train
train/bacterial_leaf_blight/bacterial_leaf_blight (234).JPG,bacterial_leaf_blight,0,train,f9da495bf9679b388255f768c56cf33328dcb7592126616c2b45eb4ce77e01f8,b088a92e29d2af394833cb7f131ea500b474758c289d44bc75dd31860516943d,train
train/bacterial_leaf_blight/bacterial_leaf_blight (237).JPG,bacterial_leaf_blight,0,train,cf78d430319e2d529d965ff5b7b9a969ca57e852fcd17778ab9352973f7255c6,0d089e69138e11c7007883bb2deae53315519361a22f5e83f10b3822ffbf3d6b,train
train/bacterial_leaf_blight/bacterial_leaf_blight (238).JPG,bacterial_leaf_blight,0,train,73a5e0fb2056509d89e012e46c4f85b26885935293b7c1c856fb18a166fa0739,795d4095683d60ff5186a71547146ad12813fef0cda4e353a6336031a896dba8,train
train/bacterial_leaf_blight/bacterial_leaf_blight (24).jpg,bacterial_leaf_blight,0,train,1e2259579c1e5e2755faead0d25fbcd51250034ed5de162f129e6473dc9830a5,84d66850b29d45f114c790544d1e6761abc852d1b19577afc5fd6b587d78950e,train
train/bacterial_leaf_blight/bacterial_leaf_blight (240).JPG,bacterial_leaf_blight,0,train,8c6e481123c95f81d946affc47977b612b9c2c5c93668e466c1f11310984d90f,aae550ff8a15021b68f4f5ac7422c04abacdb9e35a1e608edfe3531ac419d75f,train
train/bacterial_leaf_blight/bacterial_leaf_blight (242).JPG,bacterial_leaf_blight,0,train,af5a597c1bd1895554a0958cbdcfba524dedc13cb3a96c7f0b17da3c699baa77,f7472636044d399317f34cea6ad6397f358a49b0db9d8eaa48c6e97fc2b4a2b7,train
train/bacterial_leaf_blight/bacterial_leaf_blight (244).JPG,bacterial_leaf_blight,0,train,9938815a56105aaae94c6ee31477af39464e88e886c868273d0e8251ce0646ef,bfa898927435589aa18c24b74889d648c0264a1ea41ddfba9aa9699437e3009c,train
train/bacterial_leaf_blight/bacterial_leaf_blight (245).JPG,bacterial_leaf_blight,0,train,e065387d0b630bf3a284eae6f5f6f8f76286d1b0d5fdec49a099ce6be47766bb,816ba9264c3b520fc544269e8a2d4e075d306721f2239fd91e1f6938cc0f79b6,train
train/bacterial_leaf_blight/bacterial_leaf_blight (251).JPG,bacterial_leaf_blight,0,train,95d8637146c4e8ab4e0cb33fe5d533389a9368a1921a1fc665f3f7f3295e08f8,84ccc422cd36279bb7a0f6018d4ceff630ec431b8a39e2b82208759861505194,train
train/bacterial_leaf_blight/bacterial_leaf_blight (252).JPG,bacterial_leaf_blight,0,train,6ffd7a38e945e8896277041eefa27ace23c9d47289c9e69fae5f1efd866216c1,5ac4bd0f6c22f801cfeb431aeba6f44f7a2a2fce78443f47d7a3e872417fec94,train
train/bacterial_leaf_blight/bacterial_leaf_blight (253).JPG,bacterial_leaf_blight,0,train,abf06b69c4d903a42c4dee9cc771e23722eea53a0e54884439aef0e1b3ca7320,29bb781edf6fae9733d5afb3f1fd7ddebc014fddfd28454976d7b1a2d62e3a85,train
train/bacterial_leaf_blight/bacterial_leaf_blight (254).JPG,bacterial_leaf_blight,0,train,4b5890f8005f6318eed545be78dfa5a57b0806e70771f609031fd90a625784c3,cc82a801b4871c3feec4d6f936b0e207c61762b1bde4d3879ab957247070aecc,train
train/bacterial_leaf_blight/bacterial_leaf_blight (255).JPG,bacterial_leaf_blight,0,train,40e3bf7ac94f2ad96e8f1bef2555a6fbfa176af718d27377f07a8d8fa0971314,81c9e87043048384d937e528575cb8b9669798f444c90d1b3b62060007c82dcf,train
train/bacterial_leaf_blight/bacterial_leaf_blight (256).JPG,bacterial_leaf_blight,0,train,22a601b01e791a6a90f945a73a01c54bf7f57113b399bf281aacb468ae50d8ce,e0f47a9fe49e9da0a5d28ea4d9d35b0363a3b696274f27e1be302fd31605fb2b,train
train/bacterial_leaf_blight/bacterial_leaf_blight (257).JPG,bacterial_leaf_blight,0,train,0c71f5a13c980a5d26c93c917b30e1a26828055cb1c06b916f33607d3c30803c,de42e0df00cadf2f16c99573c4d5255b2f4f748b3228f1e13f6866ca1925c0b4,train
train/bacterial_leaf_blight/bacterial_leaf_blight (259).JPG,bacterial_leaf_blight,0,train,84994b7700b0e557905d4577a414f44925c8b645f17610f1e77891caf21437e7,30cbf5518e9bdd773efebc374edeb65656a7e3d9cedb404b8f072c3c2488d4d1,train
train/bacterial_leaf_blight/bacterial_leaf_blight (26).JPG,bacterial_leaf_blight,0,train,a1b11423337570a8f856811bdd96327f85bda6eef0a2512865456173a9605d27,1a7e468163329d1d5f095fcb05908096ab07de80d58c3c6b19263d6af36ec6bd,train
train/bacterial_leaf_blight/bacterial_leaf_blight (260).JPG,bacterial_leaf_blight,0,train,5d814b4a695d6a6fd4b22190047f67e730a8bc9b2510ef324ba4b47124fb5672,7463610d71cae284b6e1cd5ffb8101ddd33a2c3bffcc093b888b4632072f65f6,train
train/bacterial_leaf_blight/bacterial_leaf_blight (261).JPG,bacterial_leaf_blight,0,train,6da079b6a526e26440e269d17763034b44503fa68ced56bd2290654f4440ca72,c51f4e7d11b4d692e6c901e855f324291d7b17824b05fa59205ef9283c8bf6e3,train
train/bacterial_leaf_blight/bacterial_leaf_blight (262).JPG,bacterial_leaf_blight,0,train,dc5e1484a7f757905b9e41d543d88985495b6b9810ecb1086a90aca440227e34,28de26c4bbe7aa6d0608829357395815e44abc0cd31346db44381e073f71a097,train
train/bacterial_leaf_blight/bacterial_leaf_blight (263).JPG,bacterial_leaf_blight,0,train,8298bfe97ad77fb73926280fbaf7f2439f5c73046ec55cfbc97d89d42c5e0701,fb8ff5e436f4905032d188b729309a347f099395231359c82ec4c2a2075fb5c9,train
train/bacterial_leaf_blight/bacterial_leaf_blight (264).JPG,bacterial_leaf_blight,0,train,27e9eb7f3faac0b402eaf61d2676269ccde6175d01fb8090c9abbc791e4149ca,2795a5678b5f7a14fc90e53403cd1386754ca22a8e8a2889e1a5374ba09cea88,train
train/bacterial_leaf_blight/bacterial_leaf_blight (265).JPG,bacterial_leaf_blight,0,train,d72237728b4b11aae54483277e871f0ac21a92edbbd7cf83bd72c5190f578782,197d8acbba2252e2d0b195c72b5a09a00618709ece47ad8f1c8c8db82891854d,train
train/bacterial_leaf_blight/bacterial_leaf_blight (266).JPG,bacterial_leaf_blight,0,train,39f14112dd5440c0205185f6369e919390bc2b31e6ac41497a8da7fa8f735a49,75364c0b11692c0b717562fa117430ff7b603f2c4c7819ffa9d5eeef49171610,train
train/bacterial_leaf_blight/bacterial_leaf_blight (267).JPG,bacterial_leaf_blight,0,train,3e715a9753e93e137bab033efee95f7b3ceed0339fa4d418d9d4b6fddb275063,f59d1c0c181456deb9a13c9419bf1480e2c6d97fee85165bbb7e5a7be57763ae,train
train/bacterial_leaf_blight/bacterial_leaf_blight (268).JPG,bacterial_leaf_blight,0,train,691c91b59287ca3efe738bc459f0fa31b9b8b5d5b085ff3c42740b54820d034a,77f8388f52e4367ed6201acf277eb2e28574490b021841fd89adf88407b96793,train
train/bacterial_leaf_blight/bacterial_leaf_blight (27).JPG,bacterial_leaf_blight,0,train,917ad06a1ba893e566cbf3ac096116076f7bc3631d35067f4853fd4431f2a4e5,84f5090495fd98e4a14e80169eb4ce6112f825f62b6464099819bf06560cf073,train
train/bacterial_leaf_blight/bacterial_leaf_blight (271).jpg,bacterial_leaf_blight,0,train,faadd989182d79eb0df2f06238ce5bd4cf4245c4b334e7ab234d219713e7696d,6070f1ea56c7681a5341836d4028b214e84d716395909abf0c3536acc9fab31d,train
train/bacterial_leaf_blight/bacterial_leaf_blight (272).JPG,bacterial_leaf_blight,0,train,3644729a48a1189257e62668ae2a0d935879e325039f5b5b5ad936816a18b4cc,592d323cd1a1269c0caa7fb582730feff4ec4927f2a0258eed7907116a482a96,train
train/bacterial_leaf_blight/bacterial_leaf_blight (273).JPG,bacterial_leaf_blight,0,train,ca1c2bc9b92853b9d3f15abcef4c3b2651c1f6f0a3ef0d842f64aa326436aa23,74acbeeb5352c95868455cf11fb4fd14f144d707fd317e25d9d847a82abaf708,train
train/bacterial_leaf_blight/bacterial_leaf_blight (274).JPG,bacterial_leaf_blight,0,train,cff47b2c3b420aa868c8c5aa12ecf2aeafa0b55dbc68999c8245d9f76de0c2e6,f779b4d861a1aacf998d80e2c937117d0a66af8a82ed0f1af42802ae0ba71094,train
train/bacterial_leaf_blight/bacterial_leaf_blight (276).JPG,bacterial_leaf_blight,0,train,6cd1e51a95110e23d471e77ce4b4ef265c3c5f1ae67e6715ad3ceb993ba45979,7f1cae8d89310f5118a1dd1319735d7c72d1a20f6e9b78f3faafb27585840208,train
train/bacterial_leaf_blight/bacterial_leaf_blight (279).JPG,bacterial_leaf_blight,0,train,dfd88aaf53e7a7eafedead0f25d2d2acc56cd5f1a5b10bd743c3e3de1b6096f4,3e508d949a63c12fa9d546e0df36da720e860e14f6880e680af3507a779bfefd,train
train/bacterial_leaf_blight/bacterial_leaf_blight (28).JPG,bacterial_leaf_blight,0,train,c84b13044ce0030ffab2a44dd68e5dbd240b86add9ddb32814acecc4f8e2425b,c96f2bcc3c3d614194a38f994b5e6e1d53353b05879f96e67c32d454f2feda44,train
train/bacterial_leaf_blight/bacterial_leaf_blight (281).JPG,bacterial_leaf_blight,0,train,fbb873a15dfbb34a845c57f0f7171dccf422df531fd6c776088cc2bdb12c1a8f,9db7aa1ddc278784d989c88be77fbc5ce3e6d238e16f83c0d41a10a352f9b0ea,train
train/bacterial_leaf_blight/bacterial_leaf_blight (282).JPG,bacterial_leaf_blight,0,train,64d8a502921109d966a91fefa81a706bbb6917e47e8b06e1c9a1d6dd1548fc76,5e92b887f73d58ad5ce770f0538ae14994a9ad0ad37bd7ef7621cf7331e0b417,train
train/bacterial_leaf_blight/bacterial_leaf_blight (283).JPG,bacterial_leaf_blight,0,train,f3bf4202d87593e0a1a31c889e46e241e317ea463d26d7bf07ef254440829dbb,b8f41f13b755789fcf3f0155dbd8cb1fefdbc9fdce93a8b50d85812f33b030c1,train
train/bacterial_leaf_blight/bacterial_leaf_blight (285).JPG,bacterial_leaf_blight,0,train,82b84a943ec9527dc6e15d6225889c28bcd828f48a0eec23a225b10eb2f1eddc,9eac077927c3db0d7d65d3437166ee5c4c144590e61abfd9cae96dac4ff45618,train
train/bacterial_leaf_blight/bacterial_leaf_blight (286).JPG,bacterial_leaf_blight,0,train,2f2fe4e2b1e329dda8c032dc336c0ec3057d0a1f7154142a11a9b3cd28e37bf6,de7faf98765c6894d1fc9a4176392b1910866df77e448a056bf4006254c06154,train
train/bacterial_leaf_blight/bacterial_leaf_blight (287).JPG,bacterial_leaf_blight,0,train,3df72a8501bf987ac6bc4f65eda7396c8847e47e5340df22e937652339ddd8cc,1586f55bd0f5f814483de642f77831ea9c5528b8f3acfd2cf5d822f106d0159d,train
train/bacterial_leaf_blight/bacterial_leaf_blight (288).JPG,bacterial_leaf_blight,0,train,8061ed6812fd6abf993f4f2004079c9b73e9849f180cb2be61cdcd234972b566,1c72de83089b414f75d389bb7e939249e05cd53944be18d95cdd359524a37482,train
train/bacterial_leaf_blight/bacterial_leaf_blight (289).JPG,bacterial_leaf_blight,0,train,285df4a2f097e7a372dc062c05790504a52d5c4f0108769d1b95ae0aa4ae39d4,b0db6909875486624fbd0a28229374199ca93eeb86ba05c323d2475d7a58015f,train
train/bacterial_leaf_blight/bacterial_leaf_blight (290).JPG,bacterial_leaf_blight,0,train,d93ab819b6b791ff7d99110edc3f741ca2e56b2a0dbd19d8a7a3269e6077aea2,c30d0196c9d8118a4c58747f51661ecf7d3e5a552ad3c3c8467f49bc37ddb191,train
train/bacterial_leaf_blight/bacterial_leaf_blight (292).jpg,bacterial_leaf_blight,0,train,b25e675a8fec53a484351d4faaa9449a02e9e9460004cfc6413ae00d2b97356b,ce2a642888003cede1c3737c50e6d45fa9f4326437ccbc5d7099d43b76d1811c,train
train/bacterial_leaf_blight/bacterial_leaf_blight (294).JPG,bacterial_leaf_blight,0,train,788ce17ab5b4ff92beaba61890394d2b86545eafd4c799a9bc984808281cfca9,279b9bb969bd3032875e311797f716155f9eb049fad4a4e6bed5d47ad96a1c7a,train
train/bacterial_leaf_blight/bacterial_leaf_blight (295).JPG,bacterial_leaf_blight,0,train,e69ef32fdb7094e178b5c55a018e65eced3c78161ed67acd1e7a793a38039133,b8f47b4f264f409388317bfd00a9f67d5b4404f8c68e1a97f2b73c4a620dae19,train
train/bacterial_leaf_blight/bacterial_leaf_blight (298).JPG,bacterial_leaf_blight,0,train,9349f4e7569fff426dae7a75ef00bac0468aec8c72ea4fbe4390f878b355413f,d5928b06d571401b513c1f3a12827aa2edd5b474189790139c85c246d30a8fb0,train
train/bacterial_leaf_blight/bacterial_leaf_blight (30).JPG,bacterial_leaf_blight,0,train,1b9dc316a12d635abf57127d3267962c94930b8ff08351e28f3eafee7641f73a,273b3b149656cdc62b6ee1ac3af351559d85bdbf0bfde0fe22bb3f44f2468010,train
train/bacterial_leaf_blight/bacterial_leaf_blight (302).jpg,bacterial_leaf_blight,0,train,42a720ff4e95aea03f924c51fc93ebd9b31b316bae4d1ab7d8c1bb3a25362985,c8e58d015b61c4b3afacf72c16c2d6faf4f0a4c26066a36f5fe6a99b80b0fc8b,train
train/bacterial_leaf_blight/bacterial_leaf_blight (303).jpg,bacterial_leaf_blight,0,train,0e9fadf4e92ac3344ceecd9b247cf34e25c4b2e8f7c94f87bec5e0f177809a6e,c65fcba79729d38af1a377f52ecdeed08ba1e3756c2b43b4d3d99e12de991b73,train
train/bacterial_leaf_blight/bacterial_leaf_blight (305).JPG,bacterial_leaf_blight,0,train,25103585baec285dfdcd69909fd41cdae525e02d19667f7cd5e99a021cfda3fe,7f1496539415adbf48aa80ac5852351ceeb11ca4668d8e40a9fa1563798472c4,train
train/bacterial_leaf_blight/bacterial_leaf_blight (306).JPG,bacterial_leaf_blight,0,train,96a9129a6f64e3b9079a80ee1fca68640b584fbaaa37058c1933c2ba410c5b35,5a1f94fa8154156892fec2a9b2f3afd124e51f7c8eb807605630c4a15800adba,train
train/bacterial_leaf_blight/bacterial_leaf_blight (307).JPG,bacterial_leaf_blight,0,train,c175f7b8e7cccbd7871f0b382e44b2d48f98d5de16f057cc989169acf7045d2c,7e809de3225ae8e00a4d829ee8738f8f5b0515d8bc94a2e966e821440b084aeb,train
train/bacterial_leaf_blight/bacterial_leaf_blight (308).JPG,bacterial_leaf_blight,0,train,2b9781bdcb9584ae510336b788d7e6af0b37fa42aaa29c468827faea3c6330d5,053c78c8750236ed49eef0e804462e4cfe1474ba9415d1895329d90425e80150,train
train/bacterial_leaf_blight/bacterial_leaf_blight (309).JPG,bacterial_leaf_blight,0,train,d966d6ad4abaea32c0cb4598208426ec97a14ebab879c26dba1ac1cdbaed9215,8f46863ae319b748e6569343116ce6b0e33cd2612e8cd17b496792f9fa3108ad,train
train/bacterial_leaf_blight/bacterial_leaf_blight (31).JPG,bacterial_leaf_blight,0,train,0b8363ee74e2c5addb8d4b1b86b32d50f965d49ab6ae98d1f143ff865cf4111b,1f6e1c4e78368323e39497ffed3a6dd5129fe868382f116d58162270a6fc8b5e,train
train/bacterial_leaf_blight/bacterial_leaf_blight (311).JPG,bacterial_leaf_blight,0,train,f75743741300049b6ce0fb9c400efefa5d0a198715d91fab30260bd9d9747a71,aa0ceed62ff997bdc43f79285c55272b71048a2d7588f29d8cee9a9fe844637d,train
train/bacterial_leaf_blight/bacterial_leaf_blight (316).JPG,bacterial_leaf_blight,0,train,4cccff22672cf3bddf9e422beea6799bccfae6028e9a50f1817884275f2e51da,2b2b1c959d792464af7ec6d532fdd98c3fee82de69b3cfe4909bed7772b9eac2,train
train/bacterial_leaf_blight/bacterial_leaf_blight (321).JPG,bacterial_leaf_blight,0,train,eb9b4eb13d1ea2aaba2d85ff2291b5ba47bd7acab89f0f9c3c11908dfc30acbd,cdcbaed478e0718af014250892bce9a2fbefb2a2f8b802001447cb38d89633e1,train
train/bacterial_leaf_blight/bacterial_leaf_blight (322).JPG,bacterial_leaf_blight,0,train,e997e0cf46727fa6ba70c21216bf9c6fb5afe7b8b0c25e4fae8a37fca68a7e19,82e972cebdd44bc5e2c4fe9e08390fad88a9dfef40f367a4879a2ee7aea8e31e,train
train/bacterial_leaf_blight/bacterial_leaf_blight (324).JPG,bacterial_leaf_blight,0,train,5a5ad53e590a959be7d5a51ad0e80093b7d8468fca76635a6f6680423aef86d8,df096894ba65dd58e2ef46b4f39b13e479c754007655df8b50ca9b989a3dc7ae,train
train/bacterial_leaf_blight/bacterial_leaf_blight (328).JPG,bacterial_leaf_blight,0,train,b9f2dc40d0ff4170d1b3fd578ef483d389a9b9e3bc9dc2e3b2f4e7b64113bcd2,ed0f09cef56e257303b7db914fb1347f1c2a017b655a089e7b4414a4f5456e19,train
train/bacterial_leaf_blight/bacterial_leaf_blight (333).JPG,bacterial_leaf_blight,0,train,638f776ebd39e4cacae9a097a2728f26866a9d4898b62efc1a4d9cc56165c0d3,3ee47753f8202f1aeb9468bc39f03cbf820654e61a12eaf0bdd53d1d412b17ca,train
train/bacterial_leaf_blight/bacterial_leaf_blight (34).jpg,bacterial_leaf_blight,0,train,bfd5fa5232c699cfa1e498c338cd06a679cce65fd21469752cb671deabbba3d7,1ed0f5fa04d2a372a450652cc169f959557393f0daab8dde9564626489421d4b,train
train/bacterial_leaf_blight/bacterial_leaf_blight (342).JPG,bacterial_leaf_blight,0,train,08372cc786ded0aac877c30388312c19c5cad85a598b42c54422d0696cadfd93,42402125c7e2dabb11b27f8324d4182e0ecd6d25114e8f462191048bc4e0a2ae,train
train/bacterial_leaf_blight/bacterial_leaf_blight (35).JPG,bacterial_leaf_blight,0,train,d9530340687481dd4f0e89434a7cbce8770642a96e2a95848248a94443bc6e8f,a5ab6ff145343445b514fdd4db61592dd450f67f3e26f3d7cfe3bb9e049ad41c,train
train/bacterial_leaf_blight/bacterial_leaf_blight (38).JPG,bacterial_leaf_blight,0,train,a69ea0c89187aed62d6c9b3322b19e9f7816f84339ea9cb47455fd682f9a91fe,1fec558b40bcb18a8f3d033a8921f1218163c015b01e46d25687717954477720,train
train/bacterial_leaf_blight/bacterial_leaf_blight (39).JPG,bacterial_leaf_blight,0,train,07f5bc12d2058998098ed7a66eb28e9a37299c0d4fb38ab7e44a02aba3a43270,3357a64612484a627371c743cbb2222201dd3d1abe330f020d4c9fb2e62b0aaa,train
train/bacterial_leaf_blight/bacterial_leaf_blight (40).JPG,bacterial_leaf_blight,0,train,904f55414e1af8ba6e160301b16c5f765b55b70e6682da6e8e278bc395821ffc,0f9cf76ff3f2ec28fc65e44d8ab94c53a4aaabb56d5cb7b8fb328ab9d6749fd1,train
train/bacterial_leaf_blight/bacterial_leaf_blight (41).JPG,bacterial_leaf_blight,0,train,22f863f67ea93d26c809bfe99d08150e007d6343decd2fc9e606c2076026f992,dd7435542eac0871458d2ff579432795307371180ebf91f4e3945305a47d9d53,train
train/bacterial_leaf_blight/bacterial_leaf_blight (43).JPG,bacterial_leaf_blight,0,train,caeb77780fcaf90f658cfa156ca3ec394b1ad15c450b2ebd17b27a5ffc28ba4c,d08d87d8cd4fd6619ee5962ae1a3f1ec37201377a01ce9383f8b2cd8cdbbc44e,train
train/bacterial_leaf_blight/bacterial_leaf_blight (46).JPG,bacterial_leaf_blight,0,train,776925e135dcc3790a45b791131416a1801180a56cf8472089336d59d3b82198,dedbcdb4037d59a205ff113e4e5af8ffa640ce5067c3cd29682bd2c27d24a7f2,train
train/bacterial_leaf_blight/bacterial_leaf_blight (48).JPG,bacterial_leaf_blight,0,train,4c16af96ff769534f9e07ebc0ba2177436e775c031b6bf3f73c23388f282e59d,2f9929e5274254ca04ae8a3831075d3b26aa4fd18a7e167f35984a572426745a,train
train/bacterial_leaf_blight/bacterial_leaf_blight (50).JPG,bacterial_leaf_blight,0,train,7f7c4d040de16e4ffab5614e2d3371dfbbe775c2554ef6b592d0b2aa6c76363c,ca770fd2f7b53e5256fbe19f13fa3a5f6592ca13a11fc7608ea22d363a37d3e3,train
train/bacterial_leaf_blight/bacterial_leaf_blight (52).JPG,bacterial_leaf_blight,0,train,e844c2c1c05ff44a45ded4a9d1f97c22acda4e6c367bd39867b0f3b7031e2d75,96b5c6c14516a7c010b674143131715656085b1f98a314d4def3a50c1b5a1619,train
train/bacterial_leaf_blight/bacterial_leaf_blight (53).JPG,bacterial_leaf_blight,0,train,2a9a1606fafb8e7dd8253f5f747725db028aee1e750dc5fb778355ba025e55c4,f59389304f3b78ed643a034df68e6c5f36fab3eee69ee35c856a00043d7ed413,train
train/bacterial_leaf_blight/bacterial_leaf_blight (54).JPG,bacterial_leaf_blight,0,train,5316bb4fa6ce51a46aca1304afc2c681477bb6b11b03cdf3d773a6bdbd2e9af6,eaa8d112c6045c6a7b470ed11dac56a08477b8f5be21e33379d2ac4c175fd7ef,train
train/bacterial_leaf_blight/bacterial_leaf_blight (55).JPG,bacterial_leaf_blight,0,train,a20b0e5f9a09fcb939c83cd31709eb4af74dc1cf9291d58b03066542b37753ff,edff6c5b564d0d443fb2ef874a3f7e2a79a115e922d734320e116c07b5225b26,train
train/bacterial_leaf_blight/bacterial_leaf_blight (56).JPG,bacterial_leaf_blight,0,train,85bbcfed21049842d35e1035b2d3360f479293e75d19dfb40b14f95881e51597,097915eda726cdb5fe3d282aee89257247c43a2fd5c6d867ddec5fb0e93aaf36,train
train/bacterial_leaf_blight/bacterial_leaf_blight (57).JPG,bacterial_leaf_blight,0,train,3d1bfc33cf72f859805832a6b813dc0a139bb75bed4b2f0ce9dda6b222868006,9fa4eb8699af6fbc432275c3581bd8c4e346f583e06da64687fc68deb18d917d,train
train/bacterial_leaf_blight/bacterial_leaf_blight (59).JPG,bacterial_leaf_blight,0,train,7a0745aa4ec20d03729ae8718bbb028deb71bcce5bcb9c0abfa410790ae8a3bd,fabcc4cb67f90f30974c2da410b49ea75e8c31b8ec76426d3b6fc05dafa75933,train
train/bacterial_leaf_blight/bacterial_leaf_blight (60).JPG,bacterial_leaf_blight,0,train,eb36994f967ebcf7127e191b754372fd90d66a327bdb6c0c16ad4d1d1574b840,1ad34bc4df67ccb291af417b40e93edb74bf94f146b9fa8675d2c5f8233113b5,train
train/bacterial_leaf_blight/bacterial_leaf_blight (62).JPG,bacterial_leaf_blight,0,train,9c327d8542bee5d468e6e045bddd736f181528baef1e803002a7275d5598182d,e11b67633a9fb84d3f9c8bfa17432817bcaf37ede6aa181b1c005d4a06d3be3b,train
train/bacterial_leaf_blight/bacterial_leaf_blight (65).JPG,bacterial_leaf_blight,0,train,878733e7e1a74ccfbc72cd349f78aa6cdeec2ff55ac64ab5ae64fb14d74c634b,8d8e5badd742e7fbdb56767a1310fe3f04435b60de38a1fe346f6f86ba029bd7,train
train/bacterial_leaf_blight/bacterial_leaf_blight (67).JPG,bacterial_leaf_blight,0,train,ab1a33a59418ecba6bc3e6a3c916f0284add73d552939b1cb2745bb3dd86d211,d09a87985a33e3230b75ee2391f0ca6cf2c7a2d4cc3049cd52249246b60e2ceb,train
train/bacterial_leaf_blight/bacterial_leaf_blight (72).JPG,bacterial_leaf_blight,0,train,39385106e3dc96a60dab9d6d8bd7460995f45c48c48dd8ef82503747fa78b50a,7657400b2af708df2841ac17e58cc0421fd84ff4d167cf6df35015121a49e5be,train
train/bacterial_leaf_blight/bacterial_leaf_blight (74).JPG,bacterial_leaf_blight,0,train,c9775262aacb971473025c557b83b93cbffdf8523eefe64f84b8dc42a7736b4d,6cd43a5fbec3b60aa8503271a198af8bd7b9ea2027ced1f099e325c2d9f51edc,train
train/bacterial_leaf_blight/bacterial_leaf_blight (76).jpg,bacterial_leaf_blight,0,train,49363749b360370a9d1dfba515cdce2bbecee822c5c03284380d5cdd38265d95,e807eed7f31a39d1dbb29859b60d3af35fa87eb7d263e78fa76142a3bebd589b,train
train/bacterial_leaf_blight/bacterial_leaf_blight (82).JPG,bacterial_leaf_blight,0,train,0996b3c08a27ce9ed9933524a011678fe1f16b17afec2e430aa75910a77b83a2,38c06b2422b14f128d70744bdec386dcb6afd7b0941ff8139e0fa1db8d83ce85,train
train/bacterial_leaf_blight/bacterial_leaf_blight (87).JPG,bacterial_leaf_blight,0,train,400a26dc815cffda8d0753571993c55f43945546610037457f0fa0023c8c7984,4a5bbbf7dab2af697943e966040475657499715736abfb2bc15b33453f175a70,train
train/bacterial_leaf_blight/bacterial_leaf_blight (9).JPG,bacterial_leaf_blight,0,train,5424348a96f0e1c86e76146053203dc8cc11734d72579c58b499bd11a43b9aab,9d474e9fb83a7a4d4d3aa54cf6bfa913faa3b762adcb03ded0f26ce4c6cbfb36,train
train/bacterial_leaf_blight/bacterial_leaf_blight (94).JPG,bacterial_leaf_blight,0,train,0a7a8b69bfc5369f5d94b77cdc1e95d9635fc45a7f19f8c8cf187a0e3ac12dc5,26d14d86b29b32d0ecedb65c977d842784188a3130af5ddb37a99cd16c6b1d53,train
train/bacterial_leaf_blight/bacterial_leaf_blight (97).JPG,bacterial_leaf_blight,0,train,87bc71a8f20c9c6ec8769814cb3e979dd7a06fff75fa9920baa36d87aae83b35,3582abcd54e7c8744974244ede8f59f9a8b8abe3bb29dcb87d1df6b63552cfdc,train
train/brown_spot/brown_spot (1).jpg,brown_spot,1,train,415124a34d2386576935ade7b208a25a2a72f0ae1e6b1b4fa33f102cdb247c25,f5d423f63d84126c8fc4742db942d82ec8d754eb18155ea75c24e15102053165,train
train/brown_spot/brown_spot (100).JPG,brown_spot,1,train,5893088db30d45b8c4428c2e3d4225e6a65d67c8b558763ed5477a51ebac3c7f,943b7bdb46417a4fee322a1c0a3e3907888c8cbd2bebe63b3da18c67293134e0,train
train/brown_spot/brown_spot (101).jpg,brown_spot,1,train,2e4577324f588e04feb03fdf6794578ab5c1b8687d386a14350c707af3314b99,4cad03f0f3820b35f53cab0f7e95b954415722ee44d19a881d79c47b91b86c6e,train
train/brown_spot/brown_spot (103).jpg,brown_spot,1,train,ababdd6e2beefe000b674184251643d3513dfd8ab22537b05975776c4db11b49,2b6f69b0e335b9849548f69d41866d9cbb3b7738174491fd27bf26f877a9b225,train
train/brown_spot/brown_spot (104).jpg,brown_spot,1,train,842061f4705cc3541f7e5fb077d10408bdec9b57947b780457520d5bd3cd9fcf,e5753f012f10342b2ee678fde5f46141439257c856c7885165d944f16c627a44,train
train/brown_spot/brown_spot (106).jpg,brown_spot,1,train,5e91ba489244ac9cb185ed93bd2278dd51b177f00e03fb138af1ab18488bb871,3362cb24555f26d78b923c0756fa28189627c2e886bf05ee30ff53c5f27109da,train
train/brown_spot/brown_spot (108).jpg,brown_spot,1,train,68c49cccb88f21e03f569d95f344d68765a3c6b33e7da73552100bfb5952e525,3f225bce0bcc32eefe32a688195b55aa5500604b1c8eebf03946604849e8208a,train
train/brown_spot/brown_spot (111).jpg,brown_spot,1,train,6dcdfa9d8c73bb4a7a9aaa5db46000c676fc1272a97456b049e034ef589ec686,33fb8fd870501f6545d25ae9036c604d033d180ac297209f4e3f8365ce8fa396,train
train/brown_spot/brown_spot (112).jpg,brown_spot,1,train,ea7b777a0f418f7c6424933e9dd5a9ecc6eee9d87198cf958b74dde962bd0b78,d6edb5e1bc9f1ff58892140e0cdecf92f1e23584c4f5d793d80bf7e4099911d8,train
train/brown_spot/brown_spot (114).jpg,brown_spot,1,train,b1bddb793db08992280158fa86e5baa5b228968c2d98c888660eaba3beaecba7,3da71d51c6a7bacb22c6c1419b698c94ad91bb4aba4f5530d9a42699caa75e6d,train
train/brown_spot/brown_spot (116).jpg,brown_spot,1,train,2d32dda279f1bc40a15068debf48748789bd5ccda42b91ceaa6c6b5cb493c34b,c0e19aebd9351d8366070db1b7aec3007005a7a9bc7e95ffea91a2c9a48f9070,train
train/brown_spot/brown_spot (117).jpg,brown_spot,1,train,0f70e2ab26442b5d0810d1bb47617749dd34d43988453023e6c09c9a00c5d96c,2139d5ef13623c61b17c35551904700dfa63e285b5540993b1e6e49acb49ac09,train
train/brown_spot/brown_spot (119).jpg,brown_spot,1,train,be1cdbd94eccc63803d240f4e271b8fa3d255eef48a1506c18f48ae0643096f8,ebdd2211e86366354c8317265ac67e7efe3054f57b8744b8de60355a302d7473,train
train/brown_spot/brown_spot (12).jpg,brown_spot,1,train,49f81fb63c2e97af427ac39090c393de60c4a9d8d09714d4567c922d2a56a394,30ee889fa376e7e892ab37084fce64ac6e9f2f1d24a6b54e21260c2554013e2a,train
train/brown_spot/brown_spot (121).jpg,brown_spot,1,train,e7ea64b6d72ae851d110f5c4c55f6013c1a5aa63fde6776e7d74df4530248578,32d7905e10f4677fc9facb108aa8c44f56887624970b4e0a3b538e2adf89c904,train
train/brown_spot/brown_spot (122).jpg,brown_spot,1,train,ef9438b4cbb68053e62e124b941e3856d69a1710dbf7ceb2eedb7d53d1eaf7dd,5248ad0237e74285ef8350b76571ccc61be5639257bd3dee21c86bcffbc6aee0,train
train/brown_spot/brown_spot (123).jpg,brown_spot,1,train,a52262adb439f868f3057154e982be16de0a34a10d3181f8c70c0efeb4b5784d,7720ab6d8fbec35736d5cf5191165a1860bc5f79509cf782393a21265e1eee62,train
train/brown_spot/brown_spot (125).jpg,brown_spot,1,train,8e54b7209d9d1f9f52c258e7c57b63d7a4e1cd0a24b2cf21da8f57db6b55eaa5,c27d93e81ab624fee9f4902eb55c7792d607a1d902aa6ac18337d8ad9efd4d95,train
train/brown_spot/brown_spot (126).jpg,brown_spot,1,train,615a8d6e4fe9164f6e9b8e96c492c711488659cd1b4a04db8699d573f2c89301,40ff6bdd4e39ab5ace734ba7c417f282c5da338d023e3dcbee2cf513d80c8c94,train
train/brown_spot/brown_spot (128).jpg,brown_spot,1,train,536de792de2ee621eafb8fc8efd8f1d4e07ed6059527ae347f6f8a5491640575,9afa92e9d92b4445e173b4c9d0c5f645dee3220695fecbd900a2c8f977b49721,train
train/brown_spot/brown_spot (129).jpg,brown_spot,1,train,002ea74bd091778886b33d50aa6d46d2f330a451c511e43754b01d447e81aa20,42789c670aae4090ee246e2f84dfc1838023f8b9864e36a808896c7f0beb663a,train
train/brown_spot/brown_spot (133).jpg,brown_spot,1,train,77dcd654aac5107bef2acc14ae507c810e8f62e4221f3f4cc8f9dc0aaceba064,344171e26484e47d07f911295fb90a5785e1fb5f72cdd17f39941ca0558ba869,train
train/brown_spot/brown_spot (134).jpg,brown_spot,1,train,643008c57d5bdace96b011976e31f28d014c2f74871b2214693c1257e33f3bed,ecaa5012db832f696f1d641d37997f86e3ffe116d57ba5f37c1f0630bf2e8e2b,train
train/brown_spot/brown_spot (135).jpg,brown_spot,1,train,ecb768a471243315187446bf809c953f902702bc0fc9aafe65373572b85dc542,df906f5a95003198d0d49b64916f0ed22173f50e8670cbb27c2190e283f5c2f9,train
train/brown_spot/brown_spot (136).jpg,brown_spot,1,train,4e8845679ec0623adf3eee0b3654ae310462ecb1c0f1876e3e29c99da68a1dac,40e4a1b07987a6f152cc195ae370d43adaf906b6befc4df71b802041566dc9aa,train
train/brown_spot/brown_spot (137).jpg,brown_spot,1,train,c2d807aa2e20ab970097bedb094bbaa2004a2623c32964ca045ebde8f92956ac,ffe8f2276616d7bc5af7c55e4f01ee6c8633046c5aa50a282251f95e19c6764d,train
train/brown_spot/brown_spot (14).jpg,brown_spot,1,train,d63a522c2b1438297db8eb729c097c402df168e2ecc2e1f1e933b84883d88900,edaf812bb7a059043fddb735a7d413040a636b6f769c74bfc1188d30cb0a1db6,train
train/brown_spot/brown_spot (140).jpg,brown_spot,1,train,4d1a75ae1921bab4946678249874b5f5adb1e92710631d07a68f5ca21dc2d46e,2fb34ed176041973782bf6dce3b0602a72f416ea818872056eec7e3c61ec0395,train
train/brown_spot/brown_spot (141).jpg,brown_spot,1,train,fab6ab7e828809e10d39807b665d564e4093b6bef15d91a6cad542cb4fb42bee,5a679d2f6d9ee765fa04b0ea2646f5ef396e6ff28f5d08f5e05fb7e50cb6cd2b,train
train/brown_spot/brown_spot (142).jpg,brown_spot,1,train,721b176ac873a1783cc7af1a09c68be27fecce6b381772742f0cb613ae625a42,5d97a42cc44c8401f3e8bac09084f46e9df8405c481ac63be86ef90614feaa84,train
train/brown_spot/brown_spot (143).jpg,brown_spot,1,train,0c94627eee88188b6a54573b2f5c4abda88c5d76ff32e0ce3143157df10f1493,dbd145c12f318de277e3a2ddcdddea219dc22a200b622eb126beff080ae8f494,train
train/brown_spot/brown_spot (144).jpg,brown_spot,1,train,69696ef649a14dc6dac2b1b20ed7296059ab1f06a5d07c6b71f4ee33b06027b9,213a23bcd8163c3ede44bc2db68e47fce5cccbccf27dd7293f6e418c945558a8,train
train/brown_spot/brown_spot (147).jpg,brown_spot,1,train,4a54c26fb999df740e8b8ea3895114094274b79d2bc10c557a185a350d789c8b,91e1b5b2679f1359b900dcfe71cab24fb8499cb414b61da0207dedf3956af509,train
train/brown_spot/brown_spot (149).jpg,brown_spot,1,train,51411729fcb10fb9ed381c44b26faf0eaa8c520cfdf9a8ec3eed37c62a86349b,8fe1a53348ce5393909e59edb6f1c19644e2d0f12b63ee037273cd2eddbced72,train
train/brown_spot/brown_spot (15).jpg,brown_spot,1,train,4faa161cceed0b5a00c3debcd6af50896db5e6dc2c46c3fb73c0cb442e8fc749,d3d2227456582435b865a17e064c21299f6fdbf9ec9607ef20d1645330c518b3,train
train/brown_spot/brown_spot (151).JPG,brown_spot,1,train,0fe476807e018f0cc5b39ec79c4bd3b0b4bde1a62f7a6a31fde89ab9dee2be0d,80d7c37f8665bbdc2736195475c3f79e5fbcecbf5ccd7b11732297158be04a88,train
train/brown_spot/brown_spot (152).jpg,brown_spot,1,train,281625b1216d954c04c339bed02480cb5f5360ff03e2e0d37fed5f69f92269a8,eb5da67b667cec9e66832a855b5dccc37169ecdf57f6a634302174018d8fc0e2,train
train/brown_spot/brown_spot (154).jpg,brown_spot,1,train,3a1284273e4679c2e0b8f34d27f565fe8af859bc876295371ae523c795503551,564481b26e4cefbdab400e7fa9b53cb762bc97c7a30c6b8b4e50b552768f0042,train
train/brown_spot/brown_spot (155).jpg,brown_spot,1,train,4522c83eed440be692ba0530b074665bb565dd34edec301d2d4273765741b45a,c30525874df2a949e974857d380d4acebe595d909ae4409262c0376ca32a067b,train
train/brown_spot/brown_spot (156).jpg,brown_spot,1,train,ab0320be45993e1700a9958a1d550a2076ff33dedd373636e5fab6d253093d79,8bc40530e4e560aaee5fe4d8779b1a320fc9b16d9827a8895e8d3bffe6b132ed,train
train/brown_spot/brown_spot (158).jpg,brown_spot,1,train,1039905a6d7bc91aa490b6f84525a8ad8e531904c5ec0cf320332048e8735513,18356ae89c08f6dd5c7aec52c0d327089f1e207875b243ddec7152d4c35459ce,train
train/brown_spot/brown_spot (159).jpg,brown_spot,1,train,03afc1fef6927b6adf3e3fbade702a9c3f1401440a5bcdef5bc7e7ebc92091c4,6c97db5af4bb0b0416fa13931bf10e8ce71896cb6105a06491c32dee946a4fe8,train
train/brown_spot/brown_spot (16).jpg,brown_spot,1,train,8bf84ec46dc0ea65c594c2bb0cbe16be5fc3ed485fb0545d5bf216656f82963c,a4263a35295005f26b6d6bae092ef2924642f13a4bdf8b4fb29563c6b81013ca,train
train/brown_spot/brown_spot (162).jpg,brown_spot,1,train,18a3b664619064ebc62bbfab7eecbc7cb41dcea4cd1644923fb7e70ade483986,83726de314afeeb43a035a71669258f540a1187c55942cc893d03cfd1ec8d731,train
train/brown_spot/brown_spot (164).jpg,brown_spot,1,train,a74f325aaaaaf0ac7308be3942faf0dd369240075ed85dc5e433d1350edb4f8e,dcdb521be3ef8de08f09c6d984f972d5a60eb08b08b46dd4e66bdff71fff6048,train
train/brown_spot/brown_spot (165).jpg,brown_spot,1,train,78439ca5b42a5635d3eff020d8db35e0c2229092a290a14fdf0d3d778e053153,b3840e5db460ae42df410689bbe67f83ad35e4e83ab0cb4b390f8df055538771,train
train/brown_spot/brown_spot (166).jpg,brown_spot,1,train,976803cbf797169d1cbce924b514b891c15e2f0631c2853f128e24ff887c25e8,79b85f7aeb9c98dbb670299166f6953f867fb1647f2f6a9080b827ace65d30fd,train
train/brown_spot/brown_spot (167).JPG,brown_spot,1,train,a693f788e0951f896e960bb9ac9551d11770c43cf9a5332112baf1c6ccab86e4,a936e8fe0159ac632210ed51965301b97b5b25d28c414c2987f166d49e506096,train
train/brown_spot/brown_spot (168).JPG,brown_spot,1,train,71433e6c15802d73db7fe5af3553eb46e6a0de0262e293d26837b0852ed259d7,064e5f24b2e3a31876eddfe2f0ad0bfce939dae0344f795505fd291ef857cc8b,train
train/brown_spot/brown_spot (17).jpg,brown_spot,1,train,8b3f7c4ba90aa8e9c22cb00acf2cbc74e23c8fe052d82adadc41e8425a71b2ce,b5b06598bcec706dfd275711889696733a1c9c94ceb9248010f0760be1d8bfa3,train
train/brown_spot/brown_spot (172).jpg,brown_spot,1,train,30ece333537772f4a6d0e99715a3299574300443926e27628761e1ab0412d83a,701d123bc292c68375be54124cc10ab0cd2db37b920c7c3a2e915101fa11bbbb,train
train/brown_spot/brown_spot (173).jpg,brown_spot,1,train,6d0174a39f82c9ca277df35dd11d61a98a3ca438afff767b4e97e5e36dfa7a20,1a329847f2c380d643ebe93683af4a6618f5c5bb76dd898ec24c8f4376579c1a,train
train/brown_spot/brown_spot (174).jpg,brown_spot,1,train,f328e5eac9617cf58d00ea2df1b0c6a79352555dce45a716b227570ad33118c9,45240868f0e7357b9cee21b21393faca2d780de5365d2d0b77bbad4b5a1311a6,train
train/brown_spot/brown_spot (175).jpg,brown_spot,1,train,05f2e480befbbcf61f4d776571c123361973ff42aa6bd670a92b21388feb4f2a,d8f66777f8892ccac6098606c53be8f24c8ba8601181a20e1dcd8909efcd9dbf,train
train/brown_spot/brown_spot (176).jpg,brown_spot,1,train,564b89245f49865abb82b338d5e76f0c654c0df68f5a4abe90399c96e1696126,607da94d31cd1fc88a2584ee5e884f58d508e024c1a96cff286bd365cda202d9,train
train/brown_spot/brown_spot (178).jpg,brown_spot,1,train,d8e8764675b1b227839f2b67f262f185012da9e67969409dc4166cd7e23c2015,818ad78f852ab1acdfba5e2d4fc997251494b2e5fabcc3137086d2dc70cf05a6,train
train/brown_spot/brown_spot (179).jpg,brown_spot,1,train,f80ff8c51e0e4b3d36430c3883e0d2065543d32f3e8cc55818d49cddd896d4a0,6b14e164f1faaa12c54cea2db2e56bd2f773ee9d6b63e191720ed283c0d1845d,train
train/brown_spot/brown_spot (18).jpg,brown_spot,1,train,5520cdf85b07e526d175127e40e28b075bc2e1b6f5ca0ea6cb88933de4b120c8,a62f1426a0256e2c7f506a884302f3c3e8f63c8c3fd64fcb5207dcb26a4fe5c7,train
train/brown_spot/brown_spot (180).jpg,brown_spot,1,train,025e9aec105ed86441a0f48ce75a7a3c69416bdf064fa354613eb2993a46e885,4a8f097f28769e71668cda085aedd9a4e3c6cdfb4de8e0f1a52d4bf5f66d15f6,train
train/brown_spot/brown_spot (181).jpg,brown_spot,1,train,b7677b36e4b09c9bcdd63bcd5f3bb07993820de57dc5050117804bf56da84920,4f9a3d107ac3f667f1b12a8b6bb7eaf503bd9df914980be00d7cf447bee14a0f,train
train/brown_spot/brown_spot (183).jpg,brown_spot,1,train,4a12b2297b945c87a6ef52633f0e46eceddd5f18f6a94edd5b765dafce534868,f7ea0e5ef3fce4403ae82b14f262002d2e16c4e0c7705d9b7ae50aa3e707ebfd,train
train/brown_spot/brown_spot (184).jpg,brown_spot,1,train,cbd7cdb36b0a4c0a7a8d04e534e7bab025e1708c9136f2e68c6afdbeb7013728,1d407ee8bb5b9035b6de26b2672b6b3bd52d5e6c552c67fb5f733787ace5e88f,train
train/brown_spot/brown_spot (185).jpg,brown_spot,1,train,41cc890cdf049fd21d8c50d5e1e794f4f91163f8c7d80a8f26085459d2cf475a,47f1e13b398fcedda1982f2b0754a24e27e5f29b720c7f9e56e2ed049f1dcdfa,train
train/brown_spot/brown_spot (187).jpg,brown_spot,1,train,a609434eb908e287de563ae0ef80f098cdcc521da4025ec27aedff343b96ca75,1f74d67530fc89f1e0af392af812d0dd33e7a5e8697715447896ef1813ceeea5,train
train/brown_spot/brown_spot (188).jpg,brown_spot,1,train,3330b6f082d260a47b0b462183c9c9eb4b3c461263e00830ad58309a55475221,68dae8a0deaf587aca7c95061cc3de8e6af3a513c2e61d35572a461cc55aaf79,train
train/brown_spot/brown_spot (19).jpg,brown_spot,1,train,2c6948327eb6b524cdf862986021c63a22090e69f960951c79476e8836ffc12e,d96b9c20916808a0e469abf38dd6003f62fb50fbfde8442a613d2c6ee51ef63b,train
train/brown_spot/brown_spot (190).jpg,brown_spot,1,train,54fb9d01028772dce354d6552e5c33d2af49f21b294fedd4f26f43dc87d4ecf8,fe223b8b2955543083cf111663f07a1486805d2b909b4c5d4c1f879ac4277f0b,train
train/brown_spot/brown_spot (193).jpg,brown_spot,1,train,eb3970ab2131391ad0cbc51b13cb3654947fe026a308d51a45b9d5bb38e597fc,6f1fdf960b53828f41823405032badf1a0aa7d0b683d8c7d26f6603f64a0bf96,train
train/brown_spot/brown_spot (194).jpg,brown_spot,1,train,81162656ffa9d32daac4a7df8fac28a3dec96288d7c186da53c63d5e523cf4ee,1a9d86d65138ab770103fb1f9ba2589972e64da7d7c93f138ee6e5f00158fa0a,train
train/brown_spot/brown_spot (197).jpg,brown_spot,1,train,d5b43ee94dafe28cbc4e14e7e890f5ed9f95e37d346719f0fa38279db7654f4c,6a47df51a5afde9421440c66bd6ed8956c98217401729787c736badc04370bfb,train
train/brown_spot/brown_spot (2).jpg,brown_spot,1,train,2dc86df3f48cc65ba7b237dedda456de87a4a4556a01fb50a2bee17fa618488b,74b3590609560bec1d2f3c0df16751a3f97e929a32bb1de746e6fb4bccf790c9,train
train/brown_spot/brown_spot (201).jpg,brown_spot,1,train,c1d122069e0459e17fa8c7d322cde01cd411109e277dd5db94488420d774a3bf,59758f2daf6965d6f3dc681ccfc17842fc014bc467aa05c3442117173fe41eae,train
train/brown_spot/brown_spot (202).jpg,brown_spot,1,train,aeac81292a4e0f6e82a42cdef0f1dfdc62cd7e652619ec1ed9214a9ba331e302,91a2bf75b501bdcdc55c5ea98ba8ad99ebdb4d26a43f231548ae70679809c4cf,train
train/brown_spot/brown_spot (203).jpg,brown_spot,1,train,2337d5a50ce4cd5c9ea0e85198f566dfd1ae18436202f57aa456e805612f6b53,3acf2fa38dec46e12669d6ce9e0e1a7cb0a32ecdbfae2eaaa9b7c533e0f4c50c,train
train/brown_spot/brown_spot (204).jpg,brown_spot,1,train,55ce0ec10aa576c24135a54c6b73b626edf2ffb64c2eaf57ebbd69c8617b9192,22afb571e3231b372fd06be77ec101572c2feba1c0a292f47b178b852feb6d25,train
train/brown_spot/brown_spot (205).jpg,brown_spot,1,train,72be0d0c5b58b7d83eb91824448771f728905687246a4e8d32818d7ce58d3890,309140de29cab2ca5d761fbbd84ae84731cd261e98e764a57a41e2fab6badc28,train
train/brown_spot/brown_spot (208).jpg,brown_spot,1,train,4129962b61e2b9736fc7447608a51260ba435fccd3eedb1a8af53b2ebde67d7a,ab18dd29056d303553a3648fdad1a69bd645da1e8cfec8af9a0b27df12d15056,train
train/brown_spot/brown_spot (209).jpg,brown_spot,1,train,cae59f53f00761a9332f01e2fdd7001341893b9dc29b62553b048f48b77b354d,2999825c04c60d454858719926e994f0191b9bf07ad51e69e3857f59c000912e,train
train/brown_spot/brown_spot (21).jpg,brown_spot,1,train,f0ff01d3b290a6ba8eea4d3d08bbce5a8c9fa8badcc5b3c805063014c762bc87,4294e83f4dfa357e5b140c58d039bd463567ceee2078137ea251026f8c7ba21c,train
train/brown_spot/brown_spot (210).jpg,brown_spot,1,train,751c001faf1250e574cea9a740f268bdad0a37a0cec746a07b26b0c7e2e09203,e8ce5000ab56b8fcfc099d0598ae8ba6629b2b325d990a4cbb20e89686049597,train
train/brown_spot/brown_spot (211).JPG,brown_spot,1,train,3b5c37dcb2a210278e86de4eb3a7b79bd38271cb0b1f181c7c7278a1aba3d5d5,402586c60b92ce4454dcfc50ebf45acdb5d5a23af3722b70ba9cbc04e5790f60,train
train/brown_spot/brown_spot (214).jpg,brown_spot,1,train,601e25f72ad57ff0e943ad1487848af498d76e1e9895334e73648cf4ab1e0c5e,efaa3fab2da0a5e61c2ad0a348cf38f03f311cc9442a49a64bb7f3976f168231,train
train/brown_spot/brown_spot (215).jpg,brown_spot,1,train,be3df55b016a64b7eb9ab394068706bb685230c226d57796bb456fc4109cf832,46fb43823ae07c1fa7041afb90ad5d5050090a6cf4450fbb979c620bfa832ca5,train
train/brown_spot/brown_spot (217).JPG,brown_spot,1,train,77cfc6cdbe7ad495b899bbb6b08071b55cacf7f0adb5433d5200d5e54fbda3c1,5235a2510be1faaa578bd5ea3ffb0d2eac03cce4fdb43739ca0d4eb3d07383f6,train
train/brown_spot/brown_spot (218).JPG,brown_spot,1,train,61fc654b1d4ac1e9d053dfefa17c308eaa690b292e0fff1cabab829d5cfe3960,527b5b06acdd15959618225f932ba05ca694c42f1e410cb48b358260ea2b839b,train
train/brown_spot/brown_spot (219).JPG,brown_spot,1,train,3076dee65b8db07efa07b1be62853b23218adbcb028a8445d439315532004301,57d18a9a245eee5a5384f12c0b8984b1083eded761dc1f4f601a504b5e3eff2e,train
train/brown_spot/brown_spot (22).jpg,brown_spot,1,train,7876952473e79255c2ba77938c7bb0841f9f12e9080984f3aafaaf6e5139ce71,4603ab6053735098fd8779ef1a96e513ee930f93ca89e3599ee1448101911be2,train
train/brown_spot/brown_spot (221).JPG,brown_spot,1,train,3c25f5f9a4a68c76ab9f2311844f1fb744037182f1e57974d0b102979b09a46d,aee8a860e8abd96356bd258fb4393b4c0a99a4a9ebc091ae629a7a32bd2a1304,train
train/brown_spot/brown_spot (222).JPG,brown_spot,1,train,c3a77a7729294b83609cc0ef12bd7b4d050bdad1dd57cd6f054152875f876b4b,4f0c61dda68fb5ca776828b1f9c01011ae1a716cfae2617e5da664635c81ea4f,train
train/brown_spot/brown_spot (223).JPG,brown_spot,1,train,8b38d2c34812fccd708f5bf7d0abb1a7277e93247bc5cd5445de886db29105ab,36639becf6f9ea71e7c61c80cd7d3a3db0a66cd21ea73c38223d1f6e516063bc,train
train/brown_spot/brown_spot (226).JPG,brown_spot,1,train,2f364b0280cd2a509cf2be7ea50899ca4a994d84f9318baac9e8abb85d10f847,cb0c889b9928a5195e209b24a2c6709e755994b705c34550137eeb608642187e,train
train/brown_spot/brown_spot (228).JPG,brown_spot,1,train,60310d26cb7c91a314ad53b0e8e85290168a1a8a7a0d2665a1a60484aabf4dff,3e109e0ced0456813c4b14a5c574133cf6777bac3b5b06cbff850916d891aa1d,train
train/brown_spot/brown_spot (229).JPG,brown_spot,1,train,fc621e8619844435e2575d5d5f12194c3878733765325bdbe2ab394eff36cebb,df33baf5468df2d72edb75def41b4fff242528fcc807c6f51914456770858408,train
train/brown_spot/brown_spot (23).jpg,brown_spot,1,train,61c446d8baa57a77594fa2d2f9f449d823eb832a31a3b42ff8d9b3d187929e2d,4753f1a68cb9be041e04443175d178b0a35d6d204466f3433da940c21d570c93,train
train/brown_spot/brown_spot (232).JPG,brown_spot,1,train,02171c84aaa296d7c993ced0df02703daae29df34501519469437276ce79bfc3,f9ec5a803a9da48aae37f652af014db51b84344c361fd3cdae3710b937886a5a,train
train/brown_spot/brown_spot (233).JPG,brown_spot,1,train,f4ae0e17074d77e33a1f41cea0d5054be97360f05148bc0257befb73b3366523,fe7af08f14d6f48b8d97f7769281300ffea6c538bf88cbe1aee05cf419a39ef1,train
train/brown_spot/brown_spot (235).jpg,brown_spot,1,train,969080d2f037178e76bf9a9c0d0ce055db0d43e59ddeb8e59c962b9076ba42eb,1617f6a0e603435063a1c04eb1983c5a68cabcb52337f9e0a61f3859927fdca8,train
train/brown_spot/brown_spot (236).jpg,brown_spot,1,train,5d135ccb182d8d1d8ced5c61d7e23eab653022e8d4d5472dc37220e3dc03c70f,2fe397c5498f695618b6c8aa60723bae96d7615652abb66ec379275beb2cc6ea,train
train/brown_spot/brown_spot (237).jpg,brown_spot,1,train,c8a307ce0c3223769006064195d1c84a04f53f5c86a391c8729f2bcff9e52cfa,a118cab2766bfc8ae90515e33a96eddd7fc6c838fa75181f566308e585bd7ed8,train
train/brown_spot/brown_spot (239).jpg,brown_spot,1,train,db41e9f5ecbcc248471243120efdd8316eaa575b2a0e6f4f4a13e85bcd57cece,9e1fb66aaeaf4bb2a1e731a297932d312e4895b01adddcaee6dbe0511905f36a,train
train/brown_spot/brown_spot (24).jpg,brown_spot,1,train,5307afbfe2976a5cb16a66d0d79901bd1894936b6d8c25fecede81bac185a99a,4469e587d882e291b6a7221e15f7d8b53097447d5da532bc5929a44e916b8af8,train
train/brown_spot/brown_spot (240).jpg,brown_spot,1,train,e7f978a4fb270f0a916447e2ee3f69d8f7ee4b39a5c8672476f32f96fd9a0f09,ada7cbf63b1a360ee9494e3d16a2be7de981adf3fbf644755542bc0c561cd2f2,train
train/brown_spot/brown_spot (241).jpg,brown_spot,1,train,2467b16e97685b4259213a6fe3c4265760bebfe63e83b802ba5ca39813ae160b,59194037591bb8f2d38f730d601040f0f687b4d7fd1d047202249fb3600a19a5,train
train/brown_spot/brown_spot (242).jpg,brown_spot,1,train,df7cd469956036b06aae620df356ea13ee6e05126704927dfe61c7d00b1e158a,4fdabc86e538e85842d54139fc331a381a35d81f0e48ef0d1729f019391ad750,train
train/brown_spot/brown_spot (243).jpg,brown_spot,1,train,4d8501cfddd4c3eeba9a078976e009f9c8f1ef35a3f8d9258bafa2836f80acec,c1a994c53ad267ffc01ff0bb6b6e2e35dcf067b79e65898291d85c3e2be0f472,train
train/brown_spot/brown_spot (246).jpg,brown_spot,1,train,adac3dc7361aab40cb96438c1a771de64644208e606d86d23ec6cc05f4d34824,ac86c0a01ce4d77b904de2ec39e8c5d73177b2fac6afc975511441c0a7e6a61d,train
train/brown_spot/brown_spot (256).jpg,brown_spot,1,train,45b7903a9908a89f06b3a3bf1c6ceca77fb5f98393125cd219ff4854e3c0566d,600b0cf22ff4140fb74aa4bec0060429fb1541317551cf45856f7fec581ffccb,train
train/brown_spot/brown_spot (259).jpg,brown_spot,1,train,f83a7f50696a6f7853fb400e7b4edc808f2869054ad9da9eb6ba3d07218ebbbf,188f69be463d54429ea3efd9afa8ea5b7a8acfd1ff88c8ba99fd36426eb98e3f,train
train/brown_spot/brown_spot (26).jpg,brown_spot,1,train,cbfe0e4d264038b82140da35ff8a8f1a9602d9ae456d54d1b4330d64d8cf76fd,fa820959d4c8224cb0aa8fed709b034a575c8c049c423fa6da7bc1fc3bc70857,train
train/brown_spot/brown_spot (260).jpg,brown_spot,1,train,5ac1858136a55f3d085cd41c7f09ee9d49af8dd327ed377265530663d004ba69,6d26401cb4ab7ebd44be568d98e6fd3c3e1c530af83ec9e0c280c84fa648b3ba,train
train/brown_spot/brown_spot (261).jpg,brown_spot,1,train,55b5ea3925ed266fbf9d3439bc52a677216c581683f4c130515f321ace78e9a2,71ae33b02538a2968e3964f332b4221099f9b57f5471b7cfc14b95c6b1c97177,train
train/brown_spot/brown_spot (262).jpg,brown_spot,1,train,2d69213a1158119c2d82cb8f0a319a1bdbb278683f229c8de7c4f53ad04a89c3,a9838a5e672af0fe36e170fc6112873fc28dfc99a3490d5c88a21281195da0c4,train
train/brown_spot/brown_spot (263).jpg,brown_spot,1,train,9ea7fefd22415fedf492fbe859264c016df83c203808d4d9b037fbb50715a595,a540d9dc362ae0468665c547fa6e9246c1f2a8d8cdeb71e2d016d53107e66771,train
train/brown_spot/brown_spot (264).jpg,brown_spot,1,train,607c0f480a711af3bb05df5a29678191c1eb1ce255ee3fd64cf584284b6151e9,7f955379a158b9c6533ea13d5b9b684e879f58ec07ab86de52c37ca1dd20415e,train
train/brown_spot/brown_spot (265).jpg,brown_spot,1,train,503c4b62deef2d4976f113c12361bc6ee8ec892f30e8139a53f9a5d343ccb82d,3671a5f0d9fd2657e8420f08a066c96c6ca842378e7b71f84f1394e3882523ba,train
train/brown_spot/brown_spot (267).jpg,brown_spot,1,train,5b70f1293a763550a5673d48f0ef48910b736bf12f697af845998b41d908522e,08583d80663cc64a7150bc7f3cea64f082a1c98c4e2d15f094d4f0db22cd9975,train
train/brown_spot/brown_spot (268).jpg,brown_spot,1,train,8c07992f12b94c4a426788977d90646690102088ad0a585be0597b8e03ca04c1,5b99d69553df482ad02ca6ee3b05c0a0701fd37e0699925a2bd2d69df6b8a616,train
train/brown_spot/brown_spot (269).jpg,brown_spot,1,train,1c85e07ba3663bc478ae95632ea54590325abbf80057552fa2716849f73cff86,e17d9a45a07d1a4e93ac1280e7c9e91d750a834a90012f95ec09a18160e87133,train
train/brown_spot/brown_spot (270).jpg,brown_spot,1,train,f8eba0226830a8a35323af3d2583976a67b57004caa3786c9210cdbe25f04a2e,2314a897b99f6525785c6b100fa0eab5dd2789a84241f14d394fcc80f93e1625,train
train/brown_spot/brown_spot (271).jpg,brown_spot,1,train,a0084f0e0b5e612b0b0d1e2735d19001749c76bb9b033a2c261327ada49c1b85,cf88518dab687c871eeddf4fb8b06043cf8ebc7aeb1902c2e30ef83bc77aba69,train
train/brown_spot/brown_spot (274).jpg,brown_spot,1,train,c0142d3b4e186021b3f691ccc183e2e48c72872bf4e178480da94e78dba573e7,f4df8d12bab56025135ad48175c62976f203cd4922377111725eac7a32ab14f1,train
train/brown_spot/brown_spot (275).jpg,brown_spot,1,train,8e095a632a2062d8400e802f8882a2f8d0018ea507d870feefd512a669d0e968,701f2a26856e5d1f26590d6d86e03fd01646b8a270b07e339dcff0575c3cea77,train
train/brown_spot/brown_spot (28).jpg,brown_spot,1,train,a5886c7db194fe09d39658d0e4b02df08ef9d141a0f911e2170989d54a8ca7b4,0c7580318bdff2d9078d0b3a7b457cd1db55adfe8b844462228f009248a9b451,train
train/brown_spot/brown_spot (280).jpg,brown_spot,1,train,351151314680db5d3bad877961145fd29bf3e9c793f9ae005773a4110ff30fa3,ecc1e190180b623a36e39937834d33723c240d5222c2401b5e73c4e4ea49721c,train
train/brown_spot/brown_spot (281).jpg,brown_spot,1,train,95461a81119bd1e6131b006912c51f6a365499a843e2a29ba3f6958244444828,5fa3e5e941a4c6c7b9fff384eb064cfb5b832ff9ea15c84f56e75c5627b1709d,train
train/brown_spot/brown_spot (282).jpg,brown_spot,1,train,c6bf7fcc0969a7c4f3e253f760f43410b39665af7bdd6872bec392f05a2251a7,28ec18ada03730b52f605c04a6c9cb5e0f8b91b9f73f1ce03f558cfbe55d26db,train
train/brown_spot/brown_spot (283).jpg,brown_spot,1,train,f4baa3f6424f303ef531488816e7994b43219666dd59d2c1bc702bd97f153b2d,7201df27528f0b8021cb65bd739d811b24b289acc770e3082e13c765ec6ebaae,train
train/brown_spot/brown_spot (284).jpg,brown_spot,1,train,3bed36fb77b7c9a5a2fe8c387489696946674c073da9e2acfe253fa4fdc4cf5f,d488bd83b8ebfde17dded18bfa65f6c3240e877a38fb8964244d050990caca1e,train
train/brown_spot/brown_spot (293).jpg,brown_spot,1,train,d5899b2b95175de400109cdcbaca7ae93c26781ba926075f165137b2f05c028c,77e166f93db40df8a4eeeef04839d5579c20aca7bf2e2136553be6f32e0b007f,train
train/brown_spot/brown_spot (295).jpg,brown_spot,1,train,18bb2a3200df0c29747df3bd685bfc9ed98a2c6901ee5aeba0659109d19a3c12,57d441031784cff0d231f2d35dfd1851b2fd5be420119ed63c98ba5a522661db,train
train/brown_spot/brown_spot (299).jpg,brown_spot,1,train,16eaa9b4c589df3bd3d590e562e9de30578db875548a404df6a2e792bba8ddbd,c87147ba8b27cc404e48a4c9bc2cff520d61530672455db9af653cf5bc16a3a1,train
train/brown_spot/brown_spot (300).jpg,brown_spot,1,train,2e8ecf313e16e976cb8de6a39fbc9529943bd1909b22180ece913cc1deae0f8c,188886c02607ac75b9eba15342e4d0d20ceaf17905f2a0d8bf4e002f3cff39b2,train
train/brown_spot/brown_spot (301).jpg,brown_spot,1,train,dc31bd40dd35556067d025d2a32dd6b80159887d25155ae8e1e0ac5b42946f64,01f0aa9a8e09560d0c5bc04ac4acd0ba14791db6802717437971ee8092d6c888,train
train/brown_spot/brown_spot (302).jpg,brown_spot,1,train,0911924b1a69e9876a05b5fd8fdaba37285adec9c63373402e7e1f98ed5aa3a8,fcaa8602b563180b3fc7adc2d5b433b8b71c642f4281588f721e4e7e3104fe91,train
train/brown_spot/brown_spot (304).jpg,brown_spot,1,train,156c3ef3ceb4c6d1221041e4abdd2090171f5ab6227e3d32a6c2dc9f8881376c,4d11ca75f136a756eca54f58a5c2a70a88ec48079d0ac9b725d8ec7cf487226e,train
train/brown_spot/brown_spot (305).jpg,brown_spot,1,train,ee8838f754686b85bdf8fcd40ead6abf58b6434deee1c60da076f2af988003fb,af99fbf12e9e1b28af1254b7f902468489cf93ef1d74f99ae5454c41abe4e54a,train
train/brown_spot/brown_spot (307).jpg,brown_spot,1,train,9d5d682a1591dd5b25a929276a8818bab7724796fa2b455db11caac68e534505,43f1c0555d8d090380bc3bfe842b7c7ae848de9f37e43bd9e070c5f002890bed,train
train/brown_spot/brown_spot (308).jpg,brown_spot,1,train,1210872855caf3cece8f5cfa74aae42251ff545d5258ca9123f2621659bd45fd,34a9ca592044791dfaf9ace9006d799670dce60c79d291393cf8b5c274968786,train
train/brown_spot/brown_spot (309).jpg,brown_spot,1,train,82dbe2524986bf7d695ad08f4441ab4a3f13a80d6f57f18a5a51004c86715739,35e2553450a04e6ec7b2c801d94cfd8a982570f318655e2930b024a7bd03e444,train
train/brown_spot/brown_spot (311).jpg,brown_spot,1,train,4734b7e516277e3ece5bb184c40a8e2aea686740b6224b2928c6db5a5f4b30ab,24038701c8a2d7d5ada93fea863279f1f7ebf2f22f9995bd115c53faa3580dad,train
train/brown_spot/brown_spot (313).jpg,brown_spot,1,train,9c6574d8a1346c86334d42ad41fd48c8799a3b9dd93983752812eb598ec75c27,5b2fbad4e858a9339794f848ca93909553c2cdf6e361bba9e47c4504f940d270,train
train/brown_spot/brown_spot (314).jpg,brown_spot,1,train,cc3e39239d935038441a5a5027ca83287d1385274da56ecbf82c083e343a45bd,6395486cb462dc2c8a1785bb020c8f3a3c08117e741054b8b1bd312078f5df25,train
train/brown_spot/brown_spot (315).jpg,brown_spot,1,train,4dfc0addc88877e2188983d441ae058a5d74a04fd222fceda1e9f985917354f1,6681b02cef6c87ecc2ae5e557835c237ebd3b56c224e845b7a10ee35d31930b8,train
train/brown_spot/brown_spot (317).jpg,brown_spot,1,train,a54488ab0eb404d0a18b3dfa54032ab018340a1dcad2e958545363b3768039e1,9f73410424bc3e12d9bb4944ea46c96dde6142549bc341444d4b31d513f6e45c,train
train/brown_spot/brown_spot (32).jpg,brown_spot,1,train,1247ba641023b77f6817c20fff115fee1589fde3ac884524cc9f076b0462931e,8c8f41e350a917bc6343691b302bd9e0a2020249dea6dd9e97d0c06a06fbc9a6,train
train/brown_spot/brown_spot (321).jpg,brown_spot,1,train,1a155d34b230097c71dcf5b75f62bfa8c57bd1805acc0367c1da2ab1d105eb13,16de51307e705368ef81cb41db08cad3fb0500d9910bf978e828226b316fa065,train
train/brown_spot/brown_spot (322).jpg,brown_spot,1,train,b7c26cf6d26d1070fbaca3fc73899dff73edab7e5b5b403569d07167e477698c,a69a2503fe4905a455328ca468834dd6d0ebd44501b0bb13d3d91107d05c8412,train
train/brown_spot/brown_spot (325).jpg,brown_spot,1,train,8a73cdb1edb7e131924fabe2a32e433b1f7da5ac783b36d8cc8394617acf0b6e,9c13e43dd8365e7951977aacd87029d0a3ebefd905cc5a1ab378c157488211a5,train
train/brown_spot/brown_spot (327).jpg,brown_spot,1,train,8e6413f7ab329747ef1716aad028d233f873595a497951ff003dd20b72dacc15,0bbb7184398fbd0b784add488a38d123aee181b4efdabeccbcb4979ebcbafaf8,train
train/brown_spot/brown_spot (329).jpg,brown_spot,1,train,cfc8b6912f3ac37ecf8d32bad0aa17729e83a04ff33620b8356a8745509d9ee8,818ce23414b474894ad7b8f71c5dd1a826a04af3a7dfbfb4a004e3a595f1f535,train
train/brown_spot/brown_spot (33).jpg,brown_spot,1,train,6383d1acc88200311579229f29c4c69858bd27c231606ebc022034f1bc1567ba,0e9dc75dd7db479793252588702b3ebd700135397002dc6b186c8fa7aa836fca,train
train/brown_spot/brown_spot (330).jpg,brown_spot,1,train,6a2349569683c098290141e3890796e77cb0b7666c57bf08f7fa50e7ed0b577c,f13ac112e1862c73b3c530392dc623d1f4ad9adb73cf6af6c634b0240dfba8a5,train
train/brown_spot/brown_spot (331).jpg,brown_spot,1,train,a21a7e7423e7685964a67c408c8759bdab7e79e98b3c0d73a527312c4c2b55e7,e248af3fb2c390cd7b4a75a44ef693ea6df8078ae348ecd0de29bfc489dda087,train
train/brown_spot/brown_spot (332).jpg,brown_spot,1,train,ba6780b2aecedd4941b1a875075de862bbfb97226346b89300b341590789fc9e,1addc16e655d4d32a5cbb3ae0bde78b55c56aba85e4211eb89ae7ef68cb1ac3e,train
train/brown_spot/brown_spot (334).jpg,brown_spot,1,train,0a604e91af2ded9765731f37b7a670eda8fff5454b483a6e957c330a9c47fc4e,886b6ea1f07116613f75abecc07a50e2adff1a855ac96e2ed9926bc22aacf451,train
train/brown_spot/brown_spot (335).jpg,brown_spot,1,train,2d7619132c7ba51651131b414eb3051e115c0d0066c7b60ef9fdb5afea374c7d,1a461259a9379fab18f809d17840b9228b5597616ecb08583c1bbb53edc29185,train
train/brown_spot/brown_spot (339).jpg,brown_spot,1,train,2f1bff0871ed9f6ce2a5dbb958d4a9530df1aeb2173dffab94f9a6bd3135716a,cce4dac1a0fcaaa89e965404a8b4772d6d591e4b2d1843edddf01356d55e4c0b,train
train/brown_spot/brown_spot (340).jpg,brown_spot,1,train,5cd7e4c425ef21f28964b5abd246571ce546d4eb1fc2fef3d356dbaaf882f619,7762a5005e1def9a333883cbd4862685cf253545d856144e850f4d3ebbc3d903,train
train/brown_spot/brown_spot (341).JPG,brown_spot,1,train,9cb54763e5994214f26953f1944c73da071e2416becb489d8388f4053535edf7,8ebab212023e604177104e11dfe613f29f2824a2b1444b72490e534cdf817478,train
train/brown_spot/brown_spot (342).JPG,brown_spot,1,train,f1490d880560a51f349480fcf6d837593fc95ec0205de43502b57d287d24433b,da57405ce2b73e03f6b08abb6e87d593502aa37f8b8c4445086c5784cde9afa2,train
train/brown_spot/brown_spot (344).JPG,brown_spot,1,train,43e0d259c9b6b1bed4164b6fde8e9d61f5d990c7783f37b0aea99806e465116c,bc0ba4863b76710a435f4b938c5e6f1056b73eb523f2c69fa665325d1f4c59be,train
train/brown_spot/brown_spot (346).JPG,brown_spot,1,train,883545498d345dc812896081fb5c6b4fc3348a61a888e3f07696b394d4903c15,7e5d07282750cfe24eadd192f7051ce437a8b08973fb06949e6e4c574a94b2fa,train
train/brown_spot/brown_spot (347).JPG,brown_spot,1,train,8218cb8d9ae416b95ae6977f580049a8893c0471d20209d2bbe733a271d3d52e,d0b5227b63c7cacc506282582b6bbdaee7a3fe7f7919f4e46eb3f4ed35a047dc,train
train/brown_spot/brown_spot (348).JPG,brown_spot,1,train,0f10129452ce89471bcea6cbe9ba4608795b52572888c642c377fae90a8d30d2,fe03d123172f4b6612714438a09e69785abb2d138deaf2529eb2c32a39e4bae7,train
train/brown_spot/brown_spot (349).JPG,brown_spot,1,train,616d2773e33013eedee49c0a78ef5f4242d4e33203e77f5e1c34a0f685574167,272c316911c4ec28cc104853bd5ffa4baf36e8a535a7935c7a631384a26c68f9,train
train/brown_spot/brown_spot (35).jpg,brown_spot,1,train,4f3694bb4567dcb460b29080712b1d281ce7cea453d90979fd131e5f24300656,3709c7f49028a70d30a9cc5e9a55db10b06f3f81363edf79ccdb1b8d2527131c,train
train/brown_spot/brown_spot (350).jpg,brown_spot,1,train,3e3b5da2601b43c80ba0b6bad75a414f5f90f58dd5fface619fb6ed8db1ebf3a,1887af957965e011ca904b5bb60dcf797c6a428f09983b45bc5694827fb140ca,train
train/brown_spot/brown_spot (36).jpg,brown_spot,1,train,aafce5341518f30bd1d5917148378d277147f26b5926337f6d2ca18f216c8469,cfed441cefb2d15f9cdef40f009b377c41d7f26c38dcd16f0b27ffbfc8ccdc86,train
train/brown_spot/brown_spot (37).jpg,brown_spot,1,train,0105b8e584b7fe134bef95a2af0b72067bc50821f153788d5db85b28803a82bb,50077277f8a0c75434da89c6ecde25457859139d40c07e0075cd4044b691c01e,train
train/brown_spot/brown_spot (4).jpg,brown_spot,1,train,86c1909a6ae8d2ccf5c26dc10edf9c87fe6aa1ce74000c83aa27d9f6c856d601,1ca0f02768d5b47142aca2e780526ff8a6f29c7612a3ce07ff1b3d48237dcbbb,train
train/brown_spot/brown_spot (40).jpg,brown_spot,1,train,b3593a03735894b318418cc43ea3dc5d47254266bd564af37940c46f9b5fd46f,791b72a7a6e866b34f6988db617ce393b90ce97ac2e572e816ea1006a28feb11,train
train/brown_spot/brown_spot (41).jpg,brown_spot,1,train,635f496d1c2dc6e062829b381110cb90fd2f2d83216a737df3a564bc6b831117,4029feb24853e29e0f2dbf8cfd101c0db3cd1c0485435f2f36949384e62d3a12,train
train/brown_spot/brown_spot (43).jpg,brown_spot,1,train,4de5b183e80f8140a7af0190fda7596053a1360cc71978810020897851869519,8c18294655fd25bf333d8b59985c959ae588a5fda7e18cbbb168bf5fe4d4fb65,train
train/brown_spot/brown_spot (47).jpg,brown_spot,1,train,ce2acbbb0eb85bfdf93e3d6a304d9f3eae3beffdf524b69d425f3afdfeb95268,298f5c35ab5c3ccaf97d14ed5d7688170b0d598e37fba0e50295df1ba43f0f90,train
train/brown_spot/brown_spot (48).jpg,brown_spot,1,train,7ba56893312f8c938a917b05f1594abb42bf40ae45d84101afff960f113002a6,2fdfc8dd01ecf2ec3985f6516482f9d560967643a1a2fea1f4fa2c815954166a,train
train/brown_spot/brown_spot (50).jpg,brown_spot,1,train,8382428d26239b8526aeedc4a3e7f8e0e870a86dc289adfc3a7745c194595d74,11eaff14db6eb7a9245c7d719a34cf72a096f2f216b7375ef290f350db031609,train
train/brown_spot/brown_spot (53).jpg,brown_spot,1,train,2ef9e5ae7143c974a9d34bed2841fef7895038e40c73f421f780e140a5d64f81,59f0008ff4a9f92a278add1bc590aefbaa74c831b7043292d21267284dfb2b28,train
train/brown_spot/brown_spot (54).jpg,brown_spot,1,train,f6f59513842d7ca791080bfec55f3d577423d242ecb40f1239faf99f3be587e7,74e4a0a239a1c9a6298d298b63a89fb975aabeb3586784fddaa38b4356bd3f53,train
train/brown_spot/brown_spot (56).jpg,brown_spot,1,train,ea7e7836ea0c0550b2a93ed5ff13029088a96ea8971cab9481bd1b30bce8a2c1,85f195e4b19d7009beba5e1047285eacc0acefdde061007de423fe97dba2017e,train
train/brown_spot/brown_spot (58).jpg,brown_spot,1,train,0e1c3ae4211f3690228a5a430836b9a52b60f2af321140e9c852f8ee8d38737d,a9c9512da3594da0af758e55e8a61794b2b8a61091d662deb92b5658e290500d,train
train/brown_spot/brown_spot (59).jpg,brown_spot,1,train,8ced9bda126be3ed31e672988ebdd4ec0feb589988715f1d129435d69813fcef,17a38ac72febaff226a94a0f498b8b409be41cd53e994bde23e1200096efd4c3,train
train/brown_spot/brown_spot (60).jpg,brown_spot,1,train,2c7fad301ce72af1553afd8327461c309795da0c0f0769952f2a34eca8fa0ce2,18205b5fe01923587be3fc5925eb14b4caadfe7590fdaef50b1de4a48773ab3e,train
train/brown_spot/brown_spot (63).jpg,brown_spot,1,train,300471198ff95b3c61ecbb2b001deaff6a0cd5f71aa7c5fc5b4ac3296fe8fbe0,0095631a0593f89ba8ed43f589876fc725ca6c597b18ef83e649de53c4668323,train
train/brown_spot/brown_spot (65).jpg,brown_spot,1,train,f7e6935aa16655976bca93799b1ffa7ed54d9be442571eb1bfe2b338eb322163,1f815792d1c8a2b1da14dd894bad1f9b13f3976b9d2356e07c3d9bac7b1bd70f,train
train/brown_spot/brown_spot (67).jpg,brown_spot,1,train,4ba26661ac29a21ca8754ccafdd468f9e716eeef8f7159a11ee73902c21d05b5,a19fd707112a0c252c77a17730ccae0d24edfc376758bf791e91f3c5d5b4fc02,train
train/brown_spot/brown_spot (68).jpg,brown_spot,1,train,ceaeb06903d3c7b3f6f515e0c2c173839d34f2afb7f3cdc3158ee4535e04009b,0c7262509a6da2abef70940a21d0cb9a5f9c1b42085cad63e37bc0c75f07a092,train
train/brown_spot/brown_spot (69).jpg,brown_spot,1,train,828b47f11fac790e877f030defb8464ec716799082ec9cdd7ee82049d346b99b,b71f56ca44c6f2df9170296065e598abb0b203e0a6bdf7c96f46d3fce20de75e,train
train/brown_spot/brown_spot (72).jpg,brown_spot,1,train,5c33be980bdead25b70a2b2051d09a13d5a4a8ce2a044d860b30905e55cb3923,b86c2596812b31b02cf3f3a79c229dee8300c7c3826b9d3b519f9b1b0022588b,train
train/brown_spot/brown_spot (73).jpg,brown_spot,1,train,1f794c428ea62682a83375ab39dc3f845c44da2a0af6ea498a7a892633acf101,12abfab7fac68e209730b09e8cb0307721ef86f079606bc649a8af1d0ffbb3c3,train
train/brown_spot/brown_spot (75).jpg,brown_spot,1,train,72b785c4d27978f29a35f0e36cdeb283e1d8704307ed91640d2561861aa4c9c3,0022b71e6c4adf6604dcfeb105365b6f58537301974e619d064e10000e416dd4,train
train/brown_spot/brown_spot (76).jpg,brown_spot,1,train,5340c23853514ccf32f49059af576e56889646eeb60433145581e97be5498ffc,03d480d76fd23d765c01b22679e6d7b4991df79c510956c6a7039913cbb99f4a,train
train/brown_spot/brown_spot (77).jpg,brown_spot,1,train,f867fc73394e5a155a39566b565c7cff1fa79fc41481b7f7cbdbeba8853b280d,33f2e2eb1f4daf3533e4b3e68b1b8e51e10f87fee51faa7b4259d86a9e53afc4,train
train/brown_spot/brown_spot (78).jpg,brown_spot,1,train,acb85865af36399099d7dc5a5cb66c05d8bea3def0a26133eaa1e472395c66e5,9c7e23f6b5abe20bc083e04767aad9534224ed2f3dfb894405115c354da7e689,train
train/brown_spot/brown_spot (79).jpg,brown_spot,1,train,6ddfbc0404a22b47751b3d5f4f9be8b2ad1721e363ede3946a675ead86f36c92,66b37bc956a51b0f409fdee173413a7fd53b01b54dfbdefe32feb816af2046e5,train
train/brown_spot/brown_spot (80).jpg,brown_spot,1,train,99efc95bbc19ae06a541631b48b81f5ee820e52fe769d1552779591e94d3e737,c19cf2813ba4277aa3f83296394af6b55975df069618706847a33dfa8af0916d,train
train/brown_spot/brown_spot (81).jpg,brown_spot,1,train,b4503b003cfebea5360b1473badf7d936ab99aedd0002224eb8dd6c794deb401,7fde10c3dd9e106efce941abbc0cba8fe9b5cbc7ab789ad0684472e4ab14dfdc,train
train/brown_spot/brown_spot (84).jpg,brown_spot,1,train,8173f02d2f827b03716b07cbc1277a8e0943db99f492dea70f219a557116d13d,70373aa35a74cc7325f1bfbebf942818b393d9cb5eb944513a9417762e23c149,train
train/brown_spot/brown_spot (85).jpg,brown_spot,1,train,b1cf17972668b0422d06f822cb459a73ac7475b685911b8601421be7213528a3,342828b6fe3d95c7e30d9035e2354eaf89f90c18df7b734cebee0652f8f843a2,train
train/brown_spot/brown_spot (86).jpg,brown_spot,1,train,df99c6a33b51e635085acf0da6aa759814b61ea606bfec60b08acc9f602a75e8,07a0b43fad7e1afe9572af2a1f52955789a0005237ebb67b7f576787cda984ca,train
train/brown_spot/brown_spot (87).jpg,brown_spot,1,train,0abf4c80fff04f3b211691c2edc1a6a9bb5db7caaa2cf182d9f8e026d248a115,09f9c0102f72d57eb33cc61e48236448a040f62e5f23e29427ccaf7b49828dd0,train
train/brown_spot/brown_spot (88).jpg,brown_spot,1,train,e2ce8c366b99c47da7d3b1319d36db206f0590005886f221085c05c304857ef3,029e15f31a8fa11fdbed8412e61c2b806a0d31e2dcef1e57be85973c2dcc0c65,train
train/brown_spot/brown_spot (9).jpg,brown_spot,1,train,9677f7152681a9f235d47db70049a0f3403d5569307a0f7c35c68703956fc3ad,81a227b57e57d82e48d34d7c4714c6e1cb0fe2a25558a3cfdbe7aa34df5655f3,train
train/brown_spot/brown_spot (90).jpg,brown_spot,1,train,3774f9cd3ad8efb8e63dc75bcada4ce6875a528c0c19ca733141bbd1bf30134e,cb8cea89493dfeb437b6d89a4c4a1232aa7d48c6eca0e119776cbbbb0104ef5c,train
train/brown_spot/brown_spot (91).jpg,brown_spot,1,train,14ba1f9ee20c7f74aa9987cc8c3cfcba4be56e29bd7572f3294197d3cb559dfd,c883fd01418c2f5cef5f4f2a4b96ea84b0210d266095e99792090d4e95590d0f,train
train/brown_spot/brown_spot (97).jpg,brown_spot,1,train,858b4f7a780c9a27bef809a8e2cae42fd3fd8d92b01300ae6a227b1ab255c131,bc9a1f8ca664f64c2b22e33f8765d0d66cbc6cd0f6e47d4677b4d9cca3449af7,train
train/healthy/healthy (100).jpg,healthy,2,train,196f02f33e7cb36d1480054bbf1d98a82e9814b3bd761894dd78a336f41f340d,72c9eb1d98bb01f0dc19561cdc28d6f46ebf6c9679e7c510b59a5564ba1c9439,train
train/healthy/healthy (101).jpg,healthy,2,train,08028afb4567cac2c53ac844b3a8f280c5e982cff632f8347a285b5014083bdd,a36a4c059c9202cc616a0b244e8f426276e673e8b4eda84eded95a5bed775f0e,train
train/healthy/healthy (102).jpg,healthy,2,train,48e7a8820a27611c6bd5b7e99015b514be51350db28bcd13e4adad14795dea86,12f0859a9f881f7401a5b504c892bbe1f079828cd8e06393312638f355d51c21,train
train/healthy/healthy (105).jpg,healthy,2,train,337142f8f67c2b39c1f1e9a514a6401d373d28a10234d81c48271352381f11b9,3453a2d111b29bd4ce4037c0176133007b8ce4ead6088e48e8e85c1d81fb8459,train
train/healthy/healthy (106).jpg,healthy,2,train,3df72294a3c11b43d51b2c2b02a98b40daffe97bea2af5ce9a2fb103f2c986af,bf9cf31f4738fc504c79cebba52843f5a3f1430fd95d024d233ef8c09d141852,train
train/healthy/healthy (107).jpg,healthy,2,train,503330b764a29164c4be2f3bbf5d2a0b1fb0cdce59f6b0decd275c8cc6c8c069,a5cf13f4db06f01348eb9e836d14a5c22700012d60bef1b87dc499a7c6bc7af2,train
train/healthy/healthy (11).jpg,healthy,2,train,5750fe70042ac57af2e9ca79469054ba0cb26812ea1f10fe70d741fe4d44c30a,cca72338d49e591fdf654df6081c52be5159c0ed4c3c7c9bf70e9e97a6a70ad8,train
train/healthy/healthy (110).jpg,healthy,2,train,5ec75cbafa40c721e39f87932cbf55e000dda491f1142d2df60595a0e7d538da,6336d4d021a48b921e5c83a9972d2ecf0d47e53764d306e5ab77ccb871a7cef7,train
train/healthy/healthy (111).jpg,healthy,2,train,3f2a29b5676f28d92b5753e5c711ec4b293321a359969bcf08cf49b731e03a93,ad28f50cb2c5ed206a73bda5feee664221f9d628f24d2deec9bbd4a735c6acd6,train
train/healthy/healthy (113).jpg,healthy,2,train,863aec1b2a9f942d5dd70b7fc8e0be726165d965670f0d103f2a182a7274f2e6,8342dc1eda422599cf3b6fdf8affa54cd9818546d50fbc73e8bbbf47b5eb3667,train
train/healthy/healthy (114).jpg,healthy,2,train,a870e6900fb1e0bbc357f2cd0b8455e475675a9ce00ad2dbf8775c8f0656b273,bdb62971161f96945151e5e62d3546e8574f5cd9a882b9c3ac4975f01be9907d,train
train/healthy/healthy (115).jpg,healthy,2,train,5fb3db4b91a71b117d2dd7e2ad607575b0f51becb4b493e961e14460ad8102e8,bf68b8ad059ceeaab15b7806344c4f9bd9a5109e1547bd32c2eca3bc59637d27,train
train/healthy/healthy (118).jpg,healthy,2,train,84804ef0ad5144943aebb73d146665742a59cdc88331be962009bfd61d355dca,0c88282cff2f268451abee1f4a8a20d26d136103c56367ff08a6a9ffc6f2545c,train
train/healthy/healthy (119).jpg,healthy,2,train,02c55615a264deba3ad8e038b857f4c34b790e8eed7847be6c5b512bb78d8663,f5e15b6b6b9a37b8c2846eb0e6f02c29b535d9737c1d9f83aed231d6a7d44da4,train
train/healthy/healthy (12).jpg,healthy,2,train,1cd0b9d492ba9b23c198123e2636ef3037ee72e991155836ec3344155400276a,5298dd1c4e76304d50b4cb7ca1dccb9c2bbed8b73856b30bcc38d7964254d878,train
train/healthy/healthy (120).jpg,healthy,2,train,ed0fa97caa6442bd8e9abc882ed6b49e8935ddf074bd5c877e1cfef26ba70ffd,5efdd18e9b8b2de54292ee44b2956ede82daccdd53d2d360304e0c534e0727fd,train
train/healthy/healthy (122).jpg,healthy,2,train,5949868270ee3a611e89f4050473c369798c5185984889bb86701d87f3ba6c57,5aa420f093a666459ff79c798a0494743f36e9b45d8dce78d12574a6e8affb43,train
train/healthy/healthy (123).jpg,healthy,2,train,08aef2e8bab6cf6f19953dbea02c082bd0cb68cebb7fce238f7bd9060c293fae,b8e6c4832aea4acf27d22790240947e77a462290f64ff3ec247b741c14850f87,train
train/healthy/healthy (124).jpg,healthy,2,train,55a4cf6c717b536ed7ec9d1ffc9f1979ea3d7f5024f8ced0f9111d08c879ab5e,1a09a5843c1bcf0cc3be5852e54f1cbfae4b24b63c8874042277133ae7a16716,train
train/healthy/healthy (125).jpg,healthy,2,train,406081d88c34524996c50cb9f4832af57046c074a61fde3573ea12b62d8dcc34,cdd18366b4af0efc03f247aee3cd91d93a7a516a9c28e2cbff5a7118462bc9b8,train
train/healthy/healthy (126).jpg,healthy,2,train,e67f265143ec7d4ea7b7cd2d49afaa3e0b9bd2ca6cdaa509370b1cf1db072693,ec30410c13203d7534cc3e0560497f04f8b25a073de8bb5c556c111b7a0e9ed2,train
train/healthy/healthy (127).jpg,healthy,2,train,a082ce55490b8dda185e4932d7d5b9f2247fe14c1370bc258e1f3ace6e7cf4a5,1c6184026bafef27ddd56ce334a268427b14c72b944d6a700f7d8f436ec3f580,train
train/healthy/healthy (128).jpg,healthy,2,train,41cc79b7b32c3dbe73f1c02c33113adb35b1525de5b0739749fe2d6416656212,cecc668a7bcbad8a98a06df972e52deca04550abe160befaf20c5c4f2865bf16,train
train/healthy/healthy (129).jpg,healthy,2,train,f626a5ae1a6f13d5eb712852d59ea44be9d6a4f6a5992e82f8aab7f1b89e6074,17c95044e39c5e1f456b6a5753a9d4718f7e821f30d58d7241d9ee0742e778c3,train
train/healthy/healthy (13).jpg,healthy,2,train,c4332e4c340c5be8ab2c5bf6566da99c12aafb1535022652609da2f6bb113537,d25bd1214ab563c223ef3a0b3696e7d04c8f3fd739794603d4d05dd327579028,train
train/healthy/healthy (130).jpg,healthy,2,train,d48dce5d8435f7212d8c9aa90bf8c8fa809395f2032ddcb75c404f7a70f1f9e5,2c64c72cb9a71801ed766b318fe9b2724ad9950c755f40f5a2bc5df42d588847,train
train/healthy/healthy (133).jpg,healthy,2,train,29e182ed1609a535fd6792f793dcfaa750a75399caf8c20530ce40b5f1236c30,9afb04e5e0943ef9bbe98ff514cc8cd4ecad67c7576942c657cd9a93acc3150e,train
train/healthy/healthy (135).jpg,healthy,2,train,5ccae3ea1a7bb28c7b7ecfa668367053f0747976134f501bb54c30ecd8b5dfb7,adc26d7b62af670684e07ed982b83da7559d5458c339eebb306d98b4fa2898de,train
train/healthy/healthy (138).jpg,healthy,2,train,be1c0943e5c1323437005d7d5d3b96affe23acfaf67461f0e57502245224322c,e6383b74c7a0ec21f60cdfefd8919912df1284ba5ea7b83373a8cb5682aad821,train
train/healthy/healthy (139).jpg,healthy,2,train,c519b7198be4f30dea5700f3a2c4715a0980f50e53f5cae2296aa62d53ecdab8,8ceea2504c0d23e8652a53a114b33aef3d99a7d4cdaf9bd359d2c673c2822cca,train
train/healthy/healthy (14).jpg,healthy,2,train,50c7ad6b26ce27016ecdf0883b096d44efc8ddda3c06dcdf2b3cd122a9194289,2f4649e29e1ca29185b1f0fa7e5909532d21232df183a4907633e3cdb594e4a1,train
train/healthy/healthy (140).jpg,healthy,2,train,5c614e3323dfdc2ee6c4dc6e9dd7c72ffe9f945d3df179425c3a8ad160d33fe4,6cee1c8c33ca4b67b02cd33b08e8f4153ad64a727f4aae7ca7e254b79e5211ab,train
train/healthy/healthy (141).jpg,healthy,2,train,38af90c85e5e9344981ffef920d491eeb8c86a033eb6650b7d4e83a0a314b2b7,79ed2e694b3e9c28c8f975bc0265dfd13b9f9ec82cd37725899c56aa5ee1e6ac,train
train/healthy/healthy (144).jpg,healthy,2,train,8699122c6c3926a4ec6407b7388cb049a42917904f05d3dcd0bbe78eb550d8d2,ab233b9446c7699a11e139a259dee09e2d4f5d5a517fb692872fe8dc772f1c19,train
train/healthy/healthy (148).jpg,healthy,2,train,46032e68a2cadfc98083982d8525ad2cebd2697091514e3831624191e1d354b8,cf464f04dcd1105e88819cccfbb1c708421844886208405053b78b6f78cf0a23,train
train/healthy/healthy (149).jpg,healthy,2,train,5233946b26d5bf3bc0f742d145b8ddfdecbbe4402e03039c6c3ec240e9ce274e,d98679cecc6946be3d0fea763a58b89f944ff52ea11e908dfaefd8f005aba36f,train
train/healthy/healthy (15).jpg,healthy,2,train,bfc6c05167a0064ed8da6d0bf50915cf0d5ab19f42478d3ff2ad358163e8b0f8,afa549b25dd7afcd6552e8f6d94048944ac5f6fe2ce3c974d29dc79c168eb747,train
train/healthy/healthy (151).jpg,healthy,2,train,74c5844a94dddf93e97cf57351770e4213f5bfbadf3509b9af56c011bede585d,5bc0ed3565bd6f7f14e6b7775fc60bf4b32e50cc23d4792137410e047d74c99e,train
train/healthy/healthy (153).jpg,healthy,2,train,647e4be737328f2238a3480b5334864fb58ec052e87c8b9c8b660a011fb2123d,b581c6cd02c477a0de76c122d9d5e03f88b8473d63fa70b79d70f5a4ac754b16,train
train/healthy/healthy (155).jpg,healthy,2,train,ccf1a3edb6fe28b5f192dd641af8e9b5bef19c0d7698a2d9523969b18139faaf,3c571cae287f1558cd13ff996fecc7c018ca10e189c4a2339825cf826de441c5,train
train/healthy/healthy (156).jpg,healthy,2,train,d907f2c42e7a6b952eabda63a48655bba1c370fc746a3d28d66facf0b88abac0,f9de51c7649dd2846b80b8649d3a1b4fe170b438596570ae5ef62a648c8aa18a,train
train/healthy/healthy (157).jpg,healthy,2,train,f7a710b26a876ce41003eba2f0e7a3dc884177fc778422c149e2c0c4d0b97266,31a5a1fad482a4c26f0afe1543625786a6eada3e99f8a1d09076a6e4183874ec,train
train/healthy/healthy (158).jpg,healthy,2,train,686053acb30d90445ef8d5838f2ed20726d44697fdfa84de4b24b12ac264ae0f,ecb8f310c230078cf637af5a1378c5660a6f7709d6f51b681017ab79f25d5786,train
train/healthy/healthy (16).jpg,healthy,2,train,4a0e92b15c78227e4f641ec25c5b22c34537ef1bf2a55484cf4bd15e0f712f0d,a2414c57d42b51d976fdf17af6fe5fd5a64cb615979125f42ea9ce730ea90d8b,train
train/healthy/healthy (160).jpg,healthy,2,train,adf5cdd6dab9f562e9cee54b0836a93bfb5946f5b257633bbe5203397c61281e,282e63fa4d86806ec2a1c81470dbc1982f117a378bd8c1ec7ef7bca84a10feed,train
train/healthy/healthy (161).jpg,healthy,2,train,fbf8ff6a08884450c9b49564573420aeff624002c29435d2f385d5592f4ad124,15dd1aa6328846b7f432677fe4a542721cc246b7d772c745c107f856d688e36c,train
train/healthy/healthy (162).jpg,healthy,2,train,d3d7ec32762214d82d788964a1fbdebe4549c2cec633a980e33a46f51c6ce525,94acd1b2889e12e92c39b18a9f617506b873b0ce34c7e66736ef5117abdd1bc6,train
train/healthy/healthy (164).jpg,healthy,2,train,0aa7189cc5a85e7b40e1390d5666b510dfd13a904a5bcea713118fdc08e4fbcb,438e0dd97f273e2778cae83f40edd5d9c806461641ae8af598f79ee04b6ca1a3,train
train/healthy/healthy (166).jpg,healthy,2,train,be4e650d4bd18f60efe583cf8d70596c9025856a4a8935da25f0b9e9591e04f7,e6f046e59b67870d3a2474607e39f48f5687daee7a2bc8f939ae6e0ff65eefa2,train
train/healthy/healthy (167).jpg,healthy,2,train,3be4f13bf5d95743732efac4ab293e8d30dc376108fdd416a15343642994bfac,b9ae32de6133d6f58088d27869d4ef0e3b95d912cc364562ae39b9fd59f285a0,train
train/healthy/healthy (168).jpg,healthy,2,train,d768d9290b71e06e35c21a5b89dc7146365ed4fda269ee8295f67d86e1ccebfb,8a05674d02aca3fe0a8a062c3ade5b704056361dc77f51c3071ca00f0b41a27e,train
train/healthy/healthy (169).jpg,healthy,2,train,f372a05714454659ccfa827c198dc69556ca776a966176a4d7c84733a4b202dc,25ee0f3e6ff8a6e2225d3c36b659711b723cacbadb46c0fbffdff31cbd53152f,train
train/healthy/healthy (17).jpg,healthy,2,train,8cc3f9a61a7a4b5cde275547d19c346a3d66cb2cbba5acdb5650db9b5bbd8b81,229fb8bf6548da5de4627f964a873bb5522827fec148fcebc4ab04468515aef2,train
train/healthy/healthy (171).jpg,healthy,2,train,11587f233bbf56c7c07d7ee255663f40e191210a49a45f4c41cb4a5036dd3afd,4a14c0147e4c2edb6f740b33bd74a75c92e27bf1905fabbc96cdafcb7f4758f6,train
train/healthy/healthy (172).jpg,healthy,2,train,856bf59192e081e59ea4777f167bdda2bff0df2c0aaba7a97c54e53f0df89055,25188859e6c185040231106935994f34413dcab7c2e703ebb4c4a9a3286fdbf8,train
train/healthy/healthy (173).jpg,healthy,2,train,066bd095cc6232bb822de6c69e77a4bb4c86092e21c1715878d431f2a7d9cd92,6c92faa25903f4183f0013be0b278c3231165b408483b3db9a3bd7b30912b8b5,train
train/healthy/healthy (174).jpg,healthy,2,train,bd8a1f818e5d9b8ca681193f2e551832a388c3a485ac7001703b2e2e1cbe3d4f,7c42d14334642057892652bb6fd590e2ac2fa2eab907571b68ac4f6e7f104dbc,train
train/healthy/healthy (176).jpg,healthy,2,train,ed5379857975aec63ec666bcf43bad7fe0dd8c45436332d56199802694436ae5,e4540bd35cf8cc9eca98f8f993f7b60ec40d60bc2e0b5d905829f42ed71c7b27,train
train/healthy/healthy (177).jpg,healthy,2,train,8e970de95426dff220437d112291c9a901567a8e0faaf7415b24f7526725916b,3dad0725e674b318af1efdfc372ce91d7e434c692509748160d87cea40ee2837,train
train/healthy/healthy (178).jpg,healthy,2,train,8cb7f23360073ae99d103527344f3dbc48fee876bca5a91897c8fcede8b2f08e,e24bc51f4d44c0b478768a6f787aebef9084cb3abba93d73b6141df109e08d79,train
train/healthy/healthy (18).jpg,healthy,2,train,28088e7d84f2eb3ee2def76f4aa31935312c65342bb9d391dea06fbdbfd35640,a125cf1fc37b534437c693ba7f31b76f29bed1d4cb53dabaafb3d6ea5af2adcf,train
train/healthy/healthy (181).jpg,healthy,2,train,7313556adf71c629211c1d6e7158c901649e23f2118cb98e879a11075f38971c,daa193ef036ffd785eeb763f649d21ca90877adc967c30c0621e7d1ed74e7c2c,train
train/healthy/healthy (183).jpg,healthy,2,train,bf1fce57d4bb2f517e75ab64269f09420966cabad0d28c9b0b051e3cad8e268a,dcdda8bb40c2cc69f694c8917ef83514041c6f8587dce04c74c8fb79b2507b8a,train
train/healthy/healthy (184).jpg,healthy,2,train,a5813392a7cdb0dc86ecd7334b88c46642334bed7a32cd8fcfac6c5c938c30d4,a074b4ade52348ca6eb88b39331a5752b8b9e2cebb0967aefe09ea64a9accf0b,train
train/healthy/healthy (185).jpg,healthy,2,train,4c0eeff8908316dfc210f87476df73ed4a0b55c53b4ba66d2a6867e28a914f2c,ef266935d20f225c58ae4bdac7b307653049454184ce562981e6b62e6ad8f8c2,train
train/healthy/healthy (186).jpg,healthy,2,train,60621d58995efd6d4dc2f155953e40870155b2eaee3757d0b147bf4031e79f63,68736df1e35c2901593c8125c96542e2ecadc15a241e3d46c80beefd48e0ead4,train
train/healthy/healthy (187).jpg,healthy,2,train,15a8ba74ea4fafdd8d56be520039e039d6deb4a015fc7371015ebdb636f41cdf,6d8e9c0bc9c331b8ddc331df201484dbfedc907968a446504a2502dfd4468770,train
train/healthy/healthy (189).jpg,healthy,2,train,fdbd8cb7263b2042936d29103bf9bd441fe49a71b2eb46da9e5d79b3bb58dc5d,56f82a7ed179398d1acca8986c17ae4a707e79935bc9af50ec5cf7fe4b827fdc,train
train/healthy/healthy (19).jpg,healthy,2,train,31cf19160aaf351d7165e988613e6ad881c145d0320be05b9d8949cfc21e6fe5,1b9e1f5068f7c008c57ee0ce1b2104b4f8ad4f50b7787dc570f3d736a8222b2e,train
train/healthy/healthy (190).jpg,healthy,2,train,e00a5eb4c80d7d68f74f5d3604eb20d8d6e9db0e67df54bf1e01338ff83dbb2b,b6bbdc1dda6411fde4a3a19d94e0cbc3c63c9ec867c62dd7dc29996f4f57a1ff,train
train/healthy/healthy (193).jpg,healthy,2,train,cdb002b636dc7ba14ca5bc1f09fdcdec59d12d41894fb632b14559febd1f6a95,ee48a38b71ebc08282c8097fd5a09dad219c030b93d40ee117c4cc1d3bfde94e,train
train/healthy/healthy (194).jpg,healthy,2,train,b526ae4fd8dd32c50e0d1e3705f2660c570c2080fb5d5b23f8d26ea84254f366,2856d2a1841061765fb85bf9dc876fe948f82510f925aa1ba67eb286de881e5c,train
train/healthy/healthy (195).jpg,healthy,2,train,542f19ec7e8b181255f686ec1c8f08b3fd88f9d953f5ca4310b79566740480fa,6b3f532018f588aced858b0af85efee6637881262d3a54d7f4dad6951df66682,train
train/healthy/healthy (196).jpg,healthy,2,train,8509b547486d87c3e1acb9f7a577a18e0bdc2f652e71402344a4ebbe9c0b65ab,38eb064dd079df97348c6e06faeb7c0149335c81414477b3a47e53598f57be5d,train
train/healthy/healthy (197).jpg,healthy,2,train,8c2be5df25a00267aa4f50fa34ca61796c76c49cf656b1e78450d564b3d6dfbf,5e13a08d91b4dcb152cfe65ae3316ce8dd96b584dc85e474000fec25fcf4079e,train
train/healthy/healthy (199).jpg,healthy,2,train,1be6d40c87203ebd761218ce9a4aa09e16307d9796f085c80094ad837073ba47,850834c3eacae21f33b55a38886865c50070eb4f6e581d1f3bed43df8620c697,train
train/healthy/healthy (2).jpg,healthy,2,train,58f0a4b0d780cda98c94f9987bc0f5dfa18a85d3b6d8060da95da27455f33b70,063e7efa5a819ebb7d8ce0eb8088b08c206f1b3e3b2e2165371ebeae2c04ac85,train
train/healthy/healthy (200).jpg,healthy,2,train,f60e2fb4a61d80c5797a9eecca08c12b44be7af9185cb7439668415acf1f3eee,aa375bee7194b10586ea3e0802a782541235bff825109700a3c314a404a39ab4,train
train/healthy/healthy (205).jpg,healthy,2,train,b2191b2d3a5d7a640f9d0961316281acc56d4a6132431c5a431ee8cd3646ca45,4af6a0a6bfba666df75e39e36a5da428e8b210a61984d1f634a55e943218cb7f,train
train/healthy/healthy (207).jpg,healthy,2,train,7f5ba5c4d16cc45b8abed727d087044a9189eb4138d98e2868432095caf84b06,8326cb5f44d61b65eb1d672d51a2f551af95b8e6e11ad0c0cbf8c4eca5e8f59c,train
train/healthy/healthy (209).jpg,healthy,2,train,c273c9377ac92edb040009ee27df4bbedb921b06d9b6e7324a276fda0c1cf4a7,38d7794b3a4deecb1177d4ac2eefbb0b67a2dcf3d015b0f66e2838507fe07384,train
train/healthy/healthy (210).jpg,healthy,2,train,dbf9953382e01b93a8f4e2b0bcd026ea3c25705e753d3f9e6895ab6d90a3e318,7b953cce02487565efd08269f2be540a78e70416b239de438ba567ddfd1f379c,train
train/healthy/healthy (211).jpg,healthy,2,train,4ce11a8d0b8e5b2c41c7d50afa88fcbbcbac5048e50ce2c61bf9eb522be578b6,afc38b7b058dfd1e944c4b151dff01df71207e65cc739395a4f28c74d22b5318,train
train/healthy/healthy (212).jpg,healthy,2,train,1de3d20fba2dc017a6e66b6dfbe4820998a00f29d4f1b1e89b41e95cff17e8b1,aa73f41fad6ece1222e631adb11830955d75c1e725e4dfdb6bb6f35a56a46b75,train
train/healthy/healthy (216).jpg,healthy,2,train,89f3b594895ec8076e4d1c35321f481703d9b1bc0b81c8c406a4dba35b789c30,cf453e119e3803218a1ee576a026a073a577a780c6d1274fd72abb1f30088170,train
train/healthy/healthy (217).jpg,healthy,2,train,a5f4be84ceceef01ebc5faf8f0833e4dc10a6b1da1652ead9473432f6f2d1ff0,67e7d67d6b591b0b2d2316c456886a676197c328bf8723de0ab3f709131edf50,train
train/healthy/healthy (218).jpg,healthy,2,train,b3ee59957491c7fd5ea75c64b2c615272cdbaf08845d759c6b849bec7bca96c0,e185cbfbc7227728260ad792f58e5d46ff8441d97e2fc1b6f20bbb8d8e7e2f2d,train
train/healthy/healthy (219).jpg,healthy,2,train,9b2a76a99c1c7ca3044aa9d97d2b54b58eb460f8d1b4a199568de7b39be651f0,5c2b335e7ec59580753dabcb35c6117ab5c3eef89bcfb004080a829fdc41dc07,train
train/healthy/healthy (22).jpg,healthy,2,train,3d7739cd7a67affd08206807333648142c1ed7d4700e58f6c3277598fc5c7480,5c60ce5561b2afb59160e176004e675966e3a50f9eecf587b418eed9ffc7c38d,train
train/healthy/healthy (220).jpg,healthy,2,train,67ac15ab63a57af5bb75068267cc5dee1dc2e89423210830efb6b032ea2d5739,0ee95123874780b300d6e9341ed1ff5f22f20fc7c23312533c1f3c480ac32da8,train
train/healthy/healthy (221).jpg,healthy,2,train,46b5502011495e05ce8170124aeb3c5690940f41342f0b08cc58de8450dbb513,8d78a6934c07f6c7b2243b869427b752dff131f2b7f5b0b7e1d597eeaa614f89,train
train/healthy/healthy (222).jpg,healthy,2,train,c851379afb943f12d1907b54ff2506bc7338516c258b1f4a81269bcf5598b67e,581fc711babd53e52cdf3e2be4453e5e2c6868072b1de5f473c13a2e296d31ac,train
train/healthy/healthy (225).jpg,healthy,2,train,713ecb5dd0424b8724c274e3c975978064ac5631ff0bc4f08f1f6625e79795c1,76173e1078c8975650e37ed80a842cb9e56df92738b10adc8010b6797abdc2a0,train
train/healthy/healthy (226).jpg,healthy,2,train,c6ad5ac1e616cfa0b423cae0142ff1ee95ba0e7bae24f23885ddc06e240b8619,e42d8a09b28c0e1d87d08bcaae9ea85f3ecfa1ed73e4cba890fd026c3e6149da,train
train/healthy/healthy (227).jpg,healthy,2,train,7e7d79722d9e9c9d61320a393ae7a095d69f89981cd394bd986fd64d5525074e,05a0951a7dc6b2fefbcb58ea8b0c39ef57d8ed1fed8a75f76a27bab9cc7ed960,train
train/healthy/healthy (228).jpg,healthy,2,train,83e0f2bfdc6ae7743c5b4205e9f1d443c9d0a706a0736d96ea7428a2d26b796d,f5d87b4b23c471ce1921abc07f905623bd812f0a4ce8428091d9aea466333d39,train
train/healthy/healthy (23).jpg,healthy,2,train,71c89f3cf681206e4f2ca30fd0ca6cd8299c765c97c8c08c31dcd64c4cf51434,f8b35902a990606fdfda44eef759fd3f518e864ba188e0a94b86737793ef026b,train
train/healthy/healthy (230).jpg,healthy,2,train,1826616884b14b2852c72729dec3c115b985d59581f006542fcc7574a81cea8a,1e49219046e70aff50516747fa311aa123477642b30df63fb2a6afa969e36376,train
train/healthy/healthy (232).jpg,healthy,2,train,dc44d9ba3b5b52d81f37642d35f1a269a7ac24e62c286c3bf1fd01aef87e6f92,4a42972a3d23692bf3643fdd21e35ccfd8bc05bcc28db1a6d5688ebb0f66a065,train
train/healthy/healthy (235).jpg,healthy,2,train,7cff460daff0660ec285a82a119a376f9b9c638e6539536c433fc0e878ee351f,b605aeb248766e42a0497cbf6d158cdfc5c247cce1a4762cd564a9f0632e6bff,train
train/healthy/healthy (236).jpg,healthy,2,train,bb95b9c8b7698047e413d4954abe018c34a6dd05dd52150b44471cab18a731f5,851b66d7700e7d4fe5c24f45a1cca85bfd7890f83a2f4bdec32d334e499f8a32,train
train/healthy/healthy (237).jpg,healthy,2,train,d7ae8d3660189e467097bfd8e63727f6376389f01e7b2ae5765c5e8cc9eb4065,b7972e4dfa66c58c8c51439014a4aff54ae41f5fa101ae8e1ab0db0b28bc77a1,train
train/healthy/healthy (238).jpg,healthy,2,train,722c61696c8e33f977f34dfefdba861b1af1857748ddb2c13269c2942224d71e,b7045964427589ddff93062d576d2331f07c95fa906deb17c3131e686051d768,train
train/healthy/healthy (239).jpg,healthy,2,train,6bd0d8622f2e40e2506ddd06969a1259802a0e4a133e2c92005a13a63eb55c1f,44c535d47757937f8d3e5090e004ad49e4bb84e44bdbd6edb6bade45f0545707,train
train/healthy/healthy (240).jpg,healthy,2,train,e22b77e069a04eb301d2be8ca7e19ca752ad394b087f7381e5d6d9263c2e9832,a8dd04452ff211aafd244d8b1a8d8fec49f55a3471d1a7cb9d27078033b0c423,train
train/healthy/healthy (241).jpg,healthy,2,train,bffe4dde085238e3a9ba83e9b8583465f5bf0ffbb220084e993ebef1b2a4391f,5acaaf48f2dc39d8945b6770b4db32051567bb21c33d3d4a2c53a43374fcf3fb,train
train/healthy/healthy (242).jpg,healthy,2,train,e847f5ec4e5c7c6a918d0d63b0f5723f1f3b09e42b95f415d58583e902dd3142,a31aacee18778692883bdad9105ac460561ee31e59e85201f05226b279cc4642,train
train/healthy/healthy (244).jpg,healthy,2,train,7a8bbfed3ee625719fc8ba8060c75b0a9a8053c3eabd7e45f930418e9b9a6f93,8821843dd541e95a7a0cf98e77aaf0f875ff63911a31dacec735b0d6436ea29a,train
train/healthy/healthy (245).jpg,healthy,2,train,6d6d7ca06f0a0d41180de711088ed73c8d11e3a5cf6ae26724a7b49144ed7168,f4cd87216f9223ac68d1e25a00fbd29cdb40d0915ce156e097bf3e04c30a331a,train
train/healthy/healthy (246).jpg,healthy,2,train,7da0f860de9cfd3c9cfe4e29e39ded337a5313d8cf11e597815739266c8dd8f4,962c814e975790bfc504db6f40b54d1b2afd263124d4c2cc41bd0585724a3f38,train
train/healthy/healthy (250).jpg,healthy,2,train,be8f318d467938fe129450fe533683b2e0e128e19384d1504b1c160e769fa1ff,78a40a8a8c67fb4d102696df20c4330d3be5644058fbca4e802003460fcb81cb,train
train/healthy/healthy (251).jpg,healthy,2,train,3b1ed167a3789553427fe2b0dd9b736e1a6e8ac83b2a10b9a903fea75d1694aa,b0b46bea3c3e66cf26ed0ec88ad3174b6a164af77d5694b4b8cc6ad5e15cdba4,train
train/healthy/healthy (253).jpg,healthy,2,train,3db72154e7a10bcee4b8132edc6c84226bb54481d9fde7d25daa6715f7763602,b821f521d4dc89f93a19b4bfe4ac04a867699e7fe527135170a0c8688ee5107d,train
train/healthy/healthy (257).jpg,healthy,2,train,9b22c48967574be47c719ca98cf03cb001b24f6c8bb0940803a5f01ecd315a84,d915da94205961587ba701bdf727f3e589afec635f365d6d872a342f3a29b72b,train
train/healthy/healthy (258).jpg,healthy,2,train,45db808278d0f86b13c404b487a1f4b294b1c99cd15723258e79e6a88a49e7f2,13078e85eb7d4f9fd886251600330ef69e82d11ea42c2ec41592d65405dc6c19,train
train/healthy/healthy (259).jpg,healthy,2,train,8b35b1e9b4b1452d741ca2a31477fd579202885867c0ffa233056098a8c0d6c1,31f63447b5e61864ab50ff0df82fa5127e57d2dcee24415432ae4c37a282eb83,train
train/healthy/healthy (26).jpg,healthy,2,train,7636fa31f72f579f38b3738841604f63122f5f929d18d0b9ecbf57eb0de280c0,42109de4350188a202fccbf30e0afa78973f16792eae290564ce1bf565aab968,train
train/healthy/healthy (260).jpg,healthy,2,train,4751fe6d462b03101ba1672d624fc048fe5cbc5a60d2e6ee5042e69f9e85e90e,6f2e582e9dbceb770362be0fd6cbfb45117be5332411848957fbca99fd493562,train
train/healthy/healthy (261).jpg,healthy,2,train,cf26403cb3f926047f68e7ac74cf2fe0b57822afd5aeaf94f49dc62df842ce9e,487a90a3b5a841a5807ab45d63bf3225d61dab30f35cfc78ea35841c6f8c8524,train
train/healthy/healthy (262).jpg,healthy,2,train,28d5ba45d3c607f1ad3fcf33f62686a8e741fa116ef2426cd7a79884455a1d5a,78b5bd9fb4174951b2e0ea17e9d1da62de1e00da195a306fe4f0d4a5aaae061d,train
train/healthy/healthy (264).jpg,healthy,2,train,983be5ae89201bf8031cd46248457ff978e8d5ba764d189b0982d6bb398c9ca8,dc05c0dbcb6feab6990e0efc425921e3ac2165b35c772f635d4606bc316bc4e1,train
train/healthy/healthy (266).jpg,healthy,2,train,980e031fba006c754b36a88832c3c780b96b793143d9c8a4f9dd5176cb44c895,40d6e7ab8363a9b253eb590a173b7c6f0711eaac93806e42550adcc8718aaee1,train
train/healthy/healthy (267).jpg,healthy,2,train,61c1bf9ec473d6e8ccf201f9bfd2d1f1b96bbc6418d36882231a94425d08716f,18b93e53f48e5380937d2f7cf880395a53874fc91c7eaa3c625494dfe5e48d39,train
train/healthy/healthy (268).jpg,healthy,2,train,4ae5cb88ebeeecad1c6169f913d6287773e6bce9b7015608186581449948979f,40cecca25d4e29fb2e4621e98158bcc7081e7295e301b3c27f378bccef8b3e05,train
train/healthy/healthy (270).jpg,healthy,2,train,c2225a5e5fda7329dcee4c752d5cb0a48a62d97810243312da94cd856bd12df4,d5ad33493d142e47d6fc04ff319fce43d467a9d287e860f2446039799859e6c2,train
train/healthy/healthy (273).jpg,healthy,2,train,87ffa050334b05567224135c4683af1600defa8e3c527c6df4a084225ca7ad2f,be0e00c27550f3ca69eae3e10c749189a3ac7a75d6a0c838e0231aad3356de87,train
train/healthy/healthy (274).jpg,healthy,2,train,813544ec38d11f8f87289177e88d357d53c71195a8662c9de08e29a977ab379d,2ad1f36376d03affdf9c5079c56daf95056f14ad1c64a8afaa95bfbc1ec8e8df,train
train/healthy/healthy (276).jpg,healthy,2,train,7a70c2a1784f047d5fbc777de2dd3a4986b9f010a793d04da81cd3adba431e73,a2d356f4d79eab3a962544f79bcfabca1747641f141650ad8b38cc3aabaab2cd,train
train/healthy/healthy (277).jpg,healthy,2,train,fdd76d45e471e6ec2eb3dc2a5ea2170085d5fb906b7dd5d12a47bc50f3eb5ac0,f254a380c9f701fafa46cdc48213e018756f14ee9e05b1e12444745e536fb9ea,train
train/healthy/healthy (282).jpg,healthy,2,train,63c230f2a003c54d4aff83f94a3c9fbedd79249df67f3bccdd2f9a78cdd00a11,740c3b4609aab4faccf964111cd2b2097e9a20aa5d754013815fc2b14a96512d,train
train/healthy/healthy (287).jpg,healthy,2,train,a659a686dc2d88c3b7af359fcb253bda875a31a4c945ff619eb623ed4616c5a6,fa569f179ca4fd40e7da702050c329e685a1620cfee3e2bbc26108d3cb437150,train
train/healthy/healthy (288).jpg,healthy,2,train,c2e3b57f0bef5c09063b487b0a94050dfc2a9fb5fb84afaa81929a4a20922afe,2f5497a9d63416ee60fb8e7c3e6aeeb56f370a6dc013afea2c6b0bd765082815,train
train/healthy/healthy (289).jpg,healthy,2,train,31859e76ff5b1c8c93a71862e195a22aae1bdd5085477b9d3154f6a1fc6976c8,af65c70af92b4e9f80d9df144f6cd5652e82b7092b3ef2e1770d942a1f4eca96,train
train/healthy/healthy (291).jpg,healthy,2,train,187054d34f2629d01732d48e843c972040905ef577417d018b62fad6bf9234a0,526cb8da4b37ac2bb0eccc125fadc2da134743d3f7b51a6f27dc164a7cb73fc4,train
train/healthy/healthy (292).jpg,healthy,2,train,d6991ea0a0fa834039c3de35c805da278e3749bf342df3a042a882899ed1cf0d,4f6526c354b3a7883df5d8701eb128db550ebf9bedea746b6ebababc81fb78f0,train
train/healthy/healthy (293).jpg,healthy,2,train,3aee4011cc4c6c3b9ef92a94873bed25c0a788ee74fa4f6910232aecf2e4f77d,94c4b8991fe27eef83f195f6cb7783b80b1cc7e25c6816c6b8eaf660da3e3fb4,train
train/healthy/healthy (295).jpg,healthy,2,train,9305bb7dbe0954670705ae067f48e4e15f17bd3674e377240c059687558f3b24,39441f6a73d581fec8710c1d3c77ab0949ef77908cd6ce5bc7a0245c4b08af39,train
train/healthy/healthy (297).jpg,healthy,2,train,4f6dd195cb370bb433dbaed18da0589e60803c540bf90b3ba00ebaf45c913454,875e08d07f219d87dcdea3869544d9f6211004bb14907627f0716457bf62efaf,train
train/healthy/healthy (298).jpg,healthy,2,train,b51a51af6fa9f458a5341da89314aab4a48d455f668c03e5116e767c54062fb4,a30127febd93c0ffed3735b9c6d7f00e2eaddf0bc33d297cd414488acd348c70,train
train/healthy/healthy (299).jpg,healthy,2,train,9c87644a7fe951c2808312c723391af2af26bde15f5dac7009c574d5eeaefc48,578eea905b9bb091577894750f9fd2d4a7c4a62bb2730817f44889804c06276c,train
train/healthy/healthy (3).jpg,healthy,2,train,5bacdea4f25812ac31b002e7b2f2874b947c49f1fdcef4552a44bd2bdd2d06fc,16de133983afb1616641a9c1f80fa3ee7c71e55a148e911c3985f738eacd3d9a,train
train/healthy/healthy (302).jpg,healthy,2,train,cbf617b2b0fa65fb3042308894de020fdba3c56f54c042d6bd074b3d473bc2f6,0dceb52f45a2db9442005a3c8bec6aa1b292fa7cae3633b322d117149856d000,train
train/healthy/healthy (304).jpg,healthy,2,train,6dbfe5c0f84354442a5ac17861fb50602367cdf0d99a897bd7a9900df7659f00,1ce4842e199b1952c8f31a759f6af13c7103bf45a8643aa84ff688ba9efcc7ed,train
train/healthy/healthy (305).jpg,healthy,2,train,15a216195a554944ac0a31cbdd8cdd18760ee5b8e804c7c33e4ebfa9a05a7855,3e4417659a2b9cca46937dd71e41c374445f3ba14ff924bbb2881ee990d7b846,train
train/healthy/healthy (306).jpg,healthy,2,train,f6ffdf279bf6bb595844b7ef54a63051e7b342f121635e453bd3965eba1e75a0,c48c37e44fe25e67e597fdef45193496f59326587449fd9a23d4bbbd0f42b8b1,train
train/healthy/healthy (307).jpg,healthy,2,train,23da6b81519e8fb30b0a9e87816adf956efc1c053c8d6ece40088db61c8279d0,a8a125ae93e5cbc7a06edd9404073123af47ae598147fd949a3ad61a09c9f8bc,train
train/healthy/healthy (308).jpg,healthy,2,train,dfecf018a5b49caa1efd794f6400e73fd6cc54493816b59436a5d7bfd13f8a6a,3d763e26442d74b1f39c9405d5fbd675dba6ffdd16dcca4ec5875f3a78a75973,train
train/healthy/healthy (31).jpg,healthy,2,train,b0727f76f456bf078a3e8b595439ec419f0c76ef5660d0009607829cb6da7a19,6e96fb69c3d8ccd3045e677546c78e40d276b5733c1f17773821386f6d8d084b,train
train/healthy/healthy (310).jpg,healthy,2,train,3218e0d3c0c74dcaebccf14a4e6074464cc2b981e08b29c834b78ce6f8643f4a,de44d67cdc5e579b5f073ffacaa232b03fc7f390c2bc248d9fb068b73f095186,train
train/healthy/healthy (311).jpg,healthy,2,train,f661bd222d626f17239b1fe299301aa5aa3e1359e63f881dafe268016b7da2f0,aca5046100307d48382d4831a9aa6109dde9632589910900c075206244b6f00f,train
train/healthy/healthy (312).jpg,healthy,2,train,beac82f5954952d5c329f8c70e58a10eba4944e0eb9b5d7b8a5f24264321e1ff,c064ee6e59ebaf6298b1e933e836100f86259dca71e3d5d40ac0176ec9eae9dc,train
train/healthy/healthy (313).jpg,healthy,2,train,45e2013070db447c91da5de4674ecc9f27cd10b39c7ea74a78a64027b0b33eae,95bfaa112408a47e00a88ca858f2de26e642642ba22236d61faec5003e69433e,train
train/healthy/healthy (316).jpg,healthy,2,train,10c43cfdd46e29f38292dbbf781b64cca29985c08d80f9b64c991652a5ffbab3,77e02c6f026f550366e4e30893df1d26fc8db44feb3cc315feb36d9159264f22,train
train/healthy/healthy (318).jpg,healthy,2,train,115091c25bf1babd9ab86b78ee063e0e482df75d6e76bdf922aa5b21b495ae25,56042197ceeebe45a4add4154e21053cad21596dda2e91081be5462d0370af3b,train
train/healthy/healthy (319).jpg,healthy,2,train,2a58a82ba6f7ac809bba8f5d9b7bf76bbd2f89bac7b425fd4972ba88fd23edeb,ad2f39454b02861b9a9e9e6adb6f32b3a81e634bafc49ae0d0a01c4aec491d78,train
train/healthy/healthy (32).jpg,healthy,2,train,94d6483eb8d598711349cd08e59817539e210793c596f599abdf4dccb790adc9,1fc89e524d700745771ab0b3c6cf703d45c4097bc415577afc1f1554a8125426,train
train/healthy/healthy (322).jpg,healthy,2,train,2022a201e5d92619cbff28cf8e87742ab2d58dd7adef48a9376831d47ba08131,87fac590465203891d468135d6fecff1fcc3ff8231e590216a9a1de63f0cc106,train
train/healthy/healthy (323).jpg,healthy,2,train,954ddd2db5eb75ad842d887732b0aead6cc617463769e0c970d794440d8f2f1e,20e2c89bb7464fd41a3eb9ff6637a9e46e80c812a7c9be6cb2b51cff6adb6626,train
train/healthy/healthy (325).jpg,healthy,2,train,41532cb4a8cefd78a7074ea234dd546389f4c3d83536d932f476c42332210701,60e4befd644afc41bfe39f973d8ec103a159c7ed113a9baab956f04b1e373395,train
train/healthy/healthy (326).jpg,healthy,2,train,7e395366f5bde87d2745064386d18e6d1ec082bdc104c54779f523f3f7f5851d,e8f59c09bbeabe50394e1a3947b6da3e4dbda4a8d18ff4059aa47111d5a3ab3d,train
train/healthy/healthy (330).jpg,healthy,2,train,29bd2ee9e0aeb146b4fecd73192de6f4816cf7ded70af2dbb06f2a682e1e94b8,6009df64a5a4e3c2cb6e14e64b84c9ea40afe934ce303b592098e2d8b162049c,train
train/healthy/healthy (331).jpg,healthy,2,train,c8346417ac9b8a6515e14c71b239158adf7def5ab684033b69c4cb91362d32b9,bb514073abeaab789ea63dd657f05c3fb31eb37785bb97497ae14fe914bbe043,train
train/healthy/healthy (332).jpg,healthy,2,train,db33d5f7c7d029b4b7eed814aba25370e70cff5e9e8df6d63845d2d5a8855e64,84b59449c97ce4b8e0e7922a9b21e09bf4b695284fc3dc5cc2ff5db5680fc59f,train
train/healthy/healthy (334).jpg,healthy,2,train,72c1cad30f989b00bdc6be2765f555b23173ed87d4c938608ae04261e49c73ef,e174d87668b63388bcedb0fbc7341c51906b9d625dbdaeb2a178f5cc85689346,train
train/healthy/healthy (335).jpg,healthy,2,train,f86a15aac2fa45c49c00c2727f3d4f3e5ad547d9217bdc77fee807430cea61b5,39b2f649b45db4eb76a50f8f29d07581d36f5ce20d01fe8526eb12febf482f88,train
train/healthy/healthy (338).jpg,healthy,2,train,0a46f80963f0063aece4c4b0f3e9daae085189efdcb47d902410b5854c9550cd,e7bfb6c5829b6e4d04b083fc8cdc515bbe76f57048ce45729ebabc253c20c9c2,train
train/healthy/healthy (339).jpg,healthy,2,train,8e7d4991d1a672c4c55b084be56243f2d272ba2f302aba30348317e0917c5ce9,48fc468b8e14da9550b913dac7de79f3c32596dc857abd37019c6e9468c35479,train
train/healthy/healthy (344).jpg,healthy,2,train,863b9fac5b6e41e7e62bd8de1e10ec94c2fea4d574a4d5f42523134827b7bd6a,eb08bffc6d693f587e1683697edf0010e9fac9564cb99013d7ca810bd9ef9aaf,train
train/healthy/healthy (345).jpg,healthy,2,train,8d96cdc885136eda698b3646915cc1ef0e4997e501f7a79071784de993210159,e1030818a724473b4f3ca270e7f22506c281ef245ba7271d69f470330bc5f0b2,train
train/healthy/healthy (347).jpg,healthy,2,train,c5c0bb4095873c3f07791e7f148754954edf0bfe9fddb81d54f8ff7be7b4fcf9,10af5098c8cf95e3e5d7a0b1fe6f66ec89b15127c6fedb29cc6ad4983ea255d7,train
train/healthy/healthy (348).jpg,healthy,2,train,61f72365660f1e2abc530b8fa36232f3dd42c1ed721041a5101bd6bdc9286c8c,58dbbfad68d20bab4394f7a8db18ca50e6940a5bf37c05cad2818d5a925a1ac0,train
train/healthy/healthy (35).jpg,healthy,2,train,ba32c3242e2e9b9f50a020109ee4eb3cde67a81cee198380954f22e4b8f73df0,9b49c91c7e1e00e220460021f0ee04b2bbf8699e1eb7f760e77f1627113e71ce,train
train/healthy/healthy (37).jpg,healthy,2,train,89ac367cb12be7e76c27c780b6e673912c93b7ff7902e2d3b89c98789cf786f6,82c907d377547c69882ddf6755c7a53e5ee99e15cc4b693e8e43fba0448aa79c,train
train/healthy/healthy (38).jpg,healthy,2,train,74a05c0930bd79959f46477518c1ca1953083ebc5e44af8d531a6e9da0c49aff,93f117242e4bedb409cecc21f74cb1eb4d2faaf7e37e6feeab1ef4e493e8e037,train
train/healthy/healthy (39).jpg,healthy,2,train,f48783c159647ec012294e70ed3897f78eae84e4ab7e506004c1182d12bd053b,d7dd190f45608a282e96be0f1a7dfb1f522e112ff6cf18533f6445502a20569e,train
train/healthy/healthy (4).jpg,healthy,2,train,7eaecae7a68c23c63ce5c8d7d122e0bc2659a5446c63bc135858666ce0290b97,9f718043fa9e9093145dfbfa920725394e0fcb98c7aa27930a24821b1cbcb355,train
train/healthy/healthy (41).jpg,healthy,2,train,cdd7fb6c1dbe1d904065d396fcb6f54ae62317af4414a309df822d3912352f7c,f9898a25be286b7df0b998c9a335d64791944289906c0039e0b5e1aee8db7311,train
train/healthy/healthy (42).jpg,healthy,2,train,d6e5d1c8bc929787a8b565fc0ae04fd6f1b7b493178ab18f4ae43016aa81721e,83ac5d7108d98dea663293015231c0ba774510c31f6c82e93bf4e422226a0f59,train
train/healthy/healthy (43).jpg,healthy,2,train,b129f87bdd648500a1b8465fe1d4d17d928c70825dd1a6ff75e824e5e2beba01,9cdafd7634d62414b5a26b5e0e32903a8c5dd46f948db0eda4e98827013a7f92,train
train/healthy/healthy (44).jpg,healthy,2,train,1845ef0db02c97252c63d9753a96e8a8c50566a525abe7c2d4f2ef9e5f37248b,a08b943db2b08e788e2b6a8d7d01d73914e75c9100714b0c9d887caab7080881,train
train/healthy/healthy (45).jpg,healthy,2,train,26ea5d7d171bb06e24ffef2633f40e69fd271ae0d4a48c9a60e275227ebd9d5d,1ec2db7a8295d4d48bc5f957347d971519e08f6886fd6e2e026a5fa3b4128a01,train
train/healthy/healthy (47).jpg,healthy,2,train,5d38babf3b4577093eb2b31576aa769d5ee86ad271cd81d7465de7d3934ea405,b094518875144fb772269732716d6702de316860703437e1448aa6fd2fa4d4ff,train
train/healthy/healthy (48).jpg,healthy,2,train,28dce3591d7b0d57d459e36a07ee3f952c4f2d9d61eb4ccddca5ac52ea6bfb49,e2142b305fd5752edaf49380bf27eef467c73f105ce181045c966e3d68ef3520,train
train/healthy/healthy (49).jpg,healthy,2,train,a675ac54ed03b89adcab09e5d4ecc53e9eb998051beb18c8e4c7a8b569f692c0,b8d88d2fee363de5fdc1d911804e60eff043bcec20046830ed60ef38f13a42c9,train
train/healthy/healthy (5).jpg,healthy,2,train,472af9371aa858424f913b593a790cf14ae7b90951489a364a71aa8e2aaece47,6fbb96ab5496d0c37cda5f084dfeb60781f68a63c9902bca37bebd366edc2f1b,train
train/healthy/healthy (50).jpg,healthy,2,train,c7f88d132dbd0741333b44dc59604e0a50e4530f7a0490460dd3264dfbc175f3,84b1d8fee2a26738e3f9c5028114b5660b7483121494211cec6acbbee896afd6,train
train/healthy/healthy (51).jpg,healthy,2,train,e9a400da1fda3b305dc912fcd0c0b1844a849eac9f027081834f438be0089e1d,45313d03777aaa0a647bbe52c707698e9a512be0449d8478c7496fd2f8bb35b2,train
train/healthy/healthy (52).jpg,healthy,2,train,6ae1a2b6927a75db63cd4a270e84140316478ddeeff0884fa4d6777ae95864a6,0627c1992bba03482163427c2fd9a9653054e0e456dd851aa9ac4cf2cc4f2211,train
train/healthy/healthy (53).jpg,healthy,2,train,e1d4b235fba419506aa470a31f4c0ecaccfb2767b06c4c8877bf556fc8f77d56,077ae0e6d97b766f726cd7add32a68bfcbb20be05d9eaca77776fa41a27f5ff2,train
train/healthy/healthy (56).jpg,healthy,2,train,b50d4a3c9351f26d36066d2ea28f6a83522d797b4ec6e8639376c83b20c4290e,b8d9d66d6dc38f4b1673f08206930c1084d03df44edf9e212150ef1c626166b8,train
train/healthy/healthy (58).jpg,healthy,2,train,aa2534d8e6ed6599ec764945c5c44a28635ab34327a656c14a5b76ac233092a6,1f1f0fb0167fac91c66a6d4c69755fb908ba88b6e11d112b63996c4d9f202db5,train
train/healthy/healthy (59).jpg,healthy,2,train,e8ba1a2b10260d9348a3b68a8db0425bba77cd4d6e622f301426fe45e4cd7681,ef036663c0d6106d6eebfacb1980a09398a2b12dbb592790ac27108f018709d0,train
train/healthy/healthy (6).jpg,healthy,2,train,cbdc8d9d49cc26421ff5c05a3cb134d2c9ffa5bf9921e9287a4488cf08eef01e,765db99778e8c232161c9c66d113da01ebc835a1ec78607a946f48a418659129,train
train/healthy/healthy (61).jpg,healthy,2,train,78ccea09222a223e92c267f4dc596380f477310ad831ae705fe17c8e478f80ea,bd588b7173eb8e2e35ded8604fc6f532f0494b6b7fe632f5ea4acbb580c7d81a,train
train/healthy/healthy (62).jpg,healthy,2,train,8aca4691bbacf83510f6a827503424c2387d2639dd6d4fa9bc1c33d336b53b78,de728137a33b3d6f6ef1f96be9ceca4b80c8751be5b417b53bb9df6f19de7f3f,train
train/healthy/healthy (63).jpg,healthy,2,train,dfb7dba102ecc4375980070687787476e421e653041063b35ef2587d1db010ee,9a85adf779d6ba248b29f05b2c34561a891f177b5533e0aba6218dd8f6f097d7,train
train/healthy/healthy (64).jpg,healthy,2,train,eafe29746839fd31f3fdd51505ed8016a76bab49e53ec62f9f70833bed7f96a9,e2638762ece5a1263fb82551895b739e9781ff5aee8689a52f714e7b8ce0c385,train
train/healthy/healthy (66).jpg,healthy,2,train,3936a3893cfd6711a9b5e08e71a79b204296f5f001dbd9de4f50e318784322bb,c5a02d187183d5c361cd645bed61e6b4ae5197b7446771656f0096b712d406cb,train
train/healthy/healthy (67).jpg,healthy,2,train,62597a65adab49a1e2689f4847e0020c9f8edcfa48f99ec409ab63a051b6d30b,b45ab593e6172875c9306091714c8a38caadae67c79a4f290a3a118352f0572a,train
train/healthy/healthy (68).jpg,healthy,2,train,fe8de18da0cf788f66fbfa1bc822b810b5ebfe0c82d801a89fbffa2dc10fb1b9,7e90d9db2d07c1990915586ca34e8452643086d636dcb27148f5649d868fe016,train
train/healthy/healthy (69).jpg,healthy,2,train,274bb8613da76e273e1575aca6a81e82d9a97dd1709f8646bd3eb53af3d70ec7,a5af15fc7d9417b65c8df5f93bbba366a66bac53428f37c4ceb7e9da2a171304,train
train/healthy/healthy (7).jpg,healthy,2,train,83b8fe36816ad8b16993fc5589eb02dea847fc32a6ada6dd95aba9b7b8be29c9,4c27d2ceddf5563f79c98bf87c06025176ab406142d9f3c2092358365a6bf219,train
train/healthy/healthy (71).jpg,healthy,2,train,3b6f3479595ca9174918590521ba745fab25c392bc596453777a826d715360a6,9008b14b8b21e7a6b2f491bec894c6a75b27e32163d6ce2f53a4ea0404ce1660,train
train/healthy/healthy (72).jpg,healthy,2,train,aeb692358e5680fd1fbac1569efb43ed1442664f33307bc5f7ec36bd81a55c5a,4eb9a2bec47a8bc9cb19b161d911a5dbafbb7447857d79955baea59b8bc4201e,train
train/healthy/healthy (73).jpg,healthy,2,train,5a46e78c23eb78bb36e89c9980fa7b0ed2f0f8c9bc5e636fb08efd976033b188,db23e198e4f2e8ef6fc34361bdb3c6a619a6a2f5ac079397a6e8a6f65ccfb053,train
train/healthy/healthy (78).jpg,healthy,2,train,cbbc9ba3a28a3fea4cb493b9e5ef6d0ddfe53dc8dabadd9f51a919a39a50af7a,9b7e2e0dcaaaa6226e47f9df29890e09b7e6170341eb29d3db1f698e27d3fbb6,train
train/healthy/healthy (79).jpg,healthy,2,train,d6b25eec9426f2940ba65223fb9b1844df6de3775613bc7ac8e8234735316ede,3b6ff1630723e22588ede148e6557797a159fa778cbcdd1ee9bf743b19e8c91d,train
train/healthy/healthy (8).jpg,healthy,2,train,f4034be65f00a7aa2f6abbb708a1546700230ea5a1bbd8902aff7ac29dc639ee,a9ea26447bddd57e2bac1e3b9461892ac6e8b17ddadbb589c7335bff8c3f575a,train
train/healthy/healthy (80).jpg,healthy,2,train,d5eb24a9721a05ee468481881933eb2f7a6f6b194c0a6d43c9fb6bbe19442f5c,abe5a0fe2ec210eba68d4b90af2887a8a15cc62a299d255867519b3fa33ee707,train
train/healthy/healthy (81).jpg,healthy,2,train,29a3fc340dbf8e12e709175cff27a6120b41f1e693aeca05c1c5a5b5d85b3bd2,e33cb18f92236ea7e8063a63139f927c9005aa7efc977ab8d53df1b477417526,train
train/healthy/healthy (82).jpg,healthy,2,train,b0b8738f94c1f6b4d6a2dd2f867968299473dfdc13e6f9f793ef0f3757495723,2a561608ac021a7a5e18abbe87319dbc26ccad7f16a0d92641126ad00b8a5341,train
train/healthy/healthy (86).jpg,healthy,2,train,58434b62942ec797ac8f0f1b792fe193734074742a2a310d90907a38697cbe94,4475b64c0c16797e3102bb9ef3f0725b369675d715167e9348a038cd0898a630,train
train/healthy/healthy (87).jpg,healthy,2,train,13e1ae6e4ac731b32759dce2f18927825255a4c866ce55ee627a4d1c99535541,2e36a234061eaef6d3e4b218dd6881f3880062169d89ba23a119f5761f34f2a9,train
train/healthy/healthy (9).jpg,healthy,2,train,0e6edcc845cf937af632f79370c2eac226f5dcde9dbc7fa4b1b675437b66e555,da40cf4e9a601df2cbd871f2d16733a51cf2f6f7abf284c83d5e927cd4143a3b,train
train/healthy/healthy (90).jpg,healthy,2,train,bcb4f3e1511bed379feb180351ea6aaf3f9884ae4e0152d822afa47b0b52adf3,52167a760c674bab36706b41213e849fa598fe66a0fe77864d12ece5dc62886d,train
train/healthy/healthy (92).jpg,healthy,2,train,48922314f6ca8464a8776ea7b6664162a7f6d4f7b63e42ba7cb38950b8db0407,a17cbc8c88ebc2eacda27425e678e55ba940de95904d2d1f994b1de5d6b458bb,train
train/healthy/healthy (94).jpg,healthy,2,train,0b841ee9f3ea56bb4d46ad954913087693e3719be19c7005219c4760e2d56c88,7f378397f3cf133a53e7b6f17af016ab86c10ea8d00da1f4f0846ca85db4ca34,train
train/healthy/healthy (95).jpg,healthy,2,train,5d879769594b158adde3c94a0c13890b07917bad430fb6826c2141a0377c01b7,d86dabae4f380c7d4834484816b12417f791784c4bccfe509dcda552cda1a539,train
train/healthy/healthy (96).jpg,healthy,2,train,d0cc4ca7aad03d0551c31bb92ba70a681ac8be3cfd622b03cf661225856200ac,2a3aa05b45b5ef91d4fe12ad92856bb25d64dfd61d669053bf666baec0eb1880,train
train/healthy/healthy (97).jpg,healthy,2,train,cc961ee9be3f75eb62d021038ee168bedb69361efa292c317b48bd18f92c2e94,c76e61dd841315872b34826a16982dff45404a8ffe35943b00faedaeca8ac816,train
train/healthy/healthy (98).jpg,healthy,2,train,f8b7eb70738f8ba714c504e93fc4c08a4f2e0c17035522c5f69b63c91b8edc08,32ffc2e4979a6fc277b579057d24aac1bd0e8a33ce7b3aa4cc07f784c14df524,train
train/healthy/healthy (99).jpg,healthy,2,train,954fefb94563be8915368b6964a165133674a11dbf8813ef975cbd64c2df6550,b774bfb0309b4d9d92b71370533d170be1b0f7606b3fbca947e1d7324904144d,train
train/leaf_blast/leaf_blast (1).jpg,leaf_blast,3,train,d4f31ee39eee781f64cc73519ca3eb1b617d020d5a0bb8f865f802af68628422,193e624e34d71511ba6e9262fb263999c488c7e1ea844e72df27810bd917b0b4,train
train/leaf_blast/leaf_blast (10).jpg,leaf_blast,3,train,5e19e03e7c0f9237c01addf1b161067875540de1fd70e9f4f2bce3345301b3de,96a050b02d87e1df6bbb4e1bf4a4ac578bd088b11e7027002add00991556d30e,train
train/leaf_blast/leaf_blast (101).jpg,leaf_blast,3,train,2f868b08f0aa526ae4b37a84d21ab858ec4bc09451e6ac5a794d95743c126342,10ab37bf7047cc043b2cc0670c64daa64ee13f0fa2e003c08799cbd0d670a626,train
train/leaf_blast/leaf_blast (102).jpg,leaf_blast,3,train,0abe09628467733f4c49148d5909a773f0989426649d91dbde1f8c68131cf949,29d1c98485a56362a41efb6ed17375fab5b323d6a4aa7f9c3c6e83e214b6d492,train
train/leaf_blast/leaf_blast (103).jpg,leaf_blast,3,train,96b3a18af25d190d52a366b1e301d32166445de6e5853b5f8643db969feda4f9,f9d0a9f75426cd5893200f23523ceafed02b0fcc203c5c5389cae523de063bc4,train
train/leaf_blast/leaf_blast (105).jpg,leaf_blast,3,train,791357d796e13e340addbd4668f18d19b8298bdfa891d5df1da63d0da6b35efb,14cd131b44c451f2c669f34be3a42b787f79846b244c9a43198c06b1f5902c3d,train
train/leaf_blast/leaf_blast (107).jpg,leaf_blast,3,train,ac0fc2e6d08d7649a71c1b6138fc94cc8e71b8332791faa93486ac37453b4812,668e680557201383f66f2b6fbdf238d0f85df649fab33dff5848f91b30df93a0,train
train/leaf_blast/leaf_blast (108).jpg,leaf_blast,3,train,1c90c22e463e1f6b993c83b7a4794e21c0c77473a21a4dfd863a1ff0a60d6513,7a09edd8021809b4c076de31d2de9da754173937f3c8b81463afb9f6b024705a,train
train/leaf_blast/leaf_blast (109).jpg,leaf_blast,3,train,7711100a976e8d5efaf4b2f0042037de1a7624a3f3f16bc2012e0d13d7dd4a1f,d1ca817054defd0056837b4a87a0e459d0da69cfc0d496fe580719ac36990b3f,train
train/leaf_blast/leaf_blast (11).jpg,leaf_blast,3,train,d39afbf09bc2b99a0d9ffb0e2347a54796c64b49ac4b6dbed77158dbcf62d7a8,ad2ad01c578a2759366cd324dd88be27780e9b44a006b3cdc6ee43d6ef14afb8,train
train/leaf_blast/leaf_blast (110).jpg,leaf_blast,3,train,c9cec555d63273fa7e8cccfc6abe6f47a43cdbcbc741ff11e610930284ddc2cd,805e2c859b586477dd6410628f33a9d5573325a7a49d2d0fc640ff72cc529aed,train
train/leaf_blast/leaf_blast (113).jpg,leaf_blast,3,train,77e15934b0f64784215b2f75aa634fbe371f2fba68a0a5ac11fe7082ca3045c4,1d62b45c2503fad7dfeb6f81002d8ccaf7f25d0d2d3439ba30d839fd852338d8,train
train/leaf_blast/leaf_blast (114).jpg,leaf_blast,3,train,1a709fd09560c5af6cc394eced633463e613df17f91e79e906a3757921eb6840,5e3af93f50aede5a609439575509efae87589db420d1a215e03ab5f79abafed5,train
train/leaf_blast/leaf_blast (115).jpg,leaf_blast,3,train,b9320d11ae0bbf1ebe3527c5514ef42e547e81df60eb0fbbc81c380835640a3d,920f8efecce57d53f342cee5cad788cf1c7bce7b76960167647096657c98db3d,train
train/leaf_blast/leaf_blast (116).jpg,leaf_blast,3,train,e70072c08e3bf8739a3c95e81a5a3262c5f7f8daad8291b46048e31178018a7e,e818f1ec9948af850de8b14d8342cede3196481cacbafbe3467da711683a2e30,train
train/leaf_blast/leaf_blast (119).jpg,leaf_blast,3,train,57045933cacd50aaef713f20a1dbae3565e6c1d2abe45b7160f44f59aa4deb78,75eb5664b54fae0b721bc7990e3040a361bad1e3b47d24c5ddaf71b291bc68bf,train
train/leaf_blast/leaf_blast (12).jpg,leaf_blast,3,train,1dc84b1a3c35668a58cf454d9a1a9b26daf397286ead76f0c4d1234ab7655d02,892e28c273fcf794f2e6264929f6d725fe4c6b1df142a85a61944fb784440596,train
train/leaf_blast/leaf_blast (122).jpg,leaf_blast,3,train,1ef8e89009328b2e1a11ab39071ccdf9e8bec68ed91bbc2dd7d265ac1edddf46,57e6124947560928d4f9827cebb48fbfb7222ca10c02b75d92cb894a34d6bf12,train
train/leaf_blast/leaf_blast (123).jpg,leaf_blast,3,train,7edd6adc2d9daba955363d9f33d0e5d5ecea8cc01d5d33543dc0a4a6cb86ce41,d20bde6d345aff248adb8eb4dd2c8a0e594d2551c0770e7cdd4e7a41c76d6070,train
train/leaf_blast/leaf_blast (124).jpg,leaf_blast,3,train,10fcaf081073a33c77dc0260b431e5209e55b9897a4c1687e17065de69117b67,ecfc20af5c6fc5849de31ae89f736981ebba33100d3820a4106c4231d00cdbaa,train
train/leaf_blast/leaf_blast (126).jpg,leaf_blast,3,train,ad08913d4840dc21ab1c5b1daa2629bcf38f52b8af1b0cb1bd245214ec357402,190f94aefb5e12d95f67e551b987baa036d4e1270b94c860b54c57b3bff2c41c,train
train/leaf_blast/leaf_blast (127).jpg,leaf_blast,3,train,0b9823122eccc24839e14a80d633ebe70239c5eadf1f31c511152f2bc6190e7d,4a3aaf3acff2e499a7b451ac79459060252f024868bbe83823509de3cdeaa76f,train
train/leaf_blast/leaf_blast (128).jpg,leaf_blast,3,train,85ded6481622a0c41fa92ddc6cd25c12a1f8f94c53bcfeedbc9391d6f5101c4d,0675d20f54400bf1565965b411f68c4205fcbc57d89ed497adf63f9fbeaab1a1,train
train/leaf_blast/leaf_blast (129).jpg,leaf_blast,3,train,33bf98446e483d6d5023d29e184b1e79b138855832a8204e7222e8f4300de7b8,cecb5e48e9f2071393dcd4d74a8f8c293d77179c28c6f7ecc6664d5a07f1c76c,train
train/leaf_blast/leaf_blast (13).jpg,leaf_blast,3,train,76677c35fbf882d67e8ccd4b39f81b96c1c71afd0af751855e0089880eb71e79,5454def0a5623f8575ea5d251f482a357dcd0fce6ada73c7d4082f1860a8c2f6,train
train/leaf_blast/leaf_blast (130).jpg,leaf_blast,3,train,b7ad011e01e1f252144bbd94951ffaafa24089ab6492e9cfba9aa11c3491794d,30f95b1254dbe9779e3566bc872fafdde91547b5fe3616eb4d4bcd1a3702d3b2,train
train/leaf_blast/leaf_blast (134).jpg,leaf_blast,3,train,f1de58473ebd199d0bb3b738ca04458e011689a0184ebe76b33a92fcc585ad06,7e1826333ed86a2f6f0b5a91858d412cb788194984a17f02bd3c7fcb49a7ad79,train
train/leaf_blast/leaf_blast (135).jpg,leaf_blast,3,train,0275a3ce8a61a769b268bffc899d348ca0c1293eaf124a73ebfa08f63f006da7,fa3917e11ddae8440a2654d664e203a97479bd749af4eb99813a9b47504fc133,train
train/leaf_blast/leaf_blast (137).jpg,leaf_blast,3,train,b57b37d33f28677398a21dbf9909c992c2c27659de02e8b1aa586333743521c0,f35d1a5c4d0a1c09fbdfa4324c0adf43d844eae304c1bf37b3f371ec5fb264f4,train
train/leaf_blast/leaf_blast (139).jpg,leaf_blast,3,train,a441873ab66d7531aeca778a8c27861e874b46c62dff8f4c69d9c5918ec64794,b0ce291d6070f16ea697189bc0cdb844ade99a8ebdc2893ce1516c83ba5304c3,train
train/leaf_blast/leaf_blast (141).jpg,leaf_blast,3,train,4a011e747f4209156f0eb9d6c760c5d030af7f9f1e2c193a5d6a1452526c852b,13303e95917ed9033375cecb7323962969e24bf83771e1ecaa514ad98cb11ac0,train
train/leaf_blast/leaf_blast (142).jpg,leaf_blast,3,train,0838758e9dead738d94c79146edf496f8c44330a6dbaf4149c2ef3e4554ea35e,fba3fbf6c654322fae3435d1ce9627121998f01984023862b2781fd9c9fb3e43,train
train/leaf_blast/leaf_blast (144).jpg,leaf_blast,3,train,4ea8f311666d0c0bc7ede9bd3b87c75f5f2526103a4826b28bfb2989943060fd,806e86b86959de682b1307f606c593608b26d4c12ebd5e51bdd8fb32ffc653cc,train
train/leaf_blast/leaf_blast (145).jpg,leaf_blast,3,train,816fe7779ea34dd5e7cecb2bf8db35b66da3319b0625c20c2a8ee7c9c62f4a54,0a5c2cd8e7e2adcecb01c2340836ca4281a8696a1829efce3c91495b8191863b,train
train/leaf_blast/leaf_blast (147).jpg,leaf_blast,3,train,79f31f804b98e8d3ccf35d7a57950a2dc2ad2e1e049f0656699aedeb9778a576,6ab25b704a925df6c4211e048a4f7774d7e97f6511b8970b5ce7917d90251e51,train
train/leaf_blast/leaf_blast (148).jpg,leaf_blast,3,train,63cfcbe233d5a67853ff4ee18f5d1f361d31a706b494da2dbbb407d12c4b4baf,abd7bd07b2d68794700e3b5792269772c12d486dd6eb1ef0b15c8097f18e1680,train
train/leaf_blast/leaf_blast (151).jpg,leaf_blast,3,train,368862e00e24678a119dba58b9a8a87a4674e14b0591a842f7f083590c1b97d1,90246963f93efca9683001b112a1b6d165e378bc072c7bf6e081d78f979a7369,train
train/leaf_blast/leaf_blast (152).jpg,leaf_blast,3,train,d154a014f1b5de737d5ff67a3a786ed76cf31c933ec03f3904964f9f4147b9a8,d6924e63c7753492b8a9a11e230394ab0b7f6925b01b71441e0ce68d3133ae80,train
train/leaf_blast/leaf_blast (153).jpg,leaf_blast,3,train,8b4be26ab2196aca67da59972375ae527821f08259a22c0723dc2828fdd48c1b,8d4c20be4414134654220728b978e4dd23071642c9a63909f7368ba87342f0b1,train
train/leaf_blast/leaf_blast (154).jpg,leaf_blast,3,train,fdd076d18cc9b24bdd43d223b4041707766a4593885e5c8025a41a912beaad07,c682b5528ae43f1979d7f4de8b855ea4709cf1a3178a6060ac907652106d10e7,train
train/leaf_blast/leaf_blast (155).jpg,leaf_blast,3,train,357f3b42cebf67beb2aa4da66d86b188007234bc3a3cc095aca92b6f1323a596,f4acadf4c95ab08505d6469896465e81a53473d1f8552c3f397adc9f99dc4bc5,train
train/leaf_blast/leaf_blast (156).jpg,leaf_blast,3,train,a57872f3419c76a5fe284f7ff75589a13200d18a9c77e4be0c423b0db8009d37,f978d59b58843a42a0f9489083ac5aa9d8a4bc1b01313fbd0de18df10819955b,train
train/leaf_blast/leaf_blast (164).jpg,leaf_blast,3,train,112e1ab19ba7b014450537a33e41a25930b4aaa7fb184a698129bdbcbe59f470,522f47e1c30ce9f0ed61ec1422f8bed2ecd96254e67a1b59652c40b8a423376c,train
train/leaf_blast/leaf_blast (165).jpg,leaf_blast,3,train,4024a03e4275c85ee96a664ce84180c95feea9bd8761ca48b581915e3744677c,3a0a79e3f74b01ef822bacf9ee95c88d795d1268a8021ec07c23adf80dfe90f3,train
train/leaf_blast/leaf_blast (166).jpg,leaf_blast,3,train,6092f9a2028d0cf4f4b56ed1c549c20e566b2cbeee8d6c97c694813f686904bd,e9d3d8fce9b00a5af89878f063acf47082dc36fb367b0218f047377ee63dc684,train
train/leaf_blast/leaf_blast (167).jpg,leaf_blast,3,train,0b091cdcc0bd0f7ad92c15fe5d5902ec402801be8f18185b40a7ef0d973c9667,8c78941b82b040b6359fcae6dbc72a700a6d7adb1a9dd18d55f6c692aad1d4a0,train
train/leaf_blast/leaf_blast (168).jpg,leaf_blast,3,train,cb346cea6f112086fe07bb8235b5696f6df26ab0a7dad95f42b75a3eacef0391,be8bb98deb394b7ad101653587f75b72b466220d4ac1b0b25c8bcbbdf2389452,train
train/leaf_blast/leaf_blast (169).jpg,leaf_blast,3,train,f8f2f8adbb529d7d36030f2635177956341db7b6658c3c953ff335c0e02a93ae,9e0d5657ce029fa49bef06b076c96feccc6ecc7dd731c64dd98176e17d091a36,train
train/leaf_blast/leaf_blast (17).jpg,leaf_blast,3,train,0ac5da443361def41d64955e4848eef30c2383d68c316b0d8be9e6786ed15419,049c0b7bcc9d297e72c3ba9462f50c652983963bc2011d6f9bd7dd6fef02257f,train
train/leaf_blast/leaf_blast (171).jpg,leaf_blast,3,train,ad30d2fee6a4524929aa82604081d6ae35963ac09641b7c8c1b8923223a0cc5a,4486a9bfc327ca2cd385e3265a08c72b1c1a8a00ba519814f6a961b58c21dd06,train
train/leaf_blast/leaf_blast (173).jpg,leaf_blast,3,train,27dffcf714e9f01ed04920af66c63d2f541e2e87730ce9685b2ece41df3b951b,6867c29a7522f7111048a5dab0ea69e51c18f20329bccd7f0ba1d735de268a56,train
train/leaf_blast/leaf_blast (174).jpg,leaf_blast,3,train,81d8137a2adfb2a2d93a8f641032d2a015be6e3625ddd327b748097e10fe8bf8,a07c01be70808f3955657f61dca1c617d21eabd112bee45250db058f40bf5e4b,train
train/leaf_blast/leaf_blast (176).jpg,leaf_blast,3,train,2775583b6734fa1b262ef83dc54cc4caf472ebc57d903f203ab9f066c81db6e1,ded2d6d5b872aac920356fdcc58b59390d01aee35e9e38a35e16bfc7fc790158,train
train/leaf_blast/leaf_blast (178).jpg,leaf_blast,3,train,da0be6dec16530ab5bfcfc7e0c2f8721aafef7f3ac4b1c812ef41675cb8ce213,cd942ea597c888ac787dc5763f464e9bed1a5ac57df242c34a7730d6e2c3378c,train
train/leaf_blast/leaf_blast (179).jpg,leaf_blast,3,train,2d4ea69d6963ee990a46ab9968a469de70a4e0828ac6bdeb97e1db497c1067a9,80eabb5304d497a9fb1a3d2ed20012b7f068de6811d7c1ef6563b4cfeaa807e2,train
train/leaf_blast/leaf_blast (183).jpg,leaf_blast,3,train,d20b1f7519c98d6a937f7a726ddc8700520bc8b280c3a290008e9d2a7129fda6,f1c081e4791554f29eeea141889d836d851445f9ba26d0854b857e7940c9de22,train
train/leaf_blast/leaf_blast (184).jpg,leaf_blast,3,train,484673f0da32028dbbf9bf4e00e427b7a9770bc28dc96dde657ce14c91f937ba,e468a38f3013c76adf454d113a9a3374cba5d16b64ecea4bcc35a9ad40bb56c0,train
train/leaf_blast/leaf_blast (185).jpg,leaf_blast,3,train,101c2e43b82a9efe0bdfe62caa9c0d76b3b3564ce792a6a8a2c9f05bf05c30ca,b18beea26348a180358dfa125397264f6615e26921e09c2e51ce925c710e6f3b,train
train/leaf_blast/leaf_blast (186).jpg,leaf_blast,3,train,e7a76b0651363b664f7cf2eebc5f3f976846248357cfb90bc83ff398795cc4b7,0e1498a0416963d130fe270d089c470e7795b6cacba9bdd07bab55ff8fa18565,train
train/leaf_blast/leaf_blast (19).jpg,leaf_blast,3,train,c08dcfaf01f325be2f0dae4082effa04f4f7d82dace7bf84e4ca774f26587733,05a04f9b067658d0e71085dae126ce83d2e4d2a4ff12b36d59ac8852727b1020,train
train/leaf_blast/leaf_blast (191).jpg,leaf_blast,3,train,017bf89a5ccaf3d9736543519fb838bcf004acba38699c1ebda1450eea60acce,208491678c08977e107cad300bc67a22e9bfbfeeef5fb87d030562e5196337e7,train
train/leaf_blast/leaf_blast (192).jpg,leaf_blast,3,train,460b850b2e95b945c72bd23471bbd1a737ce0141a6796b92536ebca59736b5f6,42101228de715fd23cadd5a83853ebda4c8005516c95f4de83ec03645b9f19d6,train
train/leaf_blast/leaf_blast (194).jpg,leaf_blast,3,train,cc0a36511702135bf3a2c67a2eef886c2ec92485f632402ff312559cb301e00f,73e8ed12370b431200b3cce616f5bd447f87b21e6b467a79ee92f7b1d2624cdb,train
train/leaf_blast/leaf_blast (199).jpg,leaf_blast,3,train,6d230c3e001c29d51b3976d3fcfeb6f09df837674fa0a64efc3adfe59c27e772,41e33a4fe012f343f57c3811e8800f13d3fad88e4a40e30564fda64390038693,train
train/leaf_blast/leaf_blast (20).jpg,leaf_blast,3,train,32c874211ad3a076ba975d2baf1db18e3d92850383939a1d61461c022c8241ea,ab7d5edbf229f91eb55b2dbd7f7479b13fdd86656ffb2b6c6081d02fcc0d6a08,train
train/leaf_blast/leaf_blast (200).jpg,leaf_blast,3,train,a685cd1d2881199db73bcdfea2078ab314e653593d1d414060fc98cc30020bd4,4cf56384e6429b24e2dd70e7628771f925bf8f3cd55c14c531f506f00de05df0,train
train/leaf_blast/leaf_blast (201).jpg,leaf_blast,3,train,5eb85c26a52de2c71bf1a22539318fc01514d4ba98ca3931caa2a8d6aa742121,bc5d659bd30ca55b6842ea48a9c16c650fadf56adc53e6ad9b83c71067bedb66,train
train/leaf_blast/leaf_blast (202).jpg,leaf_blast,3,train,4137c664a07f5095ef05dd4887aac12c3fe1cc0f25a81bbbe054c3da7ea80caa,f2e40dd7d294ffba16db9797443fe5fae3e593f406c413e2ea42dc6db3a567df,train
train/leaf_blast/leaf_blast (203).jpg,leaf_blast,3,train,cd0108c50ce64306e34e3442ee8dd1d480a661f9c3b3fc2e163f38d60d27f871,784d76bde3f60016d82f57bf6c0e23335de8caae059e45f330be583857521525,train
train/leaf_blast/leaf_blast (206).jpg,leaf_blast,3,train,e30aeb37ed8ab72957a3c08deeab9b9333935b47b967ed38d019e411be8686bf,b8659ea4b1eaab07ae5166c0de570f33be35e484e12418e943639979903ffe7a,train
train/leaf_blast/leaf_blast (209).jpg,leaf_blast,3,train,04178738219a35a2640f153cf1f1a5dd3ee808424f09c36321382a15a1117d13,20831b8e0038a38abe1870a0fff588f6dbedfdb5bd948859ef892e4653a1c511,train
train/leaf_blast/leaf_blast (210).jpg,leaf_blast,3,train,26f236aafde2ee974f4c2d605165c47d42e923ca26a0e0449440e6e4617c0fe8,a9fde553e1e602d489e1e9a4d76f7880bf1f919621a6ab74df5e9aba4827a72a,train
train/leaf_blast/leaf_blast (211).jpg,leaf_blast,3,train,d243ff5912eff4cbc863f39c9302be15c00a3db341819f6f9f83174b053dc3c0,ecf7797a153e1a9c9bab71f752018c7ffccf94c16cf57f05280b5b5b85dcb9f5,train
train/leaf_blast/leaf_blast (212).jpg,leaf_blast,3,train,418f9e5bb3e1654b9c52656d02e64510c553b05318df9c0365b8a5f759fde8ad,f0585873e8705e71a40a69ec249cf1b0f3c61496f23290e4b0230cdd8fa57563,train
train/leaf_blast/leaf_blast (213).jpg,leaf_blast,3,train,3df5979f7486f7df2100b9daeffedc41a090022f93d1093a556d92a9e840b1fa,6422f2d889da207fcc1551e6f4b61edfbcd8b12124390bed0dcde106baf37fc8,train
train/leaf_blast/leaf_blast (214).jpg,leaf_blast,3,train,6270c470bb23900f66e129acb499663a38ea2142d8c5af040de18f436ee63eb5,9001dfa5f2c3d45aed4b7f4e12ac7b4114c681034c5acfb3fc0375d3d5b449f8,train
train/leaf_blast/leaf_blast (217).jpg,leaf_blast,3,train,a15c94f42e980c0948639f7016491dd6fee60d26f27a361510ea853bb7e57267,16511b586a9408a7563d5791a1eef7bff1939595e85e47313b697af968f0b61d,train
train/leaf_blast/leaf_blast (218).jpg,leaf_blast,3,train,b700bcb2c5a717e577ab4fafe3bdbfa3eb058cb00e827c9eb56a6ed0e0afd98e,9814ab11950a8ca6384bc0568b96b26d22974508f3fe63878a18ed535f8d7800,train
train/leaf_blast/leaf_blast (22).jpg,leaf_blast,3,train,aabc5612bc2f8bb5b89452b5736623328661af2a86fac8164d9af675e60fbdc0,1d3f790d6d0170f3430762a298d9321b0bb5084fc7213ddacdeb7c7e03e861a3,train
train/leaf_blast/leaf_blast (222).jpg,leaf_blast,3,train,324de9f42541eb7cb509eaffd9f829f3c3e883ea6fd57b5ee8480019396df847,98963edf8a1e39a9e077541169a880f2159baccb8e296ebe079623e2642e8d00,train
train/leaf_blast/leaf_blast (225).jpg,leaf_blast,3,train,a143820962dc5d167fa1cb9becb2d81e4faf6abc338379580dc7d52cd227b7e5,647943382255f1c5111b89ef76d5efc9d9203c62713c91800e14d38a084f087b,train
train/leaf_blast/leaf_blast (226).jpg,leaf_blast,3,train,3fda5b05294342beb38a276ecbcf70cc7994fcb22f8a081dbe62182cc4a054c2,88d8326b62dc043857372f15dace6d5a78e590d41fe0e76563a4869f941ffa30,train
train/leaf_blast/leaf_blast (228).jpg,leaf_blast,3,train,8979d9c9e0d45666b4c3cb2a9a1f017f6236b520b90f84afa8f13c7532ebfd21,0b9add4551a8db7d7509e6b2bb42ac76a927ed0ad460302decc566bf5e763616,train
train/leaf_blast/leaf_blast (229).jpg,leaf_blast,3,train,46c81a6e2279bc35564926e11a0b0f7998b1fb78a7afdbb80154b26d0fdda391,e460f22ae4e9bded0ca2ca48d500e8e24001afa71e60c107bfcc4b3f15371aa6,train
train/leaf_blast/leaf_blast (230).jpg,leaf_blast,3,train,960774018d8c4e63b7ce6444a8cf55db433428af655fcdc5d92cb23d7fcf9987,69ab04c5e5bec2b4c9b81d3175ed002c343bcb410ad8f36d0831cceef757f91a,train
train/leaf_blast/leaf_blast (231).jpg,leaf_blast,3,train,213a62f6703a8ca708b0058923c6b19c4202f0fad16d654813d5f3e00dc7e0a1,f349a0b73bcb8f68fdfcf2bc17bd8d35e1f6f4fce5bdc5341e635beba842f270,train
train/leaf_blast/leaf_blast (232).jpg,leaf_blast,3,train,8b94b7499b6b06c194d3120f11ce571756bbfe2a401ad694baddae6269a25dfa,2c22093a85e0887871e822d51ea49cdf2013001a880f2d13a0203348d0f0ad71,train
train/leaf_blast/leaf_blast (235).jpg,leaf_blast,3,train,b86fef3d3a0be72407590cbf6272385a2cb5948b438c16a0ced01a3f701d1de8,0a5112d6f91781772fd289241efda23ca5eaf60bbbd5344aefe264790e032ed0,train
train/leaf_blast/leaf_blast (236).jpg,leaf_blast,3,train,a09a1d0ae81e6b9789f8a555bfa4f1468dfcccc407f562c55c1ecd9cf7d367cd,a08e710e26deac91317301a901a3a9415bd56f8d7d2b4005860d4d881db7c924,train
train/leaf_blast/leaf_blast (237).jpg,leaf_blast,3,train,87c4b76987b5c1b4e71fdbcef910fa3dd7f96b7b4037a82f8e6a80c1a2b7bb28,a5884ab607d69d0f4a4270fd588cec6e7424917647e22f1d996bbf368e9dc39f,train
train/leaf_blast/leaf_blast (238).jpg,leaf_blast,3,train,c08b5b7a07bb00b612b1799c6e05fccfca18b21d21bd31493deefb586f7b56c6,3f6847ab80292d03d4212b3dbaca0ac06fdd5fb04eb6350745ad586203784c04,train
train/leaf_blast/leaf_blast (24).jpg,leaf_blast,3,train,341b9ca4622b0e00c1e4d13fc33907efea2f79421f476a0dd93ee53eede99240,c29f263841edef546464a022f4dc60692c007ba6beb5dc1f63b6f3ec0e33329c,train
train/leaf_blast/leaf_blast (241).jpg,leaf_blast,3,train,e5222c77e91cf426249c4d626eff17c8be1c54b1509f0be8fdd719ecaf4e4de0,968e80d77882598c3ea4f2a0cc4678c053e72fdcc194e2ba21ca2689264f2819,train
train/leaf_blast/leaf_blast (242).jpg,leaf_blast,3,train,04de6f4fb84b3d52dbd86675f94af8c7a95767f600c2f85d22315588ba2575e0,a2a932e45b0b5efc165b3988cc2044c4cadce8e8e58d79a35439dc9cf6498958,train
train/leaf_blast/leaf_blast (243).jpg,leaf_blast,3,train,8c64e0f80eb49f0db421eb26f27586332a0af845efb793a9f29cd730a4f1e93b,c9d9274d8d36bd726fa7bc8a6c6e0713f3e93f43c8f6edab5851b47fc3378622,train
train/leaf_blast/leaf_blast (245).jpg,leaf_blast,3,train,45730fd2643ca9433574ab3d9adf87ad2114ecc52833e01cda7afbb054097c64,83a68c30f19cb3a6bbe57fe9458eebffa2050140b7f7bf0691ad59a7a29365d9,train
train/leaf_blast/leaf_blast (246).jpg,leaf_blast,3,train,b3aee8be0c436284edb2c5f673b5de1aa6af10a21cfaeee9b1593e5d174de006,eeb57ac13f9ceca69023d5441a36f9e1c0230f04ebf93ba3fc921ca6ca100960,train
train/leaf_blast/leaf_blast (248).jpg,leaf_blast,3,train,9c6a66b7b019319f7e93ae6d828de4a73767dfd96c310b21323a0b4f119f20b7,f0fb255888a97b5fd361465eeb100c7a0b2d0fe610b581ba132f3cf759ace36b,train
train/leaf_blast/leaf_blast (249).jpg,leaf_blast,3,train,96e2b168150c67e6cf6592c7e811860dbac6b9410cc54686af64487d26a9aba3,d31caf619e1b14a89d8badf5d884fef233fe3ed3fccb4014542a1e9ca7e13239,train
train/leaf_blast/leaf_blast (250).jpg,leaf_blast,3,train,bb492bcd107e7ce9bdc18222404cbbedf777db09dd1b932c063fa61cc07f028c,51bd63010f42705f71997c3d761cb9ffe8898ce531f9c7a0bb45a898bb0f4d38,train
train/leaf_blast/leaf_blast (252).jpg,leaf_blast,3,train,243dfec88a27f5c805c5b3f3ec09b90c21276643739e0161ea3e884b622b1e7f,29c9cc0be4a6ac1b28be3e84126187db9cf19ecb84db4a00b40f62f08ae39e1c,train
train/leaf_blast/leaf_blast (253).jpg,leaf_blast,3,train,d06858ec94f8e9c76f633e3c510e0b7e2bccd095e291af036bae4d3e4f3bd04d,8623f2259592f1632bfae1b0dea77d67817d35b7b81568994be990fac335d3cf,train
train/leaf_blast/leaf_blast (255).jpg,leaf_blast,3,train,42ae0d16e318c3118d516724479ca09028ec3f55a4605794a282a9afddb8998d,227abb978b694db65cb64103460a9c2a8b93945c24ac61811ce013905f5aaff1,train
train/leaf_blast/leaf_blast (256).jpg,leaf_blast,3,train,9a018a7cb729ab15139537b3f7fa4a3d0a738dc1c22253a1ee82f1a1e1db2428,c37440df8029cb8917708af16855743f24742474dbe782860f0b73d06aecba66,train
train/leaf_blast/leaf_blast (26).jpg,leaf_blast,3,train,1eed9c78b38d9b7e85bd87ea32c2dad164c24955246cc18cf3e6bd2bfbb49dd5,4f93de3d672beb06482a8f71b997e4a369b3118c492bcef52b7623c241e16e5d,train
train/leaf_blast/leaf_blast (260).jpg,leaf_blast,3,train,4c91697940a83d4a053ffd0be05ce1a059905436a46bf939da8e946d053e12aa,856124d66804de890b5b9d44fa6052c64abbce09582fa607029cfbf3f7fcfeee,train
train/leaf_blast/leaf_blast (261).jpg,leaf_blast,3,train,920d18ca295218f07fadf9a06804a8ec63537bed980162ac71861f1334a5268c,4715434b5893be4db12a5898c0055a744f588e3aa5fb7ccf3ecafbc30c08f132,train
train/leaf_blast/leaf_blast (262).jpg,leaf_blast,3,train,61a8c18299e064e248f393ff3db5bb6c810b970d4fe6b8b54889ae495f392925,b72a2ba30eb6e81b0c5d3a4de62b05d5ac4fafa98ecf1ca9d4c0720103b1c77a,train
train/leaf_blast/leaf_blast (265).jpg,leaf_blast,3,train,74f01430ad582113c4b777a8c4ffc03154ede6149e27c5d7e5be02eec0ac2b35,e7298ad7abd52664ffd13bcf31905e3bd02640efeadf8881c84c8d33ac8e4b6f,train
train/leaf_blast/leaf_blast (268).jpg,leaf_blast,3,train,ba8666af8fcb525504ebe3915b50aeab3488dedceb03b3f74e03b13de2406ed9,5530b7ce9ce31cda8f9285450c20a169a945a9ea2810991e472216e433e8db75,train
train/leaf_blast/leaf_blast (269).jpg,leaf_blast,3,train,e821c1279ecbd960e2bb4bb25014804aaf27bb5683544a81bfcea7ee6cf48386,844b08d2eb308d778b88109fe74a9e7d146007e13be76b4f7a09bc55e178ede8,train
train/leaf_blast/leaf_blast (27).jpg,leaf_blast,3,train,dbbfc61b46462a7d03df4578adc1b8baa1ccd98692e213b90d6e499837f0bcc4,f3c8d619a731ba8295c9e815d6475e365da0ba18a8835a9a9833d47bd1c0aad1,train
train/leaf_blast/leaf_blast (270).jpg,leaf_blast,3,train,6aad5bb8627a8eb6b4fc27c5fd3945be3cff489a29da766e87018b3194e8b3d1,e001c2502c34ca715e68286be1602b5d63d668c1764ed30292de1aa43202b93a,train
train/leaf_blast/leaf_blast (271).jpg,leaf_blast,3,train,007f3da73e0881158240bcc8366623b44a8405a04db2e8c1fd7656058f9e5653,51a0bfcec8abf3a26229d2c3fb1427090a631b920b8a55738ac9a04557e6a0a9,train
train/leaf_blast/leaf_blast (273).jpg,leaf_blast,3,train,2f48512cb8b7e2cad077bb9a84954f0e830687b3ddef698d2d3b3fba4bbc929e,6fb35c3cec35a5a4797aac3f71e32c1dcbfe0f03b85b2bfdab9786615feb620d,train
train/leaf_blast/leaf_blast (274).jpg,leaf_blast,3,train,61dfbcb1aefb836f1597e7e0e699a3c53920ee6d42eff8a04b21e7d4641a0c9d,f68b8e2d017264793db34b8d782f56f94afd18cd61ae1d37ca0b51eee76d006e,train
train/leaf_blast/leaf_blast (275).jpg,leaf_blast,3,train,16c364eff4818ede14c58d50e1971653de56b6cfb88e0d2fa740f28c0d178d2e,2c9ef9dce4670c9c7ea68c4d7f81d95f96ef29453d230f98c89b3a76ca2b7dfb,train
train/leaf_blast/leaf_blast (276).jpg,leaf_blast,3,train,ec92b8f41a446d573a755b3e8957bdea7bee0be8b128487efaf7a69820d642c6,c5e9f344b3908e4e52caf558db2ea68d700bf47fd145bdb70de3979c550d476c,train
train/leaf_blast/leaf_blast (277).jpg,leaf_blast,3,train,1b05c0f0dc99c064a3981af014371807a0331bddf287074ea78ae0207d6deff0,5ead20b728c36cb09d378961896ae94ff4a73bd93d640dd436bc0909c527e11a,train
train/leaf_blast/leaf_blast (278).jpg,leaf_blast,3,train,eaafe354145b38b4c1b826c6d9aea111328652319cb3ff8a56c7bdbf81345320,5f122043ad77893db688edfca023c4c8a548e7bb0c57ba8d7fa10c75188472b6,train
train/leaf_blast/leaf_blast (28).jpg,leaf_blast,3,train,4b91b93f6856dd567c4903ecb48f20b67be1453824374156523779aa24d62c2a,323bbbc6ea2bea1ecd1c28cf898fbb18f835cbb38769fab4eda8fbddd831dfe0,train
train/leaf_blast/leaf_blast (280).jpg,leaf_blast,3,train,fc383ad9a57c4ce05514352dcb90615b0ab36378e0675d3b36054ccb632cdb54,be281c736a322e2b47710a6a22bd9f6b4401101801f68ae2643bf62b8a3c8981,train
train/leaf_blast/leaf_blast (281).jpg,leaf_blast,3,train,882c6f531604a24a54014b295b6f71a8eab12f6fb002f40e632e5bccbedd1585,2805d005378a7fe7bb51f45c85b26ba530f0955df7507c75c6440a9979271ee7,train
train/leaf_blast/leaf_blast (282).jpg,leaf_blast,3,train,967f204ae3f15ff8630dbfe324b7f9fd6c75a30c2f04b53cbe906e3fe6191009,bd012ca002a6d8436d46cfb7d1dd65b3807308600e8fa6fd3b7745aba7ee9e16,train
train/leaf_blast/leaf_blast (283).jpg,leaf_blast,3,train,aa1f427df583d1f2d07c836d47b783bf6833ed2c720bb43abe2cd37fff5d291d,2d46fcdc57c5e271c9993b13291a605df0897682f0e44089553d5ce59a27ef8f,train
train/leaf_blast/leaf_blast (284).jpg,leaf_blast,3,train,1026935ebdf22c4d268de3b980f6fa806deb73bb7d86831cc355e5ed02fbae64,d79c6546451932c7ad228e237dc3ed68438cd4a5f4d48bd606b532fb73a29127,train
train/leaf_blast/leaf_blast (286).jpg,leaf_blast,3,train,e19cef18e43dc9c536283417cfd0a9eff30f6856c657d9e5b436ef2f50edb92d,3ab6ffcd7d43f577bbcb90d474e59cfdc90e5b7bc7bf5362700a80fabd3775ad,train
train/leaf_blast/leaf_blast (287).jpg,leaf_blast,3,train,74f155a491f43847521bb38a2202f915cbe52ede05b14976317f1605386ca254,a2757e2cc584838d07e786574b4db0b4b766968a583668b86d5ac78c2697746e,train
train/leaf_blast/leaf_blast (288).jpg,leaf_blast,3,train,ad638d2c60dbc4b2bdb097d57b442051d62cd25f1dc604ab27e84c7106ddef00,7751dca3faeffe0194eb9b4aaaeb6a0a9488a3e59a285c9dcde854bf6d88b616,train
train/leaf_blast/leaf_blast (29).jpg,leaf_blast,3,train,b4621f00dda18860dc30b3420d58505c694be76510b1ed4c86b911e54fa043e0,c2cc07457809f3b68c51cf38188cd6d8b7565fc50d8318be6fbca3f896e2276c,train
train/leaf_blast/leaf_blast (290).jpg,leaf_blast,3,train,057acb8fd72a8eb4e5f151c988b14d70b199474dd8f128112b9fb3c6749d9035,283c2b25645309b2d80ff284ac3373e0986968cc19608f2ab54e29c51162892f,train
train/leaf_blast/leaf_blast (291).jpg,leaf_blast,3,train,c5a72453ee33049165928110ddb4b3d335a41ab1a8d7208fbc4474aa6b6d3500,77a7c96f51553db81d91a807ebc66db41886f109a6c29cf058900a0777b20d5c,train
train/leaf_blast/leaf_blast (292).jpg,leaf_blast,3,train,f753ba7a8d69ba84339ed2d954e00dd3a7938f60853e5406b7bf1fbef39fc62a,2c1a8f848a41c0183b3162d0f2fcc61c6453791e40794678d6cd5bf6d84d01e1,train
train/leaf_blast/leaf_blast (293).jpg,leaf_blast,3,train,22b2c668cfc499ea607e3993d7d6a94cc5a7ce2a58d7de4a66b8bcf68528422c,4ca83d86296948b252a4a99aa805cede0e380002466673adc4663fc1ec5e42ea,train
train/leaf_blast/leaf_blast (296).jpg,leaf_blast,3,train,8d8486a1eb49a1b42a1ec5d60898aa4e5510cdb25e28eb570696b4d081e19873,6dcfd2b5d4ff7d4f87cdc2062a6cda88cc6d0f2eef2b08c9e9b802882436dc99,train
train/leaf_blast/leaf_blast (297).jpg,leaf_blast,3,train,e4adb3c4efba618e0bbaa957b49342645fddf753ce49144d010f66e95d73fd44,3ef4792902011cd5d38bbd99e7bb75a2f18af996fc81c94fb9d1cd2b06a8b868,train
train/leaf_blast/leaf_blast (298).jpg,leaf_blast,3,train,e7d2a00806416687be64e989648c643604d9afabe38a695232c26769cf7a4e04,5c0850ac4704c0ee33c6fd3f883906a755b0253df44ff6fc757884bffd15927d,train
train/leaf_blast/leaf_blast (3).jpg,leaf_blast,3,train,3ec404038f81a09eeb18af301e26639e2ec1e5680a5d8197bf7ebeb0093b2fb7,79aaf410abe0208c6fca1f5b84ecc7a8795d1c2925ca647406516a561defd66e,train
train/leaf_blast/leaf_blast (30).jpg,leaf_blast,3,train,40272872d61230fc1152c4f4509c012bfa20b6d60ffe7c824f99096f91ffc078,cc4b82c5b241a61a55da38a6543e3c18c473a46508aa2958d0a7cb1edf0730d1,train
train/leaf_blast/leaf_blast (300).jpg,leaf_blast,3,train,ae791ca529991929c6bec7bdc3f00f28e72eb343ccf555ec4c7d8c5ee4dcc8dd,04fa04f24dfa831e8ed0f326c3b97f4cb326b31f89f6631cb1c19dc06c59a091,train
train/leaf_blast/leaf_blast (302).jpg,leaf_blast,3,train,9e0129be7285425aa76af73dfff20837594367d0430a7a0272238923f0cf2c08,c0f26972f11e00d90200134760d0d9473e62bd716bc16e6b09ff0997d3d0c422,train
train/leaf_blast/leaf_blast (303).jpg,leaf_blast,3,train,a2b9d0578b3bee93d1b84eeafa552fec60d30f4a9e90b029e6495b97533869d5,41a52d46c5487ed912db59752d67d93a71d1dffcbea587f69b128f3e0606b159,train
train/leaf_blast/leaf_blast (304).jpg,leaf_blast,3,train,5d6514f5d707847817238f91b9fb574166b1dfb78d0665b59a301d9919cf7dae,413b07fc70a6c3c5a29c0b29767bdbe58d8e3a523d925692c614f3bd8baa15af,train
train/leaf_blast/leaf_blast (305).jpg,leaf_blast,3,train,ae11d26bf68bded1b22c70ee1167703c798ce7af2b22420229df759cfec1153e,debf6eba39f97dab7bef89917ccaa825a5afa1701ecc3a69951dcfe42e61784d,train
train/leaf_blast/leaf_blast (309).jpg,leaf_blast,3,train,38e46d5b47e8e7dfa6a67b11b1dc17bf3c6f88b28cb8324a51ef895d8531eb2c,d947dfa4af6574b017f751d5b99b65343556dac32e29a67735763ec9c008eed0,train
train/leaf_blast/leaf_blast (31).jpg,leaf_blast,3,train,81a254fc277d3a5ff77d97c15cf3294ea18b72678a4e2959e76c3d02ad71a8b8,390aba702f95728d8a155e807f5f39dbdabae6198b8d8cc3c57870a1f3105d22,train
train/leaf_blast/leaf_blast (312).jpg,leaf_blast,3,train,aeb84f44c9ddecb87ca2ac1ea13c98d958cf978db144a2679919bb401b118537,8ce033929c788ac90f3badf439fa6859b39d96408d1931e757792c5f7ed2ffbd,train
train/leaf_blast/leaf_blast (313).jpg,leaf_blast,3,train,5297b6abafd15ff8edea9dc0239afa0177f0d6011d05ea8f807a6bb9d06f9f80,ab7893e5e7542a66b4a01953dc2f596f606ea4b949dfb17487820d2f4b15a76b,train
train/leaf_blast/leaf_blast (314).jpg,leaf_blast,3,train,dcaf3711d6f08031944d72289c0d81d72341b2f858ee7daf7ef6a012a09cfc64,e4250d19bca40c128be4e7e912d5757640c85afadb4e88f3488e6374f3eb5266,train
train/leaf_blast/leaf_blast (315).jpg,leaf_blast,3,train,c23401ac8b4d461d5e1e7956955dd77fc0e0d52be22eb929ebd776fcf816edaf,a63f6b878f0b74a2de673500c8c38f1af696348fdc04ae25168efc7ba1bd3bf6,train
train/leaf_blast/leaf_blast (317).jpg,leaf_blast,3,train,1afa1759affccd258558e995de587aee803adfd07576f1c56a075bacaf20fbbe,596d73b049868b56ad4b8012f8e0599885e7ec7f8a085690634776e5a6b719ad,train
train/leaf_blast/leaf_blast (318).jpg,leaf_blast,3,train,41960e7d976d631e5c4c8b1f4f98f02bb638c874cb09a00e89ceb3288e47120d,856c26c9eabe11981385113887e597106c07f5cd7cce91a9c8bcfcf33604a0f7,train
train/leaf_blast/leaf_blast (32).jpg,leaf_blast,3,train,2ac3d08d794cc408d8d72d1ac3893d1c3c40c4fe7e4adb852cba4019a6c020b5,99231a6a4c9c08902b405aa58fac645a008e5f1b7ff57a4ef52f8266ee42bad7,train
train/leaf_blast/leaf_blast (320).jpg,leaf_blast,3,train,fdcd4610e95108fc3e87a455b1c90cab621d4bcd6596ec9f33d1f404cc1c0355,88ab13bb31d1a7f719b5afe2d25e8202797f5867cbfab1c3a2489d7efcaef302,train
train/leaf_blast/leaf_blast (321).jpg,leaf_blast,3,train,f8b682b8374b834a176604990f8e3cdd4982b6cdf00e2f59127c357b30a9762a,3b0819126422a01a8e54c35b66289172209541b664e1c1e8fa87e4fb19badf89,train
train/leaf_blast/leaf_blast (322).jpg,leaf_blast,3,train,6eebabaf0062219e433abe1a80e2dc9cbf5a5526bfa283c0d05f58772cfd29b4,dd78af1d7bfd45d68a61597fea04e488a9cea57cfb19d490f609a64da2faf9c7,train
train/leaf_blast/leaf_blast (325).jpg,leaf_blast,3,train,8dc4a0f72bb73639d2f342b522d6a5d373fb62edf37e4994b16b28d47857d0a1,357a64db7e39c4cbb8264678825650379e87ec3bbea5d1d59898449a07e947e9,train
train/leaf_blast/leaf_blast (327).jpg,leaf_blast,3,train,cd9ff3d5317353dadcabe7c585a446d2050e113501edcd49c747908c0d7dc8e4,8255260b63419d545459ae03a0a1ef6a394dce6627d38b7ad7aa0d4e3adc75f0,train
train/leaf_blast/leaf_blast (328).jpg,leaf_blast,3,train,fb0e2327b557ee2490a3a6ff661b8c1d0af15d92a194b1a208f53d082e3df354,6a52ac2e8c2034bed18af939404badcc6171fff7a793fe3716961f92f10c44ce,train
train/leaf_blast/leaf_blast (329).jpg,leaf_blast,3,train,f5d774d23dd4f02131abb93c3cd206ae2fa508e7550e01a28eb2134c7923a3fd,0d4539dba30776ab8b22cebb79e0d08743053d644aebbe2fe20d91852c8bdae2,train
train/leaf_blast/leaf_blast (33).jpg,leaf_blast,3,train,ae789399f5f8076a6e021210c0da09651d58ea18ab5310dd9f4044933c89a6cd,fc68851f846da866c9e19be14d782f306bc2f46589f6652fb6313f63ffbc66e2,train
train/leaf_blast/leaf_blast (330).jpg,leaf_blast,3,train,fb6041a4071e83a18d7b40ab2e75711acb37f1bb89abcf67a1be20838c56a139,93d8949b9cdebc67d0e19920544367a4782726ff859b351afc068dc0a5e0ca09,train
train/leaf_blast/leaf_blast (331).jpg,leaf_blast,3,train,c8458338c8c1d767df3b186d266ea9646037c1d72a01eb104f42a23138d939a3,a2aebf47b357f8cb188e157385dd239a17f036e7767fbcb088bea2f89340b1c7,train
train/leaf_blast/leaf_blast (332).jpg,leaf_blast,3,train,523e14923726b6628708bd1e081ff2339498a02ae75d99cd99ef785576f552b1,2ba7b5a08c880cbd128654fa4211e52cec5e5ef44c38830e8bd3774d733b778e,train
train/leaf_blast/leaf_blast (333).jpg,leaf_blast,3,train,38e6d3f993990b3ac2b0f136c6905c35b2e451742365ac1f807f1cca6ff88809,bb07a63c7582bcf147be961590c4d51e7e1a75232812dc66054c843a0e08e0e8,train
train/leaf_blast/leaf_blast (334).jpg,leaf_blast,3,train,8d253a5b1e99c739d0d5ea430fdd3543404988d81398bd1cb431d85d593a8800,58f21218d119b4fce80f4a69c4e10f3b03aca6ef928ac26799c9beb1e76adcc1,train
train/leaf_blast/leaf_blast (335).jpg,leaf_blast,3,train,c45c4a165c48c52cb761ca00e1dc08eea7ab8211d6e32fc816572901122c75aa,875678086148c2b6ef84778295cc078a0e9327a714a8215b5e919f5edc092806,train
train/leaf_blast/leaf_blast (337).jpg,leaf_blast,3,train,1c3b12eee17e67cbb5303b7079af33e3237c749fecc91d4498cd3d10baaba0eb,8ecabefe10a5b1e7673cb67760f4e4ce125febe6f73986ad938091f86ab0b507,train
train/leaf_blast/leaf_blast (339).jpg,leaf_blast,3,train,405795b538409042000b7ba58a72cc4611b41bf1e6a7ad3808b6795325053e8d,0684723d64a9334f72d95c8fee851ac99398ef9e316820c23f71255a3a09d473,train
train/leaf_blast/leaf_blast (34).jpg,leaf_blast,3,train,4aaac3ab66774ea67dddb93e4ef7a254f1a569df58b8f68478942f5f2157dd83,83c34de257a5ddc388269e08d75aae1f71aed74b28d7a96f0f7221d29342c72a,train
train/leaf_blast/leaf_blast (340).jpg,leaf_blast,3,train,8f93bf69c21bd498bab01edc30bd46916ddbd04b731c3f33587ca77ecd9409e9,0df389ab6545ee4dd4f985f5481251f05676988d9200b79a442438251a01dd52,train
train/leaf_blast/leaf_blast (341).jpg,leaf_blast,3,train,dd757b5373ce3517a2b0e11e32f6915759f5d3ae7e2d6aa3c54ec617308cca5c,16b31197f146649475f6df2f058a455f29f05359ff950e149d14da443ddcfcc8,train
train/leaf_blast/leaf_blast (342).jpg,leaf_blast,3,train,747afa16df0695cc2bd00aea25159a81f8383c8dd7084c221df1a1bea6066b77,98d0047c767fa1f4ab0eab94872dcca2d99a8cc25500beb4039df2c9622c8542,train
train/leaf_blast/leaf_blast (343).jpg,leaf_blast,3,train,798212c85c942016d8e720b6b1b803eb0ca9b6fe973a2d4c9cd5f0ef847a9150,95824dd4a34f331b9559b9ec8619873b67393f12263c6a250ab37b2f17ba260d,train
train/leaf_blast/leaf_blast (344).jpg,leaf_blast,3,train,f9422de692e5e69540d96f12581bf1ece1581eb00159114ae81ae02e507ba487,0db40712d366b8ad21d17e2991deb4d51187fac8a93dca3621f6760cc0ef658c,train
train/leaf_blast/leaf_blast (345).jpg,leaf_blast,3,train,dd1620b0563a7d6c93367f156386bd8848f8d5193cd1bdbbd6ca681c046346f4,1489282ec36156a35d928820fd1203a19d1b54063c9d52859e56be67f21ca381,train
train/leaf_blast/leaf_blast (347).jpg,leaf_blast,3,train,d4cfe4895aa3ec9f51f7f5ed14206c6b03d641714d36bda18b5924161e698818,e061a245a2276c5f9302e3c94bfc83e01f4920bacdd4564c4cf94a330aab9ff4,train
train/leaf_blast/leaf_blast (348).jpg,leaf_blast,3,train,ea98391b3bacc291940fa14bf2c286b5509575f5f976fc02fd713d71a4dd5688,7de189ea5dd84941ae0cde6dea50d399cafe0551c1510126331736f2784e66d9,train
train/leaf_blast/leaf_blast (349).jpg,leaf_blast,3,train,d910294ba926e28c0fd874102a205aca1d9292b0cad2bbd220fafdd49a649a81,622d60efffefe07c4a8501e2412b643298db31794d295a6b0f55f633ae5da43e,train
train/leaf_blast/leaf_blast (35).jpg,leaf_blast,3,train,adae6717ff4a830787f0291c5e6cb8b2a74e38271d1aef1cc49fc61c5038122a,8964021186463eab6eb9abcba1d9e789cc80612383695fbfa7d9967126e30544,train
train/leaf_blast/leaf_blast (350).jpg,leaf_blast,3,train,29a77dfc8aa7a72137a0d009c3b315157ade8bea9997bd598bb14db6c0e84ebd,1fa89ed90ab3bf2c5ca694f5349b6516b73cf84f6a6f906ad46c9c4f3cca013b,train
train/leaf_blast/leaf_blast (37).jpg,leaf_blast,3,train,07b57c05935783e7e632df1a6faf32dae21b323dbfdf949d13f79ad26fb2a601,da77c6e45b2ef6edf2466b87085b29b0e0b8cd29f019c133776eba2542c51cc2,train
train/leaf_blast/leaf_blast (38).jpg,leaf_blast,3,train,ecc20c85ad5507a734b8d3dccc0add4caf776c81f1d9133af5d6f14bc7d61da8,071b3698515ae2ed2caebf2522f8592e8e7d36761daba30e3ee0bfdecee1e339,train
train/leaf_blast/leaf_blast (42).jpg,leaf_blast,3,train,c22df3fc32561ebd7fff40cf7f836bb53827d5509ddaf96c6e47e95e54e3a41d,9f6c04c53370998fa94089cbb448ac270a29c1162c67f242f265c5a54485f5b6,train
train/leaf_blast/leaf_blast (43).jpg,leaf_blast,3,train,cb505f7d66d36bf7ed9fe6006d8e5cc01f20b9615ac59d663d68afb436514f9d,45082570a5c3a741fc9710684f2c40cd37a97c4df6a7a8a512dd4bd5428eddda,train
train/leaf_blast/leaf_blast (45).jpg,leaf_blast,3,train,ad500324a879dad3bc11d6a4de98363b045daf620973e6051a242a3427812a49,d4254e45e75a3aacb91d0e75d5884712e980fa42584e20eed1eeb32300945024,train
train/leaf_blast/leaf_blast (47).jpg,leaf_blast,3,train,ddb3e87f67876eafb9ffc5485777d4c2283759f33ce39a0c5521f3e768c4e167,e7539855cecb341268f848b6676f00c97ac583919240f872f1f7724c2f014123,train
train/leaf_blast/leaf_blast (48).jpg,leaf_blast,3,train,97861172f541053639ad9f67b3650a7e8ea51c5305dc433c8f62d5e75a1aae14,b761dd4876b1ffd1ef34e6243b769d8d5c85333187c92735c900adeea78c2d13,train
train/leaf_blast/leaf_blast (49).jpg,leaf_blast,3,train,1c2ff468550e330ee238782089637db7e4ebfeb291bc1f94a65e3108a8c8360e,534df88ed4281f28ddc0e8808a738aada9ae7721bdd696a3ec5cdf1de561f22a,train
train/leaf_blast/leaf_blast (5).jpg,leaf_blast,3,train,0a6de5035ce998e444a3410a7ef4364833a4a2ebd0fcd2ee047f7e55785e4daa,8004e40341026454b01cda29a63b20ff6bb0357b894631a465d32c927ff6e9b3,train
train/leaf_blast/leaf_blast (50).jpg,leaf_blast,3,train,fb8c2ecd073135c4ade3d177cbc1d94c39212c4fc7cdc66633099a74e4f32c0f,7c05b526f310a967dc6eb78fa32f0a3498f533e134e4aab04b583f393e31d4e0,train
train/leaf_blast/leaf_blast (56).jpg,leaf_blast,3,train,c74a4b3f9fbc36c30f09bcd2e7fe8e5bee5ca5f02b1f2ab03310c49d9008311d,9ca1cbf3515712f20954c02a39571f326a4e22495c4e4fea904566fdb0057ae7,train
train/leaf_blast/leaf_blast (57).jpg,leaf_blast,3,train,839ac514ae12792c8b83683f22266d0420afe45db2b42a62dfbaf243d39221aa,88cf34a95323ff6dd4a699a0afdf8980f3888a2bf1a76145de5344b7b73498c7,train
train/leaf_blast/leaf_blast (6).jpg,leaf_blast,3,train,0e20dd50ce9b67a5fbf24ed3d92de0abe2529911e7874332ec3e1e00b361f717,f04c8be3e960b7afc9992964aea79256317a2917491f27e1932a09addc1bd06a,train
train/leaf_blast/leaf_blast (60).jpg,leaf_blast,3,train,905beb0c946044802dced4bc7e99eda98d1102c973541eb31587571ba6723a00,5fdcf2b4129a88add5f171fe3c465d62eb166eff8d3b32a9c914f79264424bcc,train
train/leaf_blast/leaf_blast (61).jpg,leaf_blast,3,train,69c5df0bda136604f29433841841758588b1317db24a71a7b24fdf25f2dc2448,1f5cbb1ea6061a6203a1d4e8d8cf139ab2268847480028c66cc32fcd5ca27d9e,train
train/leaf_blast/leaf_blast (62).jpg,leaf_blast,3,train,769a411016353860763e996e581470fa372d66b7ff6ce3dc3c89eac208c7b74e,c5513a181bfb11dd7620962383f03bebd42f6acc4249280abd27186081dc8021,train
train/leaf_blast/leaf_blast (64).jpg,leaf_blast,3,train,63f3c8cf30045b4b50f15297cb206622d109e022f2ff3866901925cf798fc7f1,96ee8721a6a17e8b4990534b32da17ea3bf78c03cca1f206f493a2c5f29c662f,train
train/leaf_blast/leaf_blast (65).jpg,leaf_blast,3,train,6b733d722888c11208c242bcdb553f5d365d8e698abac2881037460dba6c58c5,1b77bbebc4a1c03cc28fefaf1765b8b14baadc04dedae412e6a084428f0ab324,train
train/leaf_blast/leaf_blast (66).jpg,leaf_blast,3,train,664ecbdaf6a3d1d13c467972e7bff7827973218bad2dec5422c0188e9d616161,63e0606712d431d550436b1442ccf0694d4c5a75b76c63b192413bed27c69710,train
train/leaf_blast/leaf_blast (69).jpg,leaf_blast,3,train,3f792c8c9f35e8830467c259ba85bbda61bf72355d583916bc29ef2d85a544fd,289dc581fb610a39cab825db06e5e0ca5ddf77f534534bd2c3aa6a32c61b8ce6,train
train/leaf_blast/leaf_blast (7).jpg,leaf_blast,3,train,20b1ae955e4f5d1ea77634783b4e934234ff2f56b284a277dc83f16380b79712,67313674553185cf8a3fa57f08570507df53eba1cccfcbb372fc1835d1b77d70,train
train/leaf_blast/leaf_blast (75).jpg,leaf_blast,3,train,a39162f9e9279156ce6900bb8dd272a1cf6f4027d822d80fa5b6148e4b1b568b,a85f4f1160106c42b8219d4f6cff7b8a55a9c0396627d44214ecc3301f137526,train
train/leaf_blast/leaf_blast (80).jpg,leaf_blast,3,train,fc80ade52e177dcf89b9f2d6c7692a0de069f0b70fe2fedca77871fc93b9a1f9,ed738ccf3842d24e48b8b29a134f6a3b1c09daa2b3d4af5bb76d8bdcf9313901,train
train/leaf_blast/leaf_blast (81).jpg,leaf_blast,3,train,24ab3dfc3d6a0d105a5926ef61bcf86f87d111842c40357373d1c0d33e82aa94,cd37e34c2f90a9e17f872056ec956330f78dfc74ba624fea41c614d10f0ad098,train
train/leaf_blast/leaf_blast (85).jpg,leaf_blast,3,train,45c702e446dc158b76464754ea18fbd59280edb529932650e8b3650e1cd5fc3e,2adcf827c5acc5774a5fe93423a22c9de697c6d1ff106d9e5c9b4f6115324974,train
train/leaf_blast/leaf_blast (87).jpg,leaf_blast,3,train,8f0495747de1d2c91f42e8f58a378a02cdac2fecaaee90c1bc064e03b754876f,1cd537ddb49cd5f1bc813cc0c02ec6ce3d8b3afa1754ffff9627357df363d81d,train
train/leaf_blast/leaf_blast (89).jpg,leaf_blast,3,train,a724c1fba0c722f73eb1ca5fc8a0f92c52b53134b915d53bf6505b78853bc1c7,ce0c69ff2d5f91824713056fa84bf8dcd0dc7467babe84fe400f5e72aa09aac8,train
train/leaf_blast/leaf_blast (90).jpg,leaf_blast,3,train,0f0833c337099c21c291930eb1c9a483db099f769d49e3e00bac5dfb8981e50f,0df5d8417ca77e3ec1c5cfb71a85d7125701e0c3ea16661e131dec1b0d49744b,train
train/leaf_blast/leaf_blast (91).jpg,leaf_blast,3,train,6a21bb72c0e946a33cb84314c83ff111cb81e38c0f98eacbf8adfaf7e61fcced,d98c826bd1d1dfc7c651d3bf4f090ef99edc7f3e6597838710dbe1536e095005,train
train/leaf_blast/leaf_blast (92).jpg,leaf_blast,3,train,c2a098603dbb3bf307f6b1cfefc33526c617ee501f4fbc158305304f9a052441,02dc053d2faf00d932e260d80ce011c031e0e64508189dbf938792e313573143,train
train/leaf_blast/leaf_blast (93).jpg,leaf_blast,3,train,9a70e476a1b8ea51b6ef24f56d5a739ab603c09044b4f444f6b3dd1051f64eb1,570315cb2b152969eb40e0f5791f38f6aa6e420c817796363fc4b7435a681892,train
train/leaf_blast/leaf_blast (95).jpg,leaf_blast,3,train,15572987fcf4bf3a431e024faf1e087bcb4025740c0096aba6a25574b06e61d1,f0f03bbc3bbfc131fed4279e8e6c869dfc4575e615ad8d353b42364c64f7c355,train
train/leaf_blast/leaf_blast (96).jpg,leaf_blast,3,train,5f71528912d7d4a3b37bc2e0ed6bc5e0d91b7db51fb2ff19147ae104fff6df50,fd1e18d0629218a535e558d5f466aa9207c9e69479ade920098fcff249991e53,train
train/leaf_blast/leaf_blast (98).jpg,leaf_blast,3,train,ea63abcd75e1621c9677a3bc07fffcdf08642e4c9afa00ad4e03b4c63301721c,bf8b1a0bbb01fccef0e2dd6a2445797adab2b0137d29d433d2ba1b21bdead3c3,train
train/leaf_scald/leaf_scald (10).jpg,leaf_scald,4,train,c46566ba144687a0e682648f6ecffce2c04e93c86ca046398df2ddd17e0caa16,3d193e516f61815a054fc4ac2f8ba39e541aba9b62c8fcd2f591b3bc04e067b7,train
train/leaf_scald/leaf_scald (100).jpg,leaf_scald,4,train,8589c6ca983f2777599499952ddeb4fac1140ca82bd268263a7774b718368ead,f513a50c8b35d04ed04d428e1caf4d4183ba954755abf35d45183d0cbcd79078,train
train/leaf_scald/leaf_scald (101).jpg,leaf_scald,4,train,f3d5f45c53ec228d3dbba1f7ffbc88c4b86f8b43d3918f0bc72bb2c61d3d4183,b30b5f3374c6fddaa54539059db8afda7cef74ebd120375ec87eb1743400b47b,train
train/leaf_scald/leaf_scald (102).jpg,leaf_scald,4,train,2ab4715e73d5ede5cb11f61d6ab4bd56db390769c99a49843274dd0503a75827,c555c370fb56207c9e761e6fce3220155ed64f92bc2a86c19d5d59f196d23261,train
train/leaf_scald/leaf_scald (105).jpg,leaf_scald,4,train,053517dcd71b4cfe8b73fc36ceaf4ac94e153aa5051ae4bbe9209188c2e7c807,a28fdf343e569e82bbc298ca308d0cb0351b1bb8938128315992d1b220523173,train
train/leaf_scald/leaf_scald (106).jpg,leaf_scald,4,train,378ee24a197964dd3006bb3f011cbf05509e3be552110b26c487e2f0bae24bb9,dca35b3e1da8c17385fbeee77bf0e92f4148d52f9cbabf678331143a9b7dbc4b,train
train/leaf_scald/leaf_scald (107).jpg,leaf_scald,4,train,6e07fd21a619df25cdffd45c6840b91797188fc35c8b2cded64aa2d1eeb4472f,38180b968d98ad2b4a835ef772aac9c9129058396c1e6b7506917767054de2ea,train
train/leaf_scald/leaf_scald (109).jpg,leaf_scald,4,train,b6d50e3a96d1625d2dd985cdcedda248e60f6542b4af069dd972fa51a46417de,f97eeed14d3bed7ca0386533a313a8e57309ef7804d068887304b3830e82165b,train
train/leaf_scald/leaf_scald (11).jpg,leaf_scald,4,train,5d3ad756fcfed0f9dc1e47f204792e865098634f13241152c42c84523ef46599,d6de44e23017d3c14f9f4465fd8328c2703c13a6161dd4c8ade729adaaa00773,train
train/leaf_scald/leaf_scald (110).jpg,leaf_scald,4,train,31b4da5c04429f0259626299e5dddb2847f97d62ff01e321c6efb86ff9d8ed9c,a8627b5273800917255417fad53dde0696f09c436522715f2f23b0d74a4aa74b,train
train/leaf_scald/leaf_scald (111).jpg,leaf_scald,4,train,6842d4f3865f9eff0ffa72aada30d15d2f2a10898ffa181e6ed976dbed9b6331,283f3ac3f5ba55491e7fbfe49564aa02394bb77ec0b5eaa86108bc2924e111ed,train
train/leaf_scald/leaf_scald (112).jpg,leaf_scald,4,train,441d34f591d84d146c5da81f5ebc7257dc44d1e929fed6617f9ad03579a94586,0bc72bffb7cc1083c9a6abce24a49271d5e3ef2482bcf08e20c8acc013f38766,train
train/leaf_scald/leaf_scald (116).jpg,leaf_scald,4,train,8aeee6cbd26f6cb3fe10d4caa0bb64f9cced506ca4fbe56fc791c294c02e00ff,bec51868413acab7baf309fc3579d72737ffb327d1acaad8cec48ad5bef1b294,train
train/leaf_scald/leaf_scald (117).jpg,leaf_scald,4,train,2622a0b029e7c5e2fb91281422cb89a8cbb7747536f00fe13c058c1cce0bb2a7,cb8053f01c31473802ae8a5c706fb257cabe409da77094d1eebd1e5f21983620,train
train/leaf_scald/leaf_scald (119).jpg,leaf_scald,4,train,cc476aa34bd8f232f57e58fa099f9478a58efb68bc57e28a13fbbf4e520190b8,5961caea8bbe703f16df32ba85487387ff51766146640e045b917d128ba9d717,train
train/leaf_scald/leaf_scald (121).jpg,leaf_scald,4,train,2a67fac1b4c3e2fe6e0623311739c5d84fc39040edb07f0df6676a570a80942b,5785b39e143bf6d78faec68fab774b14ced5e2379c3d1f2d26a8781c893f4ee9,train
train/leaf_scald/leaf_scald (122).jpg,leaf_scald,4,train,e4029745ce783904ebd10fbcd87f83a954c39ef51ba9ad6aea76f4341e4c618f,fd42c3d5fd1d205e1a0115ccf875268f79855812255a273bd34d88f0a9480b61,train
train/leaf_scald/leaf_scald (123).jpg,leaf_scald,4,train,53de0024c10e1b27537a3cf5dc2217f2a8111d348524b2cba372d1721a34da0b,b10cac71af5942dd11fd8b305ef6f83f91247f43d8a62afbb312ea4d864444bb,train
train/leaf_scald/leaf_scald (124).jpg,leaf_scald,4,train,43a8a7d217d54d7a41293c0adf3e0110d25f8e7678090e3f5ac32ebf7dadfdc1,2eaccec70362a84f71c0bd7baeb0163c856d172b3875ab23ded4e981114b9469,train
train/leaf_scald/leaf_scald (125).jpg,leaf_scald,4,train,c4b35d36819e120eb83ff616276fbd3cbef78805a6816611b4e4c47fe7054201,1339067df4b5a1d9f51e67cee4ed8829f0015171fb5b9d09760047424b274a0d,train
train/leaf_scald/leaf_scald (127).jpg,leaf_scald,4,train,9180ff97727dcfd630e97c3b25e00fdc85dc1f75b43bd64a5bd5ff3b6215e3d5,6f82fd78e364ebc7b50f513bac3d930283abbcc7d2d9d19d89569086e43e9fab,train
train/leaf_scald/leaf_scald (128).jpg,leaf_scald,4,train,b23f1533b8cd4d8077b29e89c90969dbbb0151cc8850051b16f7c2274d8c181a,561c4c6e94d07cff13c29a9ed53f049e7f6cb6bc437945629414cec63f14d465,train
train/leaf_scald/leaf_scald (129).jpg,leaf_scald,4,train,cb823df18a245416c41a19f410096d9604a5687744bc1743154a3725af13f98c,4b173595b404dd77c9a278a8a051efe93858e7a6fd671eb12bb016eb2f7c4824,train
train/leaf_scald/leaf_scald (13).jpg,leaf_scald,4,train,1d94f900788de6c6ef06f9b54f388cc409c00481357d8e571cdb143db89cb044,2c0578ae6f210bbd55f46dfc3bfe6a92d4c5f4ceacbf87d7f839cc67755a72f9,train
train/leaf_scald/leaf_scald (130).jpg,leaf_scald,4,train,9509ffc5f1d648c5921ed032a9988f696c19fca1926ce1fca3a0b25e373e71c5,587bbaa670627fbe2f04826bb78a88f809da6f862256e5c71e3a6ef5eec1c9e1,train
train/leaf_scald/leaf_scald (131).jpg,leaf_scald,4,train,b33f0c244ec54c04d2bc5333352af9619722ba202af1bd20a9adbbb5812d48af,f66acb4cf52822d43f4262a62d2b5c040dba95db7b53d69cbd1c43a7232aae76,train
train/leaf_scald/leaf_scald (133).jpg,leaf_scald,4,train,970ad7c48c7919046a401e104412bd37a81c36d6a7e75c509d0a779028b84d83,b4ccff40a8f1431060be09b4fe98bd489ba237e70ab54e1383c74382e5cd27c1,train
train/leaf_scald/leaf_scald (137).jpg,leaf_scald,4,train,02fa4c4ccb7ab5e00876827aa7cbb666b104bcb749eba065296144d5406a82c5,07653396523d46f8ec518ceb647591da355298a717677eb6334abd9309cbeb8e,train
train/leaf_scald/leaf_scald (138).jpg,leaf_scald,4,train,7165dba5f930a2560b11a54da934afe040a86054c80fe773d71717fddfc5fd57,cb66e356d9216638a8c6b1434398f9774583754efd69957a78ee04a4484a7d08,train
train/leaf_scald/leaf_scald (14).jpg,leaf_scald,4,train,96cba5011879a28a5220e5b9568124f995d8f2f44d7b35c79c0de92110b171fb,5c553a7b0db41b5f0ef36f46705622faf516bdb8b9e76c3079a02a3edcf4234b,train
train/leaf_scald/leaf_scald (140).jpg,leaf_scald,4,train,569768ad2d36bd15550f6b927de8d01ac3533abd98a22b8dbf131e9f523719ad,dae8b9dcde61219aa8603deec7aab7681d12da27512cd6b9bf36f462db4a5778,train
train/leaf_scald/leaf_scald (141).jpg,leaf_scald,4,train,26bf35c4af26cfd617e8be1adae1ca589b73aa2e65c6006b1cca72a1e957c8f8,9676a7e97ccec7b923cadf601b706622627a53d307d27a3f093084b1b1cb7120,train
train/leaf_scald/leaf_scald (146).jpg,leaf_scald,4,train,388ce39a4f6ebc4f00122a480d5d61b87c5d9d1c1bcc1774dee62751b7b4995e,189dbfad6e984aab70cca5fcf5456884a87646afa1aa9d66fecaeeaf2383def1,train
train/leaf_scald/leaf_scald (15).jpg,leaf_scald,4,train,2318fda0d612d562001a56defd951910f35621de86e2b1441a9f92ae4a6298f9,0a289f72a0e7bcb643319f3ed3525a495a006c45d334f8486b9e3f7cc610748e,train
train/leaf_scald/leaf_scald (150).jpg,leaf_scald,4,train,bd73d9ad6ee9524136d6f1bb240627f9d3113ee07f550f35a35a85717ec25bb2,0f4e3e5b3c80dd99fa5bc86c478634ca90575a6d938eca94f92a3b504252fbd4,train
train/leaf_scald/leaf_scald (152).jpg,leaf_scald,4,train,89b4455bad9a01ffcf96bfc3209af1a966d83a46f29e6df7e034fc8b969c6050,88394807cf874c96ecba63618d0ee8a3e266b1c783a678fc29223ff7d8bec5b4,train
train/leaf_scald/leaf_scald (153).jpg,leaf_scald,4,train,ea7a128966604fc5efa92a1b893111dcaf63ca5c5f1c5e2583b28d7066cb79b6,60b476e25ff10a3cbb84b4972aafe9feed10b273aa7aa7a7b137a8fcef938896,train
train/leaf_scald/leaf_scald (156).jpg,leaf_scald,4,train,b9eb7891eadf9f35736a54d22ffaca77b8d13167655fba9220cc21ff7b134825,432f663b0b6a55f231f4498e7a880cbab5d1aba1d044be429fccf5190863f6c4,train
train/leaf_scald/leaf_scald (157).jpg,leaf_scald,4,train,58f17176cfa6262bb3025d9f1c8a36419c7c58c1cd45a625f5f03a99bb21b7f1,7097d937af6fe5d3f24c4bdcab32a8210ceb26f17bf37d4c8b05a6dd756a9379,train
train/leaf_scald/leaf_scald (159).jpg,leaf_scald,4,train,5ef9bd914291040fc02e346966d9f1861207cff74c5e273fcaa4d8d13a977d70,1c8f65ef76cdfc69b4ca9cd793897dfa7a77a9a163b92f734b1f625781212052,train
train/leaf_scald/leaf_scald (16).jpg,leaf_scald,4,train,85ef351f5301503a0e55e5f050785fc6fce48805c57da3d8b7040f021d98e2a0,48a719b6db4aff30be6558cc112ed76cabb995b35aa7a2c198ddb1febe87aea1,train
train/leaf_scald/leaf_scald (163).jpg,leaf_scald,4,train,d4fce0f7cc21f15f5ea0045a32e93254f1973ea1c1cf129fc0f6bc4c506f8b3c,0cfa912e56050c8ecdc073decba66f63a4ac02a9741ad0ba5c3ed7bdf023343e,train
train/leaf_scald/leaf_scald (165).jpg,leaf_scald,4,train,7e2bb669bc625bebbf9027ffdd48ad3f4b439848ba004bda5aedb61d50c1c1aa,08ec6ccf84dd9a41518545c07c7080a7a08cd7021bcf49337d7e8915040add1d,train
train/leaf_scald/leaf_scald (169).jpg,leaf_scald,4,train,e62ec3fcd3dd6d910f3ebe1d8064090ee2146b199b25a4b255fe664188dc934f,c9bf84fc6ebdd9fbaaf191caeb4310a7c4f5bcb9bd6866e775a8311fde948701,train
train/leaf_scald/leaf_scald (17).jpg,leaf_scald,4,train,7bf1340d2cc87023679c19c83a81122437819d6d1eba60a83bd6585f1fba0c31,d3dd6b9be91ec540effabc6193ccb8b1604827a186ce782daf3c52886d1e6ede,train
train/leaf_scald/leaf_scald (171).jpg,leaf_scald,4,train,c789159b20f549f560db015d81b85aabafc72bca5f6319b79644759bff96c7eb,0dc2b061f3a6691d20b17d18d8f73ed88bbbd1275287896033f827c0a3255f9c,train
train/leaf_scald/leaf_scald (173).jpg,leaf_scald,4,train,69014bfb3862545b994a5b5522ca04d4a77fc9b91cbba38459615f7eb0100758,c09fa08ca3793fd985b3c54cd34cc3d87205ba9c2250de63b076468dc3bd1eb1,train
train/leaf_scald/leaf_scald (174).jpg,leaf_scald,4,train,7cdf8237105aaae4078a36fc63d1b5227b1bdf94aec175ce40869e385eecead4,1d8390947893bf6caed77ebbbc884b203cc94dd62019fac5b8abe218ca55b99a,train
train/leaf_scald/leaf_scald (175).jpg,leaf_scald,4,train,4a36a26176318c40a7f08dc294e1c37a09f7120be685d43bbfc7b9af61f33bd6,141c8efb4098340b74fffa18499ff26961590b838c07d51f3e1faaafb599479e,train
train/leaf_scald/leaf_scald (179).jpg,leaf_scald,4,train,3c18637821635798a225d22f03dc90c8cbba582fcfa5bf8466faad51110565ec,98a4d5b3d92746e939ba259d3fbe46cf9681b1a24e447ffdfcdae8bd398f0b4d,train
train/leaf_scald/leaf_scald (181).jpg,leaf_scald,4,train,552b5acc12cd0c680d57cb81dbd0bb2ced7ae8fb5ef47afd85a5678d47e4dc04,47c73a88ed287b21ef064c8a59bb229dfa5000c0dc6e8a4c001dbd1013e65d8b,train
train/leaf_scald/leaf_scald (183).jpg,leaf_scald,4,train,ab0dd9565eb7996310667e21abedeb8028c1705ec428ba4db06b07dad05fadd7,23a9183262b5691751f057579b4564c08236eded1c91f292d59f06c7e4d8b561,train
train/leaf_scald/leaf_scald (184).jpg,leaf_scald,4,train,f6ce6a2f922999e8bced92ff4a8c13468e6bec9d87eb698ac6b4edb3d8f3c35e,bb27af57f7bba90debe936638f1e1a7a0d0048b63bfb21f2c142e4755c789fc2,train
train/leaf_scald/leaf_scald (186).jpg,leaf_scald,4,train,c7dc1b2eb942f190d7daf284505b406983af661938bf1bc780d9874aa73487cc,c3e8e9a94252a96ce742edcebec6d2e4e7a30847279fff840494ff26bf3e882d,train
train/leaf_scald/leaf_scald (188).jpg,leaf_scald,4,train,0ca7bd49940fe4c18cdb5767e1d57dcde02eda50f97614334e7c0e0ac154a903,f5894c683b7f23866d628d7b7d34278895b592edc3ac8177b47bc55f9b40b147,train
train/leaf_scald/leaf_scald (189).jpg,leaf_scald,4,train,12b8b8ce866ea0ba8ddba328c59cec96a5304497bbddc506062e7ae7d0adc95a,ea1d6dcacaedb7f473027546c96cd3801c28eae32a1a5ba39c3982a3e7fea4c1,train
train/leaf_scald/leaf_scald (190).jpg,leaf_scald,4,train,7462923254baeff2565b9ea86cd747cec97dca230c984345973c14d4a119d26e,350b97cdff179f49442cbc25494435c7b96d288a7dce476ec9cfa23932c63093,train
train/leaf_scald/leaf_scald (193).jpg,leaf_scald,4,train,61574c53e0a3aab954277c6c3ae8548f98d853eca5cce645f091fbd65f693d49,d5767415c978c50bb153ec2914e0260a8e703bacb6a68620a7144e8c287b1515,train
train/leaf_scald/leaf_scald (195).jpg,leaf_scald,4,train,2d2bf87aa2c37b12b9402f6d93d9cf37c5be6fe89324550bba677e4c53c208bd,b0ca642722d20011b444b3620281829a8db225ecc4b97927fdb4b6af49eb6a1a,train
train/leaf_scald/leaf_scald (196).jpg,leaf_scald,4,train,cb5d856c68f028025d4cf088f9f726638f635d85c7a198ad81b3e7fade0590a6,b2db6d0fc3ae87682ac1db9fb6160dcb4e2f28361eca4abfb446ed3ec1927b63,train
train/leaf_scald/leaf_scald (198).jpg,leaf_scald,4,train,a7d9a7e5825f4019778cb35dc45395735ac4005d09623f015d3e72a87816463a,c69bc567ffd242a12c1e8c9804231565237ae72b571ce36054e9e0c6163b29d7,train
train/leaf_scald/leaf_scald (2).jpg,leaf_scald,4,train,fe5d152ea40416095512af9706a466727ae8ceecd15625cd365bcb3f536493c5,254a3a1df76da8d04d9f921b2eefccf1f6643282d44721ef9c87bf501a5a0aa9,train
train/leaf_scald/leaf_scald (201).jpg,leaf_scald,4,train,ccc629b7ecf55f576df2d9c93a6d87f998de981d14e81d38f6f95a3f5d5ff7f1,2ccc0c76a94ae576c48eafcdb953e9ba9cc3efab5cc7ba4aa1eb01d1234c765f,train
train/leaf_scald/leaf_scald (202).jpg,leaf_scald,4,train,0b1e3fe9b92996541f5076b369362a6109de21d283020ff8d8fd7576954fe616,b54d28c2fe6a4910f4c8fa88f68f4213135e08c5931944c39d6b01ae9abe1035,train
train/leaf_scald/leaf_scald (203).jpg,leaf_scald,4,train,78e3c4fb66d8c0ca3b0a998612b8e9ddd0377ac45897d926813239120d1934ae,623c9c7f45d186758f1962c2c146ca8cd29312674fd751be528eb1512c855be6,train
train/leaf_scald/leaf_scald (204).jpg,leaf_scald,4,train,0c5ab91e1a35199c5b12c57116ad8acd10793bf7cf1009daf15279b5e7f82809,ca8b20913abc4985d033a029542922b26daec88e556d2f7ee6da398ac1c4398d,train
train/leaf_scald/leaf_scald (206).jpg,leaf_scald,4,train,878925c75eebe03a81e3ca0eb304f8f4383836f4f2ad518538be274f7610fa30,1200e98c380e922f6d417fd13e7658aeba5757a49a5150e4ec3eb5fd231bf856,train
train/leaf_scald/leaf_scald (207).jpg,leaf_scald,4,train,bd036aae0bf241ddb2b52fcff066e84aa28c130b7be177e517cbae96a16772e0,8f0509e7e0e99ae6758334842328e500f673e4c0d8caafce8c445ba74e413db1,train
train/leaf_scald/leaf_scald (208).jpg,leaf_scald,4,train,02bab8224a2662a9687509fba5a69f9274a7e3ed2a2b5a97be4252a24e89c479,a36a82bc4ee2dfa8f45a259885834fc683cd12471b2c54d20daa5150064a7ddc,train
train/leaf_scald/leaf_scald (209).jpg,leaf_scald,4,train,a49b65533eced031676a265c78638dd1e158ae7440369a9c3878bf494becd21e,39f8977a599fca6aad8e93a8a926a9e1051d4f397570b487bf7de606b65bffdf,train
train/leaf_scald/leaf_scald (21).jpg,leaf_scald,4,train,fe1e52e8f27efba58d283cae0c477e963a5566019567b60dea4c7bcf97cbb5ed,4763451484c63f90fed08a5dbb1870fc3c276341f76e6831fd7a4623941a4bf3,train
train/leaf_scald/leaf_scald (212).jpg,leaf_scald,4,train,114ce80e0cc99e82a73ed9076f33f8965e10e5c403e61ff793254a068e037950,56f731de8863e057242a105f3e340b6bffe1d48e07b9f11fb3ad9818073ec2b6,train
train/leaf_scald/leaf_scald (214).jpg,leaf_scald,4,train,7abb05a9e252d943bf530a60f4d673bc59997b5d3e5d500cfc296d12e2df81b5,9fe9c8bcf42c069490da6902af5f2c30a8bcb7a3302bf3c7c1936331e6fe63fe,train
train/leaf_scald/leaf_scald (217).jpg,leaf_scald,4,train,ce66ed00c9f6eb1fcac3e5151e8ba694d789646f7a1d437e02419608768f6dbe,a07b4178660f3d9903f52d46d4e4adcbe85e6956a19740acd59dd7e689a4fda3,train
train/leaf_scald/leaf_scald (218).jpg,leaf_scald,4,train,fc94f7aca564852f4da2366d91ae2de6035a57bb8b92dce3bc8998def122a7a6,b7aa36c2ea79120d770c48b8a4172d28d29b327fa6efb0c063780d4f61f09094,train
train/leaf_scald/leaf_scald (22).jpg,leaf_scald,4,train,3f59467e6af13106bf0526f8e3d04a91c1b5b01b00c1378860cfd1720121a738,68e227de3ecb6bbcab133e56d71d770a23de46d9e03c65589980774efe4f2bc4,train
train/leaf_scald/leaf_scald (220).jpg,leaf_scald,4,train,437746639c2d981d365ee68277bf06220f8837f420e05b188f79700f47c89e80,8d21f36deebafbb087d973de389f8e95bcfc111c81b7a7b4a467f06faff486f1,train
train/leaf_scald/leaf_scald (221).jpg,leaf_scald,4,train,353c5ce405ff9943837bc4af3dafa148d0782656e351bff438825768755807f3,f173910808f6ee030754faa352d353d2a5680813b1f005ad6da4729763b1355d,train
train/leaf_scald/leaf_scald (225).jpg,leaf_scald,4,train,e44f0b0cc780de308c04f3317ee611571651984faa0ab6b63e815d2faa6e38de,d2ccbe00d48b317c91388ec8307a5935ce1a10d8a1ce9d6ab8fde1f335667ee8,train
train/leaf_scald/leaf_scald (226).jpg,leaf_scald,4,train,5cf090f861cc73637e435de9d8a2a62a989dafa22494ba6b7a15a51ed62be9c2,07c333df5440df8ac70f84c1968d7623bea761b3482f567327d002e500f816f7,train
train/leaf_scald/leaf_scald (227).jpg,leaf_scald,4,train,fffad2764c48d36497237417f8399a364698e123848334e61196e543d2734f3b,e77f90b09d74da3a5499adf9ee116f3b2ed8ca25e55567c58870a7daa1af61d4,train
train/leaf_scald/leaf_scald (229).jpg,leaf_scald,4,train,5f6138b494026e20370cce8df45f55191bef0852d88b728076b7ea96b58e0b9c,d7f675466ed23e755c32e0cbd5cb2658c0929923eec0fb59c923d276c224b3cc,train
train/leaf_scald/leaf_scald (230).jpg,leaf_scald,4,train,0278e641ce725368abc1703ee28013870505ed5568d0eb5696adf4dc35014a4f,193ee8626143f875590c300f07d8519f6376a32343e06482fea69b6558bc5c8f,train
train/leaf_scald/leaf_scald (231).jpg,leaf_scald,4,train,7f3b450688e6ce1c46b4d11f8ba83eb5739b02a6c6002c4fbef5652bd6034fef,39e211768168b3107fa482802ff2fe130288d9a12c386a71d347625337c30282,train
train/leaf_scald/leaf_scald (238).jpg,leaf_scald,4,train,620778af6a87e2c88bd9086f3e27113a9b31ea76b166156d5c11cd6ee0282e22,1cff15bc0ae9012e1d647648fb43cb33b45a06924425881b78487d4e9464114f,train
train/leaf_scald/leaf_scald (239).jpg,leaf_scald,4,train,a86e9c1d228b1957cee202b42b73e6c7c1b98d09cccbebb1784dbe4168c7d149,c66f0f62a789e846cb940b452383b894f35b292f127cbdf4cb14a0a8d8d3fb49,train
train/leaf_scald/leaf_scald (24).jpg,leaf_scald,4,train,7eb70c885affeec698ee277b6687b1a8f23638ca902ff22c350fcad454e2fb9e,7f4cb331323820921c4f25bf2ce04965c70e39abe141fd2649af5e25d5a69ca8,train
train/leaf_scald/leaf_scald (240).jpg,leaf_scald,4,train,bb1fcb41fc99b7a8d1b4b0e64511ac931fa0f8541dc6d23875a39a2be5470b49,a7e67bf7b9eab5d8849edab8a69885aa6a6b63d2a33734c1aba646c4a5f03322,train
train/leaf_scald/leaf_scald (241).jpg,leaf_scald,4,train,0c456ebb3b9c2f178c3c41234c0638ce1f17c0b23ce3cfb55e669c18df18e3b4,1424b4cb2433163b1042c250051306736f1295a653650c1cfdeb96f539468138,train
train/leaf_scald/leaf_scald (243).jpg,leaf_scald,4,train,2de65499926a12d79eb62484eb2eb7ab4f18a01a934439a5a90e1997b6db21a2,5b93ebe852fa76eb02f4436f801eced6c03c340278423e5faf1a60b193282bfc,train
train/leaf_scald/leaf_scald (244).jpg,leaf_scald,4,train,e064bc629c12f7c61e04030fd515204e33cc7dd6fb80fbfd2386539b8d94fb94,8ecbc877c56361209e4331d3c6b94897725255c446b9a4f7cae61dea9380a4e0,train
train/leaf_scald/leaf_scald (245).jpg,leaf_scald,4,train,463ce5a8702468f9c723c90cc0d787aa00fa6d213d627c5cc2cc4961749a1ef1,02fb2aa8cde7003ce2f6ed6b2449f0efb10170337e3b1bde6bf3416a5e7020bf,train
train/leaf_scald/leaf_scald (246).jpg,leaf_scald,4,train,ef368072aa10971691a01d92d5b555ed70f3158021f8ae6ee91e9291b6f71654,b4ea397f73ba70fb81dffcc929f6c0d7c3335e373f51a8f82377007519c6ef19,train
train/leaf_scald/leaf_scald (247).jpg,leaf_scald,4,train,b8520263d776b45eacf6114eebe005ccb10b75c2073437fe38fca14b26803036,8632535a24454bc4cf66790aad08c81a9b39b2e66f63dd3f5b5e35d4758f6ac4,train
train/leaf_scald/leaf_scald (248).jpg,leaf_scald,4,train,061ee1f8c3991043e43c2889755fb0fd1a0c2c9b2efe8e17f38d0672e6bc37a6,d98cc88298bfa0a057d6d9f1a74c74420ed42a16b0f10dae6eebfba51f59878d,train
train/leaf_scald/leaf_scald (25).jpg,leaf_scald,4,train,54bf15da7c27662df53c54b9e3cb94b8a5a5820629cdb9cedc45b5446f394856,426f974e7c393e1caf5039496399feb1a12a48b613b9ff98e6f5d648054558a2,train
train/leaf_scald/leaf_scald (252).jpg,leaf_scald,4,train,531aee6b9b79f1b166a3670ac076f44e1c39f86adeae8872aacf7ad6fa215e9f,fbb829e7387f205f1419377406350fb620b35c212706a1e0d9712eaa1ba39854,train
train/leaf_scald/leaf_scald (253).jpg,leaf_scald,4,train,4032506569034e82ffab8b0525368959eb82f5b5d1ca53498b9c97e66dafce0a,3c629028928b53b0a9fc2b79a6a31b2833ea606c9cc88156f705d6a0e6f7f6ec,train
train/leaf_scald/leaf_scald (254).jpg,leaf_scald,4,train,7d6b65f0e1230cdea16bfab1256961812c24d5e800ce49ad7b51c7ad5af1eed1,8c8900467cc8f3ff3d2601be2a3b1a4d52915fac5333bf2c954b88d8ea6d3158,train
train/leaf_scald/leaf_scald (256).jpg,leaf_scald,4,train,ddeed58c70854747a54b181f23ac03cd4a50bfb636e06adc6081a8af1b5316e3,3debad64b4925b494ce9d9cf4a5d718fc9c9494406832b3fc2cd99ef952b3b08,train
train/leaf_scald/leaf_scald (257).jpg,leaf_scald,4,train,1bd2ae9667ac88169dcc50a901bf19b5b2883c40b18947aced87c375e1f5b701,c16fb6b9a6b4fd50345e996ba26a1fb77cdb0afa50fbd4315052e3c41963fab9,train
train/leaf_scald/leaf_scald (258).jpg,leaf_scald,4,train,873d8d3f7fdb6a02364a86704a802a8071a3c39a3f442138b7578568d2e8531d,d860c3ccb9d7237af08aefcfdd7cd1d4468868e7bf888207cc1f6cdafa4f7122,train
train/leaf_scald/leaf_scald (26).jpg,leaf_scald,4,train,ba6fef2d2baa1e28d1910a47351ef83c595536088a7e26279f9c77986ad4616c,ed99809916d056a8abb4a0f80b1550ab2b67d0757bb7b560675f086d55fc13d2,train
train/leaf_scald/leaf_scald (261).jpg,leaf_scald,4,train,5c3bbffc9903f6b94bcd458bfe783aa5541a166e9d6217389f5825e6a0e9dcf3,efae49ff58e8bb30d25ba12df690a1f876299d6b8f3cadf3aae590ff16e0df95,train
train/leaf_scald/leaf_scald (263).jpg,leaf_scald,4,train,7ca3a6076ee736d5366c98f73758b455bea131464a0ce1b39f9c9a0f39049b8d,158eca9b33f52df8d7b8c8bd91561a2a13ca7002de287bfc845182fb63c7a84b,train
train/leaf_scald/leaf_scald (265).jpg,leaf_scald,4,train,436df26cf6c963b274b49300e23bbd1ae3cde2314cc48ef0cb436095387839ba,2abddd55e6763c9b4b2aa2d70fb2c0251df0e3d567149fe9f7a461642970a390,train
train/leaf_scald/leaf_scald (266).jpg,leaf_scald,4,train,78bb88fe2a456b99a63bdda1279916010bb26c23594ea34839c59d9c5543ac9b,a7948d80d93eeb9ce6fa9f30beeeff57e22434c5e34514c78cc72f2b8de190ca,train
train/leaf_scald/leaf_scald (268).jpg,leaf_scald,4,train,be960d31f3af3da3c29208d9b68788f609f19346ca7460fdeeb21f6d58d04cc9,afbc327ebfe413624a0073fa00154591077c8f6b05bc1a9cd33fa058132ae7d5,train
train/leaf_scald/leaf_scald (270).jpg,leaf_scald,4,train,cb47dc8cd3925a5d6e0ae0c453df536e005def91d0893675bba49f713b6961db,ec61351ca67ba98d98901cccccab43630a489102a8f207e9f5931089404c6191,train
train/leaf_scald/leaf_scald (272).jpg,leaf_scald,4,train,8fcd8152aa2e1c863bba68947abfb4d7776a93dc990be083686cb8d8339ab720,ab5176ec6d38a7bf9a54ee1c38914bb21e0b06dce9f84de963a2cbe62f680f4f,train
train/leaf_scald/leaf_scald (278).jpg,leaf_scald,4,train,cc077bcd50e2961d56e373bebb79426d115b35975d882d8b181f9243195e2bab,fd5368fd6499e594052171fa5ceedcfb366ef98fedb5b28d53dfb9b4512c3eca,train
train/leaf_scald/leaf_scald (279).jpg,leaf_scald,4,train,e50e99ce5c88f5226d32111e65672c20cb9f52dd8c500635e0800b6c1d6390c7,33b9c6d18d9d5782d7efc87b85e4419e07806977dffa9dcdbff6aced161c6e23,train
train/leaf_scald/leaf_scald (28).jpg,leaf_scald,4,train,7edb97f563db5c597a3190dd2c1a190a58109cd9ef31d337aec27c5e9eaae3c9,a4e1a10a4ebad8606a330b66752f7f8c254352d26b6f74f3542572a21f7ff054,train
train/leaf_scald/leaf_scald (280).jpg,leaf_scald,4,train,ec10c7633a97467849d5a0ce7be11427c07554836d6983c3c8c6e993cc33db96,695f0a800cd56384feae9d7872d8a8ec9cfb1e4c303c8f5a1e4f415535a02f58,train
train/leaf_scald/leaf_scald (281).jpg,leaf_scald,4,train,265714fb51cd7202a3a6dc30e2d0f422ce6ede6bb0f37763efc0bb73c2734065,fd655af9f015cfbfcb6ad933f3382b1d105d8a58056bad454c24f26299b20068,train
train/leaf_scald/leaf_scald (282).jpg,leaf_scald,4,train,b689a75e3440265536402edd047398fbeadce38a50f8d2fa140adbc133cdfafd,57ef323ffcfda1c05e3fd69ac144824833f59ca0043f495149ee1819505133a3,train
train/leaf_scald/leaf_scald (283).jpg,leaf_scald,4,train,57f01fcc679f76f525fc04e36f7d94d4e7ce5007fcfd4a87f8180d5b9ee79f0c,3ba53b39e4f62622d5c54aea941a1865adc96af31ffca778a5742b2116bd1067,train
train/leaf_scald/leaf_scald (285).jpg,leaf_scald,4,train,9dca0ecae02cd2f1a38329276dbd7618cc25f2fdce7c7b62a5bfcdbeae628bc8,477a7db6669df2d22da37b842d752e7b7f99a2a3202b6c62b1948f14b793b8f6,train
train/leaf_scald/leaf_scald (288).jpg,leaf_scald,4,train,eed5ef81d3fa94d24258fbf6812c7b16cd662fdb9cb772aa2434de07e47dd372,7ea0fdc0fde53221aab8cde4947d0ea2ea4bf043e397d57a8b86565ed659d66d,train
train/leaf_scald/leaf_scald (289).jpg,leaf_scald,4,train,c3f2ec2f772e6c7dad16224a81a4c65f50f627a9aebbda4fa70d5b21b098f72d,64e2bf89f7ceeeaa1896fa9c9ce37d4583718b4dfa6de9086efe916311523a0a,train
train/leaf_scald/leaf_scald (29).jpg,leaf_scald,4,train,5561b4d515e4bc1e32afb0cc8677a7b0870d314d1489a8f4a772c1bd02f964e9,f1d9487ce99291010469f2f9997bca0adf6bcdfcf89081e23aad114b72719183,train
train/leaf_scald/leaf_scald (290).jpg,leaf_scald,4,train,104f7840ed49c0999e6ccc71ee44789cd42e5db2f7fbd500bd4d85dc84d6d5e9,2c14fe98983ac992b6326c3f368261aebb025ae6b3dcaa3c69be87c32de9bd4c,train
train/leaf_scald/leaf_scald (292).jpg,leaf_scald,4,train,e03e7ebecfbbe9fc3006218da743997773ca469d85b555999bf3db414b8bb57e,a306fbe74e5a4e7247a3f5c620bd99ff36513ab6e032c45a01b000214c4dfd19,train
train/leaf_scald/leaf_scald (293).jpg,leaf_scald,4,train,0ec0eb13587737d0e0a7b4f9b5b04ff2e3c6b5664797c37594657d20c18daf0d,6b11a8b5240ca430419bf8a9a64f452746228805cdeb9a7b76d4c207d5833729,train
train/leaf_scald/leaf_scald (296).jpg,leaf_scald,4,train,1bf5c7642b83632512061c8456f7adfd4b0126a1eba4be675e0752d4c6e1c4ec,fab8fbbc4f5b2b9b08475f969075b92e15926054ae1561bc29a9e8d249dccf04,train
train/leaf_scald/leaf_scald (298).jpg,leaf_scald,4,train,d35b84df104d8341a6cf815b6de035d9906b374befdaaebf39b7471012b0392d,c76994dd3b1507cbc35a96ea6963736cf3834072bb03d3819a5d008c220245f8,train
train/leaf_scald/leaf_scald (299).jpg,leaf_scald,4,train,8872176f12ed74e46566351479f2b4dcdabd3879e2057245d3cc6a2b64e36846,ab3e26394fc06646ff4d3e2697305f3d2789ece5236b0eaee79e12750f061da8,train
train/leaf_scald/leaf_scald (3).jpg,leaf_scald,4,train,cad46645337eda870f0a86f901924f1281ccc4ae8c5b1114c5bf1e3e336c5ea3,30e02fe961e1a6409acd1fef9c72ffec94b23e86930d19ee7c354f65146cd814,train
train/leaf_scald/leaf_scald (30).jpg,leaf_scald,4,train,1320d1e94706a0b60479d1e150d8f36f4f707b1a26570f5ea579596e85fab5a7,5938ec877bc334331c4ebd15788856f443c0224e13d13cf7718b22c088494cdc,train
train/leaf_scald/leaf_scald (300).jpg,leaf_scald,4,train,672e3c0bf4f69aa34db929e8e2a50a27380fe0acc10600d6a240012c8392fdc3,008f9b1592b2b4d31c16d4ce4184b6806a0a65c5af346cf791f47984e38c8d10,train
train/leaf_scald/leaf_scald (301).jpg,leaf_scald,4,train,5bca22a6f0560b7d3bd13728b735f6bc6d64acdd5c8423d91f5de3a5025f08f0,e7e398ac5ceb6c9274edd7e02dd6ac53fa30ee5e45283ae9fea784c30ce3fc96,train
train/leaf_scald/leaf_scald (303).jpg,leaf_scald,4,train,c7e12e738b1de1cffd6e58bce132c36f2932450c538e51ee27ec4094b5f498cd,fb3c76e0d566f9809a02303763368a0d227997c5775ed4d5ef49c76ac937ed4d,train
train/leaf_scald/leaf_scald (305).jpg,leaf_scald,4,train,7ebdc29f784ab75b1914a09ef34e4efcaafe7f3f3e7ec1d5a5d3aa204ff05b3a,df112e09568bbc55447af1293f91ec001a5f53769777bbd26312be083f6c497a,train
train/leaf_scald/leaf_scald (306).jpg,leaf_scald,4,train,10e66a5661912ef701103112dfd7f6b54c025312bab68c1b816089a83ee9f41b,48c47f80c4758ea1a6a4e696f28f3f79b12f226694f49aebecae7a9273e33194,train
train/leaf_scald/leaf_scald (311).jpg,leaf_scald,4,train,e34eb74a0dd41fc0f7b88c919c84883a57d0ae78e943672eef46ea2393891506,c76fa046daaab045dfb90a7f812d45b716dd729eb89ed2c83e2db5bea1345f94,train
train/leaf_scald/leaf_scald (312).jpg,leaf_scald,4,train,df2522333906713fed4205ce62a8a796748ad23b4e19414a3a4ddcfe77559e1a,f72a532105517f01c32252253d634e582e964467fc54243902a4cf101c70aef7,train
train/leaf_scald/leaf_scald (314).jpg,leaf_scald,4,train,363a9e3748a55f5fd05ac601d46dd9288ecee96200aa7deadb01b39a1b72dc4d,6988248c5b41b1988d912f2d0019eed1ad956bda1836d09f022d560d4cdc371e,train
train/leaf_scald/leaf_scald (315).jpg,leaf_scald,4,train,c56a89e8e76846be53089ddbf1661d60679254c8a7bd6d0b002f2c8530c8fc3d,098240a5eced8b434185c42a42c019ed87b6f036e910cc63fc511a6a356ecfb5,train
train/leaf_scald/leaf_scald (317).jpg,leaf_scald,4,train,d46c35f83d91fc10a3bb2f0b8960d4aaac40918be098d9cdfc56e88a35687ece,92d9b6b480cb67aaa12ccdc69ff19aef645b0906010af016f41627dddcaab8a8,train
train/leaf_scald/leaf_scald (318).jpg,leaf_scald,4,train,e48a03b134155da7959ac6f8ca32e18010247219d0b1a184c594916c761ab8ee,fec85c8099b69b64c8e06124c50589fbe2352647688900d6494a29b581a9d4c9,train
train/leaf_scald/leaf_scald (319).jpg,leaf_scald,4,train,35f7faaea85fb40269fd4fc86e2230aea92538cffaf92d4e0be18f666f060b5b,bd13619eb8955e1cfa9fd045cc4256121e320ac8d3fceee2a734b88158ec557c,train
train/leaf_scald/leaf_scald (32).jpg,leaf_scald,4,train,6ac001ed17cbd9801227e6db9c51ba9e68b088c4dda0451c3efd972c6a91bca0,9cbb05a8a6a45d581964e33ad312b40a2984c5c7007eca50b876ee9d05198392,train
train/leaf_scald/leaf_scald (320).jpg,leaf_scald,4,train,885eeb9785568f07801ec5471446113b0c3f88091ae4f9c4420ea89a5d66dbb9,134dc17b74e530dc2bc5d81702513f698e2fb158f9145ea60a9d1bf2516f5b36,train
train/leaf_scald/leaf_scald (321).jpg,leaf_scald,4,train,b1103ee797060d6aa7dfb778be9fd7d3e8943e8e3895522024c0368843de0849,830e92bbe89cf7cd499d21e2a98d794442236477eacd1c377b2ce5fa6ed0e56f,train
train/leaf_scald/leaf_scald (323).jpg,leaf_scald,4,train,f5e60002d402f53546b5eb2bcbb1c7f8c30cb7416f6106542338bf6b860a6df5,a5335d22063ac15d3a489535020edc53f6b57b70b5f6dcffa679fc4e9ce7dcea,train
train/leaf_scald/leaf_scald (324).jpg,leaf_scald,4,train,6cbfe4fc3d16ac5ea203aab363ab70f2415b050d4bacc18b1248e6100e9be2b1,ad4d316b630f656f05bceb59df54efcc0547ba268bf5471fc1a4e5279b26fb47,train
train/leaf_scald/leaf_scald (330).jpg,leaf_scald,4,train,aeac55a618da52cf000d238de1dea0b295955085c35fdd13ed67cdc35d2ab0ca,c960a83845a071e9f6d591f58e5d7ce0c4839247fb15fbc48fe424b53fb9fc6f,train
train/leaf_scald/leaf_scald (331).jpg,leaf_scald,4,train,83eb2b40eb6c1f8c08f94fabdf2e1f6dea6e92c476632187551eb9370fc18b9d,9f914fe9ff124c3aae2a22cc7c1162f37af7e4cf68ddea02e906fdc01d5e43a3,train
train/leaf_scald/leaf_scald (332).jpg,leaf_scald,4,train,e3574bf1e95c7bd39608f238cd6068e6e076b4c15c6b65f0859190dd2d511132,8af007f9b3f62208eecde38e403f365a38be30dea7f8331bcdee0842a9c95219,train
train/leaf_scald/leaf_scald (334).jpg,leaf_scald,4,train,8ff70da13372ad7dbeee7a3c9a8853ce374413216f77511364bc1d70f7195316,e6e1196ab9b44d2c05f549a06230e7b10822204a5486e5bdbd404e33e6cdb3a2,train
train/leaf_scald/leaf_scald (335).jpg,leaf_scald,4,train,dd2e77cd10157f13b9146bf04f174d70795711f35c6eb0577ac90026f79fd617,b8640a0edde7c8cbc3c2a336627f877648a33e4fc52ede2b8cbfb9463d8bcfd9,train
train/leaf_scald/leaf_scald (336).jpg,leaf_scald,4,train,7394543d0677ba2e39eb97d668b04b9cafb0b8a16cd15b8a07946f345c3ef526,bb4aa9d50ec4d505f0a11fe2e0245d771e94515dfb9c763bd63d1b00e1418fd0,train
train/leaf_scald/leaf_scald (337).jpg,leaf_scald,4,train,6762172f2989e8da5ce71e1f35e16b3709a9db828a1fce843c0a18d1323009e3,0e02124c029baeea4cffdc67f8422f628b3df5f35918dfac5a7a4a406356382a,train
train/leaf_scald/leaf_scald (338).jpg,leaf_scald,4,train,42c7707a95c507d4ce1109e3ad2a1f4090894dcaf9bc50e807e5252c336b9038,ab439df793b37db241dc074555b9e18c9c4aa0ab059a0f223ce187d40e25337a,train
train/leaf_scald/leaf_scald (34).jpg,leaf_scald,4,train,34fbae09e16a88fe46a3397759512326967889695ba8c02e84c54d18641d5917,bca8fae249080abae2797e24f6412f03fbd06a41bd2d538b82f59451d734a548,train
train/leaf_scald/leaf_scald (340).jpg,leaf_scald,4,train,8706b3bb3a7e54b4e3ca9a1c6d80a8e748398f2d96ee6e200c3b14d6aafe7dbe,5a9d7c4d1409f87b71229d453d266b82243d7e72b23b9ebcb6f36a886fce5fcb,train
train/leaf_scald/leaf_scald (341).jpg,leaf_scald,4,train,4387f773e6762bbffd50036c2a10062b7d58b64bd1be88ab5a808b683f892a9d,20211be3ee8cd3d484759a8da419bbc75e0a1b45c434843680370909ac7a3c72,train
train/leaf_scald/leaf_scald (342).jpg,leaf_scald,4,train,c249f4f91326cf672d536d62d1bb18259776d7d5baf83b071ebc3029ac4073ad,f2a1730138c86a19bbea88008cb7209989bc1846736745ba728307c09e92cbc1,train
train/leaf_scald/leaf_scald (345).jpg,leaf_scald,4,train,174c87f6b87a36e524d3407dcb601e2d19b55469f047e056022b17b9e352290e,e016950db866e3ff5cfd7977bc42c5bba725ab5f7bd413af2109ba7d8b738708,train
train/leaf_scald/leaf_scald (347).jpg,leaf_scald,4,train,ec4002317570e592ef8dc2fd3380964928278829679641fbea9b4b51cb181850,f0384521272d16f219bdc664001c9574cc89fdf42987ffb1be4cce2ee13ca564,train
train/leaf_scald/leaf_scald (349).jpg,leaf_scald,4,train,14089e92c8c80dcb9da788643af26bd2936378e452814b904f66aff3bffa91e4,118442519990f44330760cd15d75fef3c39c682b800845bc5dba5f7da50f1d55,train
train/leaf_scald/leaf_scald (36).jpg,leaf_scald,4,train,a394434f04c7b08eb8fe010239d58f8b80985f7801885dda3ef737644121b122,ba36921c4a82d566867b9a1cc2e43c70757758c655efe75dcb07c6aa09c9fef0,train
train/leaf_scald/leaf_scald (38).jpg,leaf_scald,4,train,86f33122cb1d5c556990cef05d2d9e16910b36cb7020e0ebbdbb9702e367a12a,e1e1991c3b9fe11898d119658e0b2e13f0524c9328ba12c51a2933db17b03b4f,train
train/leaf_scald/leaf_scald (41).jpg,leaf_scald,4,train,eef8e093e6cb9596f1478bf05a292ff6cb8f37411fdf5894c8cbaaec8bf8d8f8,c4a5cb8798461cc641c76282fae2345037b50a95f1c42994ffa099df2e39a614,train
train/leaf_scald/leaf_scald (42).jpg,leaf_scald,4,train,5bdf6e9259e768c1a38b4930cf92c8258672e3c5969d2df92ac368579a7d4634,83961d78758b251ccfc79dbe15806fc455aa3bd4157cee8d115f2b999595c879,train
train/leaf_scald/leaf_scald (44).jpg,leaf_scald,4,train,9523acfb05a3e8f00fd10065ba6059901a6c50a3a587866dacc7fbd82d9775d1,0eb58a213cd303d612fd159f6f87e699a90a76c6842bca5c30cb034749e3621a,train
train/leaf_scald/leaf_scald (46).jpg,leaf_scald,4,train,33391d46cb5ede517c26a766218ad8ed672aac7402de98fbcaf4ef6fe8d495d3,21612071d85bf0f274ca5b4061389711960affa0ffc51491d480d8f73eeefb43,train
train/leaf_scald/leaf_scald (48).jpg,leaf_scald,4,train,f5fbaa8eba28a36aac474216a16bd16048f3a98260850c630ef10aced1a5a3e3,88ec2ea7739a3c9d8618189f4cc378a9ef082e6b225aabb59f598a75b1aa7b1e,train
train/leaf_scald/leaf_scald (51).jpg,leaf_scald,4,train,903fbb99455cf439a9ee4e665918922ea0f9c71e5d44bfbc8f04afea132de36f,0d54240c5370c5e3cfd9336922c7bc8fe914c7cfff445e988b0dc3b1f177cb38,train
train/leaf_scald/leaf_scald (54).jpg,leaf_scald,4,train,af9ce3d838b9ac54161223697d7abac8a39b57f4a9ec76eda819b5a23b4e47d0,777397ee4a5adff688621bdbb0b31cad437b5a36f89b7fcac7cc0ab2efde6d94,train
train/leaf_scald/leaf_scald (57).jpg,leaf_scald,4,train,cb3cc6dcada238780797d643176b4dbd086f707a5540f7ac1d785221e4383161,0b46b9b58656062baad8d55359bb2e70912e4450c91a036f77a0605d7773a8f8,train
train/leaf_scald/leaf_scald (6).jpg,leaf_scald,4,train,81cf4237da2854a9be2a219c41fc5ef54404c8c0d84774134a2f50f44476ea4c,7e3891aa8a3240fc53df3458935c37e303b6ce7ce9dca68010f24dccbdbb404e,train
train/leaf_scald/leaf_scald (60).jpg,leaf_scald,4,train,3d16763cbdc9317fd2dd3a44a7fca3817ba26761663351731b3ca5b5736b094c,4c87cbef9553ee58a4d64d1620081351794d6075b76911159e5d9ae225109464,train
train/leaf_scald/leaf_scald (62).jpg,leaf_scald,4,train,793f51a5caa0948c781ba0c373c0d82657940a4be8ee9e576fd854af9fd690ab,ce8dd880c8740a1433533cf5e4b577e8cc5d5aa5f1f46d26d3e23fb57e8385c2,train
train/leaf_scald/leaf_scald (63).jpg,leaf_scald,4,train,71f9caa48956eaa802e4a980b4509546af5185fdc84ab5717f87e77969fbe0fc,6f69fbf8d26efda3aecbb018cb369293bbbe7110804be7ecfab6ccde3c9d48d9,train
train/leaf_scald/leaf_scald (64).jpg,leaf_scald,4,train,93f4097ccd6689f73a1320b5f6c4bdf21a6664aca07e90c7c5077d6ce023989d,3f9892513e34f74d4e909eba79cb6aacf669f795445e6269083293cd1eda0fd6,train
train/leaf_scald/leaf_scald (65).jpg,leaf_scald,4,train,b5e4d71014d6c01bbd9c1d79422fa27ed58845a4f569d83091a5390e6ac8bca5,9dc0c106d720599cba972721e8ec18c005db1f983f7a67b5e4c1c5f7eefad7e0,train
train/leaf_scald/leaf_scald (66).jpg,leaf_scald,4,train,6efc6ce115f3e213c7761d7a67db19659d7368119582b8128b7bdcdd47d8946c,9432be44aaabb30bf029ab46d42b22da40d42c754a2585b94a565bb967bc938f,train
train/leaf_scald/leaf_scald (67).jpg,leaf_scald,4,train,820f070e922d3455d5c49403b2f66a728b5e880d0878d1f88ee6d5befb7cd7c5,358f63c286a3d46088d610c1e21f9ef2690dadaba126fd2d63febdc84006d045,train
train/leaf_scald/leaf_scald (69).jpg,leaf_scald,4,train,b30bd32008c1c9c5c654320f6da8989246af4178a9050ac49803aeae46ba5e02,42b04a14f00ba13219e3b8d93f8fad84aa1c90428943ef6c0da99f618d6c3963,train
train/leaf_scald/leaf_scald (7).jpg,leaf_scald,4,train,4622caa1852ddefaf7e79a88f72e5c86d0764a5f4659f30911fc2081fa889f7d,faf4960c917001be4835ca3b82beb7acee48ac36ab615a14f6713f773c3d5a28,train
train/leaf_scald/leaf_scald (75).jpg,leaf_scald,4,train,c3841428875eb07d4bd49b6cb0f874ec9c81f225282cd01c2a2237aba5544a1a,f5c5e0e90a364137a8572c1c654ba198f2fd185ee59895c9a829b733b48928b5,train
train/leaf_scald/leaf_scald (78).jpg,leaf_scald,4,train,b69dfdd2f4a9c85a7778e78b85f2b76944559cd47e9e7fdd181ed64d7b0751f3,c8d4e1a44494c291012fe9197aab941e35e3b5a18a7b090e1367c3f7d8f47e58,train
train/leaf_scald/leaf_scald (8).jpg,leaf_scald,4,train,028e09ab389d8c89b22fd048c7faf8718a0fe258361db9ced0fd76a4a2530fc7,772a53eed1a9c55cb310bd96eae239d76ea84d523f91ccc592af47fd5d1e97d4,train
train/leaf_scald/leaf_scald (82).jpg,leaf_scald,4,train,db970fc6ec58d007a2a5d235a40bdfdcdfed9fb57a21c9b97f0ac91dee6624f5,cd4f7abf4210d5c7615befe2b3b4bdc3374954c7a667c1ca25c89c4aa3223989,train
train/leaf_scald/leaf_scald (83).jpg,leaf_scald,4,train,c1a23f2ddcf1503fbc075f304766e69538546fda7c2634cd4888b9888465eea8,5115666e50c8b9ca13ac3e92ba9cb89bf822f5fe1ff775be93a29fbbfc8c7def,train
train/leaf_scald/leaf_scald (85).jpg,leaf_scald,4,train,17f7cd4ec29002d8016f384c843d147825a0055ac9e23f7151bdabf23f74ce88,bc2436ee815a32da8513483254f0d7358db2f4013b976f110df0f9992c402ede,train
train/leaf_scald/leaf_scald (86).jpg,leaf_scald,4,train,ec05f260717e6d199a69d020291a775274822190b022dcb78d3a8311edc95b4b,9cf13420932e8e403ab06787a702d161f0c7b249fcb6bd3810d9963392fc75de,train
train/leaf_scald/leaf_scald (89).jpg,leaf_scald,4,train,0f9817271ad774ea2f21cb03d0420d9cdc06136f39c4c55f07f430b12254c352,99cd1bb2d25bb1d64e1d6ac6719a42ac725d410031d0be58f56cf81188a75bb6,train
train/leaf_scald/leaf_scald (9).jpg,leaf_scald,4,train,72d8459b1d5d018ecec935e19e3c4e7042267f8c51a5d52863a996ab26f6e19d,18286cb77e0fa588109c8b4a39a70395fe76fa8c274675a1cdf00d06bb1cac30,train
train/leaf_scald/leaf_scald (90).jpg,leaf_scald,4,train,d6f642bae040a2d9013a833b04ffe99a0aee3f90224a3d07c9403cbf8151a0db,bc462c11844e288da6fbe14329af8a7d74a4c58cd1b519c4bbd54159674954bd,train
train/leaf_scald/leaf_scald (92).jpg,leaf_scald,4,train,69c5e837cac23f0f3f6ea25106e50bab230a5c35c1c39ac093d555f93e7e606b,b385cd01c85ca114956efe7993fbfb78c840783250f0237a9f3d7db22d99aff8,train
train/leaf_scald/leaf_scald (93).jpg,leaf_scald,4,train,27f34bbd8f20837aa360ff284748fce7083dfb6ba61325c7b45ac2b03a424dfa,d42cecd9be8680bf596ff9c13662fa4e8aeaac981b20f8bf7da6066c59398662,train
train/leaf_scald/leaf_scald (94).jpg,leaf_scald,4,train,5cb9fa4a4555b7be116a6f8c890b6bf25ccbe1c8d2d2acc119aa6a0032045754,a618278325d72dfb412ae8fe588a52a6e50d2ef8d3faaf0df6d2b76fcd0fe219,train
train/leaf_scald/leaf_scald (95).jpg,leaf_scald,4,train,1f66ed2c45091c32d53b914d231599300e37647f4c011b7e5fce313817173df7,ec8078dc28fbd35be8e6538963799d4e3d96924dd8cf7280238e4f58fcb285ab,train
train/leaf_scald/leaf_scald (97).jpg,leaf_scald,4,train,8fa61e18a011fdba03c2b573d2ecc295381e7712cc69df21291c7459d19a8010,baab041a36819bc90b1b76ab7cc39790ade28da5be85041981d77fb234a3ad60,train
train/leaf_scald/leaf_scald (99).jpg,leaf_scald,4,train,61b10defb6c36bd28d74ba3b4553561bcb0e7c30e5aaddffd0a8b208bfc7e836,7a2b4aca25a0ef9ef521745e19735b3ff6f6e03a2514ada17275e2392794a56e,train
train/narrow_brown_spot/narrow_brown (1).jpg,narrow_brown_spot,5,train,bd762792cc87638fdb924184770074a21a50d5b76aa3eebcd02000bac502c9f4,b77880d282941a0b7cd57b722f5abe3492e88f51e88178bc4e5e9d29e1f19093,train
train/narrow_brown_spot/narrow_brown (100).jpg,narrow_brown_spot,5,train,d6e1ff9673e50a69301975a55301f1ee78325a9f5dd3a94b6fe050985f7126d2,aa6da11b9d5c8486845eb8582393e0d94ab8608dc8dc63facc5abfdcd77b05ca,train
train/narrow_brown_spot/narrow_brown (101).jpg,narrow_brown_spot,5,train,a58db9c9ba0b9792e5285b84eb24bf4462b5c2187486bd33f1db3a8f842bf9c9,a0ff8c7044a34cef8dc6a49e5320d4d39c2aceed60e8fada50431c2316397e56,train
train/narrow_brown_spot/narrow_brown (103).jpg,narrow_brown_spot,5,train,5662c97c65204e9e8a5a1b5b9b9b205a8ac6d02ba976d4db8ef4ad6f5d17a436,e7032cbd50814d005d57f7a37fba6283af9e2a2dcfe68af838771bc5800e3d54,train
train/narrow_brown_spot/narrow_brown (107).jpg,narrow_brown_spot,5,train,a60824370ba9ae9e8440abbe6d3cc9c7f36812c5de97230ceb3bab49e3fff580,f6d9018cfae97269d623ecbf2c952833f449a5baa0804a5619d664dc0db3b4b8,train
train/narrow_brown_spot/narrow_brown (108).jpg,narrow_brown_spot,5,train,7dd4e0ba61d3f63b8e0814fb5d474c1b4cb11b1d09b53e3aeeff357e87cb6d17,8cc617834e01e4360efa03e18b034281afd9c9a3b6825ad27d972dd90c188cb0,train
train/narrow_brown_spot/narrow_brown (11).jpg,narrow_brown_spot,5,train,bc2d1d1a0b291f95fa19a5c61e34e341e3b5ab84afc77fe9c30c57c41c097c47,233cf79feb4c25e1ae1c6ca3e2e6b72ea57fb2668b8fc42c20f41bae92d7aaf4,train
train/narrow_brown_spot/narrow_brown (113).jpg,narrow_brown_spot,5,train,d25fdadcd2e8b93106b6e8a66dd86fbafcb74c2b0c7c188176cb0323bfebf95d,9ed9df4eb935fcea40649809a9727699c8a81c301a6ddee875dd9cf5516d17a0,train
train/narrow_brown_spot/narrow_brown (115).jpg,narrow_brown_spot,5,train,63e02a9a186899ce97884db2a0a8507101b4adec037330ff8bd6f346cfd177aa,e857593264f0de4cc22bca6e5c056920d9fb5ed5c482fefcec1f10462c08e7dd,train
train/narrow_brown_spot/narrow_brown (116).jpg,narrow_brown_spot,5,train,3c57791cdca13f6b681b7539ca89f63b47f41b85472d5dd06388c59ef15f7115,d5ccd2a4477fd92e413730953845372ec7162ff5adbc5a271800e8dd4b72ad76,train
train/narrow_brown_spot/narrow_brown (117).jpg,narrow_brown_spot,5,train,5821947d0c097231fe717f8492f102a9005e11af81e16cdd4fc164322a74a928,6807d98128527ed9b7be15608c42491bd926700323dc24550cbc78aecb30fe66,train
train/narrow_brown_spot/narrow_brown (119).jpg,narrow_brown_spot,5,train,fcc71b572b989f6c3ba9f84ddbc718a8521987bcb23677367645f6c9c599356e,fb5f324229193a50435347710ff06ee6ae7ad7b9fbe0384ed9cb78e3e1af9984,train
train/narrow_brown_spot/narrow_brown (12).jpg,narrow_brown_spot,5,train,307c6c180b019db400abef345f37dfc300d1b6b7eb1f76de8213e65635b54a32,ea18185c46996dd1d7407d38c8a3afce4fe0e5e850b68ce42e783b88b95f6e4a,train
train/narrow_brown_spot/narrow_brown (120).jpg,narrow_brown_spot,5,train,ea1ba206df840b3879ca16c84b484ec98bd82756ea0e2351b00699e622743c9f,53775c4befe047ccf5b1bf67ed8d45326971d860639694f3003e0a6e078bd8e7,train
train/narrow_brown_spot/narrow_brown (122).jpg,narrow_brown_spot,5,train,c99ca4293fabca0ead8e4f5490586074b258ab84ee262924f30c9034e90d7b90,ca582ce8e6085702d391b55c65afb99523698d4d1aba50943073692f510a4c07,train
train/narrow_brown_spot/narrow_brown (13).jpg,narrow_brown_spot,5,train,b7c9908544dbd0af439c390d3249af225438fd862a02c3dfa8ba6fbd1208ee9a,386af8dde8066d00da9c768cff89d3969711ba8b65de6cd504d9bea00db85d23,train
train/narrow_brown_spot/narrow_brown (131).jpg,narrow_brown_spot,5,train,edbd4bfaaf7abc2312e312f18d4539ecc134c90b095dd077dbd23b15119bd01b,14d0651034500f46988e7e99ecbd9484bdbfe1b1a2c1987f20f8e6af9a15a6d0,train
train/narrow_brown_spot/narrow_brown (132).jpg,narrow_brown_spot,5,train,8229011b3427f882b3ffcbaacccd22d22d584dcad69acc1664d547f8912fff24,8a59ebaea9188adcd9afa365a1ca60ee1244d6e24eddcfe48ed91517fa2aa438,train
train/narrow_brown_spot/narrow_brown (133).jpg,narrow_brown_spot,5,train,787758baf8c32e34fec5b5b165ee753e6a636fdf08247104b2b3f75a5fe8731b,4f33ef3582e54b8aca884c9fb3335112130cd9874982ccfe80215b396df16dc2,train
train/narrow_brown_spot/narrow_brown (134).jpg,narrow_brown_spot,5,train,a89d021fd999ed959b8142286cd9d0fc97d6652054a3c0b2a60ef01ba9afed45,a4eea38d0d20d3634e80a2bd46f50620e867338f810d1cdf1939e40d75490f4b,train
train/narrow_brown_spot/narrow_brown (135).jpg,narrow_brown_spot,5,train,5f70c4e3a7199af5f36496398a9543da93a04428d09eb0b937e0f15b66af5dce,fe1a79c779b1b4ec6f35a82af663e5090c89a6ddce69aae84b63e6caeed9bef7,train
train/narrow_brown_spot/narrow_brown (136).jpg,narrow_brown_spot,5,train,ffc615cdadcf0af8bbe81d392d3cefdd2525e3e24ae46039201013a948c0ad68,a23a3b2a2257e809388d66dd54252dd3386224e19bb82f9f1c88f43d8304aefb,train
train/narrow_brown_spot/narrow_brown (138).jpg,narrow_brown_spot,5,train,bfd854a786c0690de3e3195b34a6e0e51d393f1e420313401e9783ec4f25c2b0,1c7ec5eb3ff90b4df7d63007a9eca11365e6c3bb2fb2a7cc0a8e757c16b51e37,train
train/narrow_brown_spot/narrow_brown (14).jpg,narrow_brown_spot,5,train,bcdb960b370e72af437968076d98e88a28c43a0f699551eb53b4bb0d60210c27,9996b4046432649e8a29bb324baeb4de5d471d76e9cc09832f59abc6f3e1ae44,train
train/narrow_brown_spot/narrow_brown (140).jpg,narrow_brown_spot,5,train,a6175041598d1312374bd338b0cc8be4f7abce9f4fce8817823109c53bbc83af,db743cae64ebbec925bd3780e0fe705bbfb7bf9ef52a8b7e2cec87a632745c70,train
train/narrow_brown_spot/narrow_brown (142).jpg,narrow_brown_spot,5,train,3b92a0fb4a556859d1bccfe1672baa400acfde75ecd7154c6ae2f5bf9b2ac1df,36f3c459c557fe4e2c5e390a4868bf8100bf028639323d85a6b7804d64c642f0,train
train/narrow_brown_spot/narrow_brown (143).jpg,narrow_brown_spot,5,train,364fbf027db1cc0f41a375e097f1e8d90a5bbabb65a8c8d8c20b5c75c5d108d3,86a27e642ff68ca3185a3facb3a4c3f13524767e9d7083087c05010a55e1ea2f,train
train/narrow_brown_spot/narrow_brown (144).jpg,narrow_brown_spot,5,train,92bac9a3450d97c643614b46b0a8071c0c0ad4109e65f83d046b3dae4203e876,382140735ab869b922c9c7a3179022bb55a3ccedacb0d8ba0c92e1a751bf87f0,train
train/narrow_brown_spot/narrow_brown (146).jpg,narrow_brown_spot,5,train,7589c4fb30781219d7eb6025d2f53d9afd462b278d89f855b5c026737138a40e,f2b53d3db88b9b91392f838ef96494b05ae91507d6a423687492edeb6d819724,train
train/narrow_brown_spot/narrow_brown (149).jpg,narrow_brown_spot,5,train,217f3e57ee7ecbe803295aa00f61fd2bcb9a29aca7b00c8995b8044c4fdccced,b10760eb3097f54eb2bb10e8bb2f50ee1c6b7bb9d1e1a3862433b85511197867,train
train/narrow_brown_spot/narrow_brown (15).jpg,narrow_brown_spot,5,train,54fd5f8065001da698a21858d14c6a507b6b6fb23aaa49c67e6b7fa69acb2c89,5fda54b3c3b4afc5cae7754edf450d3635968c84d629eb5907b57712325a1b94,train
train/narrow_brown_spot/narrow_brown (150).jpg,narrow_brown_spot,5,train,0fe4c44e164c17eb40f854b6a40977252f802cb159750db93b00d798e7c46626,dd77c556af3d029396501817fb8b3de8d475dbf3e5a4aa493e60288235072be4,train
train/narrow_brown_spot/narrow_brown (151).jpg,narrow_brown_spot,5,train,05ee545a5f2da6a5a4a78dc91e75250cfecb5e1aabca2ffbcf8a4e172f9aa993,a3d35e06504ba2780646d82edfcddabc6a4af33cc91f62538f6388879d726cdf,train
train/narrow_brown_spot/narrow_brown (152).jpg,narrow_brown_spot,5,train,8adb4954b7d0c656ee58925e80e75fc88e5b6b417974e78fb55173b1d3eac13d,53c7375aad43d213dc2b12ed3d862c58b97b3370822477a4323df925e8a9d629,train
train/narrow_brown_spot/narrow_brown (154).jpg,narrow_brown_spot,5,train,5df645ae67ba6a27086d369c8eeca2e800acb26960b5bfc249ac41419aae97ab,2e9b64592cea1b45de40deed6c89db3ab3773072e9a5b8f687266f669a49621c,train
train/narrow_brown_spot/narrow_brown (155).jpg,narrow_brown_spot,5,train,a93b102ea8558c9c703c7bb7cfa19553ba61abe7cc7bd3f7ec69281861863c70,7f815d454fea0e1fc10a256a8b69df553d9b270588bad0bde0c29a38a96c54ff,train
train/narrow_brown_spot/narrow_brown (156).jpg,narrow_brown_spot,5,train,9b198196c0e7f264e765dbce655825cde06c671057a1db7a87833fceb7698ebc,65e80660692bad3e22883465eb655eb7f11dfa3338c5876111681dbee87b0bdb,train
train/narrow_brown_spot/narrow_brown (159).jpg,narrow_brown_spot,5,train,101b518c2cd8f977f2e9b6daaca373d2a43dcdcac19613331b8392b5eb56fd0c,0e47fd9286c154b4efb1aa1249b9db12ecc244238187edfb2eaf771ba5d51553,train
train/narrow_brown_spot/narrow_brown (16).jpg,narrow_brown_spot,5,train,ad4a06a4bb9a7eed025835648c429abe299d36fb1fe627e69c9bcda6d6926ec1,37af32906f29aa97527e5084119b570ec357d16bab33c8bdd178b726794e3d44,train
train/narrow_brown_spot/narrow_brown (160).jpg,narrow_brown_spot,5,train,e6f5f84ac10be978de31d40f01487443643e7c05e65bb1822dad43b8b7b36e8a,38372a51cb3e44fd94cd2471d12a013831cbb6dbe8763c9f619996bbf27f1de0,train
train/narrow_brown_spot/narrow_brown (162).jpg,narrow_brown_spot,5,train,d49c631cbe5c433a75fa11097669955bef5a635a0383dbc95f432fa61f7f4d6d,8ba9e3761912d62a70efaf868de0c43d6b4579fd34b03b5fbb46c10fc24faae9,train
train/narrow_brown_spot/narrow_brown (163).jpg,narrow_brown_spot,5,train,6cc21e9583792b9dd542d195c08dacaaa54ca06f4004057b327c7c4a17d9f3ca,ad27883a717c33d3b5754f6502d7fd58aeb181761e43d5529189fa36bec3ac04,train
train/narrow_brown_spot/narrow_brown (169).jpg,narrow_brown_spot,5,train,e29a8d9580f08a4d4485afaea01211d6dcd586c906beceb7ceec1df43b39d4e3,2576aba3e62bad1ff6eb1e095bbca1bf516dc518311c50c11e4d9b87f61c32a0,train
train/narrow_brown_spot/narrow_brown (17).jpg,narrow_brown_spot,5,train,12782dd0e06bb268c766dca66a59e16a6c657ff74e79679c5e54dd945823c27c,37bc69353d76c071de0e22e86189c7259248093cca58279e8906592cdf65b24b,train
train/narrow_brown_spot/narrow_brown (170).jpg,narrow_brown_spot,5,train,31835c7666391358d7f7981ef2768d74b4480a3d691b93005cfb2ddef5c5b9ec,f0e2c919821f8569fde1f7aa3fab64149db6104e9d2267e9b3a4e1afd7b70d86,train
train/narrow_brown_spot/narrow_brown (171).jpg,narrow_brown_spot,5,train,893578371e0b77014650a07fb5f78d60f4d3d34473be1117e31ed84de1ba619d,1ca9f0d4902c0be88a5416782494a712932061a4c3d42ea747b29776c0725c95,train
train/narrow_brown_spot/narrow_brown (172).jpg,narrow_brown_spot,5,train,7093dd98a7a71bf2f95b70fb4690737aff36b271a9898ca0de7adf446e575362,3b4ad327bbef373a0efa0381da7f1d69db945947ea89d06360a4e8f5afe37220,train
train/narrow_brown_spot/narrow_brown (173).jpg,narrow_brown_spot,5,train,debd77b5ac46712447d767451954e951a68a1e93c80bf79fb082f358185f2893,e51a400d8480c8eb30dab585ee9537e6fd4b5ad9e58c36e0ef272371e6b1a676,train
train/narrow_brown_spot/narrow_brown (175).jpg,narrow_brown_spot,5,train,4dac8b9b6b0afdeb907ad352002aa3077a808d3f551782732a6e0cb61dfd4505,c38ff856ea81f945148b73e754673b8f6235c44de269d9852b870912c81be247,train
train/narrow_brown_spot/narrow_brown (176).jpg,narrow_brown_spot,5,train,c3cfb5390ee48a2fcd93b263494c7fae4ff805ff115731917e76af9e6b4e526a,f3b4210d2e52bf3f1e4d49a86b21c8383ab6cf00ba8c353161ef8767f7b1ff56,train
train/narrow_brown_spot/narrow_brown (177).jpg,narrow_brown_spot,5,train,b6bb0705ee7c927adf873b92adc51d7031ef26a55679f22356039acacc790515,8db223b994062cec43b5b5bf1fda91f82ca43685614049081347c0a74771eb2c,train
train/narrow_brown_spot/narrow_brown (178).jpg,narrow_brown_spot,5,train,a60b14ab57528fbd7f671dd859029f24a37084e071b6b5f6c82234a154f584c7,16049308850573fba8d0e63c423424f1d67b60fe985857ee17d0d39e69f700b1,train
train/narrow_brown_spot/narrow_brown (179).jpg,narrow_brown_spot,5,train,294343a5973994699aa45331e8a7af246cc71802deb5a416cfb8469d8cf746b0,b42efa1ec95633ce9c8145e4d552ad6e030f2af18795d94d5fc7734b9abf8d6a,train
train/narrow_brown_spot/narrow_brown (180).jpg,narrow_brown_spot,5,train,edc088be65e876f6d7f4c60e8a31da8e82178facbd53a2a91c7860e7cbcb87d1,85d7863c2c904c7896d1c377b62ef390307188aead0c4c2dae91eff8cb68321b,train
train/narrow_brown_spot/narrow_brown (182).jpg,narrow_brown_spot,5,train,05a3b35ee03933cdb511bbfad2a23287e749d85d87102478c14a9788f9dca649,6fed9f4d03405e0d50245f42ea60eb39ed735114d3281351554723922f2fb53e,train
train/narrow_brown_spot/narrow_brown (183).jpg,narrow_brown_spot,5,train,6886f3c51c332924d9d946b8258998e8ac2c6fba3a7a1f71bb4bff863f9272b4,8a2969192875957857b7d3c295ba71c9dcc6c2229babb9daddd24be53a303c94,train
train/narrow_brown_spot/narrow_brown (185).jpg,narrow_brown_spot,5,train,8a631239dfe902936114f065101ce67164d1f9fdb88f45ea61003c657f5a8e9d,c4476e513d78d778b3ce281f457f48ba77e2a21dd65f050a3b4325fce2ba32cd,train
train/narrow_brown_spot/narrow_brown (186).jpg,narrow_brown_spot,5,train,f0b53e7abac1f3a81ccf7545ccfc3193d67427ded1a2a0c660715c8138c56899,06c98c069ea34426237bcb2cd55c799df4fd7425bf819e203c86d97a8415833c,train
train/narrow_brown_spot/narrow_brown (187).jpg,narrow_brown_spot,5,train,ff78311c04504f1a2bc283ed52e5aec6ddf6bcad85b5d4519eb7fd31954905e4,14886eb329328488fe55116afd772f632e7932cb1bbf492166f26bbba11f3f32,train
train/narrow_brown_spot/narrow_brown (189).jpg,narrow_brown_spot,5,train,d10b68b3d4269f513d16782f7e9c732cc7f098573cd5d0d3044ab2bf4c5ec4a8,20164e86549f6eee2e784c96fff7554bd19cd9510f4ac3e47ae60f12feae5ba2,train
train/narrow_brown_spot/narrow_brown (190).jpg,narrow_brown_spot,5,train,b2a81e61a8804ae9b11b613a0285091c8223759af72943cb852d84841d6e941d,963d6f0d376387f7cbf3d2aeff17b586779acde393697b145a5ffcfec8b7ca91,train
train/narrow_brown_spot/narrow_brown (191).jpg,narrow_brown_spot,5,train,1c7cf7a07ab5a3ce32a08bbec106133d759eb768ee83e913b1f07fe6cff3a114,3e44c0ad2c92a273c4274382fdaef2dcea39202e25327a62a52ddb89ced270b0,train
train/narrow_brown_spot/narrow_brown (193).jpg,narrow_brown_spot,5,train,ef9c6001493297199704c77d8e04e2690f7c068a926bf72794459c35ce7fb86b,7852a2d0ae5c7d044488ccf03a209b8d3bd8f5a07f7085708271d421da966dcf,train
train/narrow_brown_spot/narrow_brown (194).jpg,narrow_brown_spot,5,train,a949b11f75dbced77f6ef141a02c3ab74c1cc1733fe3fa2cf3368db33c95e37b,35dec6bf7624c1881550fcd81411df5958f9bf905e54df7721cbc1139188b584,train
train/narrow_brown_spot/narrow_brown (195).jpg,narrow_brown_spot,5,train,ef5f744cb98db67b15bf6f18a622dd3a4e9796890006f8cd374a56b5800d6f9b,46cbe1a0efe912b6675646122e2dc06b241168a2a92e5076577739ebe70a6593,train
train/narrow_brown_spot/narrow_brown (197).jpg,narrow_brown_spot,5,train,fa954da349a27cdb842b0934fecc510b21795dea5a537c9ac6f1b7972128d9bc,6920dba84ea9d4f170e8c1cfc8c2b2050c2b1302e49265e6093d25c3d57c5e8a,train
train/narrow_brown_spot/narrow_brown (198).jpg,narrow_brown_spot,5,train,41ec6e1dd056437f1e375f2d7e6421d7ba37274be06cc63e20254340351aa684,14eba99d38ab752ba636f32ec2120f9e90ae9d227a72dd761e04e98282431ade,train
train/narrow_brown_spot/narrow_brown (20).jpg,narrow_brown_spot,5,train,f7497cca8b7e10c9c9524b2828540ec7e0cb5aa88c29c8d07d6957f4df5b5b51,a02bd8bbc82bc8350acc77e8d9ac7f0e018660ee7803e201a48650702379e021,train
train/narrow_brown_spot/narrow_brown (200).jpg,narrow_brown_spot,5,train,40c7a7834ffc27ef14b92bc1aa7554afec4ffbe6f636779ba12c9a6f90884679,474e40862293a743bfd01ad310e652a72fb349a068f9d7d2d66786ef7e780785,train
train/narrow_brown_spot/narrow_brown (202).jpg,narrow_brown_spot,5,train,297d50c98be4886c6408c817d38a5c78ef9075775020af6552662bb508cfdbff,13762d481c2088bcbf013dab56680c43ed671176689277d19ca0e90ac5b35ac3,train
train/narrow_brown_spot/narrow_brown (203).jpg,narrow_brown_spot,5,train,0f592ee74a467679c55a90dd1598047e75c120d396cbbce94df34acf989039a4,78ffa51de6fa5c6e8c57caada875f3b355d465b6f93218d0fa75f797380856b4,train
train/narrow_brown_spot/narrow_brown (204).jpg,narrow_brown_spot,5,train,9450916f1d14295e7e276f5891c22814a1d44c2ba54bfda0bff26edc3b68af63,f6d1d13c9878c69f40f01d875535bb49dc58fc2fbbd834506736fbdc14fae07f,train
train/narrow_brown_spot/narrow_brown (206).jpg,narrow_brown_spot,5,train,c6cacf9d241a15a3bf8e95998d28ce527cf1b635b5ecebf2d15b9572ee645fd9,b4013c07030cb3a5655c667fa7c2dfa8fa0a54121fd9c58f31ffe8d8ae32dadc,train
train/narrow_brown_spot/narrow_brown (207).jpg,narrow_brown_spot,5,train,b52cf81e5f55e1559fd6809ba3aa87b0992fd24883b1caae2ff4c86966886710,0821fb5adb1f37ed39c2f8f640389935882718ee47224be0309a2b58ef11784c,train
train/narrow_brown_spot/narrow_brown (208).jpg,narrow_brown_spot,5,train,fb8eea2764a0ba69e1434191d4259f7355000246436ee96df418759d0cb3fcbd,12538457cffd19adc1d5cc5059b12eaa478a68f71bd8566dbff1bde281b80759,train
train/narrow_brown_spot/narrow_brown (210).jpg,narrow_brown_spot,5,train,86a59aaf07eafc0c1a6e644dd167983cedd9cc87532c3e09da7851b21659cb86,5551ab90b66e20a6e5620325f803e86ec16fc5e7ac09291f3f32f11c61216253,train
train/narrow_brown_spot/narrow_brown (211).jpg,narrow_brown_spot,5,train,a988db52ae3b89879b2d71f55c7856b1753235637963d4e7d046aa5eec9460da,91b29389c83b10db4201b8d27012d17a55681f42d93e4f346f20858eeecff9aa,train
train/narrow_brown_spot/narrow_brown (212).jpg,narrow_brown_spot,5,train,ce7fd5b349e0d12225f831203b854e17047aba79158f57c69f8ab755ea7c8dcc,2668c3017b3ee732c16e7e9a891edc90c748f31dc1a51b6839fcc302c9d6fddd,train
train/narrow_brown_spot/narrow_brown (213).jpg,narrow_brown_spot,5,train,5cb1f8eff5d813c05d637b6ede427781dcb8920d29aad4e7756e0ee5dad3f959,685a6a23d825cd175bde0d380034dcd7e8d36dac51517da2b2b1b1d83825325c,train
train/narrow_brown_spot/narrow_brown (214).jpg,narrow_brown_spot,5,train,4a6ab48f06486cb8fa163a61b1d85b1e4a306ff7e3ab7afbcdc17e72a93ab053,7b10daf5bdde2a9d4e02d7641280363589699e0a2a24208c671d352c4e2384df,train
train/narrow_brown_spot/narrow_brown (215).jpg,narrow_brown_spot,5,train,1c9b1adb923b28cdebf56c9e978c227b4246bab877b9229a2aa8655369fb2f91,1f693f51a9016fb9f6f565ef78f6267b3c28f1f604f62ab8d3f4c1d2c1a599b2,train
train/narrow_brown_spot/narrow_brown (216).jpg,narrow_brown_spot,5,train,f723fb2119c2bdef90890ce983be8707b55c6b3665e42ae6e3286cd5b428adf3,3b854e245bd06d659687f6d149e1cb542b85db2c7c9c5aa4749a3f47f682e5a0,train
train/narrow_brown_spot/narrow_brown (217).jpg,narrow_brown_spot,5,train,a7d7c60eef3f9e244ce9d53475e661a98b2752aa5a5842a95a66daf61e66a095,805b98598b79bb66f54a1dd568e04a40d55ef2b4611be8091b2165dcad1e20b4,train
train/narrow_brown_spot/narrow_brown (218).jpg,narrow_brown_spot,5,train,de128b6c524ce6ff2cff07b4819a53f47ae09811c7d789369ded80646292e757,fd82ec582f6ee5519001d17e6b6dee0eb253010cc04095659ac79f725cbab8a9,train
train/narrow_brown_spot/narrow_brown (219).jpg,narrow_brown_spot,5,train,988d6900fb7d32d2500e3800242b07aaebcccec4d48a4fe314a2b1ad7d4f00e9,06143c30ccc449f72dee33af7d5b8c4cad388605e8abcd42c7c62dd0317fd84a,train
train/narrow_brown_spot/narrow_brown (22).jpg,narrow_brown_spot,5,train,4e441bfcb4cec4c656d0e934929743dab24e2ad2bc295163ead3882a93090b00,b5a63ed286ea96bd6146b955cb80ec8a9091658ba7876c2bf32c4fdf32a90c0f,train
train/narrow_brown_spot/narrow_brown (220).jpg,narrow_brown_spot,5,train,3e5368dbec0971c26dad651634d9ed6a017a203aa611518cae23f8d3978f4563,192ca608884a0b9cef1813108976122e24face87fa221021b48967f22300bb64,train
train/narrow_brown_spot/narrow_brown (221).jpg,narrow_brown_spot,5,train,7f9f7951a6f9e294f9f4ccb9760bbad10f3e8c23a05b939d6b16b293ef898eee,e6674ef4627b238b040fb0a7aba8dbfcab0715a2c525858332b64ffbd40300ec,train
train/narrow_brown_spot/narrow_brown (222).jpg,narrow_brown_spot,5,train,cc78b4a56b16377f7b0e97e53db8a9670bea89f46cef75f85804123730293f02,462b9dba47215d0adf3b29adcd8b1badafe242b2e4659c85a577c78d46bff488,train
train/narrow_brown_spot/narrow_brown (224).jpg,narrow_brown_spot,5,train,7cf8e19f945bb3ca7e3e96d12465247f46a34d58f51c7b85b0f86e6be4ce68cc,e1437f317965922512a0a2b801a0dcd33c84619b1da89914552b1ccc99507fab,train
train/narrow_brown_spot/narrow_brown (226).jpg,narrow_brown_spot,5,train,fb0873c4946089b4b29afd3f26df87c396e914e647990485f6244e0a449c1317,67382426c7e92602b8570a011688c652d39362b83bbcfd3156d7242498f5ee9b,train
train/narrow_brown_spot/narrow_brown (227).jpg,narrow_brown_spot,5,train,19f4eaad6683e6cdd985e09036f13064c4a44365fe0f8b80c377955e6a9f283d,8871a760aa73029c8407202004864c1bd1efa78a0ea022edbd27cb40cd99b752,train
train/narrow_brown_spot/narrow_brown (228).jpg,narrow_brown_spot,5,train,ce4c5a81505dbfadcc89c54c7956d98f2181ce0923f21ba474d6f640d96edf2e,2fbee3fd750fbdaf62813db440d847c7d580b240c3f478605e81b3becfd1d739,train
train/narrow_brown_spot/narrow_brown (229).jpg,narrow_brown_spot,5,train,aa1bb591175f6d3967fc92975cfe68ebac2cdaf85e8bd9bac9f96f62fa94fd85,f72355a2cd3b51184a0fb921468f53fb7ea5d2abca9e8fd13afa60cb26c5eaa7,train
train/narrow_brown_spot/narrow_brown (23).jpg,narrow_brown_spot,5,train,051c3df60a6dfeac7c1d48161b9ea0d8089e86b50379aff7612666b7a4ffe5b5,ccd57b5333b03ba12231a0326cc34f04b62977d0d273f8ef7e96bace3dff8948,train
train/narrow_brown_spot/narrow_brown (233).jpg,narrow_brown_spot,5,train,f3d4f3207d1cd92c86ae6b3d08c0117d415481ccbe529bca6256f2a1e7e455b8,610a5a5d4c52979ea33f000ff515d8bfafb21db541f575ae01c944ca79a9b4e4,train
train/narrow_brown_spot/narrow_brown (234).jpg,narrow_brown_spot,5,train,72a88423bcbda7e8faf555f4866f5a0acdc63e7fc841228faf27d387dee663a5,8172be51c64033238b8a9e2647b11e483a5aafe21975eda5a7a9d64deaca8fb5,train
train/narrow_brown_spot/narrow_brown (235).jpg,narrow_brown_spot,5,train,dab6fbcadd2b3f250780f20fd42ebdb03a4bd34e6092739f6713428ae22e3402,c9fb28eb027c5976fb18f622a93f75cb93f46b37d858081eef5e446aebb29276,train
train/narrow_brown_spot/narrow_brown (236).jpg,narrow_brown_spot,5,train,87c33af88d01893c0adcae3e4cb75a65c9e52c0b31bdaefb2184386b0a684b0b,7a7e7f3150ec02f0522811e7dec0b67b06bd4b2d41f7edd23708291aad3c6701,train
train/narrow_brown_spot/narrow_brown (24).jpg,narrow_brown_spot,5,train,800cc340595cb2d1303f9b38caaa5ce7a53213030d32068feaa1deb72adb990d,6e41a03f9499679616e09406f5a569c7780cf8888f8b151574454cef60a9b5b7,train
train/narrow_brown_spot/narrow_brown (240).jpg,narrow_brown_spot,5,train,fdda36e3223bda65a79eb31d71a0df4ba1f51d63f21bd9dac1a12cb7c7f0be8f,148cc674cd6a3a318e59e772677836c5e1bcbdf4febef5b79ac8c3c50b7a5a98,train
train/narrow_brown_spot/narrow_brown (242).jpg,narrow_brown_spot,5,train,9f86022e3bf4451009a64eb1cbd84b4d0b7d2a0ca4d8dbe2dbe8adb644ab312b,beb00fd5fb5131ff2210800f96f0e0bf455fa4bdfdcfb844cb6f74d5c3f80c51,train
train/narrow_brown_spot/narrow_brown (246).jpg,narrow_brown_spot,5,train,82241607c32a62b14bb4eba779e5aa236ed19a4b6a18cc6556cc277afe8f3225,29e06aa3b1b15993e9f7cab9f6133e5943660939f4c7f8b9c2e0dcd76e2c6717,train
train/narrow_brown_spot/narrow_brown (250).jpg,narrow_brown_spot,5,train,16f281964e138587c8edea73771d2ca967f437a1750f51c5adda64cc84d4ea05,421e633c999cecc7b278864994374f774515928d879e28d9357843a52493ebef,train
train/narrow_brown_spot/narrow_brown (252).jpg,narrow_brown_spot,5,train,231e31e1e88adc8ff185a49c67c8a66305a01b4316de14fd8a822746b9bb0767,91d6cfc901b2275d694cab13f62b3f7b09b790ce2e294a0ace64a47e1bb236cd,train
train/narrow_brown_spot/narrow_brown (253).jpg,narrow_brown_spot,5,train,2c5f78ae2954417dc733136d14a332dbc5173a0403ee065e8c7bac6a0a133daa,e0cbf2145692f527433f768b78e1c6b95f54705815ca6d5cd1d6e746b69c5ea4,train
train/narrow_brown_spot/narrow_brown (255).jpg,narrow_brown_spot,5,train,82605c4b0901118556db21bc535c394e1c74636a786ff56968fb89b94aeed4f6,354d34f34d82ca9a3b53615f07aa5d896c9924861095ecd1cc15559770531690,train
train/narrow_brown_spot/narrow_brown (258).jpg,narrow_brown_spot,5,train,a0eb18b5cc0304416e972b9f77d4fb928f2465409f70d2e945aab21cafc8d165,94d96de44cbbc6b2d3c6e6726fee39cf49465afdbbc2348dfcc3cc6354196031,train
train/narrow_brown_spot/narrow_brown (259).jpg,narrow_brown_spot,5,train,17ba7f555b46923a51d6c14c4c8fec5f1eb6bd44c1f11d399a634f5079bdc8db,29c4330527e5d7d24cf75fdee0226175e64af20344705fa36684c15b85e4b81c,train
train/narrow_brown_spot/narrow_brown (26).jpg,narrow_brown_spot,5,train,d83b1b68f76cf779de319527423278106500cff6012752b893d079684b37daa1,347a27cfb5c26eff8d126656cb30c7410169ebefc09d944fcd9d033f308ce3d6,train
train/narrow_brown_spot/narrow_brown (260).jpg,narrow_brown_spot,5,train,7e6d324a261e8d33208f720fb72aabe435cbd453a22c1a4aa817ad21931c05c7,0d14d19aa964dcb9e1779977166aa45b0e4b00da62b8a64ea7b689ea1e13d053,train
train/narrow_brown_spot/narrow_brown (263).jpg,narrow_brown_spot,5,train,1f226d602daec6b42ccb64335b54a6333888f3aed2ed2ecf128cbee938e6573a,93ca4a5c6975a1d4005af29dbed2f4577c2bdcd4e22960d60e8a36c03f18763c,train
train/narrow_brown_spot/narrow_brown (266).jpg,narrow_brown_spot,5,train,76d111171f2c68c9a4e8633f2e7b486353830993f27aa265cf2642e5778b7031,06518df5f2072d480b17b7722e5b67143fd354d520695742fa6a2074b863a07c,train
train/narrow_brown_spot/narrow_brown (269).jpg,narrow_brown_spot,5,train,56378b17b38dec53760a4ffd7720f431ffa9c87e09b2d58439ce882bf83ffe4b,c44b135eeae98e729068e0f50926dd771d678aa5fa25aea57432f8eeda6d7905,train
train/narrow_brown_spot/narrow_brown (27).jpg,narrow_brown_spot,5,train,e4c64fb52a0a396ef3fd066db16d361a7e77189d273ba4a78804657969749d2b,bc3313cf97d03595d66f99fc064477c886d9a0a774b6bcab573fef6026a32143,train
train/narrow_brown_spot/narrow_brown (273).jpg,narrow_brown_spot,5,train,bdaf5a42e2af8ac9303b80f1e88270bda1e65ab3bfc3d37beaed613f414c7f2b,c8d0e56c1f551d065ee5c197a22dd0c7424370eee3d1708042d0ad043f40794c,train
train/narrow_brown_spot/narrow_brown (275).jpg,narrow_brown_spot,5,train,efe79905d8b089d5054a468ce7d74153befeac7e36f4518799527f395c2131ae,25e09d740dc985b528954933821827ceb1ee93c59b6939a40e985981b483bbb0,train
train/narrow_brown_spot/narrow_brown (279).jpg,narrow_brown_spot,5,train,111e36a3be3345845b31c508be5abdc0bac730ed98df12cbf429f76b44e39de6,d47cbcf3ebd96eb7a048732db435f3313b91a860e0244ec56de5453e470ab23a,train
train/narrow_brown_spot/narrow_brown (28).jpg,narrow_brown_spot,5,train,1301049b64d62a5232b3d9e94a74d2a22cd07bb741647e69edf93cccc1ac988c,6e478fb433c991df2204d7bc1c26852658d2bfc7328f8d90a78da82fbdcfa7d9,train
train/narrow_brown_spot/narrow_brown (280).jpg,narrow_brown_spot,5,train,385863747bc4fcce7427faa2a32d2a1de535e4397b0402e1cbd813a374a27d41,48e2119d37baf7a8c3194beb1e9be8d4ff02fca69d758b1c00c0cae6b0cfdbef,train
train/narrow_brown_spot/narrow_brown (281).jpg,narrow_brown_spot,5,train,e5d5fc9c4cf399d119bcb78f9658b49cf1de06d7ea572c6bab44da65b98d7207,43efc4dbdda6489e494be2a7985ffbd3d1e5b17cf4468b6ce5a096c6ab9b3e0b,train
train/narrow_brown_spot/narrow_brown (282).jpg,narrow_brown_spot,5,train,955a46c0db58c9fe9a881aefdfac64ab3b08d71aeffd62e355c3d2ad1f515aa4,ba4345dda2d907ea903c4e9bbcc9b411d0f033c2f45c6750d7fc8a4ca1b4135a,train
train/narrow_brown_spot/narrow_brown (283).jpg,narrow_brown_spot,5,train,115bfbdb8fa257d783d4d493ad10d8579d8dcbfb392fba770ad6a5d51ad8e4db,aabd0ed99e9da90e9eab40c236fe350ca51fe82cc3b19d9d381a7e1890641d67,train
train/narrow_brown_spot/narrow_brown (284).jpg,narrow_brown_spot,5,train,1609ba237c889a3431ce144bd91a5acc393c2f93e4c22ca662e4ab9ee6e7e39d,1b11ec4638f5e38b89de6d066ba386ac8dd6573643cda42e5f79681e3376e0f6,train
train/narrow_brown_spot/narrow_brown (286).jpg,narrow_brown_spot,5,train,766b0b01348a12b360a8be0b654695aab0f5d5cff0d20f18f100cc6f611136b5,7a08b0b02d9080db410b1a9656101c81313a1a47b7bd9c73ea9b187eb1dab5f5,train
train/narrow_brown_spot/narrow_brown (287).jpg,narrow_brown_spot,5,train,b5ee585f07b47696eb1cc99de53938d6aa07e13a0b7432070c816e70e6d48034,e8ee3038e1769d02892fca4d18956149c7eb71e5cce41487d6ef1da0bca03bfc,train
train/narrow_brown_spot/narrow_brown (29).jpg,narrow_brown_spot,5,train,2281c85e13af33da4c0eb4c62b4e531292bdab1b55f6b7f9e78ae4cd25775217,4cb7fdd2329d47bce7371acb00e70b914d3000d039485c25939c35b55e78768f,train
train/narrow_brown_spot/narrow_brown (290).jpg,narrow_brown_spot,5,train,d8a5b47d42ed079aa4c5881765b2c9702db19c74f90bd172164f6b0af9d272fc,6ba140bdbf836947e26c8f2e77cc2fe5811d185d7dad1164eba0d1517f4aeaa1,train
train/narrow_brown_spot/narrow_brown (292).jpg,narrow_brown_spot,5,train,48d20cd20053ac7b404dc639f6116e1e924bf48f2d8969ee77516190eff0506f,d68cf91db2efcd4a8d1b399b721434ffe90eeb0252ae35aef0d42a9cb42f85d2,train
train/narrow_brown_spot/narrow_brown (295).jpg,narrow_brown_spot,5,train,0a6420264333c4ae0bc03efb691b6f249904da64c67b917691d74d26cf2b2473,d54d908b8d0a1644aaddd392cf59511146b12b8705f8868e3b735b96d1888853,train
train/narrow_brown_spot/narrow_brown (296).jpg,narrow_brown_spot,5,train,852aec8fa997654cf93b1f454fdb0a5de706e6e8a1af5bc4e10adcfe34d73d12,cb797e30603544b2b0b0d5fd24f2e797738c13e9a1094ffdf38de622cd88f84f,train
train/narrow_brown_spot/narrow_brown (297).jpg,narrow_brown_spot,5,train,f95b0d078f94a67daf47cdb7e0fd0387a09fce9acf4d7306bbf46ad8fa8e77a5,56663e342661245f5c0b9f01d7f3ae8793e28ac3ab13a9ce10c8b572a45cb12c,train
train/narrow_brown_spot/narrow_brown (298).jpg,narrow_brown_spot,5,train,b49be6fd3f1b82f96052cc835ccdc040e003a9e738fe353d85d74ae8ef658007,77fbe93967c226339b05cc1071598d22184a331fc862d58e2a87fd569c1c1c60,train
train/narrow_brown_spot/narrow_brown (299).jpg,narrow_brown_spot,5,train,d54d93ebaabd15e3b898fe8187a677845c94ec9b05e3b8691259c70c09a23b84,9b7ac731adb346304cd118f23b3845a714b68b4dfa4b0588cd618b3d90fd11b5,train
train/narrow_brown_spot/narrow_brown (30).jpg,narrow_brown_spot,5,train,80d59c54ea7758ecd81f12c797354ab77d9aabdfbdcff532b2b229b70c4b05ba,6761fc5c00126b688e2ad9fc733919e022cf1382dff78008b67074b359862513,train
train/narrow_brown_spot/narrow_brown (300).jpg,narrow_brown_spot,5,train,4360cf80ffbbf10163f856eefdb0c455b8e84080f441db7bf745d217d38531ad,8860e69085802c0ac4b59ff3c0e4d1e0fb839bcc9c5c2969f6e17834d596ef0e,train
train/narrow_brown_spot/narrow_brown (301).jpg,narrow_brown_spot,5,train,0866753872754c26a83ae49f89aa3222f87770850c65bdab9016efd98de9c17c,7b700c725926a81aec68cb0a4f7f72dc2393178f0d3642a729bd30440f5551f7,train
train/narrow_brown_spot/narrow_brown (302).jpg,narrow_brown_spot,5,train,d3b4ac50cc4c5b1ea67d64fb90f94a24fb422beda01f8994794c92d8c0fb5b9f,7ba6a495e7b275190eb58fca7da0a21ebbe166de8fb1a48e230c8db3dad1c6a5,train
train/narrow_brown_spot/narrow_brown (303).jpg,narrow_brown_spot,5,train,824fc23c583259513aa0b5cb847b25fc1e0b18b0b6fca204a3938d884f11b38d,2307c7f4759d5147edbb5161f4d09e831722eb8d01f28f0fc54441c596a1af80,train
train/narrow_brown_spot/narrow_brown (305).jpg,narrow_brown_spot,5,train,21b442bbaaf80245886dafd745e3130a579ed816f89cbcf9042e638c7d21df35,b7be23de08611487a42fee7e037f95182d449dc0c32c6336fad8e1f80665acc8,train
train/narrow_brown_spot/narrow_brown (306).jpg,narrow_brown_spot,5,train,5d563556463b2600e828d1df06b7c169873aefe1f4cdf40826c58970a3e5eecb,ef07f3d0aff28024d40034cb83066e767e12abd8fac1f4f2b24edda199d35a9f,train
train/narrow_brown_spot/narrow_brown (307).jpg,narrow_brown_spot,5,train,f7896f4b3ff4943c2732314b7ba9e219bbea2d7ab893a6bb31fd9ea66ebd632a,f0b488e0011b5bea74d2f05638177ef014e5cbc1417902e9f1d1167ef3d8de67,train
train/narrow_brown_spot/narrow_brown (308).jpg,narrow_brown_spot,5,train,22f65e9ce5e8d06c20fd1ef966282c0d282508dea5f6b3be2b3d19e45259a4ee,38fff36a090e47026ac44b216bff98af5469c2140ef10d8d5507d215309f28b6,train
train/narrow_brown_spot/narrow_brown (309).jpg,narrow_brown_spot,5,train,915ee6355cea22d21d9437d15b52d8639054c6bb2a4d538444495baa23bca5af,169fe69357956e608567850c8deea4939cb456767864ecc6742821fcf63d5913,train
train/narrow_brown_spot/narrow_brown (310).jpg,narrow_brown_spot,5,train,e76246fe7e0c258dfac680ccde5ed1d066f081b990654a18930253167e1cff3f,6e1b846f8a9a6256c75c0ce8578251f94a644f61f46f5bbac4f0c121c0c2ae7e,train
train/narrow_brown_spot/narrow_brown (312).jpg,narrow_brown_spot,5,train,40b4a0bbd40861dede5837076681b4e25b8254409f8c642ce22edfb73e591f90,66efc2255cd6e86ce58a3d0fcbf85d7069cf8bc4f65cc9a7876c4dbfd4d0210c,train
train/narrow_brown_spot/narrow_brown (313).jpg,narrow_brown_spot,5,train,0cf1734d83fd3e732685f9b31e608263f8033497a0d16e166e6ac307787b3df9,5be4b09f622976ade87101cece3faab6d780700fc5f2be54de37891ddd3cd98e,train
train/narrow_brown_spot/narrow_brown (314).jpg,narrow_brown_spot,5,train,f09de7441cc1496eadd4b2e9c5cda2f802515b3a69312db18e7b5828d3fc4e53,7abab65293ad8588259cc47aabd7ad548582636e9908c2129370d7fe6b3b8862,train
train/narrow_brown_spot/narrow_brown (315).jpg,narrow_brown_spot,5,train,09a9270774deb66922244299e16211c7fdf53784abd58791c3120a4d290a2979,fdfd3981dece207e48edd755108b1e210acd443d183156b9c39750e5258ab366,train
train/narrow_brown_spot/narrow_brown (317).jpg,narrow_brown_spot,5,train,59bc321fe23ec7dc44663f8ded089d488fb5d9965f80a222ac1838f12100530b,bad2999de8bf1e5c1a1a3031c23f031087cd98c4147ba09ba11c409251727d20,train
train/narrow_brown_spot/narrow_brown (319).jpg,narrow_brown_spot,5,train,dac39d7dbf6c12d8c9d33a0127a387cae266e6e49c239cf8e630e7702d6b7e3d,104e5301551c2a6ef2a79de527240d5046cfe75026f5285d507c28643fc55f56,train
train/narrow_brown_spot/narrow_brown (320).jpg,narrow_brown_spot,5,train,91f413b629f5875b2e532db1c448d1ad180117c94e9bca49216d03f952d1db99,e578bd1c4ee8f4369c5fff316ab76a226759b7733bed35ace4b4e53ce154d96f,train
train/narrow_brown_spot/narrow_brown (321).jpg,narrow_brown_spot,5,train,362198a8e4e51a26b5053c9d84f428c1ce772c2d86c64aeab47af3a6f364615a,7b4865f4d4d1d361fd37bb247ab1b254c481e51a99c64ab632f370460c4dde24,train
train/narrow_brown_spot/narrow_brown (322).jpg,narrow_brown_spot,5,train,56120a7d726a56b6f7aaea81135f09481416d6a89060f2a496ce9d66d3c1bf94,2f3eddaabfe5dc9bcad4d96a247cefb6772995b3e3b2ff3b7456cd1c7be3bbd9,train
train/narrow_brown_spot/narrow_brown (323).jpg,narrow_brown_spot,5,train,1401809960568b600b6dc0fe41f3d687cd8bfc740f92d44f2e4a910d1f396e19,1973e12ccd73ce5bd279f50cf2b751151fffa9bd1c3441ba8c1d8dea2e5f9b44,train
train/narrow_brown_spot/narrow_brown (327).jpg,narrow_brown_spot,5,train,4d5db247ba98e13123699e0d8ed252fc05ecae70d42b763236db3caaf20abedb,fef34ce8a136df23df8f18bb205bb910829f3c675e99271f8912226762d1cced,train
train/narrow_brown_spot/narrow_brown (328).jpg,narrow_brown_spot,5,train,6b2758d0c796ec9ad94bcd4637c610f1e79cc56a9f8c53bc3e9776140f54f23c,f3d2c1adcf07c4ba6d99f36afb7a26b673f2ea0756a2ceeb37b4203c315bfda9,train
train/narrow_brown_spot/narrow_brown (329).jpg,narrow_brown_spot,5,train,e169756f4b7e06834f03579d00c2cb97ec6a9f7d4a830264f40755c4d50322c9,e19f9e9e8baa320f87fd585717ba3b20d5c823fb86980081275803fcf62f0b8f,train
train/narrow_brown_spot/narrow_brown (33).jpg,narrow_brown_spot,5,train,c658fc67360be25ebbd75189d308d4f3c19d6fad1c2e47b41c158e1c50783bd8,67dcd0759e6a3fe7f1d5eea41c8101b318dbb55b057e6d70ab1eaf44ab5b8603,train
train/narrow_brown_spot/narrow_brown (331).jpg,narrow_brown_spot,5,train,0c7d62320db0b0e0eee7d493544a1a863e35eae0c6d3ae8442ffa391547a5261,2bf03d18365b8df5cde2f47a990edac7dc555b960f6f407710cfb76d5d57e7e8,train
train/narrow_brown_spot/narrow_brown (332).jpg,narrow_brown_spot,5,train,c2b8feaf8691e0848a0d5bc059a5b1a5cde273ad9723fd80deeb9d29f352c1d0,8a4c5cdef17317fa6b82b404ee351667a1cb24910a54bd9733ffd87952eabc1c,train
train/narrow_brown_spot/narrow_brown (333).jpg,narrow_brown_spot,5,train,cfbcdd1217b187b297d43a9b3c9674a480622d72291c3d3645ef16d238d4e919,a012b48ff7941b41e4124de9a2382c532f475cf1437d1f8bcf1cd5e2823e20ef,train
train/narrow_brown_spot/narrow_brown (335).jpg,narrow_brown_spot,5,train,25f03371910b8fdf5e575c374e3fab1cb84228d62786fdd366aaabc009810b3b,9743d6c4586613a774735f5e64c95da45fb45608750b6592dbe7b8eece0f5d5a,train
train/narrow_brown_spot/narrow_brown (337).jpg,narrow_brown_spot,5,train,d0d7efb97f9870c5b3d4ccf4f6273d68b6b00ee4768c38185ad46beaec58152d,dc1dfe656ec040a5e57891e9f83a34574ad765a09397832e9ffd0e78021c44bd,train
train/narrow_brown_spot/narrow_brown (338).jpg,narrow_brown_spot,5,train,0351363cbc53c176b7c2fe0f1bbc2e381b40843449e417a6366744fe14547fe4,24a1259739ac5faa3959007360e9edf91740c141469d9495bdba37dbb98b0ec7,train
train/narrow_brown_spot/narrow_brown (339).jpg,narrow_brown_spot,5,train,b454570af908b649be58cdf4095122da47cb26bc6bef87e0d01960c0bd60ac04,de546c26f388939f63f8deb8650af5d6b55c712a0aa505d79f8d47de334a41a6,train
train/narrow_brown_spot/narrow_brown (340).jpg,narrow_brown_spot,5,train,c221cd1e958340137919560bb7a41877b8e04fbf609a41226264c77a7aab9489,b8db692e3a86f89eb364da054ce5989d465d6e72f54adbcf4659ba8add4755f5,train
train/narrow_brown_spot/narrow_brown (344).jpg,narrow_brown_spot,5,train,2a31629e025c7c680d89344dc5d84a6c19f1d998eeb6c723ebb78729e73f8992,3347bc9b3a6bbea872a566c66535fcb5ad23de31a163e1059bec8c0870cd1042,train
train/narrow_brown_spot/narrow_brown (345).jpg,narrow_brown_spot,5,train,81b6788e0adf230d349ae7d70efd0c55d8dad21f9861f0e41fd2674545a55f45,92aa8dccfd0a7e9814d1ec5bae115d6cca053894e57a15cc1a03dd34d08da902,train
train/narrow_brown_spot/narrow_brown (347).jpg,narrow_brown_spot,5,train,26aed8a77ee444af3a7766e14ba9286ca0cb261b5c4716c0a78891b067c57223,65dd427078292556976e161ed7330b1a58625e1a299d881ab42ae82cb348c629,train
train/narrow_brown_spot/narrow_brown (36).jpg,narrow_brown_spot,5,train,f7a4d69da30f95c431df6a46e57666ecf3e793918ab5a0eae1385fe359ced4de,098b26e320a639f6b91f789743d3fa6883684e6c8d6349939d9de3c602238cf0,train
train/narrow_brown_spot/narrow_brown (38).jpg,narrow_brown_spot,5,train,f1d5760bf0aae42f4249da3ecb1d72e391bcbc14f306f495a9c0b4d30bbb1317,f3ee92642ad06b624d17d5929de69cbafc5f7340a8b2b9271b4073abcd489ba7,train
train/narrow_brown_spot/narrow_brown (4).jpg,narrow_brown_spot,5,train,5babd3ddf49f36866ddaf699c42a8062a3b13457ffc6ab310afced97fe663bdc,c918b2c87338efcd9fe4c6ac2fe132593d9238fd0d647d5577353fc747c30e98,train
train/narrow_brown_spot/narrow_brown (40).jpg,narrow_brown_spot,5,train,0e90c4e0fd8d623d1e29a5b558f4d120911474e7f9588a88a9f5360aec0b483f,19b7ec613b12712b2b87e92aa8ff33707ccea0f4402fda789371a1c68f7dd752,train
train/narrow_brown_spot/narrow_brown (41).jpg,narrow_brown_spot,5,train,2f09d955a1fbfedb7b4ee9742edb4f83cd826014e0849a538f45b78c68cd7b17,c701b4da72ade830e89b69dfa15d8929f3e9f7823424322f8a7bc39d5485df89,train
train/narrow_brown_spot/narrow_brown (42).jpg,narrow_brown_spot,5,train,9d4ffb35402f9a255cb415645fec18b4e48b8a4df38ecf02056eb691101199a9,b629acac2b7ed4fc3283d27a39e97d3ee403633cb0cd4c34f40e78d280c7420f,train
train/narrow_brown_spot/narrow_brown (43).jpg,narrow_brown_spot,5,train,d5fd4e7d829ba5c55dfc30eb0ddad40f25fbbb2ac73156621c120252e5f88ba1,eb7328f953a8f7d95ccb0ff38807fabb3090887e9e1ddc3cc875ee58bc0b57c0,train
train/narrow_brown_spot/narrow_brown (46).jpg,narrow_brown_spot,5,train,9faa539956762a6a019d705439f05847e399182ffaeff3d44ec355a76171dd04,7e1314f725b079c4a28696e6faa6907a6317618223ba0b66e6754701dbb1ae6e,train
train/narrow_brown_spot/narrow_brown (47).jpg,narrow_brown_spot,5,train,ff9feeb1016040de9a466af18f1314c3353d66d4cbd9ff178a3d6677b046d525,d1ce19f9aedb41056c91ef4704089b37b3653eb32f956008005da45bcce9f2fe,train
train/narrow_brown_spot/narrow_brown (5).jpg,narrow_brown_spot,5,train,18c8ac2dbaeeb77c7dd2c8bf668d0f40b236a195dfb877a1c9c948cb1a48fba9,3b152e8c54e068cdc41e81097f55f8d837f96b34c794758c6240bca53e4ae772,train
train/narrow_brown_spot/narrow_brown (50).jpg,narrow_brown_spot,5,train,6604938897f921bbd778053c5beaa153f5284bd3dd073e01297d847b4e2e7228,aa0a28b18341b4c9e3b2ff99df866b1bf6927e0b3666d387c72896bf824278ac,train
train/narrow_brown_spot/narrow_brown (51).jpg,narrow_brown_spot,5,train,b8cca9bbb217267538fa40b6265280246b87b14a71fe6f79a336550c08a5155f,73be39a90bd339b2be83d29395ce32704d1de1beb3ab1a462eee85b20ff43878,train
train/narrow_brown_spot/narrow_brown (54).jpg,narrow_brown_spot,5,train,c00509a5efaded17b5a075342bf966388c0041df99d5da7bcebed3d28210c21f,b29d03242b47bc430901c210ee066d6376914bf787a3b92ae2718404d9cdc7e0,train
train/narrow_brown_spot/narrow_brown (56).jpg,narrow_brown_spot,5,train,af49375cd722b62bda912f7bf48e4b7643b612712b2bfc5e2e13146d1cded919,86ccc1d5b505a799c997907d932954a7928b57d94ab835f61f2f9f218ea552cc,train
train/narrow_brown_spot/narrow_brown (57).jpg,narrow_brown_spot,5,train,27350a23bbbf499bb850b44cc2b322ccc2642ba430e37a3e472a73d236a0f247,85a66c123b648efcd708a58c10af266aab293d4364bfa194e2827e9385982bf5,train
train/narrow_brown_spot/narrow_brown (59).jpg,narrow_brown_spot,5,train,d15f538f45acabbdec727eac4c3184c8fa41f7cd1090b5b70fb13aec7e49ad2a,46fc1f604582c9224512e48143e1d8cd3c5bb810d1a84b19821fc52d49f3bca0,train
train/narrow_brown_spot/narrow_brown (61).jpg,narrow_brown_spot,5,train,338307a434105bef6cba8c21be276538cc52aab9639b7f4fdd582521b3ad1470,2b8aff72536278ab51af654c3b1501c2de2d34b581f340db8e3cf3f05979be0e,train
train/narrow_brown_spot/narrow_brown (62).jpg,narrow_brown_spot,5,train,76133f5ecdb6475bde04bde9ba0759f11371d53f267563bf353f0cf3c8cf69a1,a3e4c7bd2302d9f9d9ffae46f490c1393ded87bd424bef30185ec3c75fec40d2,train
train/narrow_brown_spot/narrow_brown (63).jpg,narrow_brown_spot,5,train,cc685c672a3743b318d5964503f06e8f434a6fda7a9bfc2b80e9266b4009903b,dbb9dec5022d4f5c348f99b16e02dd1c690f8751243f4e4a9833868a0fc0809d,train
train/narrow_brown_spot/narrow_brown (66).jpg,narrow_brown_spot,5,train,23976185114b30477429e593ebaae425f35892eef26ae7782ed77d1382ee6e6a,7c4182b8c43758bfa57aa3a6a760e2ef15bd911131fb912d756ec75a7a6fd03d,train
train/narrow_brown_spot/narrow_brown (67).jpg,narrow_brown_spot,5,train,0d73d4b0e71b5942c293fedc3745afa837fce09ab9181e169e8c37e58e703d78,7aa4c400190f18a53f00e6de1881c75f7ba3a91b6db3c79f6af8b091919c4b7f,train
train/narrow_brown_spot/narrow_brown (68).jpg,narrow_brown_spot,5,train,f68e330e714c887023509a610dfca2aead94c557c3bc16b5d190ee80d7f3ac04,3a2612e132c1259a1f4ac960990aff0db8344765bf0ad9f367d5c8a5a181adc2,train
train/narrow_brown_spot/narrow_brown (69).jpg,narrow_brown_spot,5,train,c50c5512703789e2b5b3105cfd320d0b3916f7b3e5b11eeff240cdc743c4ecf0,c365299d86d0654fd4825c742f973a8b329be7d1ae6080c27d9889d9b7b56905,train
train/narrow_brown_spot/narrow_brown (70).jpg,narrow_brown_spot,5,train,9a20d99a2b4805c909b3f838d64a050da0ff255a87471b453e4c0d68baed93f4,1d62c5314790f2779aa0033eb9669f0b9e41c9a2b1c110550877ab0ff4eeb14e,train
train/narrow_brown_spot/narrow_brown (72).jpg,narrow_brown_spot,5,train,db7d968b9808b245e066e021d88f2f1c75e01949938bfa8b9fc09fe360c2726d,d22101bc81ea1a5e88b92325233cabcc27a098b02c72c492c6cce35ebb5896ad,train
train/narrow_brown_spot/narrow_brown (74).jpg,narrow_brown_spot,5,train,98bf2cb836c95419b70bf6e8c42a0651dacdd596321f1a65415c09b27dc58444,b0d5cfb673aa14915ba9a6585d46719a7f54e92c7e98403e2adc0ddfb00d9e0c,train
train/narrow_brown_spot/narrow_brown (75).jpg,narrow_brown_spot,5,train,dc8ae55f8855b6a6c023fec8100aa1f75b8d0de1ebb4e643dcb671aaad874015,3f9f109e73fd18698262bd7b2c028ec4893a1a19022f1875e9376ddf7ebdb193,train
train/narrow_brown_spot/narrow_brown (80).jpg,narrow_brown_spot,5,train,2e3cb80b486614522903bf6ce9238aee73df2c2206fcf241453ab244f1dff6a6,058d47d9becb4df7a70cc21ccca4de022518e429dd115369e666d5e47bef36bb,train
train/narrow_brown_spot/narrow_brown (81).jpg,narrow_brown_spot,5,train,84b2a88b0241e8df776a9a08c10e9d1cb9a9838caed9d764d4991a90ffeaefd9,0a56db4b795bc6ac2d14b0e8e0d6152ec8f49888a5e26b72d678a012d336b9d7,train
train/narrow_brown_spot/narrow_brown (82).jpg,narrow_brown_spot,5,train,729612fa53ef4f30cd77dbf4a936c127b01cc1edc6b93661c3f5f2ce161482de,51923ce407c377973248d9f06eac077ed76260ef3f8af288a2c2b49d41f4e5b7,train
train/narrow_brown_spot/narrow_brown (84).jpg,narrow_brown_spot,5,train,d371bc1da2a3b433176969f34be21da2af48c2c1f391df6da8d9c01c6f18d5ae,fa10b6e80c2f434e6db0e83f3135caeb878dc1c9daac8981408343013fe3c654,train
train/narrow_brown_spot/narrow_brown (85).jpg,narrow_brown_spot,5,train,3f739c8a83655fa44d5bd35ee412895be411b1822a09687081a46af87ddc70f4,a02a114b610cfe22905e72f042b4923b7926a308ad3189a46adbc3da188e472a,train
train/narrow_brown_spot/narrow_brown (86).jpg,narrow_brown_spot,5,train,af0942bb390eecbf35d37275bc2e12fc207516622b286dc7c45fb81c70488d0d,442543b32c74587ff7383c34c80acc39e61f766cb3790dbde8472d41d2d22313,train
train/narrow_brown_spot/narrow_brown (87).jpg,narrow_brown_spot,5,train,e335dd309978836bdee55a5433af2888fd3ef45214131f32ace2a2e7110d9b7e,61ad7febac9f845e26f6324723b3fa2c7d1c01e17fe79b5779a6fe9ebd468e50,train
train/narrow_brown_spot/narrow_brown (88).jpg,narrow_brown_spot,5,train,74a3234ea9d5d7bcd5a781ae3842d56821bd42c73ed4183c49edb4bc6bb582c6,656d2951bf9b448a0032d29e779e5a6a1e1b639ded6f338e7f0eb3ad9a825621,train
train/narrow_brown_spot/narrow_brown (89).jpg,narrow_brown_spot,5,train,92b026246cfe29a554917910dad439653b9e1425adb572f3a7054df83f37d908,d626287677a84a278315fbbf3f7edf0c70614d4d28b7c5a0095f7f495e847916,train
train/narrow_brown_spot/narrow_brown (9).jpg,narrow_brown_spot,5,train,eecd1efd354a37874eb55333f73742a09e26a76bcd57b4f37da79d5d09dac5fb,ed305ef6b281ff4bb4ba8d370f7e1438227f26a59691798a53a169cd90425b36,train
train/narrow_brown_spot/narrow_brown (90).jpg,narrow_brown_spot,5,train,d6260493afc99ef7f317dbef75eab9b1e59a3a5f836980eb50a86ee876cea3c5,64c7dafc70a90b17745f7887e279898f1edea6cda69dbc1911071c286553f886,train
train/narrow_brown_spot/narrow_brown (91).jpg,narrow_brown_spot,5,train,2eb5e39ef7c96bbd007993604ce05c17ddedd110e9ab23cf0d7e957b64ef9236,0e9f3660d90b412bf6eb34df60f79629db2a57b2a3eb678be20e35803d1cfd8d,train
train/narrow_brown_spot/narrow_brown (92).jpg,narrow_brown_spot,5,train,3b9b446be2e428629f1590ca215e0e25586c55d435fbba6e58503af80674318a,a25087c2037fa45851e1a69510903b5bd88b1b7cc257b00e669d19557c9a2f4e,train
train/narrow_brown_spot/narrow_brown (96).jpg,narrow_brown_spot,5,train,9855303ccdb8c970f07f5377db9c3d92915e395f891256423f13782601fd0c14,c98088659662143fa00639cf94d75fc91adde36aa5afa3223c99416881d2890a,train
train/narrow_brown_spot/narrow_brown (97).jpg,narrow_brown_spot,5,train,91b2495226bbcfad45464d6e378340622e9c4d02a453edcb5a1a28ee836b96db,00fc7ef41241c8ee4c35d9c0dd5184d82edfc57e3a5098680a8989504ee086a4,train
train/bacterial_leaf_blight/bacterial_leaf_blight (100).JPG,bacterial_leaf_blight,0,train,0a2ef9451b568a713b282be304e4102d102e7c508d84c973c35bc7ecdc739cd0,009633b6d311c9f64e75522e8f79e8ca81fd6d03c9eab16c1abcb5c54e30b614,validation
train/bacterial_leaf_blight/bacterial_leaf_blight (112).JPG,bacterial_leaf_blight,0,train,fc2e63bf4756a2b8611f8fe932dd92fa8265ab07377e2c323220cb2d8655c7b2,679ccd0779f86c597a1569347c8a9312f04dd2d974fc8526c484df1144851ae5,validation
train/bacterial_leaf_blight/bacterial_leaf_blight (119).JPG,bacterial_leaf_blight,0,train,b2024f2a329be6e40f810d8256dbe4cb5b0398d05d9a22253bce772cfc74ef04,bb1a74cbd0b9cd815eb0ac93845160ad287d9e432193c72c7466020a9c0bb37f,validation
train/bacterial_leaf_blight/bacterial_leaf_blight (12).JPG,bacterial_leaf_blight,0,train,3380068fbd390f4c84cc798280f4ed38a7876109dae820962866e10ad5d7ad38,0ee058f929d8d6c6519aa1de79b8992cfc5d5119b253f5ab0c347a54ddfb804f,validation
train/bacterial_leaf_blight/bacterial_leaf_blight (14).JPG,bacterial_leaf_blight,0,train,6b717e313b8dcd395d5c17abeab7ce46f8b799268a60c94a2ce4c12d382052ce,ab4099190a2da77404795e5eed4701dff3d2282b35af1c2e016a3f8cba8ae2be,validation
train/bacterial_leaf_blight/bacterial_leaf_blight (151).JPG,bacterial_leaf_blight,0,train,f93c8de909d8c893353d0fe47bb62bb2357d603185659cf97783199bb7eeb4d3,3b5709a5d62ee0f1db92848517801ea35efce49ff04e8ecd8e145036fec8d56e,validation
train/bacterial_leaf_blight/bacterial_leaf_blight (154).jpg,bacterial_leaf_blight,0,train,057ed876a83d72402b7c9afdde93494e0d474a5f9f3a8dcdc39d43998d5fe301,712f5ad277e3d9677938f2512b03bce42f618b617dfe1b6fbd35e2998d46317d,validation
train/bacterial_leaf_blight/bacterial_leaf_blight (158).jpg,bacterial_leaf_blight,0,train,c9c37d07e7a1c48eb78d394c6f0ea181faa03191368925b257bce001bc07252a,ca9b7e77c9e92133aee16499c37fcdbe2627304843dfa5372ae5db01278ebad7,validation
train/bacterial_leaf_blight/bacterial_leaf_blight (16).JPG,bacterial_leaf_blight,0,train,70a9c467634dd748ac5cdcb5548e37d9b13e03e3b1cb3700a05fa3ef4da638d0,8709b4399c868b2fb95fb27ab3b82b0d0c8df4e81edacbb0d7892933fbb3c047,validation
train/bacterial_leaf_blight/bacterial_leaf_blight (162).JPG,bacterial_leaf_blight,0,train,8581baecff013941cb0bca43602968c277fa26727cebb7d1cce28902f4596d6c,a0bdd881498f88332e6194406b75021a87f453c002c5e6684a92af1f88d44883,validation
train/bacterial_leaf_blight/bacterial_leaf_blight (163).jpg,bacterial_leaf_blight,0,train,e93c6b85f3b89dd2796252da1d7d52d3ee42e1422795a40547cad22664ac4c45,6d1762e0ad0f9fe3ca0c08b5b42a01baf712d78ea223887872bc09e0643542a7,validation
train/bacterial_leaf_blight/bacterial_leaf_blight (168).jpg,bacterial_leaf_blight,0,train,616326eaadff221376ebc4324ce3b8e33eb9084f024118b913ff2da9653e2db9,f67a3af8f63aa1aae6a71ec6c327343f172e06a9e3588965bc837a075ed72295,validation
train/bacterial_leaf_blight/bacterial_leaf_blight (175).JPG,bacterial_leaf_blight,0,train,d602acb33ca6703a83b457ce2dbfe48bc3cc8ffc3d050bf2c55ddff9ce77b766,2808412d2314626dc55dd2eef1a46e682ceddcdb40e75ad2eb0a2b2092e19935,validation
train/bacterial_leaf_blight/bacterial_leaf_blight (183).jpg,bacterial_leaf_blight,0,train,f69c3581064d822662c42c16083baf95952aa8a0d8674c2055311788791a0dc6,8bdf7fa0446b063d60d684d385a9946dc7302ef81cfba5d37f0791a8c6e907e7,validation
train/bacterial_leaf_blight/bacterial_leaf_blight (198).JPG,bacterial_leaf_blight,0,train,4efdc15047f60e77bdadf2c086550d3ca6dbc4ff7d35076a722df45f6d225d90,86dbfc8327a9ea3c4b77632a2c8218d22abf362f17d134b0aa1ed6e48624527a,validation
train/bacterial_leaf_blight/bacterial_leaf_blight (199).jpg,bacterial_leaf_blight,0,train,7bc709c9bddf24c7cad80e0875572b7a8f32ef13fd8f1160403d9f83e55ee46c,ec759980950a97f3da4dcbcaa0f06a59df3c01f00082c101ecec49ced1a7bb30,validation
train/bacterial_leaf_blight/bacterial_leaf_blight (201).JPG,bacterial_leaf_blight,0,train,7448bd5bc5b16e18da878bbd70f9020e4cdc40e3807520f7101a333d1777ff58,fe4535fc8d7bae638bd0697434a326fd793b323d94d498a7983d05f9d3eadbd8,validation
train/bacterial_leaf_blight/bacterial_leaf_blight (209).JPG,bacterial_leaf_blight,0,train,3bc24e161239f1b0b814ca825b412142e4018d509fcb5c70050c7eb112d23b38,e1ea486fb315871b8ec95f538c126ccf68367426c69d45a0489af502f77b3132,validation
train/bacterial_leaf_blight/bacterial_leaf_blight (212).jpg,bacterial_leaf_blight,0,train,f649dcfd7e298d06e0488897682016378c700fee7987c2b138bf35d7b9e94ed3,3ecf814440b12381d707014a56b2367bf8190ca1240d195fea09c9bc890249bd,validation
train/bacterial_leaf_blight/bacterial_leaf_blight (213).JPG,bacterial_leaf_blight,0,train,4569e28fa5d820330fed2385b40622a656cc720336284762205569a47484fc44,eb079d4db47e53d596ee2b922493160e3e6d307b10914e687c5d5e99d39dbdd0,validation
train/bacterial_leaf_blight/bacterial_leaf_blight (217).JPG,bacterial_leaf_blight,0,train,cbf63eecdb72c3a3d305f1630c046ec7aa09aef8d6a1fe05b76e19084040961d,2458997f075507899bf1a497aea9b670e16452ec178c96c2798aef6bc5a0e20a,validation
train/bacterial_leaf_blight/bacterial_leaf_blight (218).JPG,bacterial_leaf_blight,0,train,2c9bca19fd90139820c2a5428fa20411e66e3faa4da0fa77d550622d75e1a3bb,a80bb3fc370d361d3db0a963f2635e70d715758476827f6af828c3db2c945126,validation
train/bacterial_leaf_blight/bacterial_leaf_blight (23).JPG,bacterial_leaf_blight,0,train,b9ba1415104ca18271c2e2b27beab1f4eec8dab52b873bd80e77bb104469779d,a6b88cf23595a488cce825cf290c39835963b7a9aa5f90622904eae923dbbd7e,validation
train/bacterial_leaf_blight/bacterial_leaf_blight (235).JPG,bacterial_leaf_blight,0,train,f179abc74d3c4b891075342b03c0ba75dbed64105bb7940e418de4600ac457f1,365f93fb2f7f9c78658ff5ccd00d105d70f0fb43e8fe3a8720fe4d6d78418197,validation
train/bacterial_leaf_blight/bacterial_leaf_blight (249).JPG,bacterial_leaf_blight,0,train,cc854941adb415801ebeef453cc398e03240cfb0f21a9379390c8883b7ddc906,2bbcf7a01781139b51bb562cc38564670b1ec39483785f16143847ce05334617,validation
train/bacterial_leaf_blight/bacterial_leaf_blight (25).JPG,bacterial_leaf_blight,0,train,46870025eb29cc4c098de60261a350324717c88b660310619612ee05f89d3035,dc25830af5fb41107cc1a3fe86c7bd025f3806626743dcd69421cd61ac963900,validation
train/bacterial_leaf_blight/bacterial_leaf_blight (269).JPG,bacterial_leaf_blight,0,train,2e0dadf1e8355fa48aaf747d0c0850e977b8d3a8551b7de99089dc190948f251,df70af951a0980cd8e86163224cd1ae3ff3f9dc960ea8cbc29d48f89170758f9,validation
train/bacterial_leaf_blight/bacterial_leaf_blight (270).JPG,bacterial_leaf_blight,0,train,e3e7fb3eb040fb668cd5c27409aeb6afdced963ecfb2353e298d77df86a4f010,034cea76633a7e2a89c788ecc1adf31657de7ed4720139348b9fe1db38781a2c,validation
train/bacterial_leaf_blight/bacterial_leaf_blight (277).JPG,bacterial_leaf_blight,0,train,71a33adc32367c15835d66cd8480df7baad4b2a270f8273cfa7fb9e29f3c23e9,384ed11a87152a59f22d8ba04172c54a471f1d2d9dc847677c062c3e74cd1260,validation
train/bacterial_leaf_blight/bacterial_leaf_blight (280).jpg,bacterial_leaf_blight,0,train,f5dafddf7e27734ccaa1efaee75775b4be0b493d4495a23f3a7fdb6e7083e936,79abbed39c31d93bef135fc31a7094ac26756f70a6166e65580fb9b09e2b18c0,validation
train/bacterial_leaf_blight/bacterial_leaf_blight (29).JPG,bacterial_leaf_blight,0,train,55b32f19728137a652ecb428ecd922fd017f61acd7a614f8678b0c882501a893,c5168b22087057d022ad740a452dc3877969a9b4b0c1f70dddbb62e0e13bf146,validation
train/bacterial_leaf_blight/bacterial_leaf_blight (296).JPG,bacterial_leaf_blight,0,train,ea581dac540366774779062ef10671ae761aa40391a8b33bbb4478915ed16e58,e110a76333303ca916acd8a78cbdb5dd5934b5f65dbee072f6efac9e6ec92c96,validation
train/bacterial_leaf_blight/bacterial_leaf_blight (304).jpg,bacterial_leaf_blight,0,train,aef3b3c6d140eb295ab9899a1f94d01639a8a44dfe15bf75b2cedbb8e86264d3,344e7f165a3e9d321474e44478e4cbd4f950a8ec3519d7ead459591f4c56b4fd,validation
train/bacterial_leaf_blight/bacterial_leaf_blight (312).JPG,bacterial_leaf_blight,0,train,b83ddf784829ab320eb7f08d1c2b00b6b54a4e1bc55a6f5fab2eacb0d2124d14,6b05e62e322aa29f5fc323db3312a781ae01942635d41b106b348f63d45656fd,validation
train/bacterial_leaf_blight/bacterial_leaf_blight (313).JPG,bacterial_leaf_blight,0,train,2d9b924f99a188bd6914dc6f99c8faa2780559ce5a79a035140a1f4546d36878,120b733fbf073580296e3fedce6c0ef38bde5fa0e482318d33dde41becd8fec7,validation
train/bacterial_leaf_blight/bacterial_leaf_blight (315).JPG,bacterial_leaf_blight,0,train,28e5d2ec8b31155d962ef8c7b06e70f867c74d20bbc6dc3dc064807af9328954,5af7ad35f1b3e99c2791bf735eee7e2e392e9ea1edaf4a3190e9ce977192761b,validation
train/bacterial_leaf_blight/bacterial_leaf_blight (32).JPG,bacterial_leaf_blight,0,train,59d7ec1286d19eb6a55bd15e0c18a1634d0413d473173b8e7bfe88aee7be994a,b89e204a909eda3de93ff44c6036ae6727d2513aa86afcb6c812d83c47649682,validation
train/bacterial_leaf_blight/bacterial_leaf_blight (330).JPG,bacterial_leaf_blight,0,train,7f259255a89e105295410a9422a569e23d4e04bc9a4920dcc1ba2caef80e9774,e282b7d64fce8d7f437417bdcc8f6fc250dba2060cd4c476203ce44316d63e55,validation
train/bacterial_leaf_blight/bacterial_leaf_blight (332).jpg,bacterial_leaf_blight,0,train,134e5790a52ae15ed695485bbd1a35abfd3f1fd783e0200e1ffbfef5ca931f02,b240d68b4b713abfc5456e20637862f4ba50870f1c2e7a91314df2f29495410f,validation
train/bacterial_leaf_blight/bacterial_leaf_blight (350).JPG,bacterial_leaf_blight,0,train,2c3858101559cbff51e5c42152356e3787495da31a5a093523c4417767901f53,99fdbb1ab8d45da84c9eb4d5a447c434b3618f6f9bc61ab0c6ae2604e8e1d641,validation
train/bacterial_leaf_blight/bacterial_leaf_blight (36).JPG,bacterial_leaf_blight,0,train,58260b97b9e62ac9d53e6308ab0758d385485c131f3893a828c21ba5372f0ca7,77c82ab86e6b6fa784709ab0b94e9e1ba536f0a6b92cdaa993bd322ec3324706,validation
train/bacterial_leaf_blight/bacterial_leaf_blight (44).JPG,bacterial_leaf_blight,0,train,ead575eaf9e7259c049d70da01ace1dc767a92092773b0ad93384714ec85da84,7d7d0db9938e03b3e6af126411c864488f695b172374f39c9ea5f9688ce6b5bb,validation
train/bacterial_leaf_blight/bacterial_leaf_blight (45).JPG,bacterial_leaf_blight,0,train,e398b67dc912fd52c4b19787cf4cd9ece300dbdafa48528aa8fa1d67a8523a18,5916c5e626e63873e0ac19f139d90525418e797efbc27bd2f092e8e54e37d010,validation
train/bacterial_leaf_blight/bacterial_leaf_blight (51).JPG,bacterial_leaf_blight,0,train,e3fb047e098af8fb9f514c83c1ba9fd89b365a19642a79045a0831f8e2d30bb0,62eb0ed9684fc9d90830a9f7b3a30d2e19ebc92a42763c2dfd1e72aaa8cfd7fb,validation
train/bacterial_leaf_blight/bacterial_leaf_blight (61).JPG,bacterial_leaf_blight,0,train,d6e41fa4754be71d5d9cb4458ec1a821330f0ecf3899c050dac093e202e84e03,cf959d858220697d9bb884ef439c2fc46a34bfcc79f7e9f0f9f57847a867806d,validation
train/bacterial_leaf_blight/bacterial_leaf_blight (8).JPG,bacterial_leaf_blight,0,train,790a63572c3b392e15ae5b39b1e1d7096cd956a34563337291b3038bd394dd4e,4856ff4739e4072e5f8da73350cfe69c72734213a8c43c06b9ec891e680535c5,validation
train/bacterial_leaf_blight/bacterial_leaf_blight (93).JPG,bacterial_leaf_blight,0,train,804f084bfabc74aa6af28b9c26a329404c4706cd354a16c430683568c54a09eb,f688e057399ec5913fab2caeced7c70487b5eb08aed84ae15981238609d4b15b,validation
train/bacterial_leaf_blight/bacterial_leaf_blight (99).JPG,bacterial_leaf_blight,0,train,bf4b1c8a214f3d50345b919f6c181628152218fd234f7f36b9d6023f2733f5e6,caf08b9845763b79a6455bb292760bde869fad52962d734b5ffc9f358e99bba0,validation
train/brown_spot/brown_spot (10).jpg,brown_spot,1,train,a1dc12b64898b0c016597a175725857df0e2af9efe4fa4eb2260796195ecf197,463cf6c4af1e94a36fa0ed375a5a5c7381972a2b918291184829687a60a484b3,validation
train/brown_spot/brown_spot (105).jpg,brown_spot,1,train,36dd2e14c60672a69ec5d3809edc21d11e724f9a2fddc313dd6221d0947f80ad,52aed08f9b50baa0ded5d4b2beca462cfde06cb1372dc88907576445783eeb4e,validation
train/brown_spot/brown_spot (107).jpg,brown_spot,1,train,b8da2383766ee33a302f835494c9cfab1f8197d60f2b1b0e104daa7e608df9e0,b45ba0780b4e6b584f4a6357c71b9444e4f07c62c5a6970acb5b8cd08b7c0e11,validation
train/brown_spot/brown_spot (110).jpg,brown_spot,1,train,64fa11057afbc095f5acfedbe95117884c67107874dfcafee5315e08cef1c079,5c848c32b99a91a4cb3e2884e4019f09bae426ee54dbfe6da417c51081054400,validation
train/brown_spot/brown_spot (145).jpg,brown_spot,1,train,7bc9801fa285dd76666a5ba779e43c13711b330cdd4ac799647657be8eac826e,f13370c6ad617b58c66e6fd6449a949c2a7a71c947f78e1133d22da2dfa0aaaa,validation
train/brown_spot/brown_spot (148).jpg,brown_spot,1,train,b78f1680e81b5a20eb67de65c8b1abcd070c4366c30a3e9e4217fbf2a32af458,8dc375a4aeae3d5042680b67122ae33b51d798aa7bda392ac157377593b44f39,validation
train/brown_spot/brown_spot (150).jpg,brown_spot,1,train,7ef0a2e6be28f7c0fa2fd9c09d81d927d0a5e5784733eed1c0a21a85755cafc7,abbef619909b96c6dd7096dd86bb33737062eb4f382403b93a1eaaa6e115e7c6,validation
train/brown_spot/brown_spot (157).jpg,brown_spot,1,train,ba01452b19884f89b5fea97489fffc164c2b546001d042ed99da5545ebaa198e,9e857a87f607ed9df321ec7f132b4d13e49ccdffac784346496a8d4c6af2a43c,validation
train/brown_spot/brown_spot (161).jpg,brown_spot,1,train,68b76e5a2a77326c193acaa85574b28029ea080f281760f2f699814c501974a1,1dfd15870f42eb210e63dcb2bab154174e81de1e04a0aea74c58359332e08106,validation
train/brown_spot/brown_spot (163).jpg,brown_spot,1,train,1523d8047b564394bc85b4d476be9ea5887b9752256351fe4d9eb023629a39bd,2a52e962d5e18b090d6afdce4d01d5726d41ebefc835d2c32d62a11a0c51365e,validation
train/brown_spot/brown_spot (169).jpg,brown_spot,1,train,26fc88eae095ef9ec6b2e0dfe75dfb14bc9c58c8aeca0f18f4a2d89eb60ecf3b,a5c7a242806baf614b355501264f69cdc1a2a87407175abdc885ba6b0ca4d87a,validation
train/brown_spot/brown_spot (186).jpg,brown_spot,1,train,990cdaa78c933009fc9d58ffa527c05d9a182072201344dfbd783b6164b301cc,001fdd595c727d929d9d42f73abf5c535b2bb22791f991c9ec53241fd249ab17,validation
train/brown_spot/brown_spot (195).jpg,brown_spot,1,train,5f38bfaf4f9c63e5f8f314322158fd4b397b1d55fc8c2b3019f4607f9568a283,348129f005b0ef54d73ae5ae03002c2da832464aa0707c4b54b39b222508494f,validation
train/brown_spot/brown_spot (206).jpg,brown_spot,1,train,6fb0dcdebdd8c84398b47e5935cd7863a25612cd26c4ec50f79ac4f0924c5450,1a8651f27e72d6456451e16bf8b808dbbb5fa2808d3733dedff8d446edbd4d1e,validation
train/brown_spot/brown_spot (213).JPG,brown_spot,1,train,fe4312f2d3e07bc3a00d69ebf200a248d2982eafa09597532aa13772d3f73f57,8e5409dfada9c684a7da42a78caad28fa811a99f1aa4bf1bbc16a5f90c19b51c,validation
train/brown_spot/brown_spot (216).JPG,brown_spot,1,train,2d7c9df45d09e3a9fae585210c65a38da6e6351019557b0c2355f772816af3d4,057073b39a71bbb06284ae733a473b9e59d61dbdc2cd92895ce262a72370cf40,validation
train/brown_spot/brown_spot (220).JPG,brown_spot,1,train,03d11b66154da3f4a7df80e808280e247310a5a4807be94056d7d7f9da315132,1999febf1f17c3423302d0f2a0a918c8aabd56db3f3bcf276f143cc391278af9,validation
train/brown_spot/brown_spot (230).JPG,brown_spot,1,train,7b05dd74c2d927abaa276d9b0bf8f850bd763fa31b5932897aca3416a5cf813c,61fb364d885ff8397b8f435658168cd74516b29efb1be9194d65ea165a3f37dd,validation
train/brown_spot/brown_spot (231).JPG,brown_spot,1,train,5082fa366e5d2c0eca792c7e71799bc62a1719387f59585c992f54c8ecfff93c,bf705af14da434f8c2ec50eea42f0777de88c2229f4ac983b68e49f2e934f391,validation
train/brown_spot/brown_spot (234).JPG,brown_spot,1,train,6adc7b41aeaa7cfe78f377fdaf571842a7c5cf03a11496a16ae58e191881f6c7,a69ab3849da5e57e972560cef1f64c22f56222f4ad3cac1c78cb23f7d8fa16dd,validation
train/brown_spot/brown_spot (238).jpg,brown_spot,1,train,17e254f022ef3ebda517a07dad7bd83d1b55e2d418c2d1b2832f83fda58216f7,50e9eea861ea3dbed444edfcb16bb3259fa3ffcd223e1c4a60ab5c3ae21705ed,validation
train/brown_spot/brown_spot (253).jpg,brown_spot,1,train,1e219b0ffb225637ec3df2bc0a697459273e21d21823a1546a40880f64c0f5c5,215cc13100d61d7d442e772406341c86493a3c3062ac9839da163f292837d392,validation
train/brown_spot/brown_spot (255).jpg,brown_spot,1,train,f011980975f5eb31679b7af5234e843578e3fa442e102304fa0e66c7a178f0bf,6dd074d74291c49ad3cdc14b62f8c4cbd395b591218a264e134547cd6d8379d3,validation
train/brown_spot/brown_spot (258).jpg,brown_spot,1,train,702742e480b0360562ee1020a220c47085f6928120fb118d1b2c4c5bed05d430,ccc02ff2a23dbdf9e4e278ab8e9be448d2028810e4623f2672087bd6d43e3608,validation
train/brown_spot/brown_spot (266).jpg,brown_spot,1,train,ece330c6b71cf6d55742a27474f9ab21ca843a0277fc2a390be50ff13d1da44e,1d2ece5662829c36d7ca5b69591e9b4e0cc58f8da47acd6e100e05e0bcbc267f,validation
train/brown_spot/brown_spot (27).jpg,brown_spot,1,train,1bf024d4ca1818783b20eadc40882368fdc165f4c2636dbe28c996b6273f3ba4,d7de7f0dac9905ec490312cd32b41b017d0e34d745d911954af60bc0f65bcf41,validation
train/brown_spot/brown_spot (272).jpg,brown_spot,1,train,b7b260dcc4c2e8b740403b712b37aa64b98afb76ff9826be3f4e3eb0b5b504be,f3d2e20e2c8f76d4c46309f538fa18300a27fd77fd1c3cdc10ef5d411bc8beeb,validation
train/brown_spot/brown_spot (273).jpg,brown_spot,1,train,96551d858b201ba986a6cc191d592408aa247c10e5aa9c2bde541d4668b9912a,d97227dad6e019dc30c0ee2e04db14385d80421f58cf760a123992737926b46a,validation
train/brown_spot/brown_spot (277).jpg,brown_spot,1,train,6cef581cd5671a2f91a77f613f49b8724430fe54fadd5d7a9c6450d3026e03a8,697a9424fb066d760b090937fcc759551a73ab03381eddcefd7ca83ab6325536,validation
train/brown_spot/brown_spot (278).jpg,brown_spot,1,train,aba0367581428d811e16a1ac0cd63367fa586e8b806ccd1589f29f3c47b5c702,11999fbef8e53f64577eb1bd6af1423f1ecf73cfa482e3e57bac096d073fb60e,validation
train/brown_spot/brown_spot (285).jpg,brown_spot,1,train,af10ce59f319901091d2626cabd5373031b396c11c4557c27620638687f70f93,f35f985205a1b6991db38fc1df03c1fc753898eece66ad1d7b747d4878fadc78,validation
train/brown_spot/brown_spot (29).jpg,brown_spot,1,train,fd3f5b169a95ef31faa73bf4fe8be6d6cb91237314aac2fd51d88fc6e94a8f0f,62da241f3ee7af21fcfd406e8c5442200c9557f0196a2679479fd788bbf0b6bc,validation
train/brown_spot/brown_spot (292).jpg,brown_spot,1,train,94aa51a6f254456ad8a3f65529a030f0d2b665e950827aea73f4a2428346aea2,af015dd1ffa0f32430795bbc3de037f980e86ee59fa8ce4e1a13ac7c50db2921,validation
train/brown_spot/brown_spot (303).jpg,brown_spot,1,train,afee036a79598c608f7e4589ab944980c4941b4659ffd10ca237921c62a04b6c,df20298645e09a5a52963558ad43f9b4aa60601fd21aeb2543e37c40a925d99f,validation
train/brown_spot/brown_spot (316).jpg,brown_spot,1,train,710ce93bcbb29c70a11df92e15520047570ba3a4907b6495aaafc7d437dca31d,c77443eca554d7ac47bc2f76e52fcead370f08fe79eb776db605b0fbb5ef32ee,validation
train/brown_spot/brown_spot (328).jpg,brown_spot,1,train,e6f8f0f1cb1a38c8bec6f76f8e97f9c547401dd79edbfc9ae07a048b132b67e9,56a1ba1eae1e5802721e0a3bca3afbb52b58d8657fceb26548a168d113ab845b,validation
train/brown_spot/brown_spot (343).JPG,brown_spot,1,train,1ce2b5697229030dc0f026cf1f517dd91b49df1f4c62c8891043fc5c7c756452,e8cb7bfd4d12b05e7e3f06eb0ac024cd6978104b8cb9beeeaaf7ac89e6c8a2ff,validation
train/brown_spot/brown_spot (345).JPG,brown_spot,1,train,1e50dd4265d81bb11c851090aa11a799222fb4dd31acc8d6f4bab2f3e436489d,97c4392888cc1e43e0190826a555a8e9709779817376786ce3029a63398e2b53,validation
train/brown_spot/brown_spot (38).jpg,brown_spot,1,train,042a78fbfe12041c45afbc218f048ea7c7dcc14db10db9239b1a156d7479814e,4c5374c747fc2840233c956c7553357187512b72e32c3578ff5a8670c4357f33,validation
train/brown_spot/brown_spot (44).jpg,brown_spot,1,train,4bce087a2ab64db5fae89a280d06aaa0107fe549acd26e69f5e06bc36622e7e5,38cc490185b3d4324ef64853432e6393cda1f28978e990865bf2a8d2c0cec60c,validation
train/brown_spot/brown_spot (52).jpg,brown_spot,1,train,20ccf117dc0813f6cf6b29d57309248a2383476b7eaa3c0b23a1ea3e3dd5cfb4,b70c31e0049f24bb5144a0ab334aa653af65290e6b075d886d0a6d26fb6cd2f7,validation
train/brown_spot/brown_spot (55).jpg,brown_spot,1,train,5bd7a19d16c15a7640dfab4c7ee205fb537cf96dc160b99972eeb2c0f51fb64d,360d5f2f8b30cc7a88493e580a097a945e9e64b1c1a6e974d21c114097927911,validation
train/brown_spot/brown_spot (57).jpg,brown_spot,1,train,5e72a297d13781b300fbd9aaa118e8f3c3daaf5d0707f9dbd05fab0e67dcb830,1238010e0ce4aaf6eb7f1340553e922fb0aec62604615c8b2fd3ae8d9b16d313,validation
train/brown_spot/brown_spot (6).jpg,brown_spot,1,train,604ef9503a50908d9562bfcba0eb70881c5801137926c6f78cbe548d983b7ef2,882858ecf0210acde0a76da25fc00f018577ccd6c18812e86bcb48383ebca4bd,validation
train/brown_spot/brown_spot (64).jpg,brown_spot,1,train,46ab7669c61969c30524d7a943618dee2e4d800e1b4b5b3319a1e3750e152dae,9f4bdc64c03c39b19e143e86384d29a7026edf89b9f6bca35d6fe59f7721e63b,validation
train/brown_spot/brown_spot (70).jpg,brown_spot,1,train,292b7801c237c739d3c50ba1e139fa4651b9082b13d78952f086b2e9289e8578,617aa0fa428d7cd2ca025069bcdaa511df2ff5bdcf1dca8d9c44ea9c9640c13c,validation
train/brown_spot/brown_spot (71).jpg,brown_spot,1,train,8e4c9ebc46c13e2fe200a8a649f34d0b938d3f148713a73c5cdcb464abdfaae5,205d69d78436a59475bb3ffbc4116a51425132b808793499e86576c8406813c4,validation
train/brown_spot/brown_spot (83).jpg,brown_spot,1,train,aedce62e7bfee63427a5c1dfd9fb3291c232aef965e349eba1b8a3c78b9bbf6c,e24a1e7e6713c767e0accb9cdecee3a99b9afc93fd2a2da30310a78d193c8589,validation
train/brown_spot/brown_spot (89).jpg,brown_spot,1,train,7ca7d094d27c210235f5461eda021207f60fdf9ea9fbb213822c2ea6b7768802,70d52cd026c5bcfc83959b68193be22002ce5a9d2299b2f3d1435074f6236dec,validation
train/brown_spot/brown_spot (98).jpg,brown_spot,1,train,a64dc231604f851b424367445f349d79136211fd87c73566aa054f7a31cb53d0,3c11600918887c5add5268a263fb6355d833823521c8da1a6f846ca0e4fa8039,validation
train/brown_spot/brown_spot (99).JPG,brown_spot,1,train,f3e6f77a1f4fe707de3d6c6ceac512bbcfdbd27a8d14d6c298a9f1f3bb120270,f0b9f53d04b008c142dcb68f90ba39a3291b12360b953ddcd5f7511880f47cf6,validation
train/healthy/healthy (104).jpg,healthy,2,train,1910ebede751fe6015f291c0e5a16580a5e04a66614cc81c4f2597c6fc2cb8fd,45d8d2e7963479f7a2f7b64443616394965936c7c3b5088a34c1b2a314a18696,validation
train/healthy/healthy (109).jpg,healthy,2,train,e619a5c4fb1201e8bfa21683bb0f7f4f35838ef719d5f00cb9d488d6b71bffa1,4f9b4acd6bb36214f0964bc94fee78a66f90a06b8579c2fe0524eed9fe943004,validation
train/healthy/healthy (112).jpg,healthy,2,train,9b10e7a4d7b50602ff1095e3a5a4f4b1ccbec64d16a2821fbfc93b6b5c8232db,4565c3818397be26e8fd03aa37dff649f8ec96db1cfbd07741715c06456aeec9,validation
train/healthy/healthy (117).jpg,healthy,2,train,1d1fae3d89625a6b242587dd146e6a0cdb0cc8150dc5d3a2f20f1a7b6ca123ae,e9df35813f8ea287a20de4586e51acdaa6364eef3cbd85943f1d4f81248e7de9,validation
train/healthy/healthy (121).jpg,healthy,2,train,6677b7069647856cc9970995d86c14ce954b8e2a7542c906741ec19a0001304c,1c0c340d80b317b89609ea41edb66c93ae7f196fcc1ebfe414bc43e0b06c8727,validation
train/healthy/healthy (134).jpg,healthy,2,train,689f2cfd6fc7c8c609172f31e8b093e61fca019f0ed48495ac72d2d38720f6ae,3b7913914b99b330c3173a55b50b3e2631a0f7c5a4b66ac0ab06ed236c429bf3,validation
train/healthy/healthy (136).jpg,healthy,2,train,b5620c9dac64bc037a02150efcabb1bbd5557d41ef706a85b793f250b90f2926,fe69d69092da382862bdcf5be1eae9e0df5253aea55a4b1b1ef04bfc8f2f750c,validation
train/healthy/healthy (137).jpg,healthy,2,train,da6e2d5dff1ef645c1d1b230efd1331a8410f85d88a723a3ade78c33f2a9db9b,076f33d4e221b3bfb585ab939f5f2880e74b1046a851108a4bf8e947323be120,validation
train/healthy/healthy (145).jpg,healthy,2,train,95ccd5eeea21fde61d5272af74499691edb4e396d2fb68da5b59a4ef73a53e16,eaccd4a6dde7f1dd62e54c648314abab55aaa7fe06923b8a4f5940baab9c4225,validation
train/healthy/healthy (147).jpg,healthy,2,train,54d59e7a6df6c895c1720045b988912227dd4f6a373994dda3e1b7adb6ea1835,7035f30b53f4517caec54da44366df0ce4065dad24807c15d4d13869d040086a,validation
train/healthy/healthy (163).jpg,healthy,2,train,5b46f4b489cbb7d5358d1c32bb15c7d262e5116d8228d71f12d68500fe7bc6db,3947aab1012453101715dc5f3460858cca4b1498b51185a8170f09c2b864e323,validation
train/healthy/healthy (170).jpg,healthy,2,train,7e69c3cb7888cd4f2534e54e13341b965ef4f2bbd27ec3ff2310709294296a0d,30c6fb8cbcdcfa3b1102ba3faaf550ea07f7f6565e99f9a301b34c68c9e7783a,validation
train/healthy/healthy (182).jpg,healthy,2,train,ac6982fa1344adf8aadcf59a2b33dff23eb08431aa2a791f2d271ccd07e2b24c,0f8aeba1445bca44988cea9d3ca842c0d4286be294c0f3b22f5536c25f041186,validation
train/healthy/healthy (188).jpg,healthy,2,train,1bf6623ec1220d8a1b56c874e834ab5765a001d89f1f9db4015cfd11fd4fc1df,9d2893e4bc01c7966989f6b2ca384a0b2fe3b0bfaa71fd90e1e783aea52aaf39,validation
train/healthy/healthy (198).jpg,healthy,2,train,f21e489d8fe08765bc3670ddc08afabd1946f1f028a46dd3e958c304b28ab025,ccb0311188c963cb61d356ea3e8bdebb1141c14473ad815b3e317eab3bbecf4d,validation
train/healthy/healthy (20).jpg,healthy,2,train,c4f13253271ec981c67f55488c1ddee6faa2df66dc6417cf08b0a59ceca2703b,c858cb2f37c37a3c92ab8a3a6856e59930d754114d2ea23deddbfee56bc2748a,validation
train/healthy/healthy (203).jpg,healthy,2,train,b4601305aea737f9a3bbf582d83f953cf62bf5e7fed079ec490ce3a644e6a269,4627d075e7810287c147faa75697fedbcec4f249b349f9bf30d3f4b1a557b5cc,validation
train/healthy/healthy (204).jpg,healthy,2,train,10fb4aa204ace2b9578f2d395deb673310ba583117fe1eaeef6570ddd80cd160,0b1693cf870fb53af88c68bf364dc9788fdb54d61b625a89d474506800abc649,validation
train/healthy/healthy (208).jpg,healthy,2,train,d42c32a4d7a0980d649876a9c31eae19739f8bfe731481d2a4ac65daabc7df59,4c652c6476a42bb18b6705890f58f39ba463fff1dd98094f7573a4804bfcbba3,validation
train/healthy/healthy (21).jpg,healthy,2,train,131beafa56691b6b46b56e703b9d6987c57d53719e74b619250ee974afb79a30,8d7be713c9b4a7073ced1a269ae0a2481218e6613e6b510e9b00e63e246ba0d8,validation
train/healthy/healthy (214).jpg,healthy,2,train,63927ed33832e8572794ffbebce928a88435b9fbfe4e37f2210829741c7f06b4,d62f7edd409b5a4d1aac11b0b04715d3cd428bc512bf1bf63e2ef64bda4ccfb7,validation
train/healthy/healthy (223).jpg,healthy,2,train,9c4289a5d31aa2b90957b35958ef86b355364b28b2661f10f50925172c945d3e,64125d6e8232b0ed3a34afd5cfbebd3d2cd138b40cd30b0e8841c32484988cdc,validation
train/healthy/healthy (224).jpg,healthy,2,train,9f5fc3c999746e683f98664ee902747d2b61115eafc40bcfded15476586da906,e43f1f3bdb3a9f36aee46774d23914b578637d8b7f6684dbd390f835fe7bb077,validation
train/healthy/healthy (229).jpg,healthy,2,train,7860aa490b38efebe7ac9225f371d4a9b600e88b5ddc984fee6ee1a1ceaaded7,f0ecd20ed40075dea96a538c96c12362ba88f4ab6a6b9a4c3a530bd2330d9473,validation
train/healthy/healthy (247).jpg,healthy,2,train,1b6ce2a8b6a5b200997fce5734b7f2f07579613928ef46c74ca3a1880e07ec72,d1d80b32c130eca2d52f93b4ae17e33569abae4f4f22f19334b813ce0e309ccf,validation
train/healthy/healthy (252).jpg,healthy,2,train,6d95509e5bf045a2527730c879b8100cac8ff2f99eff42005dead760a3d19b88,bfbdb465ad5cb91aa4952842e3654f7b855fdf4f13152a197a6894661bbbeb6c,validation
train/healthy/healthy (263).jpg,healthy,2,train,cdd552cbeba298795159f2a630d9dece95fdf5968a2a8f057ec734f5ce171e40,dff9ffa2903eba00a24a8e67104c2f31e86cb5b70ba30fc3ae6c38fab75ecf77,validation
train/healthy/healthy (27).jpg,healthy,2,train,0dc22c3a1864a9ef278c00e0260c20bf25139a1920b9f1c58f7dc2c9879cf4c7,ef850ad71aa3251961af935b0945e77d7e2690e7fb34477339ada940c0ca8455,validation
train/healthy/healthy (271).jpg,healthy,2,train,9667e4db093c5d323410e397c638886dbb48678ea45d3ae4fa1c8243d514fd03,ad075b0a739aa460d0c7c229ad42ba4be2770319cc956cf6705c0e3becf15765,validation
train/healthy/healthy (275).jpg,healthy,2,train,8457bfcefb4e8dac2cb2961900af5629f10e859127515659eeb11499daceb63a,459f619e65489de326046de70bfa180e10d0ff2d85e371274394322ba626d452,validation
train/healthy/healthy (281).jpg,healthy,2,train,cb0c81d83937475938f2b816377f340dd30f2790599c45434a20d724888e1cb3,dbaca1cf00c8a74b760844141e5ae9cef29d73939d00c6c13649025435854dea,validation
train/healthy/healthy (283).jpg,healthy,2,train,bf1e3f959f34e0b76b93ba77cfb79e2e4db9bd71b717988a3a65ff79813d5493,0e036575ea6b6162e8f9ed3f55df893386cf89a6ddd00e4480ec1d50317531ef,validation
train/healthy/healthy (284).jpg,healthy,2,train,21e984f532dc1cc6078ef4b11ec570be4d2b6efc74f0bb1039e5933006a694f4,8e5c762d566b0e7dd2126b4d828df5e20ad3ce90b0d446770eb2402766bb37c9,validation
train/healthy/healthy (286).jpg,healthy,2,train,588ed6415735963241cd3ff5ab460322eeea0b968459c0e26e8fc321b89bcb1c,a8a7ab892956437d0a37e0d41e462cc1a72314819bd236185153d1678bc31ab9,validation
train/healthy/healthy (29).jpg,healthy,2,train,126269b0a27f057ab086dbd912905d6e23dfa908f58c21c609bcf832282db49c,6f0886ba779da8d552353cdf85e4eaa9e11d2b796d009ccf682e2dd9c5150cbc,validation
train/healthy/healthy (30).jpg,healthy,2,train,bd86645c71ae536c42500736ec2c46cb72011ca9cbbaafc132ef7722d1134683,8e5d786062f131db15302fd4d9a1135fe5dc91326e1de04f799a0b25e0364801,validation
train/healthy/healthy (300).jpg,healthy,2,train,3e157242a6dbe9025c6798ccefeace1246686b39e8a81804c3f35cd5ea610f5a,19b7414078a110a9238e750f1c139f8f34d23cd2e31d685dda8855e6ca704131,validation
train/healthy/healthy (301).jpg,healthy,2,train,cc050ddeb0a01c306af27549a9b989e574ad7042f703f2be037a646bc7cfcb2f,96b643ca69415fb18a5ab5365ba271027985d12845b87c03cec9d7d1d852e827,validation
train/healthy/healthy (317).jpg,healthy,2,train,243193ceb1652d4e1d3cd0b23501fbe01fad4209681b4315be77e6f1e9fc40f1,26f9b495c5656e622eecca84db02f05fad9965486e18a7eb1c338907a63e42b6,validation
train/healthy/healthy (321).jpg,healthy,2,train,4e71e6d523566d41bc0fc82fadb3e08abe1baf3530d49d8b6ebf79559cc2f5a9,5a0a785d5e4b7f360dbdbc0cf65f3d489d62a3152c84ea9c782cc7e2eb4e13de,validation
train/healthy/healthy (329).jpg,healthy,2,train,baf0c6dad201fdc0aef34eeaa04fffe97473507acf0911edf41d7b9ef462a9d4,f2cee2139b4c79878e320bd37926efd3ea8d1a2fba36a49e576b39985c3aac46,validation
train/healthy/healthy (33).jpg,healthy,2,train,6e631da9a464559cbffb0984d2fa77ff45786746687a5c7dd5c99a2dbad0657b,e1bdad4993d9ffa38fe117ee3243ff488a48a44b8ebcd585451d8bb2cd33e73a,validation
train/healthy/healthy (341).jpg,healthy,2,train,69971289ed2dd7c191b9e13e4d50c84034ba3cb03ce1dd95876cbca38330df50,7a332c89243937d67b6fa7c9b852d8cb2d9492b8524fb472fd8d09e676cfb92f,validation
train/healthy/healthy (349).jpg,healthy,2,train,58f452785091bfbc2c984d151fd6f82096655b5a26a28147fcc2c26bb115b2f2,60d4fc5fe1fa89c68c840d3b67f217b317d2525c7b39845958bcc1225f800d0d,validation
train/healthy/healthy (36).jpg,healthy,2,train,128a1f8069c2139da9b55b69befaae00aad821cec244f460cb5cac4442914d35,947d6fe36a955928bfdc1bc30c94da4e0b49327a028a25cf482da2f0ebcb539d,validation
train/healthy/healthy (46).jpg,healthy,2,train,5b3cf10c95d909067c847564bbce1b8e0176ad878009781d8880f62a89bbd4c8,af9e3c3e1ddf466be0359a265435fe88b4826ae99f18ac1b3830402bc97b29c3,validation
train/healthy/healthy (54).jpg,healthy,2,train,33ae7ca53f7b8e056caedfdae253b06cb7af8716516ac52408bcc294c58249ba,1f9dbbb43e919567b9dc57d0fde9f698b4b909e59b2534c3766ff9bab49dff49,validation
train/healthy/healthy (55).jpg,healthy,2,train,ddf33f00ad2a75a98e10cbd854b0aaeb136b7a40913f23fc6f562e327f9364ec,8a35b49d8a2fa884e61970a86e45f5a9605bf0e9f6001a9175d1f4c06786bd6c,validation
train/healthy/healthy (60).jpg,healthy,2,train,37d3251764ddec5bd0bff96527211f81d0ff99e05023b3da0ca72a995e656cfa,a35cedb8719b946ec7288946187a1b92e2bda4fc3f78703026bbea42b2a24d84,validation
train/healthy/healthy (65).jpg,healthy,2,train,41db2df86e34b8844f5e8b2e1df951bc5cd9f570b16da28e020bc37dd6b5583b,fcb2f4cd6da12493318ee8f3d4bcb636fb8a0a22d91991e3c87f62b8619a6170,validation
train/healthy/healthy (70).jpg,healthy,2,train,fd148dca473887b02c95d4c2301e0e087f48f68361bb5cea0ff504e3fe6621ea,09095bb0888b4efb2c00b530311f58d7494c86e719199e90466c495a998d0897,validation
train/healthy/healthy (74).jpg,healthy,2,train,e4ab12ef14b546d9e958f5ed4d7fcff76f5e1df526b1a8662bc29b8cc8e815b2,a96ebb3e791df40a57850d4349dded76467cbb72ecf6bdfce3d363b5dcf696b6,validation
train/healthy/healthy (75).jpg,healthy,2,train,2cb8f2242e37aa2b17874c1ccba4cb30f9fbd6e814eb8c2397e0b0ef059df8d6,0f2915061a882def922b53faa998cf6a285153ae7dc364562cbb36c060de7817,validation
train/healthy/healthy (83).jpg,healthy,2,train,c7bf3d5348b5c2a234e4ac0806682e251bf5fe3fd7e5aadbf7c9befcb818e014,1671348c8928ee0ddb2f0c1a6b4b3e92aec0ebfd359a7396a5b8e554d7cf2144,validation
train/healthy/healthy (91).jpg,healthy,2,train,1bb88a8aa6615a8176dcd610b408e6aaa58ae0d2ba0553cd0802dd0a5e14f1af,8750f9eda637c1772eb9e86b7a1b99646318047ccb705b73c2f97494f0153a18,validation
train/healthy/healthy (93).jpg,healthy,2,train,12dc5547c2925e3b1020b2ab29511394b68c96ccdc64bf449af9f9c168edec87,118b9d58b3b79f9e0eddbc78a849db26a29638f5c6792e2bbe11c2e33ccfb623,validation
train/leaf_blast/leaf_blast (104).jpg,leaf_blast,3,train,5e3597b221ffe5653c90a4221ad1b85a2f14c73f2a2b4a341055e69238da394d,7693f466409e3998b47315d7c50117c1c09faa73b2826e14271802f8fa706ae8,validation
train/leaf_blast/leaf_blast (117).jpg,leaf_blast,3,train,6926a3f19d4f5380a19bd46de76e1488a9502f464c956b4a8f386b452e874c04,0d256fa6789d39b838ee719c5c74b4461066989bf324274c87c153e16e17e82c,validation
train/leaf_blast/leaf_blast (131).jpg,leaf_blast,3,train,20f60df5bef5b8966f6b006292aa94bbe0bc52c44235255d074d55afb09075d1,c071989ce89ce46f1683a83a5aea9c8c1fcb159cf41df8474899ed376b4a600d,validation
train/leaf_blast/leaf_blast (132).jpg,leaf_blast,3,train,04237bc3917657617dadd209053cf4fbacdac70376160065506c48e0849c757f,5aa07dabc425dd45714f77a4c56b0d7e2a4c9eb54950b265ef7a0f01256b9279,validation
train/leaf_blast/leaf_blast (138).jpg,leaf_blast,3,train,f3095f59a61a16a2b3fbad49fe3a8ee3251bed06de9d0623c5b984c7a4fbe782,c2aa26f4749e654b94afe4c924fd89a5b5ffe803d90834467de930e3fccbfa9d,validation
train/leaf_blast/leaf_blast (143).jpg,leaf_blast,3,train,6e68276f6f8a27e403633eb47c3d40e81ed50fb089e0ad7f8855bf8cd9ac58c4,a296a596ef44e47438b2ea86554ab297c9ee83685a509fdba4719b972a7be9fc,validation
train/leaf_blast/leaf_blast (15).jpg,leaf_blast,3,train,384634ea4dbd0ec2d40fc3534e6a93f1a025fdc535137f64ab040671d2368b2d,f8ca0b2159cdcbf730bdccabb0f47c461ab42c9ffd0b49e98a1d38c9089ab23c,validation
train/leaf_blast/leaf_blast (157).jpg,leaf_blast,3,train,5013ed147be78e9cf35cef664e8060753812185353fe65173ec8ae077c095b2a,28390749ba4fe4316af7b11050ea1670923d517813a280bc94e710cedb580c17,validation
train/leaf_blast/leaf_blast (158).jpg,leaf_blast,3,train,54886a0385d39ae3db5f81a07c9c98f66e89b05c35e9ff69b416547bef3b12e5,f307fedfa9bb60d17e6adc4f2ac2936b022b19c47c5766b35644d0745e91858a,validation
train/leaf_blast/leaf_blast (159).jpg,leaf_blast,3,train,096a20cf75e21e84548993cca4c3e6f632dd75e4b63f5b9ece673a65c69b9b3a,b898aa9dd7d4f94ae52de23e405847963b1f6408fd7fbb997b588777838e40b7,validation
train/leaf_blast/leaf_blast (16).jpg,leaf_blast,3,train,bfdda96ba0257dc0d6a579ae83f8cfcb4c2ae55a30d8b991838c73833cbf8cee,a315501f41862fade2dccca85e8ebcc9fbd5bf0c4dcd7c6004bf2f260ddb29b5,validation
train/leaf_blast/leaf_blast (162).jpg,leaf_blast,3,train,a5f18a0d7686d2bfcf4da458454d545691d87036c71382c79fa948ca0e017b4e,3643f6d3d5eb9b7bcf11299a15fcbf2ad3d8e0c70c56ce69fdde95923ed6fe74,validation
train/leaf_blast/leaf_blast (177).jpg,leaf_blast,3,train,08843df350e718ffff55e574ea8d343b48ebd1b403926f236b86d9208fca6029,6eea6e93534b5941ad41e1232131f124c1325e602b2d52e4ec0e1031e80b0276,validation
train/leaf_blast/leaf_blast (182).jpg,leaf_blast,3,train,beeff50d8d767213b17ef0e182b494cfc076f677cfcada94b82acf76f7fa2ff7,331893b7da9add1d8155f654624c9f1c5b8cac013e7b6487bcfa470f9e70ed16,validation
train/leaf_blast/leaf_blast (188).jpg,leaf_blast,3,train,80781058f54d013d254261766a1324d1f68e48076f49decf248c176625f33184,7527298ebc3b32e79c60f0daa7717a237cd6bd27cf25b9435418c950db90ed51,validation
train/leaf_blast/leaf_blast (189).jpg,leaf_blast,3,train,444ba88e41192ee54da9e0add728ca2dd3cf42f42071727b99dabb5cd5e9240f,7174e57a339d9681c4c281270f9bb242e04aecb640d07c4fb434a3c719960d0c,validation
train/leaf_blast/leaf_blast (193).jpg,leaf_blast,3,train,42e971d5bae659902fed3dce8a177ca59a77a64cbaa4fc6475fda5eb1b4732cd,09efbc8b0cd3877099cbb59827aa248da936d4f0a1996a2a96c7537b53550347,validation
train/leaf_blast/leaf_blast (196).jpg,leaf_blast,3,train,6e789ff650a3a91a77ad511d9ae8c31daaa20ba2442e5234e5193264b3e899af,dc8c83a9dee585dc41ea27e9586132004825bb398a83aa98ac584b3b8c0ac1b2,validation
train/leaf_blast/leaf_blast (198).jpg,leaf_blast,3,train,21365fa4ba57f24b283bd2868921f2c13685677b35267c870888f76af4c3c090,68d4a01ed9605d422e7f95c852ae6b7f894f22bda55fa3fe3095c8ee8827954d,validation
train/leaf_blast/leaf_blast (2).jpg,leaf_blast,3,train,16b3a8e903c51e11976cdad24aaa0410f633b748ea26a3b9de740a286747e770,16a4ce3e1463dbb1fb5f2039180a30802cc01d6bd4f5f68de56d6361b9265e2d,validation
train/leaf_blast/leaf_blast (208).jpg,leaf_blast,3,train,af85801440ec438a6384922d53b718f68cc5dfef5d91e63e076a7cd45e745cbd,2a5c7218cf097a5dc9602ee5c84aa7917402f40472644db63613a8c01038c092,validation
train/leaf_blast/leaf_blast (216).jpg,leaf_blast,3,train,b289c112215429d3bafdee2b3dfad07079722eae8e17d0d33ec69cdf7b227cc4,e46ba70a179938d72b9694b4a90fed829d378aa0c600e51d6924e75217eed176,validation
train/leaf_blast/leaf_blast (224).jpg,leaf_blast,3,train,6d48eb45d84ef8380834eb755ef6a6036fdbdb3c921f225e887b1de09100d65c,3437272fa6ca64aca272c334fbafc229321c7decddedb0eb03957cc806e0ca5f,validation
train/leaf_blast/leaf_blast (227).jpg,leaf_blast,3,train,c6deadacef6785237a30e76fb9910314c7bd0518adab6c0e77e89fbc7cea9596,e1b7f8f88c43168d9025f258a03b5045afaa136c0b9037bfe8d89609ad5374bb,validation
train/leaf_blast/leaf_blast (233).jpg,leaf_blast,3,train,a180c0fd58dc334f7d5cbe77bd1448a6647f3495aee72e205f76e4ab0dc5f139,23700908a74de5f744424d3bc0c1541d270c474e672daed326ba312084575461,validation
train/leaf_blast/leaf_blast (240).jpg,leaf_blast,3,train,7cba8b725f4ede5b122d0615b54920292bdb5cc01afc76d40940187b9c0a8be9,afb819b5f95615024e4e975fd8211f0b42daf80955990ff68b9daeb03817218f,validation
train/leaf_blast/leaf_blast (25).jpg,leaf_blast,3,train,4883ca50a46bfe350170330cfc3ca0be326c8cd83665cb9770f23b197754609f,ea08c5207dadbb81892f84ba536ed26625a0c3db4218bc3b04e08401123ee5f0,validation
train/leaf_blast/leaf_blast (257).jpg,leaf_blast,3,train,55cb15996ce1777c72d5220955b9beef2b223009ed742e14909a4adf43ce0f58,24c2d97e29c22c7a9a34c8d11c6365b08dfb8f1daad193e55e515e52d7f75ad3,validation
train/leaf_blast/leaf_blast (259).jpg,leaf_blast,3,train,895b60276a6e1c5e6dea1e6e4373ad64f93bbea0cc3ad564c76bfb3e37caffc3,d1882e3d030be693f93d81653b1f27aee4b8a872da1493b366111a6340f11d2e,validation
train/leaf_blast/leaf_blast (263).jpg,leaf_blast,3,train,40f3ba1ad1b03dd123c8c1af8e63869d8fc70af61dc9a0c9e03ce3d72a19cf0b,2f739d6668e8550566af1b75926f5f06d2a41a3655d79ede032f57565a911739,validation
train/leaf_blast/leaf_blast (272).jpg,leaf_blast,3,train,4aaa49eba389a602bc6b555809523354d5a827b8abe023438ef85a6aca285ab3,9ba8d6c61faf3ab1eb496a5e5c9d180f68f40edd3c03864008d0f5d5e0884fc4,validation
train/leaf_blast/leaf_blast (294).jpg,leaf_blast,3,train,568bda8e4a2c15bec0226e7ec27f6ca22e5eaca98b555d43e426e97f35f19174,98509c758f533c4c21c71ba39402d2724f16d3a0a948e3388c8ba5f488af843a,validation
train/leaf_blast/leaf_blast (311).jpg,leaf_blast,3,train,1ffd91dccc5ec93c814926b8fe7c7e582c5ea8982afbde923af70a631d7b6406,12fff76b3f6398790e758eb5188e2ccfff590305dd1fbff8cfd03941d1c7bf88,validation
train/leaf_blast/leaf_blast (316).jpg,leaf_blast,3,train,8ffd8e9ea89ca29b6aa63e525a6d9568bfa9a299656db07149e41cefc7d2029e,5398ab3f528da0e792c8e8d684667ce5200f1f8f7c20bf3ee36dbfaf070efcd3,validation
train/leaf_blast/leaf_blast (323).jpg,leaf_blast,3,train,4887dcae9e278df0f3229c59ff3195b0e311293485d2916703c790af1ff17939,df1357792d01e6f0a39fe9956ec77c55c0bed78ccf47adb5321950b2952d438a,validation
train/leaf_blast/leaf_blast (324).jpg,leaf_blast,3,train,7db34087bc32f0b5c97f5c66deef6ce110d45b2d4a75680151fc58ffc6d369c6,eab9a22955af1b6fbb48fdb0e9dda85441c3bcf59fee1a0b82935e007c922af5,validation
train/leaf_blast/leaf_blast (326).jpg,leaf_blast,3,train,6bc27f751496fadf9918cb45af842964dc235cb63186d4421ab244c651fe3ebc,050a1871a0adc9ab8bc42d396aa6c331865492eb5b01dc4117f2d9485ab09fd7,validation
train/leaf_blast/leaf_blast (336).jpg,leaf_blast,3,train,84e4e4269d1fe18838b618d9c87949171961f5bbb25c641f854b0ba86e007e01,d05bdb88401856c67b89ee821336b4fc5d99331dfdffde48003762350d43a710,validation
train/leaf_blast/leaf_blast (338).jpg,leaf_blast,3,train,7a4f6a77c414db17932d2bdd31fedc2295030eaf658e5aad3a282668e0cb179d,96f57dd758566625bad842ffbd17c1120e96c0ffa514850975b13aec3b8002b5,validation
train/leaf_blast/leaf_blast (346).jpg,leaf_blast,3,train,0a9507c27bb8895a454c6b831a50cc08de00fa7ac1509ce8bb60062d21ca6b6e,d5dd099614857007ad73736fc7b6cacc4d8026fdd4285647a7262f02324cca93,validation
train/leaf_blast/leaf_blast (36).jpg,leaf_blast,3,train,0bea8c665353ac71350fe7f4bc4b5bcdce306e67f82a90d7a92368e86b5517be,b49e6645c21036040d0696c33924ad2db9bda160377335152faa4fea8c185b09,validation
train/leaf_blast/leaf_blast (39).jpg,leaf_blast,3,train,d2447a65b9ec02fbd6cebd0fbdd723fc4f74074a1c0d3d443074f5f670528f26,48be4746a6b2e331cd52a914a2e5c1206eb6be8aec1a6b9d605b8bd1f34c0b4d,validation
train/leaf_blast/leaf_blast (40).jpg,leaf_blast,3,train,ac11c0fe9e3bd9dbac63edbfff675987757240bb1440b6908c8c65af92bb5b18,b088d618465e532655553e303171acd5b3af80f0fcef7e140e69acd4bd85a626,validation
train/leaf_blast/leaf_blast (44).jpg,leaf_blast,3,train,f39198e852d844c266476601a0b4b7afbf349b003cedda1cd523a9509abf3880,364dda64e39ad8aba7812244407100a068a54513f0a3f47f706c76ad67f1f52b,validation
train/leaf_blast/leaf_blast (54).jpg,leaf_blast,3,train,ef18ac0493a85535aeab6e8090a97533733ddaab4bb8ebeb22d3c30181184e1a,1908b4022a2dd6cbd37c9384b5569e472d4d6cb9593651b46aebb19505fbcd74,validation
train/leaf_blast/leaf_blast (58).jpg,leaf_blast,3,train,7bc0e4afd15e2fd24a0b5a16286b022ecf4cb6226707e4a34e594cbed356576a,6cd7fb117a82bf2e41d23e67795d30f3bd85244e18a736d9fefb3524f60bbed2,validation
train/leaf_blast/leaf_blast (67).jpg,leaf_blast,3,train,58f262912481d4c984f403d53e0e5ac00f34595b9339f0b0253ec5c687f207ba,57777156a58002778cb8d6d1aa9a61b0e08083259f9a8fbbac7a62bf51006d0c,validation
train/leaf_blast/leaf_blast (68).jpg,leaf_blast,3,train,d1f42f3d7b3e3f1be3f29979b3fe1257501c0da58d107dbb21ee04c9382fe20e,10aee713bc55242f88e6ba330ee70529635ef23289a617308c30e1daabcda360,validation
train/leaf_blast/leaf_blast (71).jpg,leaf_blast,3,train,69bfd3043cfaf8a16de5effb4c7a7e1c66ca2d068909c6a0d8e6d3473acc976b,760673eb77460b3bc4d2015b91cd48c0271e00d296e75ef32a4d62e3643dec3b,validation
train/leaf_blast/leaf_blast (72).jpg,leaf_blast,3,train,42066d52e0023082353206f7bb8b3623596a83e9206c2b5fc5c6f80b8224eae7,12364e122809e76c19225cf252ea3c0881d7f4103b858156892f7d4eba07e863,validation
train/leaf_blast/leaf_blast (73).jpg,leaf_blast,3,train,bdd535e4d83453d0ad0035d59c993e4a5f292eb59fb02abd32708704b538644a,5b90e395955323abcbc12097abff568f46a29d5ef242306d72a63509aefd5cb0,validation
train/leaf_blast/leaf_blast (76).jpg,leaf_blast,3,train,bef6b3b975deaab84ec969b0ec257b79264f7dfca56cd307994a2847e319bd50,0f2a29899b4237ac7dbe88b1a3aba22fde91693acd9c0551382d077ffaea1d2e,validation
train/leaf_blast/leaf_blast (8).jpg,leaf_blast,3,train,100a103c6f9c8ac68729b98f2b5aa8308bee1b6a03486f08cea7fe3fa62c0549,8b172fd39daa24e884f22b51b742d5e8af8c864cb8e163237354ef8e78114a0a,validation
train/leaf_blast/leaf_blast (82).jpg,leaf_blast,3,train,23c48a708794ed59c30cdd49a3cec1202b3951240e1e3ff350e9753bd9dcbe2d,1b0346163da31772e4481cdee766e65732aaf8258111383a621aae54a4a4652e,validation
train/leaf_scald/leaf_scald (104).jpg,leaf_scald,4,train,6d37780c9b44d553cde26917c5aae141331ffc8609d3392296cc0db147f9616f,9b274b63907e797852c1fe891ed8d1ac5b2162f11870bbfb2fed99b986d5c80f,validation
train/leaf_scald/leaf_scald (113).jpg,leaf_scald,4,train,5245ba0ca22755b24bed4fd651d399bb7df6a243e5d8b7f22f7448eef0560804,e81ed3a9720ba461ca5ee0e2d31570ae39ca0d9a8b645815a0ad9b2551c6eee4,validation
train/leaf_scald/leaf_scald (126).jpg,leaf_scald,4,train,fb35d0c760cff5101832642f3984e514f3f88cc5ab1204386bc0e27f8456430e,98f8b63baba6a464e8601d2990ebcc210749829fec1cc2d0dbc6c199be82cc07,validation
train/leaf_scald/leaf_scald (132).jpg,leaf_scald,4,train,8cd7e09e9b925b4d0f3d20ec37c78232d6c64e809ff426e1d8b79678d7241872,428b874b381fd1e6186d45467944d65672954fdcdc593b436df6edb3a8afeff9,validation
train/leaf_scald/leaf_scald (136).jpg,leaf_scald,4,train,09f02979d311c03123f43ffd015ed0414feebd540f464401114b2c7e5490a926,f3343d996a5a2bcce5b38aab69e4b079de5a8ba3e70c014610cd9730b623316f,validation
train/leaf_scald/leaf_scald (139).jpg,leaf_scald,4,train,73d99b306c6e8dade9cbaeced32abb9562d6b00cadf3c9b562ef9368eb2218c5,6109791fa30840a03af8d13098dc51fcdeb3e21f4f66aebd68d8bad32388407f,validation
train/leaf_scald/leaf_scald (142).jpg,leaf_scald,4,train,1077bc154541ea3995294535c3c8714ce65ba3251fcac04d23a760a7a9e1ac00,6b6fd404d3601bafd51c1c121c5f160f42b0b5ddc71d914be5c3c82751f90eab,validation
train/leaf_scald/leaf_scald (145).jpg,leaf_scald,4,train,2449f8baeb0c6d329ce41c46a0d51cdf1bcbf51ee583ec3fe86f46facfa66ad7,5c54951be4c4ebecfd6a252ad8c6e51b89ea31ff8bef34ab9b0ea6fd36326d71,validation
train/leaf_scald/leaf_scald (149).jpg,leaf_scald,4,train,cb8abe53867d8c5e568cff7b11effb9c2ea3175b7b084989df58b7bff0c963d9,eb5a1eeab9903caa2787b06e12c0e239c83303216604c9c3db5ea428010b0782,validation
train/leaf_scald/leaf_scald (167).jpg,leaf_scald,4,train,466012342e33c4c72d8369bdc2fe836493a5a95ea71105418343f601be6f5b06,06d2272c5ad4c9bbabfd20fb70610bae8939bdee3409d5b92b5512ed89ea8bbb,validation
train/leaf_scald/leaf_scald (176).jpg,leaf_scald,4,train,fe99419bbbacdac8db144079d085a5c622f25cdbb04f27c434b8c16734c7e19f,673886ffdd7a830ebba754a2cfefe5479500a860b3c47ad358405d8e5ecebf83,validation
train/leaf_scald/leaf_scald (18).jpg,leaf_scald,4,train,4dd8256be19340d45d23c85d251adb859eb91d2898d544e0ff7f98661b7301ba,066a46ce8683cc8ae068f26d47b471f30327a321e57c1b7c5ded9e15790e8f7c,validation
train/leaf_scald/leaf_scald (180).jpg,leaf_scald,4,train,704a87d8067f5036992efb7b6340d23d18119c5d6589f708b08520ea87dbcef3,abfa9d084631014e0f78f8bf586a3b2dd3a8fcd9e9d4327c8371115dda901c72,validation
train/leaf_scald/leaf_scald (185).jpg,leaf_scald,4,train,b21f3c78004f975c461e4ccd744c7a00a1280c990dc4e8f544a716da020f0dca,e85aacb11c757bb29972cb8dfeb6fc65be51277bb60472a775a3725b28310008,validation
train/leaf_scald/leaf_scald (192).jpg,leaf_scald,4,train,2ba58977f7db0a2f14b68ca587a178995e986989712db4c49f110233214e0bcb,192a530642630e5312bd058d884dcde6b440e8e7628eaa0d9f5fb58395ae7b4b,validation
train/leaf_scald/leaf_scald (20).jpg,leaf_scald,4,train,a998d8f5829878ba0941d1a87404eaa72295c89d899cc2aa7eb81b50b1c92f7d,eb4733ce79adcafa9f7109ce853092e78f0332609fe13c16cf61f3598222fb68,validation
train/leaf_scald/leaf_scald (205).jpg,leaf_scald,4,train,a03d06f245644e03aaea6ab9c871695cee3201eb408e327ad1324a4339dc77cc,765bed2e7e313bd126c879a8e513fd8ea99dbe866d19ccab24b8442ecbf42fe0,validation
train/leaf_scald/leaf_scald (210).jpg,leaf_scald,4,train,f8e826c29ca7b5ea5a0aadc0c92cda56e40c7fcbfc1aa85c0ab4b05c96e43d67,ad8f6aea7a9688ea09d8a16eb60350da74cebcc2dfdc7f75c197a7a79c2bacf3,validation
train/leaf_scald/leaf_scald (222).jpg,leaf_scald,4,train,93f65f99009fca281f67ac186ee247511d0f7ed5412886db9061af93e3a42d4e,e6474c3bde7592e74a59aa63d779629d35c022ef72f321b3f00436a9ead9c6a1,validation
train/leaf_scald/leaf_scald (235).jpg,leaf_scald,4,train,bf923d92008906fcec593dda360026d7e76e6b9029153bd626761be32a598091,eab5eb427e5232e21de2f4184a24e2992155c93af79599264afef1fd41cbd484,validation
train/leaf_scald/leaf_scald (259).jpg,leaf_scald,4,train,f8b666d44f01d456bfed226dc292995595cdd31a0e21230fd1e86d6337691295,3e59fd33082a47b551f3d6f6c2f6a0e9aaa1c27a3072bdff9eaed3e48cb89c39,validation
train/leaf_scald/leaf_scald (260).jpg,leaf_scald,4,train,398e19fce546b11503e715fdc5c39be86050f5c31dee6e73dd01eb3cfed64c62,47fc172dea2896bc0de7119836606bc94b999627e393a07878b7da679b9857aa,validation
train/leaf_scald/leaf_scald (271).jpg,leaf_scald,4,train,a9882f734df499e401064beef25e54bd54819bcfc0bd37cd48b2c86cc2ac0a39,08dde05e41d2af11908fc19588038b1bb75c334dbf96b3c354a882f53e5e3726,validation
train/leaf_scald/leaf_scald (273).jpg,leaf_scald,4,train,aa3db045a54909f828f8539d608fc9b90cc146464c3857bbd47fd600a930bf42,83da85d688ee29bf5a3aa5f849655b7a3d0681eb70c45bc12a7569f91d101841,validation
train/leaf_scald/leaf_scald (274).jpg,leaf_scald,4,train,4ff4d615064f6d5b9cf09148b8ec36b17d612fee57f087d8fb0a25df3f83e678,ec5830d8926afb64eaa54c662215b6b908644267c5598067d14928297a8ae0e2,validation
train/leaf_scald/leaf_scald (284).jpg,leaf_scald,4,train,54cc1e64999636175053679ecde2487c14c6727613f5b868fa4f136f84160b45,e44014f740c9cc5c69c76986e07432445d279238da47a849b30a9373d7df0c88,validation
train/leaf_scald/leaf_scald (286).jpg,leaf_scald,4,train,8dd6e397c5575174103faf803bdd498c8f264841c6495bf078b2240df90e2345,b3e3e9071d7f22d7baac577ddae10249c3ee1579469227b1174c40fcd08e05f1,validation
train/leaf_scald/leaf_scald (287).jpg,leaf_scald,4,train,867456c21cc981a634b23ab7a14cb0b0cf75a3f27452b5cd8036dc505f928d55,cea8ac74aa84181eb052b7312e691ce7abf4b78192ab866fdbb5727f6ba279d6,validation
train/leaf_scald/leaf_scald (294).jpg,leaf_scald,4,train,f0c90e3b57408c99659040784e8e51a1eb3818c868277d300bbc2a5541bfbc8e,7585b055ba0770c020ffaeff428f0959710f17f26cb8e0974fab405e31986213,validation
train/leaf_scald/leaf_scald (295).jpg,leaf_scald,4,train,4ad048f5e35efe1e510d5f3aabf7f065c483782294b221d484315b212e5d0514,dab6c2a118e198888cd0aed417301b01719f3ee49dd57bc0791cc89c242db471,validation
train/leaf_scald/leaf_scald (307).jpg,leaf_scald,4,train,e1811e4540d75847d60c383c38a95d637081d48c4aea5f1ea7eb5a5b335009ee,c56769c9440130d45be9a831a037a402b8c5360b3af8ee9580b5f70bcafd6335,validation
train/leaf_scald/leaf_scald (309).jpg,leaf_scald,4,train,944cf0c1ce8bb35c0463ac6b1779306ca2abe17b15928ae52010948029fd0a5f,8321b638eed6256022d50d5316120050846ff96ed2bd8e17b600ffba00f75c23,validation
train/leaf_scald/leaf_scald (326).jpg,leaf_scald,4,train,970958b70f3885cc812b8d02e24a165f3757bd09763d991b22b5c66e41bab241,c9c2cd548ec9a5d75e7395562e2b6f39b02b8711419dd03ac17a9eb4dfbb948e,validation
train/leaf_scald/leaf_scald (344).jpg,leaf_scald,4,train,6447d4ec2f98af34168f8dce9d181e74102b57b4ee7cbc3446746b475b730730,74c5f967e3337f99c4822ca61ab1dd26d71553c423eca7c2d477f2fb0d1c90fa,validation
train/leaf_scald/leaf_scald (346).jpg,leaf_scald,4,train,a7a6fd3ec0338f05abb7bddf145be3e8803d4c6230b2d923411a534088088fe0,39d6440d65947cdbfac55f3ca0bd3e07254ad7b87f562d53c4eed27e687537da,validation
train/leaf_scald/leaf_scald (37).jpg,leaf_scald,4,train,ed452ea15a7ea9aeac8c708ef8c3f047adfcbc3bcbb8861f59e138870f9e78de,0a2101178eaa496a017139ff0cec976a5e1c1654a669146817f3630340fee555,validation
train/leaf_scald/leaf_scald (4).jpg,leaf_scald,4,train,d2bb9631f89626a73fc1d422f08f10d406fbcbbeff77f07c316c941d11bbc79a,ead90b86bcc376b372f856b1394c33b521689dff66300fe43acc94720c9bd4a1,validation
train/leaf_scald/leaf_scald (50).jpg,leaf_scald,4,train,364c881c8bd5bf1092e1877063f007f2a53319f5709a9e90b7c99344bb84a496,303f76207365bfc9118907c17e5d9c96eeb55e2cf03ad5a2de36e91370e6dada,validation
train/leaf_scald/leaf_scald (52).jpg,leaf_scald,4,train,8738db1e65014daeb1d0fcba3f89a15ab8bc606041510d0d45563b59b4a62eeb,f74b6dccf26219b558755ebc3c2eaebecee34114f5c69d6dd532919a444a6b5c,validation
train/leaf_scald/leaf_scald (56).jpg,leaf_scald,4,train,cdd131d81ac32e8ee94a5a1a9a4777231669936e52eec634901c361ad234b8bc,1c1cf3e3b084967876bc521cb70de840744d9a798a1013fbf1ab31c0a4ed4320,validation
train/leaf_scald/leaf_scald (58).jpg,leaf_scald,4,train,d0828dc41028d95daf9d7864a1b9708af56bf75c3d1c3545f32441546e87e41f,582a5cc6e9d798f634ac5344f72e9dc188ed5d345d9e8c6c500cd3b59815ae9b,validation
train/leaf_scald/leaf_scald (59).jpg,leaf_scald,4,train,24536a5008377ddb7603f61782e5c050e849390dad60e7e6f10df371feba9735,a8b01b041336321237fcd75141110c5d0b33f058db9a5386e78f8a6b7507db2c,validation
train/leaf_scald/leaf_scald (68).jpg,leaf_scald,4,train,b6321b0c0a2766f83ec270cca888b30410adb4c88c8d311e3cfe2f38b1e150a3,2c674bb63676a9b6cf272dd8d0156af8b3a4e54d665dea84e0488025d003886b,validation
train/leaf_scald/leaf_scald (70).jpg,leaf_scald,4,train,7f79a4cec52e0a68d74da2155201d8e5487f26306b979590df8efb7cae19808d,0a212dea4d6e997d37b3ee1066e72445ce50a92f3d2cc268500842fd32203bf0,validation
train/leaf_scald/leaf_scald (73).jpg,leaf_scald,4,train,36a91fd3a2c043b1151b529e29e263ff80278b66cce940005e04cf66a2f1d4cf,4f431e68ff8a36f20214b91f617c100550ce04d2ba5bebafbbcb4191be76629e,validation
train/leaf_scald/leaf_scald (79).jpg,leaf_scald,4,train,f02d2c3a8a85051d5c90dde5d86ea59989094dcce8b90cc1b9a1e548d09bf101,741a1bbd964a3026d1cd1f8560d404e4cb7c93ac9c2351c64be5af929a447bd7,validation
train/leaf_scald/leaf_scald (80).jpg,leaf_scald,4,train,978df4335cf66051848992a0f6a69de563bb97df73a0fca31559186e2a3ef338,d2ceef1f925dd55d70cfab8c76220dd13e66d9ac7caa8d6b5cba7b6400375886,validation
train/leaf_scald/leaf_scald (81).jpg,leaf_scald,4,train,664ea15610d0ceff694b27d9d37f04846bd9600c5f4798f3f57df74887022064,e6322aa161416b641b31daac5998348ebc37c2564e74ebbe89145235a5cf72d7,validation
train/leaf_scald/leaf_scald (98).jpg,leaf_scald,4,train,1f7b1e30da7b41abc6376d19fe6d24df2fe03ad57cbdbc8f2085f57ffcc695cd,ebc50b3da681880f4ec5f18c5798dc0246431d2b11043950fd83671b3ad677c3,validation
train/narrow_brown_spot/narrow_brown (10).jpg,narrow_brown_spot,5,train,00ac658b66a194de379c7bb41538af21167947b99b8c2693c9d9a2222fa4ede6,88345ab2453473008ddb4e2292673eb06132a4e0d4c488469684d9aef7b3257e,validation
train/narrow_brown_spot/narrow_brown (102).jpg,narrow_brown_spot,5,train,b90fc185140eb9a50e356de235c620d75b9c6e76aaf69d9229ab3eecfeb91918,5e0b9888c31809e27e7a8eb6172dd1f18ec63bd79d28a8bcec1a671caa60a625,validation
train/narrow_brown_spot/narrow_brown (106).jpg,narrow_brown_spot,5,train,50d9d824412bc3c877bb0817690a10f51e239086995a2c83e3501faaa38c93a3,4a012930f43b680234051b6c2635aac9e235c91a531999b477207d08239e567a,validation
train/narrow_brown_spot/narrow_brown (111).jpg,narrow_brown_spot,5,train,365ff8d3465393796e6cf34051a6d9dbdb2593cc49bcf94430e8b5243c251ad3,dbf90acc5691ded4a75497f8a6f340c28c71a1024b3f4876ac4a9fcc8b607416,validation
train/narrow_brown_spot/narrow_brown (124).jpg,narrow_brown_spot,5,train,0e97baa0add0ad0f3b453959ef99fdc2632eda77a51de5f3fabac87434f5ce11,24c9e32daf640a0494cccbb9419bdcebb92b30ca0eebc0b8edf3085ee7395ba3,validation
train/narrow_brown_spot/narrow_brown (139).jpg,narrow_brown_spot,5,train,2da71819b8fe531ed2f874f62bead6f372c38bd5321908223f39e9e8b293e8ec,e01b7efecf3b30c172e937344e2429f44cb99efb73c6c7f042039ef45935b75e,validation
train/narrow_brown_spot/narrow_brown (141).jpg,narrow_brown_spot,5,train,d1489258f20551a624b28788904774d12e25c5267ca0d0de7384d231d456e595,2ecbb7913685ef8db602cd446883ef8b2b35cdc9c10d1ffd8c6dddae2d7aabc6,validation
train/narrow_brown_spot/narrow_brown (145).jpg,narrow_brown_spot,5,train,2efbf45afb72707afeaa7381d9c8fea7453b525ffef54d8cc936e0b76c28751d,2d612c4677fd2b33bc3d23d81764040f4e4bd33eb9d57ed0271ba9acdc457b8e,validation
train/narrow_brown_spot/narrow_brown (157).jpg,narrow_brown_spot,5,train,ffbf7ace833cbd469d5705acf434760301e44087a8509d4afb21e25bd4cb03be,272d83859b3f1a6a987a8ee20a16f7e38d7c127c88a1de4fb8f6c70465fa43bd,validation
train/narrow_brown_spot/narrow_brown (158).jpg,narrow_brown_spot,5,train,f624239b15bfc5a0748217f2689dceaaa0ec2d79873fe09467901dbcf0b1b6d3,c5832ff37a1f84ca8d9bbbfb91c52b30fbc621530564c86bb7e5c9356f1449ae,validation
train/narrow_brown_spot/narrow_brown (161).jpg,narrow_brown_spot,5,train,869f99ad9a826ee066401bff2c0f6db6d8a7d186501bc314bbe8cdaa3654c91e,0ec4286d0a5f5e2f290d2bc8e14ead3f78df2a5f27caa94b2bfb663987961dc1,validation
train/narrow_brown_spot/narrow_brown (164).jpg,narrow_brown_spot,5,train,a4595d5703abde99dc8c98dad00e35edf89dabd8b667b43943a6b9b65594bfc1,4299f34c4600ac4b85e312bc26fbcac43e96bab9fcd5561fb0dfd299634b6450,validation
train/narrow_brown_spot/narrow_brown (165).jpg,narrow_brown_spot,5,train,168638f253b7db7042b0e835affbb117b8c350e024e8239301fe668b64910c9c,a500d50d18f941c5ff0b769186a210ab15ed23025fb436db1279b776d4e21a6c,validation
train/narrow_brown_spot/narrow_brown (18).jpg,narrow_brown_spot,5,train,3d069e84a8f43ef479aee3629903a121f7cf780f492d8c5997825a97b5b4fe87,0eeea97ebb817da43a5e7a0e75e7c9477b3d7edaeedea7be8b5d88dbab60018b,validation
train/narrow_brown_spot/narrow_brown (188).jpg,narrow_brown_spot,5,train,044ca80adde45cbfd371b1d94e7530dd962b730d21262441490b977e866ff098,26917d38475dfbcae7227b2dc188562d7d989a04e12333d35d3729bd4e8ec9c3,validation
train/narrow_brown_spot/narrow_brown (192).jpg,narrow_brown_spot,5,train,266fb0fb23beea9c73b5e59764747cda0dcc56fcaf46839f515f65446f3f2f32,cecad47e94a0089332b86c87ab42c63ea6117e9b4ebf01d4a593a062587781ab,validation
train/narrow_brown_spot/narrow_brown (196).jpg,narrow_brown_spot,5,train,c5372e19623ba5a31b56ad548598d432987d11a1e19d1a0e8621473f3c3aa039,7ba5d840a5c9995de11db615d6929d20ab537a3b3f26c49092dcc86186d659c8,validation
train/narrow_brown_spot/narrow_brown (199).jpg,narrow_brown_spot,5,train,74d652b8ccd67a0ae5728e65c8cbc5c40561f19611064b7792bd0f7e8b53e03c,3e07be7bcede904e6ed2bcc90c60b5671877278ecd3829f5911a0f4bee37ded1,validation
train/narrow_brown_spot/narrow_brown (201).jpg,narrow_brown_spot,5,train,be302bdfcef8da96e0b0f1ff5e0595aa0d2570bb0a53b72d7d91bff1d90e9283,b35baea1ffef18a0610c2f8ce97726815b05f82dba3c9babe06aacd18c40fec0,validation
train/narrow_brown_spot/narrow_brown (205).jpg,narrow_brown_spot,5,train,1bdc8667afc06c302bbce45faf5b8fe8186147a23e7daa724fbf9984b79a49e5,8115cf728f3753cccef0058d7edc768f5affcfc6c0c2f47019ff7c5621e9c51f,validation
train/narrow_brown_spot/narrow_brown (209).jpg,narrow_brown_spot,5,train,943d468c886eb4e29b18edd0e6dd75a5eaa760a56dc48c3358bd3538e69d582a,e3f508bc172671ee731ee1b9852f3039f55cab4faf6d35f211d6a52078a6eced,validation
train/narrow_brown_spot/narrow_brown (21).jpg,narrow_brown_spot,5,train,17200f9605a3a6d0909ccec96e1e9bfdd4b10b86dd7c184bc08928e07efb620e,013eee84d0905a4910cb13214466eb4a8547253b742fe967552739a1d0c5cbf6,validation
train/narrow_brown_spot/narrow_brown (223).jpg,narrow_brown_spot,5,train,7e98edaa6a7f45efdf31b14f3da21750fb84b3e13b6616ec8816705161f5054e,3eda487c99162e5005ba12da6ac0e3ca73678ed04ee8a2bbe7ebfe8e98f00a54,validation
train/narrow_brown_spot/narrow_brown (230).jpg,narrow_brown_spot,5,train,360e87930abc2c5054f36587608132ea0c5d031de10eaade2cef608071a82088,5dbceba74929a9b2cf9a259be8f7c4677d92a489b4134fa5d75a915d6f8d68c6,validation
train/narrow_brown_spot/narrow_brown (232).jpg,narrow_brown_spot,5,train,a33a33e3c6c773f70448b4f92a6b48ab4ad808ac4d0be40e57e95038e680882e,3dc76436e1165eea9358ac2062ac460168b13c413b1a6f51a462621f90cf5a1a,validation
train/narrow_brown_spot/narrow_brown (238).jpg,narrow_brown_spot,5,train,baab0795ed608c3c90b53560e84d9d3801c6521ed9172198809ced9c1998513d,33f68fb7320f4cf0dc3ddc69ab545fe73a64ec31d1615423c696a0f40c79b53b,validation
train/narrow_brown_spot/narrow_brown (244).jpg,narrow_brown_spot,5,train,8b1e93f230936672143e0210d46f65a2cdfdac8fc20420fa365e080dd28bd1d4,00e5ffa919ceb43618efb41aebe41959df06c2eca0632962907fd589a4b44451,validation
train/narrow_brown_spot/narrow_brown (245).jpg,narrow_brown_spot,5,train,81af18f75431e1d321970ed7ee86821e62ccb52325a94de10f2bcea3ac011e49,24a75323c3178dbbf4da37361493997a900bd054efb99656dad8a60e74cb35b1,validation
train/narrow_brown_spot/narrow_brown (261).jpg,narrow_brown_spot,5,train,29169ba0595bba67a139b7f8e30d89dca3cba436b21f95e57f68b53d19ffff98,712b780b679e88cf5f14860f484e5ad85d76ca1eec5d99cfc1f37e9c571dfc34,validation
train/narrow_brown_spot/narrow_brown (264).jpg,narrow_brown_spot,5,train,71bb67446dc4ace9cf9bb5c0e0e5d6e7c3c8078a586000f3229e07b57b48fa29,03e25fb89de3c7977a531c8f8bf06f710bd8acf8c630e2bcc6a2e0443e419285,validation
train/narrow_brown_spot/narrow_brown (268).jpg,narrow_brown_spot,5,train,1378f4eb8cc797fc322b49f1cc772cf91d568544a6a84912aac5850919b281a9,22ae45fd9eb2e883f2b925407bb47b53d199d9623e5b1fff68c9754b4042794d,validation
train/narrow_brown_spot/narrow_brown (270).jpg,narrow_brown_spot,5,train,b58cc171d23d62dc8d52d483021392cf92f71efe1f68c7c413ce3dca46f82e80,a75cf02727a880b490d358092a2974afbab606f72e50d6f05cff5b76bdd81bf4,validation
train/narrow_brown_spot/narrow_brown (271).jpg,narrow_brown_spot,5,train,e769a9aaa5ff7a3aacf3c8d749336882f32e31d9d28f369ed8c5e8d38c7555f1,92d7fbd44452b999eae98b06700424ad132681ab1635f2c59095d2f8f440f71b,validation
train/narrow_brown_spot/narrow_brown (278).jpg,narrow_brown_spot,5,train,fff551459170a4b6e1ed66a8c3ac73b1223613af5e7e63ae44b39274d6278be2,fa30ea199b7159347dcc6fb882f49cec60a2658cdbd33fb45a90e78db846d7ba,validation
train/narrow_brown_spot/narrow_brown (288).jpg,narrow_brown_spot,5,train,b8e3af178101ff3eac7ae05f15d921b5bebe2f09f6deea12a60aaf4159517469,7443085fda8b6b0417e2b697a4cb4ea1a10d5172f4d576d4779055b326d38884,validation
train/narrow_brown_spot/narrow_brown (293).jpg,narrow_brown_spot,5,train,e4bbd4f896d47aa9375fadaa06d039bb73d77234cdcb45c6171e653d1bfe42cd,dbc10243c87e513d00fe7238f1f04d70047d7bef1f65b2b330df6eff58239ee3,validation
train/narrow_brown_spot/narrow_brown (304).jpg,narrow_brown_spot,5,train,086e070d5ce096559d384d0e6e9c23470c2970a2e3c60f3d7e78542b739d90ba,e529aa15026615a4f659ee8645a9200e4ce9d27be9173e1ab57fad667f3b5e19,validation
train/narrow_brown_spot/narrow_brown (31).jpg,narrow_brown_spot,5,train,8f48c2bda3893fd5b4edcc2fd41dc2c75d9f56521e807d98a7fddba244b15554,e3768ef1264f922962927045067d922bfcaf6a65a19be168def1cebc6784ac75,validation
train/narrow_brown_spot/narrow_brown (316).jpg,narrow_brown_spot,5,train,dabecca22aaa66b936e9424cb9736c008e1c63ddd693ccb880c96acc89a64bac,65c55d59b4fc2e3fab2dc4dd054f1dabdda2f865216c36f6e72f4b7157d824a2,validation
train/narrow_brown_spot/narrow_brown (324).jpg,narrow_brown_spot,5,train,4d3283ab7461bc594c5bb77440ff7f66bec448fd44fd8853ea9bb2388990b6ca,b585d109207db851b6beb8a4a3b51f466edc428730b4f846f7bf238f888c277e,validation
train/narrow_brown_spot/narrow_brown (325).jpg,narrow_brown_spot,5,train,5654d7fa2a55c8c9924a2a081ccd8fcf9d94da21666143f348e5a3f4787b3bbb,86c6d718f90923f831eb63fb4a449bfc5721ed30eb6439e42095f060190ff549,validation
train/narrow_brown_spot/narrow_brown (326).jpg,narrow_brown_spot,5,train,13d54f15c943c8fa9ab95f4af4f7cc45570165bb4280fca7c25767b6a8a8d50a,bdd6a925613adbeb8ed13e5d7064d85953b115023f8a8a917dbb4716ba351692,validation
train/narrow_brown_spot/narrow_brown (343).jpg,narrow_brown_spot,5,train,0b2e12975b88a0f9a32ab77d8132056578de276eb3d30edb20eb6e911ae66558,d96ccf9686f8e8ad35bc890f7cdac935defa73907bd89394dbafc35495780e42,validation
train/narrow_brown_spot/narrow_brown (346).jpg,narrow_brown_spot,5,train,dfc72ed8fbd9b41bf364f3c0af450d0096b4115a32f572696f9040963caba2a9,fbe3eefd595f8300f335f66d39993999e1cac1ccadad86381df4d253839332b5,validation
train/narrow_brown_spot/narrow_brown (350).jpg,narrow_brown_spot,5,train,9adaa5ec9b5fa41af9349da9b393ef2800daed2ddfa2453963b6a8a5570bb38c,3f690ef1143ce00b1908e91bd71363cc003e023e96b25d9b607d6f672e94ff80,validation
train/narrow_brown_spot/narrow_brown (45).jpg,narrow_brown_spot,5,train,f28c317b796dc4c4b716969b29b8e9d0e9fbd16012c30aad641a268f4fe2626c,8ab78e9aa2ab23a70d69a89c6bdac6b4d5899eecb61ef40ee7131fb3be4425ad,validation
train/narrow_brown_spot/narrow_brown (52).jpg,narrow_brown_spot,5,train,31165c1bb7410cf24e4ed9812823e4a4657061d93f8639148f0fed082994d8bb,799cfde3f4c96016e6249be6a6922ff6cc68528b521937cbf2ad9b97af52d628,validation
train/narrow_brown_spot/narrow_brown (58).jpg,narrow_brown_spot,5,train,2b11c09f047c1085fe962e8bda32072ae66420fc0dd6e8398b706145ff7c2d01,145c1ea5c2fbf0a27149f7e7873da5f103a597b4819b517b13d0f88cc67284dd,validation
train/narrow_brown_spot/narrow_brown (60).jpg,narrow_brown_spot,5,train,e35a496951f7baba653c0b5d579b3b7075b1739f6084d40bce6686f22b589fa0,72ca820d6cb45d9178a77eadaabd4e668293661d69a6b126882749361b0ca3a5,validation
train/narrow_brown_spot/narrow_brown (65).jpg,narrow_brown_spot,5,train,a52f757b72c764d249fdfeaab9f204792ee43a4fa06d7c1c81711566a7a9932e,e543344c2252dc4eb9768d53730827bf6192c903e5a1a518b960e763509065a8,validation
train/narrow_brown_spot/narrow_brown (7).jpg,narrow_brown_spot,5,train,335d97cce1bdab0b7cd4a18c8139b236d7566925796276d78c41c7fc00464692,93c5c8426e037cb2b6caf26baf65df187d9e24c05763712417a01da0605a6b4b,validation
train/narrow_brown_spot/narrow_brown (79).jpg,narrow_brown_spot,5,train,f5b5be3b0111916eef0f075cdd3de0e91a321dfc3f7862487a792fee19c5d9b0,6ba985d28d872e735dedfce0cd51fd48350d54cf7bc6a32c5134773b757b0305,validation
train/narrow_brown_spot/narrow_brown (95).jpg,narrow_brown_spot,5,train,9676de04f2ec91f7199fa738350db3322a2e9339267b5c90fc87c050ba1932ca,795d9904c307e180bc9ba36e8ed0620ff0c4f55d3637c8d4924f1b6fe3ae20dd,validation
test/bacterial_leaf_blight/bacterial_leaf_blight (10).JPG,bacterial_leaf_blight,0,test,e0e0b2e41751cefd6e435a4b53bec4de4a1ab777ea45be668e0cdea83de80038,f9a082e0643fad4130f6028e926fec36e47bcf95a8f7a108e78541bf25214348,test
test/bacterial_leaf_blight/bacterial_leaf_blight (115).JPG,bacterial_leaf_blight,0,test,1903483483f471cb9517d2d338b85bd7c1b54e70ea7c8e4ef337b5a320207c79,23959114535118b4f26289ff97c4ee92f7d144f6973c1d5c175475e2135563e7,test
test/bacterial_leaf_blight/bacterial_leaf_blight (125).jpg,bacterial_leaf_blight,0,test,4740e55d2a8b46b35ec5bed6e8e84b8125f15e68368481870b2789e1029a6d11,53b22c8ee50bc95a3e63dbee8f7d3ee3a1fff4d81b0081759ef565e7ddbd14e6,test
test/bacterial_leaf_blight/bacterial_leaf_blight (129).JPG,bacterial_leaf_blight,0,test,751e8ac10ddb45f6d0e2b23cbe270213ec6b227d522deb19f5d3732095477572,5f1844973af904fde3f2b97187310239d86de4c9f54daca272b09dba7a2c9a79,test
test/bacterial_leaf_blight/bacterial_leaf_blight (133).JPG,bacterial_leaf_blight,0,test,c9aec5deffd03aa7f2cc30423e62e4a44d3aaa06561ee322aede1aca19b22333,fcbe77c1db74eb873ca9b24275a04afffeb0143e7f002c7df343d291a5edee41,test
test/bacterial_leaf_blight/bacterial_leaf_blight (134).JPG,bacterial_leaf_blight,0,test,8ed26c354b55071f8281f12f3c1ee70f2708ad2362517f351cd414163bf6bfd1,fe309bd16e45e3bcf39f8d56d2e3a218ceecb01edba2d59b4991914e55521be8,test
test/bacterial_leaf_blight/bacterial_leaf_blight (136).jpg,bacterial_leaf_blight,0,test,38133103d21980f75ea815da063b3be5137b75bd5c1e29cc6498157023aba93f,8648fdec749635be20ee545e5183f5f7f3e706645083534077fac48f401e63dd,test
test/bacterial_leaf_blight/bacterial_leaf_blight (137).JPG,bacterial_leaf_blight,0,test,870dcaec31d211dfa08aca0f58278358a969960dba3641baaf95d2ff658de471,21f6e860bfebefd46ddabd82dd10e805671fc23448782cbf9041996fe47b3115,test
test/bacterial_leaf_blight/bacterial_leaf_blight (142).JPG,bacterial_leaf_blight,0,test,ab0b7356be14c96b720edfa199fa6cee6a15cb4b156062a138ec1a3ea8bd6889,1b07df27c2a53c676168d8cff653821bd72d36d432418884514f695eb2b1f0cd,test
test/bacterial_leaf_blight/bacterial_leaf_blight (147).JPG,bacterial_leaf_blight,0,test,3e1acb581d785a0c6314c9cf4e1b9035c5300744af41f601250475a3f9a4c0ec,b101beea1a468790d14c2cd019ce1578a1bc990836d41a31f34c247fba7731b9,test
test/bacterial_leaf_blight/bacterial_leaf_blight (153).JPG,bacterial_leaf_blight,0,test,b39236d168ddc10cc1c76fb4a4679939709c05831b090f6716ffc6fc2b6f98cd,c44943ae56bce5f9c79b65cd24cb2576838f86fe897da19f1e1af7a16a1356f7,test
test/bacterial_leaf_blight/bacterial_leaf_blight (155).jpg,bacterial_leaf_blight,0,test,77d8aa6df7b21ab936538c35b57b78f359eb5e6501b4b309ef04b80050a5e5f0,9f671e0135535e7188ecc69229c2b1d8357c23220dfa0f679df2c920427224c6,test
test/bacterial_leaf_blight/bacterial_leaf_blight (157).jpg,bacterial_leaf_blight,0,test,f37d919ed9517dfdfb42aabf5b83ff5ff1c58b6c7acd3008c07b70d8cd509033,e5b4de90f0c91502e693740ab97a5083cdb9b083483b0719d04bb7a93dfaae14,test
test/bacterial_leaf_blight/bacterial_leaf_blight (176).JPG,bacterial_leaf_blight,0,test,a5c54852f47d74d77de9e0cf095473f1f0c5936dcf22b79c0d788e273bd77491,04b3091a6c8ec901156fa79c2fc479c20a2b9f6a47988637320fde183b39f536,test
test/bacterial_leaf_blight/bacterial_leaf_blight (177).JPG,bacterial_leaf_blight,0,test,2795aae2d650685268d5a37e567de41d7f36942d18c63ce1125aa4d4e6b9b64b,041826638c04f5c21d0e623b78a53df9b70a7fa3945a39ce85db18d261b16480,test
test/bacterial_leaf_blight/bacterial_leaf_blight (178).JPG,bacterial_leaf_blight,0,test,79f08a2bb0972a1b21233702449ba4c567e3a31538525150c8f147e73be72ca5,8e75c2fe33d979eed292bbcc6de17b39d0603366a33b8d25538ae98ab8cb7f1e,test
test/bacterial_leaf_blight/bacterial_leaf_blight (180).JPG,bacterial_leaf_blight,0,test,18025a84f84fe6c8c9bc62533048b235bff42df76fad517ba751202c7b681c08,063d26c0b14fb718883c0cdde71b59759a226cf65ae4c3bf6524526387006d88,test
test/bacterial_leaf_blight/bacterial_leaf_blight (181).JPG,bacterial_leaf_blight,0,test,1e5433c80385f1ffaa8537d286498307751b882fa2d2e313e6f012dcaec06907,16a0b0298759fc17f5d007cd1b3d9c1cef5415d1fcd06aedbfb171c12b5ff172,test
test/bacterial_leaf_blight/bacterial_leaf_blight (182).jpg,bacterial_leaf_blight,0,test,f14c1dae47842390383478a97191d2605a05c6224ecc65c83083db748ab0486b,bd6114ce90f8755452d24789d53d592dbe78b4e47e6e709bc5fc8c41ab77a131,test
test/bacterial_leaf_blight/bacterial_leaf_blight (190).JPG,bacterial_leaf_blight,0,test,15bb1d6eae3bd9bf9088863f48b9dc37a065d3f7d0a14c7baf000d89d02dd97c,e48ef1ca9b8e158e8707c490ae193f4562ea147728d65b0e1a511775c8402e00,test
test/bacterial_leaf_blight/bacterial_leaf_blight (193).jpg,bacterial_leaf_blight,0,test,00e712135c8b2773f95862fb0f6e0f18ea958e982117f1b097e1c3a589c1337c,a879a34578fa9d89200f177489e1133480b1f7255b1a9ce27e1872acbbe6b510,test
test/bacterial_leaf_blight/bacterial_leaf_blight (194).JPG,bacterial_leaf_blight,0,test,4237f7bf41666b79832745fcf5b48939c9a4128e04ea6610871fca438b05c1fc,533b4406ed6c43bb1ac0709b2e4663b9d34e95dac635b9436331a29515781797,test
test/bacterial_leaf_blight/bacterial_leaf_blight (204).JPG,bacterial_leaf_blight,0,test,2579e3bbe9c051d7acec553de35beeb808a2183bfbb3614d7b0d132722f132ef,d9de4532bdd1cafba209513f85f92e3e72a32eca90ad407839dd293ef5b53457,test
test/bacterial_leaf_blight/bacterial_leaf_blight (210).jpg,bacterial_leaf_blight,0,test,f0ee20bb42871c9e7f287d9204cf7e17db064e0dc961fe15c6185ed86b94027d,46db925e49e71ce82ea79dec3dac6ccf838634d142849f82e160834184084dc6,test
test/bacterial_leaf_blight/bacterial_leaf_blight (216).JPG,bacterial_leaf_blight,0,test,f30d551150f0f2c89984d55224c2f7238a571e4fdff9d0a8985b4225ebe6a6c9,18125015aff3b67fca8fe4aa760356d3a68a6ad9e3ab4b3c3904f39bc01b381b,test
test/bacterial_leaf_blight/bacterial_leaf_blight (219).JPG,bacterial_leaf_blight,0,test,48683a46c56385186d56892e411770017e964eaca9c8fc52415722b2b8d5092c,eefc53b956c4445363962f60826f521fa7635c2098f96b522ec39d58fd1540d7,test
test/bacterial_leaf_blight/bacterial_leaf_blight (223).jpg,bacterial_leaf_blight,0,test,5842dbcaa28768b6626aa74373695d6500d181aa6da5661cfa8fe526e9482718,4fba86bf305fe334b45f7e3b0177d603b276215ae54d9d1fd3c0e701e5f5c29b,test
test/bacterial_leaf_blight/bacterial_leaf_blight (224).jpg,bacterial_leaf_blight,0,test,f77ab254643dec83eeedcc4134933ad7991e956ce608611698fa0af0868cad0b,6e7d0877b0c6b19171ee227b79c8e5a46c1e755d4d419fc3bb905a1b35f140ce,test
test/bacterial_leaf_blight/bacterial_leaf_blight (229).JPG,bacterial_leaf_blight,0,test,14b771aaaee6b49a1b294c97a22b1f7de03c7dc2c352b40e19e8bcc97a95b707,739d45cd7a19d58902b90f42e996d8cdd564d682a7819005f300e733276332ed,test
test/bacterial_leaf_blight/bacterial_leaf_blight (232).JPG,bacterial_leaf_blight,0,test,88ca34b5a8d1cedf2ce8c70d64f718c4914d0489cd62fffc160d9b47a8ae6059,8683df4f2ffb7bd366bf9a89970bc5c5bba49c82259326cc9199cc8d238055e5,test
test/bacterial_leaf_blight/bacterial_leaf_blight (236).JPG,bacterial_leaf_blight,0,test,8faa8dc890fd2b4e56cf3d549303d9b80308d9e584c38ebfb2b6f5115f019c41,1efb4ad4f17f0d75d0e7ecbfaf8cfb59c68720a6c19ee42a87aaeda36ad84abb,test
test/bacterial_leaf_blight/bacterial_leaf_blight (239).JPG,bacterial_leaf_blight,0,test,d5d00cec41e7eb4ee6b601528380c4bbc116a712f655f95e22f789403eadfb0a,7f4fb0657e04124ca8731b2d316ede3943d72a9e21b1df6088ff3a2e6084fa29,test
test/bacterial_leaf_blight/bacterial_leaf_blight (241).JPG,bacterial_leaf_blight,0,test,4afb42309196f8b0f6f53bf76e7281bf18e60e89ad9a29ef657539ad80f6e70f,29fd1bfc60aaf5b18e16045385b76634baf61347a60d2531dbcb96c5e9d891cf,test
test/bacterial_leaf_blight/bacterial_leaf_blight (243).JPG,bacterial_leaf_blight,0,test,ccba435dd7fb9901e2c8c3223f8bf70d57047d47c69b05103921073fcc5ad1db,d4670fed4228c83e5a22d4861ce604938a87c843d4a1519678bd6c26ebc72e8c,test
test/bacterial_leaf_blight/bacterial_leaf_blight (246).JPG,bacterial_leaf_blight,0,test,2c1ce6cdc3f471c2b84a9ece0d1850f2cfed24788f6a50c4bc6cb68e76369ca6,a031e6e60178fe07d7bd620e9fb571b6d5234330769b01671e4309711c55b4e5,test
test/bacterial_leaf_blight/bacterial_leaf_blight (247).JPG,bacterial_leaf_blight,0,test,fb554ea9866d52fa343ac3b75901ab870a1cc25ee7573f15040fc61097e6d640,337eaacdfbab4121491d47f8b28431775a97be8b9731f3e286c25f3242833934,test
test/bacterial_leaf_blight/bacterial_leaf_blight (248).JPG,bacterial_leaf_blight,0,test,c4abfa1b5935077029801e90f7f0ec561b592aadffa03513ca89738b5279f617,85a18bbeda7f5beb2e1267fa32ac6b809c7d19b087124f3e903b58f26180a5fb,test
test/bacterial_leaf_blight/bacterial_leaf_blight (250).JPG,bacterial_leaf_blight,0,test,59a1815fafcc5cd8c360453ff705bbc28aa516b65a18068519e091ae32970424,980958467030bbf6732aa6eea07d1ba59772888d0da9764d1025ceda617eaa61,test
test/bacterial_leaf_blight/bacterial_leaf_blight (258).JPG,bacterial_leaf_blight,0,test,930ff0a7804f29a949deccfdb3a3937a5df3ce8a89cdcefa2a917853512ea486,aa661902c80d72c8c4b9513777592076f139c64dc339d79fbb5e314b2d0edd17,test
test/bacterial_leaf_blight/bacterial_leaf_blight (275).JPG,bacterial_leaf_blight,0,test,65a895d6052f655369d89fc4394e6cf1ad9939fe4df944de0838bebd4034ccc6,aeed2aaf8d4910b0db6e210d561034a37d2a35c7eeb3a23e2a8a6925691c5a7f,test
test/bacterial_leaf_blight/bacterial_leaf_blight (278).JPG,bacterial_leaf_blight,0,test,126402b251556e2f2ceabbf6d925d1f5ecc3c85dc2ec011e4f19b173e934da65,3e36162e479d92f7cd8d2228e21d45aacf846ad3e0868f1d9fa15115a8ed88a7,test
test/bacterial_leaf_blight/bacterial_leaf_blight (284).JPG,bacterial_leaf_blight,0,test,827f23e679236fbbfb900016a07a87ce5eb4f5ec458beaae10b109b165b74f4c,d268befc0348b887f8b47e02d2b24488babdabb8c0045465559fc7f48d36f3f4,test
test/bacterial_leaf_blight/bacterial_leaf_blight (291).JPG,bacterial_leaf_blight,0,test,1f9e7d16847323d992696ae3464759082839ab3b345ea4f2b343278241784902,b174bd0411a27ba99d6fd69c7ebfa8e1039981898e939976e633083a1c783d88,test
test/bacterial_leaf_blight/bacterial_leaf_blight (310).JPG,bacterial_leaf_blight,0,test,27bf949ba719795ab9a8408c5f31c9011b4ccfc52247b1e803faa8a0aed9b460,293cdfa0a773bab3fc525c1573e2814ac21147082b61f1671c86a5bc975fa8b8,test
test/bacterial_leaf_blight/bacterial_leaf_blight (314).JPG,bacterial_leaf_blight,0,test,78e1fd4a629f7a7fbfeee0f7d8d3d42224306de8bccb182fcf6d28195c984bf9,77fbaf7476b6d24286cbde741dabe2c6990ddbf3c617c6cd5f11c1ead78be608,test
test/bacterial_leaf_blight/bacterial_leaf_blight (319).JPG,bacterial_leaf_blight,0,test,a92c27e411adf8c05569d458e16cf08f1d45e7902cc36cfab4641f04029dc796,192c928532c33767dbaa29497cf7fe715606b4fa0da2ddfd249329b9aeba4020,test
test/bacterial_leaf_blight/bacterial_leaf_blight (320).JPG,bacterial_leaf_blight,0,test,1eadbd1700d72918699069c51fddf54bc1d91c52b19144cfd0071327b235a4e8,0a924d7b752f69c44666a29ded61a23cff9db4632590c76f85520ac8b2a52b7a,test
test/bacterial_leaf_blight/bacterial_leaf_blight (323).JPG,bacterial_leaf_blight,0,test,13e17712a71da5f6423b1534b549a4d78b80732be96a1e2af7aa5182128afa40,b99888f07a67ab3584040b07ab84a9626ac99bb653c68f50c97e965db8aa4037,test
test/bacterial_leaf_blight/bacterial_leaf_blight (327).JPG,bacterial_leaf_blight,0,test,608c7ad8b3690fa745290372cdca7d70a9b0e4acba7ebf48c4871b8bbad75df5,1848d55c5e36fa4c78d15ca51f23fbe2d56c0b290648f8ee73b6066684bd1ff6,test
test/bacterial_leaf_blight/bacterial_leaf_blight (334).jpg,bacterial_leaf_blight,0,test,0281ebbae69b28522d55919e4235af14bad502a96afc393277b08bf37bb2da7b,5da2f2e428a24ca8f82dbaaa82e91122ced6e21fc8b94276708a93f5459f846e,test
test/bacterial_leaf_blight/bacterial_leaf_blight (335).JPG,bacterial_leaf_blight,0,test,62cb664c9bd9f3bcc90d287b4e6054564bd077a752965d2dac459d702a401692,13d1f8a206f4eb12807164217f5250ae3121b2da40911814c49c1558ec3915fb,test
test/bacterial_leaf_blight/bacterial_leaf_blight (37).JPG,bacterial_leaf_blight,0,test,bbeee067d359a1b79bbf56b3c8f9515a2a17aaeb74fe1ecd944a959f065b1563,1ad46a002517a8ee368ee3697c8f9881e25be5dc42bc045f34601dacaaaa9bdd,test
test/bacterial_leaf_blight/bacterial_leaf_blight (42).JPG,bacterial_leaf_blight,0,test,0895e1e6e46880173ea403e955f8fdf55d0f1f7ca39349cf5da98c2fe3773f0f,386b0fde24c80f66d7c19852079d5e75d54af954ec39a353809a60c830010a63,test
test/bacterial_leaf_blight/bacterial_leaf_blight (47).JPG,bacterial_leaf_blight,0,test,bc19f2d68eb4c27ecf0aab58c2c0ade920fcb8352d6b0c1462cad3cd1fe647f6,7f7e588f1763d5fcc36d0803c767472fe65f0428989197e7af79d21de3180c15,test
test/bacterial_leaf_blight/bacterial_leaf_blight (49).JPG,bacterial_leaf_blight,0,test,48c188b436944b453f23f2ae775c20cec5832bd1927da6b87c13c4fe7fd557e3,884258ee08c5b067c2e6a352ead846d27ed6ecf7a49dbb808e701431538c2f0d,test
test/bacterial_leaf_blight/bacterial_leaf_blight (5).jpg,bacterial_leaf_blight,0,test,c0f21518f2e6395b2c1e2414708cd67840169459a91983607ee216f57185140c,a7fabc758b7519f5a70755a8ba103230995aac032a7075acd2398a8f5460a76d,test
test/bacterial_leaf_blight/bacterial_leaf_blight (58).JPG,bacterial_leaf_blight,0,test,6cb30c8938d8641b14eab2399f15bd71caad61536d2e2c91b9fffacff8b3bd43,84b484e4cf3f96223f151d227d8bc01f01a886b74b8b852fd6ee19673753ef35,test
test/bacterial_leaf_blight/bacterial_leaf_blight (92).JPG,bacterial_leaf_blight,0,test,80524755c3a79623fc6281282692bf965f828b356f029054e9e5b5970d5e4ef1,5f06ac5ef83597c4746afe0d12eda5abadae413781d750a06b88d8ea748a7346,test
test/bacterial_leaf_blight/bacterial_leaf_blight (96).JPG,bacterial_leaf_blight,0,test,47bd64b5c8bc06a68a3fb6b7159e087e99b7032641fceff5ab659db27d18702b,1cb917d7e599703392704c6efeef38c24f2b3547eaf3f56910516c89a37afb57,test
test/brown_spot/brown_spot (102).jpg,brown_spot,1,test,f7a72d5db713d9d0c30097fd999e20ee6d7969697099aac3e3a5cda1eb84b0d4,5d1316337fcc6314dfb3bd49d0b7392c4e1ef191b615b633105fb37bd71d43a8,test
test/brown_spot/brown_spot (109).jpg,brown_spot,1,test,610222587af8c780db949291d058907fd807c54c2cef2aa54718d24367a7290f,efea4a593348e0e1fd0f9b2e03284b8d17fa74667b6213dce7a1f11c115e39ae,test
test/brown_spot/brown_spot (11).jpg,brown_spot,1,test,19d1d3c6e3c74ac84485b633f217671742250b301b30b07e96bdd6f4bd54ae2c,194da0d1822aa811f4aa2f8fd132952c6dd932e5e50c36e2636fa3f868db4924,test
test/brown_spot/brown_spot (113).jpg,brown_spot,1,test,8b4a7c6ebb514e5fde353775a1ced99726887a31472021afaf2c96682b4ff312,374e2ab624679ce86a55462c6ff1c4afa71b004d985803fb1335d2362f5cf3c9,test
test/brown_spot/brown_spot (115).jpg,brown_spot,1,test,dac3fd51af0185d62d484078bbbcae999b445c418aa6f59e023373d2b2a64d61,904ccb77cbf3d4ae707e0569cf14cfbad11aec2c9be44bed8bbb5e50e6152de8,test
test/brown_spot/brown_spot (118).jpg,brown_spot,1,test,5c4e78669c94511ff72e8d410117c0f4ef7ea16f9e7e98a91f9bb0953a90599a,154f6634412c9cc76f5412baa687884a6496c752eda462feca88914efaa7a5be,test
test/brown_spot/brown_spot (124).jpg,brown_spot,1,test,823733901c2b389e859df9d0a87d26d3ba0568347ec71c1f37d3c7ee515958e4,5bf40bfd0d2ec370c5e34f5c8a88fa45c78c277af96af667da17678daf2e4bc0,test
test/brown_spot/brown_spot (13).jpg,brown_spot,1,test,aeecfcbc2f949ba677b3a69963980d83f604790eed1fd14eede59bd3561302ab,a25c7e9f2d3edd2e86781f221946fd911fcc038f11e47d39a0583224748fe777,test
test/brown_spot/brown_spot (130).jpg,brown_spot,1,test,eef9794f288bbc29c4973528578f1e64bc0bd44411d9e9837c101026dd06a948,e92fcca9f6abef40f32a9bab43a5f5d058f9f6a738e74f614a11d87de412dac0,test
test/brown_spot/brown_spot (139).jpg,brown_spot,1,test,d21f1524e86d244285c4d8b7b2235b2359da403eec9db03e2ca593332501be57,ed4565b22aaf5725ccdae42d5fca8d3e6ee2038e6bfd5b9e701d246b785f532b,test
test/brown_spot/brown_spot (146).jpg,brown_spot,1,test,84f1ec9ec8fb72f4a732eea25f8ff1303d3b356b026eccbd3e1ec196f5e8ac2b,c76d60e1878243317ee738bff9e85ff084d4fe3e413c9eb2fbd724dd8434fb76,test
test/brown_spot/brown_spot (153).jpg,brown_spot,1,test,8b9df4a26b352b87f68fcf3d99f04897ace9f56d9db7109e993b6e4198d8d366,4a18d5475794fa41762820528c62299a611045ac5bf63eb8dd8f0ddbfa8a7603,test
test/brown_spot/brown_spot (160).jpg,brown_spot,1,test,55c6ab70f481e597efa35e78bc19de0d40190eb9ee558124e687c5d408346a8b,faa5e6daa5a582f8cb0ec932cec8feb49018a499ded3dc8bb1c4988f08b69d78,test
test/brown_spot/brown_spot (170).jpg,brown_spot,1,test,a559c7204984ff77afa8ed4a8119d8003809d4fa93e5f7f04fe4af9c3d028e50,7c2cc79db0e230885c550f732141e23adf05ab31b39a7bb8ef72b0322bebd88d,test
test/brown_spot/brown_spot (171).jpg,brown_spot,1,test,074abe47c3a0c8d171efba8252d1f4416b2fda23ec19707103885eba3e2bab40,846a5ba36eabdd23a711c6d46909329a37644244e4f41746d9c8519a373edf2c,test
test/brown_spot/brown_spot (177).jpg,brown_spot,1,test,82276dfee091cc0617a2a2f1d0b3029dca6c18df689e1dca8665618709c18dae,de197ed39bf1d918ab8e09b7013053d7b14c5b86fb9ec3f15c706457bf160fca,test
test/brown_spot/brown_spot (182).jpg,brown_spot,1,test,14ca4b5be74f014e3d6a5770f3a0138c22ec31d8cd868dcfbaa358d2a141e74f,fb9ecf10c6b23a51640dd7b6256e4551ab17b58ebb07a2dafe7d97a1b680d822,test
test/brown_spot/brown_spot (189).jpg,brown_spot,1,test,7a229077add8642c72c4d01bfe381eb3fa3ab15c978f1ff5ca33d39784e6def7,0d540bd01cdd1e484b6cecf1a6ab1064e5bc6f2e0d3aa04e1e307e1d80554a8f,test
test/brown_spot/brown_spot (191).jpg,brown_spot,1,test,17a59ce03d23a64f7acf2117e59059eb3e1f9457cf2af97694403e6b2cba0ee6,9405a985fbb15e1c6048e2693f213e359288c9bb1053b1ac4a9d8a829d072c23,test
test/brown_spot/brown_spot (192).jpg,brown_spot,1,test,9ebbdd22560b07000d13be084e5ea34824aa807313dd704e025bad3731712c30,045283d59bee5cf5d43a60edaa21f60418b4ff7781782019d3cfced61b38eabf,test
test/brown_spot/brown_spot (196).jpg,brown_spot,1,test,5b7245b490b41e69c31ab29ce2ed6be79a9337d043a8710b5d2bb85c3e1805ad,fa717bae117e818e0a06023efefc692399e32576c79d860b94c9be80d8a62784,test
test/brown_spot/brown_spot (198).jpg,brown_spot,1,test,c31ae4452b5b583c790e55ac26d086144a8fbc3d60a7f810d837e374ff8832b5,ab9f292315065044c7413550a384db38755ce3a6942c430608f25022f71570aa,test
test/brown_spot/brown_spot (199).jpg,brown_spot,1,test,981843eb41380cfff3aa0559b43270bb03aef528f40ad58fbc6bf6ed3cf4d69e,25961255b4679cf61bd598f139154a05377a814c2d7b9cb757fd1f2c3a97d5de,test
test/brown_spot/brown_spot (20).jpg,brown_spot,1,test,3de5608c7f67557b833e1972cee6d4910a8f2f5dd5bf498657237ababc12420d,715787a7853d3ffe0086f3e225fd00685bb82e92b8242d504cc8b86a65cda8c0,test
test/brown_spot/brown_spot (200).jpg,brown_spot,1,test,0dd3fa6d71a6b20d953a466f75a29253985d3c1e6d95c5884f3b1a7f71a97a95,c1d56c589207b4d90fb87e8d115dc8821506bac0095df7c2707480899b60a1e1,test
test/brown_spot/brown_spot (207).jpg,brown_spot,1,test,e0383d4f058f6308aede0007125384b68c5c4537026ffdb05d7a5cf4649c43db,67c220481ba2cfe58fe44a19b9ba05d5df6ceb7269b2de2d320a484397666f58,test
test/brown_spot/brown_spot (212).JPG,brown_spot,1,test,6d948b0e0c783377a8ef6d8794df6b86f47a75a7767a64ae808a7b44859dc488,a4f6a9001ceeec0f7caeeda86171e8eaad00bfc6118279d6ab8436116c5edf57,test
test/brown_spot/brown_spot (224).JPG,brown_spot,1,test,02ef8b3d35d358baa11e85e5726b5795afbb6e37c1e4e0dd12015b698f48cfd6,9e6c46f1a15df2a66266e2c3655a1a68d6751d8fc35f9068c1ea8c90474fe97d,test
test/brown_spot/brown_spot (225).JPG,brown_spot,1,test,0ce738d16d17ca8a6c76d2b249bef70de4d0a86353a6e10f7ea8806401d1943a,e2593f28a2a46cea5f775c5fb3c5e04675bcb4241525fce00b9be35a89e5105b,test
test/brown_spot/brown_spot (227).JPG,brown_spot,1,test,a3bdb9e3270aabda82a0fe0d1a419083356edd12217714bfde75c730dc26cce9,62612c390ee186b144d3b02f18a7a6c279dd03b5b178b3763b4a0a2c093a79e9,test
test/brown_spot/brown_spot (244).jpg,brown_spot,1,test,4fc712f9ed57111f0906958c8744b3c337f4f66660c05b774e62acde984b22f4,634b9619f8fc5e40796d90a47045a86cdf4133e3290b1e41cb5c7d03e878ee5a,test
test/brown_spot/brown_spot (245).jpg,brown_spot,1,test,2c0e0b03f78b7026fc9292f4588bd7281c06207837e975dcdd5b484bd8e7dfb2,3ec2b2a09096f29af009720c10c75f4b591133d1dc5727b74c5641d142efdd08,test
test/brown_spot/brown_spot (248).jpg,brown_spot,1,test,5d4ef19626eb9da9923a4e905fce75be0b5a59e65a8f5b1bad2671d1d547b428,b549d48512deeeefc1389a2b9c445b64ae210f5a996668300aa05e09baac2e83,test
test/brown_spot/brown_spot (25).jpg,brown_spot,1,test,35b6f44338fc94f10df23e6251c741abd5f0ccb7cd0cefd8c18a047cd57ce1c0,8c94d4f3f590990368a6c084d97eacde468f47ed2ca8cdd3353a5e3b07024f96,test
test/brown_spot/brown_spot (250).jpg,brown_spot,1,test,9db7975b315ff462b9013a40cb1ff293eb0c4de5c6ea5226a1749bcf2b95fbe9,e1f3f717e0d7314d8a3a8c5bac29413859a56e199692be68054f7a89b27fe181,test
test/brown_spot/brown_spot (257).jpg,brown_spot,1,test,ceb3aea21c11045661bcf1eb0565e2f5b2c9582c8f76027a43ca5ccec9622d47,19912c9020025f17aeff65f6e3650a8e160ba64b0954ce138c032b1947553346,test
test/brown_spot/brown_spot (276).jpg,brown_spot,1,test,620ecb703774659c98848a64b6a86ee21c03bd54ef4ddd88a8c4827428804e01,2e6fb864776b4f0e19fd94f0efab2552ab1eec0bbef2663206f596306ce3966f,test
test/brown_spot/brown_spot (279).jpg,brown_spot,1,test,4894a087e17b2199376e8f64ca4f8db6a4947c0c6092fd48f666b311491455bf,66a511f35a6c0aa4803d0c1c336530554ea4bc33b5f0e62cfecc651810a8f31a,test
test/brown_spot/brown_spot (291).jpg,brown_spot,1,test,086fc6922fc8393b8b5e66d5b444b741c137a94712170129d9d3146a21700f94,25229bf0a6081872b6748ee19314bb28eea55a21e7ed90cac08cc0ce238940ed,test
test/brown_spot/brown_spot (294).jpg,brown_spot,1,test,4b6d85b84ff39def67778df9e2b61fa76bfe638bc213217eb2398edf8b02c540,951bb5a454f43fc60e5a482745fc040adc10e885086b933e6f1f68f39a7c532a,test
test/brown_spot/brown_spot (296).jpg,brown_spot,1,test,6cc46eb7f92595f5693e63c7a7661bdf5bdbd035c2887d5185fc4b8e518eb89e,7697203ae082249fba616a1ad70d6d8ad0c42ffdaa235376da9b470202af1afd,test
test/brown_spot/brown_spot (297).jpg,brown_spot,1,test,4af011cd11a3451a409cc6368e2acbce93280cc85659f5cb39e692972ff552d4,b8657b80262f2224fb95d0aa18a243a1dbd840fcf929d0e40de5a98f107a1240,test
test/brown_spot/brown_spot (3).jpg,brown_spot,1,test,b6cc2da785ad6cff057e79269c0a1e04699cdf158bd167ab7f64de931f06050c,00a53a2e8290eb9d75c1639d4c3ced00c12938920c1595ac5d16ceceac6f1523,test
test/brown_spot/brown_spot (30).jpg,brown_spot,1,test,bce647bb7e1a07f7372cfdb560e4e7f9268d1d8bae93defeac218fca604bec7d,0053e311d8b372bf2e3abe34edda6ab0ff1930a676df8df2452b9eea9501dd73,test
test/brown_spot/brown_spot (306).jpg,brown_spot,1,test,caf01ef6305cf8db14f5bafd26e43e2dd615db6160e2eb20cb5859a8fa32cd0e,5548f90da7250ca42616e2f91482f21a2f9a8e5531ba8d8c1f4186c05232eaa1,test
test/brown_spot/brown_spot (31).jpg,brown_spot,1,test,cf1bbb7100a495a13fae60a3caa29535e30396f91232ad940d95c42510c03a2f,edf75b2db5b89ce89223adf138e99dfd8c8a20039c1ed7565843872b6e323d1d,test
test/brown_spot/brown_spot (310).jpg,brown_spot,1,test,8cddfc3faf3b34a30d997fc22099cc0af5b8927dfdf1686e41a1487de26101a8,4310872eab317133c307fdabf414c05943ed26d1f7774e12b407144b697cc90b,test
test/brown_spot/brown_spot (337).jpg,brown_spot,1,test,cabe0c82748bf03242fcb249da7aa136e60d56a70e49bf0cd4f45da137abbd46,98b5489e7aef19b2b23ac800d070b7323cc8e0a618b7fdf9d8fbc2986f595716,test
test/brown_spot/brown_spot (34).jpg,brown_spot,1,test,f18f3f1e4e1670955821f0d6c5a6ba25ef58f954398ce3dbe8fea8e4d6e9c2ba,66130943b8b2539a35478fe4fc5e5d304078b5404169aae82e7d33f53d6fc634,test
test/brown_spot/brown_spot (39).jpg,brown_spot,1,test,67b04d73816261137239bffe1f39bd476b78fcae2bc8facc2e54c16ff75e6cca,056e617ec603b992a4909219e0ca79d19debe7d6d53a9862cbfefec0850fb344,test
test/brown_spot/brown_spot (42).jpg,brown_spot,1,test,fb6dc0c631078cd83dfac9f17734dfd85eeb4f439e9bbc33a0227a25907ffd09,a532e4add44b67fffed7b1d9c29b14145f06ccd08390570cf3ea337360e0c6b6,test
test/brown_spot/brown_spot (45).jpg,brown_spot,1,test,35a93b4a4c963964c127004ca872e11b0560b62eb76dbe283055eaada6913570,aad8b81a2f93ea887be5b20f2f174333778751cc65c1de30548cea2672150210,test
test/brown_spot/brown_spot (46).jpg,brown_spot,1,test,0fd6689da43aa335b312de8e9a587195b5e8edb3e6c560570c6c5025e8f97b2c,a05303683337623e1c2cb42b6417a5824bb6b6aa146236035e449944bdfd6dc7,test
test/brown_spot/brown_spot (49).jpg,brown_spot,1,test,fa8ca56f935ccb557199ed78b4c9369793d93e24ef15df1f58d7b4ce4add65cf,65defdd68650d4dbba60d4007fca0d72d433cea6c2605868224e2339bb630d40,test
test/brown_spot/brown_spot (5).jpg,brown_spot,1,test,9fdc6ebb5fc4707009258f4040a6881e232e45ddb7bf95a6a5241f0369e376f9,3c8ca57728c6e0bd8926b0d0780d917e2872b1765c9ae911788254899c929b3a,test
test/brown_spot/brown_spot (51).jpg,brown_spot,1,test,52847746d82d28365d7a2f913b1402f5b2f4c25e7d184abe74f15e34924de304,b783a17e8a893519bed370d7308840494840f1af4c55e4e5c0fe5048217f4a13,test
test/brown_spot/brown_spot (61).jpg,brown_spot,1,test,dab19b2995f2d1e201e53d188023f5654fde98c3ad5c19d7af7e4fa820602df3,6df8a7b91a619a65d717c2951acc35b804f23a022fd7e77bcaf7ce09199c5439,test
test/brown_spot/brown_spot (62).jpg,brown_spot,1,test,e21658e4c16773e9bbf2a0a72be50ccd308241a93bacbd2194149a1d111447b1,5b24d938d54a93d0922c36efba8d3605ce1003380ac993eafd673f45915437a7,test
test/brown_spot/brown_spot (66).jpg,brown_spot,1,test,7759a3cd1b3793e0a979930b6d420c917ef62e087369bd5272462f6179540034,8ea37c4ab2bb8f55c0e594180ef2f97aae75cbe7a4f9116f1d47d7fe1cc337ba,test
test/brown_spot/brown_spot (7).jpg,brown_spot,1,test,01d725b264b0e80aa6f7b94a90b19d7de87814f0c66cea81d62187edf2379302,6b74e4a65fd8c4192de9a35ea9ffcfd666f6a0c821ce809d4b12167dfa0f888c,test
test/brown_spot/brown_spot (74).jpg,brown_spot,1,test,b5eac61c3d0dc8f0633a86bb35d9015d400b060211d7a77859c2fefa7f6806ec,4e50ce342d94f27ee3e77c076a75ea6fcac843197424f6f4cab9a9e8d8727cbe,test
test/brown_spot/brown_spot (8).jpg,brown_spot,1,test,cf59d7dbc8f7ffa851777ccac830d3c82fcbecac364c3660ef0e0a5a6495ff53,180eaa34c786eb2ad6d4a15b065a171d3400768119164a50ab130af95cfb5cac,test
test/brown_spot/brown_spot (92).jpg,brown_spot,1,test,d175f6c21133ec5f1c6ef3936bbab6ff977b5a14d3e034e843a41dc4e17067d6,d53cebe440d4bbe0456d848803b311012f24f61ea95627a167e7f8b9e8b8e0d6,test
test/brown_spot/brown_spot (95).jpg,brown_spot,1,test,dc9005805245d552c3c0298ed44c04d15dd1260ae4779a9fd0630db7b3bd590f,ca5b126c1d1e158d83f954a735a84967967516d85438e7f1ee2e6bd1a97c5344,test
test/healthy/healthy (1).jpg,healthy,2,test,1dfc19c538112678d04b2411145ef8daa1dfa87f303378564aab218a7f6a3419,297e009cef1dfcfb14d08a9503f886701afea8994e0f1db4fa17b3ab5b7f9f1e,test
test/healthy/healthy (10).jpg,healthy,2,test,dddc2bcb249770aa542a11f331f3d49a383058ebd836e6fbb77d6ee7bfe603de,362722cf39d3859a15d2926f7aefb8798286bf745b842efc46d07ae78e13bd59,test
test/healthy/healthy (103).jpg,healthy,2,test,955fb331c2acbe086fb809ac2eb27e1796a6cf090f0c325a4eb23a7611d6d5e0,1935eb455be13220895985acf9aec55de8bb02ae555f91aba88e97f2f478d493,test
test/healthy/healthy (108).jpg,healthy,2,test,4b3d5c9bd3239f98bd9d6b158bd9ae6547ccdf77c91ea5db83e6f07507b24b94,8534ba3ea2d4ee150ed2c20f5fc08867c18ad5aa502f3064872e2d139f279a98,test
test/healthy/healthy (116).jpg,healthy,2,test,0d7bb3a8214b0ba9c883f9eaee0bcb0967dce43a8c023d3b2d1816ab3bfef80a,dc00fd4eb9efe90bc96abefec9fc6cf33aaa9cc08d514db8c2babe71f49e588e,test
test/healthy/healthy (131).jpg,healthy,2,test,f8ccf65bd497e640818064e0c61b47122fbf9d9af472e613f408d5e4b562db80,a6538538af2cdb299a5c5d06d7f16528d375ecc3d9775c0af3542cb42b1bc74b,test
test/healthy/healthy (132).jpg,healthy,2,test,c070a64615494372049b7ced15a19a7f5f4a3c3b109c09dddc330dcbaf2e3c82,eb2a02180f1385c164567d641714452118c0bb21a77ab91e8449852c54672aae,test
test/healthy/healthy (142).jpg,healthy,2,test,24dd694d41de73731eaa6fad85460c2e4405686f3bf83ceb313c672c0b1a9493,8549d0c01f839c0f6b16017f3720aca87ef84a3abccbf2ea715c3793b62b22c0,test
test/healthy/healthy (143).jpg,healthy,2,test,85aa0015a97788aa9c6b204b5eeac49399e5d89de640997618ebb98b1f68bf15,92c031c70b97fcc8b6bfca8d2d09dc9232baf0997d9fac178e3ce21c3e1c7160,test
test/healthy/healthy (146).jpg,healthy,2,test,3669155dd0d9a6135e5774ca66c5468a9a16bb9c9a111c1f6b6b17139a58a0d9,46085c9c29d2a170131b950c4a857e66a9867aebbb5ad38fed9e5b8efe4d3b10,test
test/healthy/healthy (150).jpg,healthy,2,test,39bf25bc0b1cf94dabe6437824e0a923f6a250592d323ac221f9ad6977090938,b73a62472460377880907ee061d9278580be7ee3c949b7e4e451625175ad0bcb,test
test/healthy/healthy (152).jpg,healthy,2,test,35f39dc3ba9f10c93cea89c8d06d9b82a6fea17a6a24a2bb66e4f94db75d256a,5fad61ce5a3e6bd31a73d053740ed9ad5f44674248c356d10927acc50656da4e,test
test/healthy/healthy (154).jpg,healthy,2,test,4872cf6668501c3f316469494c3ca1feb32f48e4025ad5bdae181c64ebbe9830,b8ffe1743fa7968f37104fec4ec5ebe62df4fb3f0f0c52a7a7526a780318af4a,test
test/healthy/healthy (159).jpg,healthy,2,test,c119140e13cb481101d308f62dfd7955bc6b3203e0feaf9a16adf9ad13e339bd,be9fedf2c6841803d3a25b87d6998c8244595be7f1ffa0ce3c6f647f0434426e,test
test/healthy/healthy (165).jpg,healthy,2,test,28734c71f6885b7b89a1bb20ca160e4d5b90c4f5613138d2ca8714fe8c9b0975,aae4ce426be786b88c05da251cacf5ff714744cfde7787eb82438ffef258e1bd,test
test/healthy/healthy (175).jpg,healthy,2,test,35f8e63bcabecff9062c4b14981cdfdc43fc129e8111d1c11ccfe769b2c23b76,6170574a8df767a2f83b2c9f947276e83574674b8c14f48644a7b9faf30f1a09,test
test/healthy/healthy (179).jpg,healthy,2,test,4e686245a75877742d91fecdcb281175b3d26673cf80e6d2675223b36d4df4ac,d0ddd72ab69887ef949eb1d4722bb8bcef6e1b1dcab2e123b40851f2fcdd7f2e,test
test/healthy/healthy (180).jpg,healthy,2,test,05a9850ac8d467c45d61cbb181121437c8027dc2552f5c07fc3c49a37fb4ef21,8c3b92197710adc216a26decaee1133e0411c3f2453f0652478acb6841670bf7,test
test/healthy/healthy (191).jpg,healthy,2,test,0cd7b50464166933d3d565c2bacb31b1a75dfd1fd4d4bb828c69232d0fd63ca5,e767c4f6abf47d8967182ec63c4976eb4aa68771b8ce2eee9cd3b9cfb0436ce0,test
test/healthy/healthy (192).jpg,healthy,2,test,757bbb9d32b8273d0cbfd7f71c8b39317f0978bd717cc7d19ce7d14b1a170416,08fa5b2a33b725dec2a0595da050a9e3aa311061db1c8ff69198537378d0ce9c,test
test/healthy/healthy (201).jpg,healthy,2,test,8476f3693e1ed8b326957e81c564e03d17644f5d48ea29a12c84cca344d76556,1a65e8d6b106a10e408e8e26f95f9fa7c71e7fd8ee234b001b6805eb06095b42,test
test/healthy/healthy (202).jpg,healthy,2,test,18461ebf2d7b35c3312efe6c32096d385606ce30594b283b17c76e93af529659,9f8310eb5b0029c593b32b5ed8f2344465efcb8e06f3d5915e670837a3dd4fda,test
test/healthy/healthy (206).jpg,healthy,2,test,9c7e4ffb2a519f1aafb12df6b4732782839fcbd474e0c534e111aeabffc97d30,4839e7c55ba7a5be2f5562049671fefa281f8528bba2caab96b77f56738710c5,test
test/healthy/healthy (213).jpg,healthy,2,test,226a0991d6792861cf358f67865a4030c60aaecbec63029d093dce0d6896db9e,878eb35884ec762f08b3aaf8ea51a6e9163c1166a5e122413c69f06571dd0f3c,test
test/healthy/healthy (215).jpg,healthy,2,test,5068454655d568b5d59eac090b5f7f30381317bce8c341c8601e6e507cd7fe04,94949247eee4fc5036ba36d8443cc3ddcbae8870b061740b1b06d0433a21f003,test
test/healthy/healthy (231).jpg,healthy,2,test,85cf6d6d1a3ecdf0418a858c1f27c5dd5c86eeb2b6f67b1a4762945c005e8130,ed68e083271eb48e7eb0ad26431ad7c5e237386481bb210ba7996d4af4868500,test
test/healthy/healthy (233).jpg,healthy,2,test,23d4b239b2096d5cb8feed0e589609810697e088b86689f70f596c8f624e658b,787b111ecea322aa17b4f59a8126b44e665284cad894e2a7031e56d4e210b15f,test
test/healthy/healthy (234).jpg,healthy,2,test,11aa369e54ce29935857fdfdd87496f2809a3edfc2bbf2efe8f5ad3983ac83dd,bb60fce81d47114cf6c127385496039c6d14648c5887192957b339d48e79e416,test
test/healthy/healthy (24).jpg,healthy,2,test,d45b9dbe78df51757758e0dbddc8588d8bebfd0b43bc2da9b06e169135e0cfd6,dfa275362e80b56edc2c1b16872fe0115704d42effe4a5563e149291cfdac29e,test
test/healthy/healthy (243).jpg,healthy,2,test,49e6844a4fc3be032e5e9e7ecebecdb821b490f54e3bdddfec216bdfc3205f7e,125c3c7082cf4a008507eaaebc159c1bf3727aa1d9fed767712db2aaca36fc76,test
test/healthy/healthy (248).jpg,healthy,2,test,d9cecb7c0f1299fbc2a76b0c0fcf28f22a6bf9f0cfe9a69b0f8bdb08d423af41,86dfe5cd999d7c5e06c8afae31760c829af099362dece878f43335060e8c3191,test
test/healthy/healthy (249).jpg,healthy,2,test,851697cefad5e8f7a3bff5e8b8079df232d4a3fb826fcc6a54f3d8f27ba7160c,3abe8c3ca7d8f8643699fd70856f85e106114a72d2a7864c01bc7443dc5e92f7,test
test/healthy/healthy (25).jpg,healthy,2,test,2f2c6c380b9189752d2ee1ceecbfdb56fefc00715d326920bc1c8c124fb799a0,9ee91529cb4fa6a7de18b376b4f81074ee597213672e427b5799d45181b78cd6,test
test/healthy/healthy (254).jpg,healthy,2,test,95d1c3ebb18d43a52a76f95630a5512ff6c11624cf34e6aa047cb731cb4672db,12ee910dbd0c2206c423c53fb52f99b9749012e13120fdcc300e470a12b9fe41,test
test/healthy/healthy (255).jpg,healthy,2,test,2045c6f123159c139e9b9b6b31243bdbd974ae12dd09db6d62dc692809f7f419,c15ea460cab6c633a8ce1fce9af70e68d82b0146b6cc0416178b5bc74fccd32b,test
test/healthy/healthy (256).jpg,healthy,2,test,390522e09a83c21468aa2edddf83851cbb1b8079032cc9f0277ff1bcc361f86f,342bd40f12a7ffd1bc799bc9a7dfeb6044c1fcdc8d46f72c56a5b860ab2adb84,test
test/healthy/healthy (265).jpg,healthy,2,test,af165b8bc81d12216be1655243cc0737db6ee647ba0c2ab425aaf40aaccbc109,31f462412a39ab9d1ac87f6707e9043a6afc266fd6071c39da433aabc6d02bfe,test
test/healthy/healthy (269).jpg,healthy,2,test,6e03b7d3075e1460d6d701f0ad119b72c53feb021ee6dc2e51c6df86dbdb4fda,4d744e625755facee06ffa53f20a60302977f7e2eb3b171eaa07ac0eb74b23e8,test
test/healthy/healthy (272).jpg,healthy,2,test,6ea2b65b753dfd0fe740ef843d754ef9133c79054a770aa02dc29fe4a56be4a8,9605e69e60eefecb321214139e3037ea31eecd502d583ecd78426023a581e614,test
test/healthy/healthy (278).jpg,healthy,2,test,eb625e8450f39decffe049b44eabf92287116b768f4c2c3062435fc42c73a205,79f1c2e8155fad07d7ed808179ff650964dd23196b340030f3ff98bfd3d305f1,test
test/healthy/healthy (279).jpg,healthy,2,test,b3be64b536ec43404ba054a20dc9d12d148711a1a219fb3ec40d7edbafdfb431,7e1d698a69bcda4b0ab5c89fd98c265ff32f1e478c32ac17f7f5834e09b44ab9,test
test/healthy/healthy (28).jpg,healthy,2,test,10845fdb10f59eb7165a08a99bb634ea9817519eb8501c8387515dc1ec1d3c3f,7302adb09958b078df983b4350ef3a362440a2154b25335dc2d50e33c9a3f713,test
test/healthy/healthy (280).jpg,healthy,2,test,483edde3873aec06b0568ecefc7dc9c0e0119983a960ecc630d7001542846a41,5a051897b2a9c022f4fd62ec2305d6d2c457352a2eca6227ab04d2637056ca8c,test
test/healthy/healthy (285).jpg,healthy,2,test,93059ae4f18424206fa1aa780c0d3ba2f1c034e71e48fb489c1217faab3b6c72,3a2a394f77b69c3f52db044e14b09bbb7d693cb28875860bba610422831adca6,test
test/healthy/healthy (290).jpg,healthy,2,test,3ff64c5ceb94a4003862ef669d701c2aa771be0e5eb6de3e60ec1efc324d23a2,90cc991bf500dbb1b66b45480d0a5b0bfbd0034793e31447c3c03a395f35c7f8,test
test/healthy/healthy (294).jpg,healthy,2,test,1987f06e5df4f2e12e3d54d409c9e949683e0f943b03cf4dd7998909e951c8fb,dcf63b436c9914ad231ebc0e474d92899bc1d29d5fc157ca934eb3ea21200b0e,test
test/healthy/healthy (296).jpg,healthy,2,test,796a194a3d94335b631061c77928a517cd43b8ca2c591c0010b1bf16d9c41709,4bbf809b95ea206bb910f0846d2e3aa7b762282580dc28d455e6d9b3e9b55351,test
test/healthy/healthy (303).jpg,healthy,2,test,9e9a3b0c6e0bca5e19f73f4e3d68bde0648ebda024f15c292f0a3a99486c9ce5,d2397c4ad05d366ee6492e93142c90d56e1e8e68eedf3023bee69e325018c520,test
test/healthy/healthy (309).jpg,healthy,2,test,f4df4c7ac4acbe3ee357fc172f76c2b9a0bc1580ba138d2ca2f40fce4cfffd18,d077214cd5d7991980cc8336574a518f82c35ede21a39e6064343c993b4dc81a,test
test/healthy/healthy (314).jpg,healthy,2,test,4cea558fcaafdc6d78f4f372c5275b06a1ace28d7102957cc7bee409f8d0c812,8928ffd6a3df65612b04de9207d8e026382b2972eae929f2a10505fa53acade4,test
test/healthy/healthy (315).jpg,healthy,2,test,aa7f52f5d0548cc50b9082edb9c91cff4b0b79adff306c26c081954c1cd520ea,5c4d76ffcd6262ffa947bdbd6893603960da84b4c655be08455278bc48126d07,test
test/healthy/healthy (320).jpg,healthy,2,test,6d22fb1f191d4462bedd44cca71c1801c5d72b2768aaa29e12dfe9032acaea41,39428c40cd34a3d0031f5165769f24f30d51c94468ecea2182d5eef77f9f67e5,test
test/healthy/healthy (324).jpg,healthy,2,test,c34d799746848749950e06acdb9ed1d6a0995f2426447a5978b6a308ab21f034,d66698a68ae42fba2cd4d56e0193f475a62c95162f7faef3d387ace3f7e8c8c5,test
test/healthy/healthy (327).jpg,healthy,2,test,f96f83fb7711854a7c8c7b3f2ee4e642ed024f09eb9bde7fe180bc0535d14040,68520267ea4aba20e25c87450523465191c1d24c66f9921c8a7b56e3d8930d99,test
test/healthy/healthy (328).jpg,healthy,2,test,6da88e03d8d0a5662027aad9a80d2a7cdfd9885c9807ebc5267e42c911577c94,6ae9f303d79757833ce376ef1a5add9ec77ec3dc75ce0786590a2fd29d2dcd96,test
test/healthy/healthy (336).jpg,healthy,2,test,eb0f5944498028725cc14ae83dd321d09495e348121a98ba4d2586c74f3d41eb,1ea0aa7a9d7344a409f2764739e552c00054ae7da2ccd252c4a875bfb8f74dd9,test
test/healthy/healthy (337).jpg,healthy,2,test,61b9de26c31974497cb0191cbcd9e72c1ba797ce565b1d8a08172016f0178363,cf0e84314f40176c3b09d5cdeac63f9d171e6ab6962c9b9ef46d87ef104b5c88,test
test/healthy/healthy (34).jpg,healthy,2,test,8cd3cc9e6d16b6eb53a899896b34a6edc7c2cd4f86fe06ad93ef796e2d10b61d,2e18820a608b94c67dec54e5a9817eb4d3a2bfa64a3bb942c2f3d2a3bc9f7fcb,test
test/healthy/healthy (340).jpg,healthy,2,test,7d78deacc9bf53827f49501cd57c8c02aff7b4df6663710aed5cb55ea5bc976f,26489b9e3ff90194210886fd46b1d24f4fa2ca9440d42655971f16555129bd7b,test
test/healthy/healthy (342).jpg,healthy,2,test,a06b0a225c86e18f1a3f265e6d97aee3713c44f8eb015257ee28cd4e3c4a9730,e80a552b7288204816d96df6a7c0a35f23a34dcd5a06f08ec6f0856b2fae023c,test
test/healthy/healthy (343).jpg,healthy,2,test,d0f49eca46bd9c69dd3c48feebea31df0a3bdb9b05cc2b3c6b80b5d490ab81fa,7d2e5ade8282c9256ccd0cbd05bda05b4ac125108aceb2cd2547aa0afccc87e9,test
test/healthy/healthy (346).jpg,healthy,2,test,b538213beca246697de0e46c16241b3c6f2b18fda08b7ea704366ee581a86c58,f1c1a989e26619f0205c9dcaf04c9c67af0f4ff6852f17dc88269bb980eb6ad0,test
test/healthy/healthy (350).jpg,healthy,2,test,fc8a6b7345d8c55a5d4bf2d5a9bca53266c9a0ec9a13089baa9a5aea94450c28,1b4e1b7578a5a6ef3cf677a0756b4338d934a876d268c9ef968d3b24389b5a98,test
test/healthy/healthy (40).jpg,healthy,2,test,0ea5402d15b293f9144105a2ab67b422bc649d4b092556fa81a29e7d1f375fde,b7b16a9517e457fd8b43b0de87bb9ef9a171d04aeebd03264428633e05cac84c,test
test/healthy/healthy (57).jpg,healthy,2,test,fd0c8e580f5d8740d101f6425cd4c6581476bcfcb94976d84ae9a5b658302211,41f74f40e6b576b1ac6299375da8259ff486bf92deb906b547a410162d5acf91,test
test/healthy/healthy (76).jpg,healthy,2,test,ef175f89bb5ea7a5a3dff263c9d41b9d98fd5b6875f747015575403d240b68f7,3ded376e58be310990f72efd76525528560b0698406987f814fb03fb1143565e,test
test/healthy/healthy (77).jpg,healthy,2,test,262ccb098cb537524baa635162ccb28aee556a3addc5f1e93c9233d1b71298cc,69190a6f79b38e904fd15fe4b42d3f46597354b833d027207a774cef8977c957,test
test/healthy/healthy (84).jpg,healthy,2,test,bbab82580cbb8f0a1702eeb874193d7c85826492b1e676048660f845e10dd8d4,1fb6b9e6f5927138cc74f7e210df1cd1730f6b237b0f83b6b44f8b943b020eb0,test
test/healthy/healthy (88).jpg,healthy,2,test,84894d697a82d1d17d61875e3399951be4ee8ec1b5d59c00479efa9e868a5f4b,0e20da1c9f104a530a369e1ebcc1dfe1681496b2663671e727260a4d5fe305f0,test
test/healthy/healthy (89).jpg,healthy,2,test,358e461db4bcfd8d6dace93157ad5b15713c01db557f7340c104facacd9973f7,70fe715b6301834ec2e2323fc6d1ec9a3764299358b735ac489286a964b9e7ff,test
test/leaf_blast/leaf_blast (100).jpg,leaf_blast,3,test,88b45ed585c29c897cb12a61779d1abecc3dad576719eb357441742d8971d475,7dbb5f5e7528bf9c544d83f38efb97aea72f183e82490fa15c0ba4a945178ced,test
test/leaf_blast/leaf_blast (106).jpg,leaf_blast,3,test,3e68dcad3c0007dddd24339373391c30d005cb15eb9b9d56c1744267b7657082,0a7fd111890b1e1eaefc3a18bb98b862484abf6417b1e97213b1fd64de4d9419,test
test/leaf_blast/leaf_blast (111).jpg,leaf_blast,3,test,81e7e2fc488f550d126510b3d0a12804447796f2323d866cb17e608e03dd79da,65daf0ee97b8c1169d3f684906da9d2070431c4a1321d18194c7d9e7800e6806,test
test/leaf_blast/leaf_blast (112).jpg,leaf_blast,3,test,30ee0cde4558914210da9e71da349ef69c23c93fe3a1ef3f557089e33630233a,3768b145337f395df15262ffc51e6adf8f1f5ec731c2559094c56201000e5519,test
test/leaf_blast/leaf_blast (118).jpg,leaf_blast,3,test,197b444ab839f2a5a96325a504300df5dc0e883254ef16044bb4b0e691e7a39a,51d3d4f330073942c83cebc6450eeffe5eb7a15bcead25be1e5e08900a931d90,test
test/leaf_blast/leaf_blast (120).jpg,leaf_blast,3,test,c9c8a38f66bb5c43eaeac45063be972b2a98a45723d605d65abe82a7c3d59bf9,f0ad4aa8080920d004bad842b3ae4c72972893e3d01c44fe403edd26cc3224c6,test
test/leaf_blast/leaf_blast (125).jpg,leaf_blast,3,test,03395a637654a6c253593ea19abe2cd4d6483809cd813b9c660837c9d0915fae,50c01c73f99afd74f100070bca8c1d985cc3c148020ba178d642893ca1775c71,test
test/leaf_blast/leaf_blast (133).jpg,leaf_blast,3,test,ec7a01ff781cbc4ac47a9e1ffb80eb61b5387751ac59353fb0c1cf52d22e2935,665fbd66ce2096df0f76ffa7655fbc458b58993efb042458290b0b1cfd0c1a0b,test
test/leaf_blast/leaf_blast (136).jpg,leaf_blast,3,test,1bc071c2a1b042843300b162387fac7f8e7526ac543f24f6fcc8f014dac8da21,a4e65885e266dd5d01e81ecc46618967693bdf208ca86a3ff9b521f7b94f7efd,test
test/leaf_blast/leaf_blast (14).jpg,leaf_blast,3,test,82d011ca431b115f5ee8f1efe06afe57e1392f881356ec616e0dd71719eccab9,89b2a4796a305ea84eecb9e8b5d36e3cdbc3325cb1949003d8afc7fd140ace01,test
test/leaf_blast/leaf_blast (146).jpg,leaf_blast,3,test,56b98e0674a0b0c84eea9998308787b664f3ce823b49e06e76b8fe82a5af7201,9269faa8d719df9f4651994ba58ef9b289faad15bdbe0ceadf87a8cb325e787d,test
test/leaf_blast/leaf_blast (160).jpg,leaf_blast,3,test,89f614b4c5ee211bdd5b994f05bf6db7453380959f05881953d850ad52b3246f,d211b73a6ac0f9a6b996ab58b3513bafad487c40d868147c70c529f955533b06,test
test/leaf_blast/leaf_blast (161).jpg,leaf_blast,3,test,a81aa51d20595ea607950225599781a9ba6999c73fecf4e09c31e24ace04b170,3a9a26f0457311b30a3e88e9ca29559cd5972df4515f2c1ea860efc52e840eb2,test
test/leaf_blast/leaf_blast (163).jpg,leaf_blast,3,test,dc9bae48d83fb731f8f828a7c8ded7dc938d1e82d09ca633e3cc9abc6844fb5f,aedf641962e6858d22eb9346cff88ab15a9a8ddefe3ce05996868baa259ce72f,test
test/leaf_blast/leaf_blast (170).jpg,leaf_blast,3,test,a609436bbe44cb06fd14670e77afecf81a1ae25f32333c54fdce5be97ae4dc56,9f69d5d6f1f53d60100f4740ffe8d77d13f34731388ef1a1a63f7501d49badb5,test
test/leaf_blast/leaf_blast (172).jpg,leaf_blast,3,test,25f436cdbb7e4eba0471c4689311fd14714a6db7d1217b8245e1a39fe2e08f86,e5dbe610da1329e67aacc90187d892a3fb9f654e20e4142fb091c28a1091afb1,test
test/leaf_blast/leaf_blast (175).jpg,leaf_blast,3,test,cb8e1d7bb7db9f0d63fe12eef1d0ea44911ddb40288b9973e5e1d93cfc032e71,58ae60d70956e173bc21eef61488d318a506e45369802ad44f13fabe41d194f8,test
test/leaf_blast/leaf_blast (18).jpg,leaf_blast,3,test,88ee55a980d30dfccff536a331290f54e0066cc55610cea4182f5268263c3343,106f5ac5fa8a06eb1d39485d4993c99f6346d5de1547e637008199f5c07c7dee,test
test/leaf_blast/leaf_blast (180).jpg,leaf_blast,3,test,66b1e5cf178af5dd7620a72d4be4f2a19feb45eb530a29e8dfc80a0f199bfec5,f6ff96053a9c9f246ff6d4dcfcd58b084541667c12dbbc57bfdd1ffd99d2978a,test
test/leaf_blast/leaf_blast (181).jpg,leaf_blast,3,test,7976d2bdb508a005e1da0be6bfe7624a85e1e9315e37f0f22e4622bd77ea8cee,0fced7a99e019c899f93ea287fec4f3502928755db13cd61302b186ca6477e5a,test
test/leaf_blast/leaf_blast (187).jpg,leaf_blast,3,test,703bef62d9e26845f4679712303f3868ffaf2270dd1ee9d6df23871116841861,024ec0ce6d07134a07f92017181399eb8c62cf43aa17331336de2a555be88ca5,test
test/leaf_blast/leaf_blast (190).jpg,leaf_blast,3,test,1a4f1aaf45468d8290423059f9c0c7ebaebc2133e62c9ad67ba491ee554c86e5,078b2eadc1dd8acc257acc62573fd03d207d59872f65951a6a7ed2822b55cd5b,test
test/leaf_blast/leaf_blast (195).jpg,leaf_blast,3,test,458590b594934279a79c9a41c113fa9e89e1545191d8a8e73e4056ac4410c31d,29ca0248f618bc8148009e4b79282b1eeaa6c4287c16a5c18282bf878c4a924e,test
test/leaf_blast/leaf_blast (197).jpg,leaf_blast,3,test,8166d6c578afac5e992a584636f4e26686da2b8009e5e8114c459b59a3b230fa,2c324e8525685ac50f27931d761da12bfc5c1faec9b4efbff5f6fe6fb2914a76,test
test/leaf_blast/leaf_blast (205).jpg,leaf_blast,3,test,e24780d9b017db70ecae16dc73c751abffac27122bded0b802bea3d260080824,f814ad12f2ab3e9911eef0f04b0e7873c99f9810c6faa11841672208feab7ac6,test
test/leaf_blast/leaf_blast (21).jpg,leaf_blast,3,test,aa3bff0dd28b20ce10735bbbf5ec4806c6e7ebfe2f8c95eebaffcd1d1caccded,5703a3f7db24ef2afcdc2f6f6aa87233d9fcd8df9c4feff97f546fee4fb5c107,test
test/leaf_blast/leaf_blast (219).jpg,leaf_blast,3,test,13afc0860b13d55cc62e8992b70522aeb0530938d6e407fe24c9701f077cd975,9f195146e0471315757a7f3e666b70e286660bbe28e6136459cbdf32af7115ce,test
test/leaf_blast/leaf_blast (221).jpg,leaf_blast,3,test,9e9a74a03ba5dec79063aaecd411801a774e4d8914f513b0a7e3206bbb62e245,21bcf15afc6ae28499a9563ec854638b4c770572bb438eae7174afd438a28f95,test
test/leaf_blast/leaf_blast (223).jpg,leaf_blast,3,test,bbb81a42c7da499992d9b1359ed0f49c7100444f87a0d67fb01336871275fb4a,3037489e34c2e799e92ed0f7dd3c97f7ee7812c9d931b7577cfabfe5a2d68b2f,test
test/leaf_blast/leaf_blast (23).jpg,leaf_blast,3,test,8420e33fff19def92ccfe8a6e98a2853e2792f8eae5383e3be28732f3b24b8df,3ea2769d1e317a183accb98812c7c72880df0776afaa0315d9148c151207f32e,test
test/leaf_blast/leaf_blast (234).jpg,leaf_blast,3,test,e4cf09383d53adc8e9a08c5ca2044ab6b268c08827b8ce322468f109e48830ce,d48def4e036cc40f8723796bc79fa6587b95fa4af7f40c5ebc3179cd3e0d2d34,test
test/leaf_blast/leaf_blast (239).jpg,leaf_blast,3,test,e72f5e8d50d170ed2e2d4d70501f4b89e4030b61b5ff012084a8290f8dfeb1f6,0d0f59e4e66cca15846c9ba64353629c9fbdfb738c5411ad5b5700ae9ce39ada,test
test/leaf_blast/leaf_blast (244).jpg,leaf_blast,3,test,2c62c3743f4024bdfc9d9d1daeda090702d55a9da15be3b63beb097af1d3660b,ba6060d789caf68660aca9540b86d1155d022cf935ea625940ecc3b49b865ab2,test
test/leaf_blast/leaf_blast (247).jpg,leaf_blast,3,test,84030ee45b149517b5311e4626bab34536822016e957905249e97df1d2c26942,ca97af4c8306a3b5783ecb39d8103505fb3f3142da79b182b1e8e67e7f2d12eb,test
test/leaf_blast/leaf_blast (251).jpg,leaf_blast,3,test,23eff7915cfcb4dfb9140e43bec9674f1bf33ab04c57bba15d19fbfda0a1334d,c140a9f6fa8df8336550c4418dafaaee045bafb7156023bed06b764a83a573b1,test
test/leaf_blast/leaf_blast (254).jpg,leaf_blast,3,test,3fe9bc84212e3b0077f9f1f067d7e0ed0459090099b0e32a623a219f7d22213a,26aaa0bb5349f939a76dce562aa9910a133c44b83d3e39457de5c729b9402715,test
test/leaf_blast/leaf_blast (258).jpg,leaf_blast,3,test,6eef2c0ff295284096f460b9b7daf415e23600b1a4f7e6920c4c32a12936e310,ed64fe41a373b57bd55dc901ee2143c8251375b8da144b9f9b6bb9228f5cf431,test
test/leaf_blast/leaf_blast (264).jpg,leaf_blast,3,test,1f75a9102837e161acf25f804db8c6172a219b125217d807c6c44b3eb4372254,19d0e189a390994b323d4ad9541d5c94c7c8f096193b074c27fc4accab8941da,test
test/leaf_blast/leaf_blast (266).jpg,leaf_blast,3,test,6648d760f15fdacb259a82e3f39a498cbf08859fd1391d982900abec4177073c,e2a916f005c761af71e61cec057a33932fb7e0374256b4523da8bcf458cb52c5,test
test/leaf_blast/leaf_blast (267).jpg,leaf_blast,3,test,15b167e2a9d4f8b132f0aa370a1e567acc05a1625d8ef907d34a0817975a2541,da9580eee57214c02e05d045651b3cf97422ae703b252ed93004693c585beed0,test
test/leaf_blast/leaf_blast (279).jpg,leaf_blast,3,test,2bb9c71ebe978eb04e91ba44662668d55f30a84966be3c347115746d5388ec30,acaa75e059e2bbc7e672db0a961d9a4cbd5761994a18ff6dfc6e5e6c44d41602,test
test/leaf_blast/leaf_blast (285).jpg,leaf_blast,3,test,cba3b544a063d5648c55f28a5206d6eddfe4ad6a90bd0d8bc3134fcb9403db34,0b574af3c8af60b482d992041ab15143ded8905ee36664e7bfa05f3bac6296ff,test
test/leaf_blast/leaf_blast (289).jpg,leaf_blast,3,test,ade51b392f11cde8a67dd82194081fd499ecd9923f9da37c497fbb82ca241c8f,88d209bccb089180922a7e6a3af33f629fcbae92b8bdbe49ea79f5bcb293a11f,test
test/leaf_blast/leaf_blast (295).jpg,leaf_blast,3,test,5903e61df967f3bdf15857e650c79be247b1a7f57e6a91daffa528e4ffc763f1,bb26f15bfc8e9e7177fb104c806865cb4fe1891b232a22b734c0d2097a7b2445,test
test/leaf_blast/leaf_blast (308).jpg,leaf_blast,3,test,5636483f16ba8485db87d862eae45d8a6921365b07e51891be6dd7c9048de396,3f25b3d0963d767a6aabc6ec86b969ca096f1fa4cff339d6fc84cddfc0246944,test
test/leaf_blast/leaf_blast (310).jpg,leaf_blast,3,test,2c35d69a68f06a8412ed75873e4fdfea446231fc3a51151c97f5e954c14ac1dd,c0fe505cf1ddad95e6fc1bc9d4709cf36678771f9913ab38d4f81a86e56e55e8,test
test/leaf_blast/leaf_blast (319).jpg,leaf_blast,3,test,1d85aef91b3d0f244412a5b3d37cbc2eafd7a5064b90b41c81192ff2c79dce07,2597f06e93c17ea90f12ddfd6af34de6dd127c4fc2e345ae59b9af21403cb65c,test
test/leaf_blast/leaf_blast (4).jpg,leaf_blast,3,test,12cd9d48304d1cc1ced291f179374347809ca941ee7535f68a2d828b5ecf9da8,9140dfece005e5387a3976421074a45141e218b6f9b5fe52c4c6a3f21e8b2a24,test
test/leaf_blast/leaf_blast (41).jpg,leaf_blast,3,test,c4c2c2b8b4d851d6c02f279200104d7d992b3ff01e97fed612afe3064e06769d,84fa2bb6b6f0996b1da8f86dea4ce81b125a7424ebf7c6dcffb374faeb6de5d5,test
test/leaf_blast/leaf_blast (46).jpg,leaf_blast,3,test,fbe5a6c06f26abd40818dcb8303acf11f735b883606315367b5fcdd93fb423e6,9d5a7a05bf7690612a5bce41396204aad01fde59cb132c4376399d326ad47484,test
test/leaf_blast/leaf_blast (51).jpg,leaf_blast,3,test,56c2f739c7b6d33ec0d5382f10067f82507d2af6a277dac4304a2a6b75a3859b,fed859716b751530f0a42471e07eef988fc185c5347282b8e4d7b41ba33fdd94,test
test/leaf_blast/leaf_blast (53).jpg,leaf_blast,3,test,e6496d8cb25eff7c74dd8206264a6e61ba7869dc5814b8217d29e12486ec099e,abf7406966b1f0c0a7d819538615a06ae775e9184f0ed216550fb43c2d25ad46,test
test/leaf_blast/leaf_blast (55).jpg,leaf_blast,3,test,7547997ee089b61103975440607487e64101f4e642644b7a031bd5b309c72b32,144946b7ea35cccee62182635d5f0441f15f5c14b89d6be04c82ad7a00e403e3,test
test/leaf_blast/leaf_blast (59).jpg,leaf_blast,3,test,80cdcbd566477600d0b95e1567a70c4c8a61bd2d04f06668638b882b552c1e71,8d392108b8ea69c4d55acc4aabf639254062c658a83bcbfd00c1ad4f5192b182,test
test/leaf_blast/leaf_blast (63).jpg,leaf_blast,3,test,73611e02de37a52c8d5b153574348dbc1c4ec333c3d1aec44d95982bd8291cd9,cd571fb7422d3cf2ea91c4fa7cecf09367c4a4fe9e296f919e5932ead1f7b212,test
test/leaf_blast/leaf_blast (70).jpg,leaf_blast,3,test,fe962921aa8a7abc30b6df3e50ab430eb6ac57c6727f52f619be8c97ec1d0f0b,dc0db4c1fe79a8be552d6a0e8aa7d821d295a4c845be4b098fabfcc54e49ad1c,test
test/leaf_blast/leaf_blast (74).jpg,leaf_blast,3,test,afbad788a12653d3c6ec9b227ce8ccaec767741c92256ae5954d2f955ca43cca,635d3c2582b62056a22577165263eccffa5a431e4eb70665792b0e0d6fb42931,test
test/leaf_blast/leaf_blast (77).jpg,leaf_blast,3,test,94a7b99b4088e1728fd2fce41c1dbe07f95242b12e6dc8bfea7608c42110cdde,1535005d1d0634f9d9eee2646d163210bf5ab5d742c5604ed17859443603e4d7,test
test/leaf_blast/leaf_blast (78).jpg,leaf_blast,3,test,b666888f96f186eb3bf7dc5c0edfa4248f22ced9608d40309ddd8384a4f2859a,ad06cb0d0b2e5d89d9f3603f2c0b9e403e11b32bb14e5e6b15bdfc7511f8dd87,test
test/leaf_blast/leaf_blast (79).jpg,leaf_blast,3,test,fdf77ebb5783e80037c91044eef418652f41daa0ebcba029121f648444019dd7,7831e98a333806d582d818c0642f62b551748f7f05ba1e75403c0c4d012aad4f,test
test/leaf_blast/leaf_blast (83).jpg,leaf_blast,3,test,ef00939a176be2fd6680631aace1c143b082318019effaea4f50a1743ab38cd6,137e434ecfb05fbe6e763945a26bbf031143a445d3984dbf8bb3a14061f2fdc5,test
test/leaf_blast/leaf_blast (84).jpg,leaf_blast,3,test,5a0de79e5bc3ada8189c6476741a8f16343833c4d236773b9506bd5330a93d89,9ee51eae625405be0644d27a8d121b97222631982548194248cb2fe8d6936d93,test
test/leaf_blast/leaf_blast (86).jpg,leaf_blast,3,test,8551c6efc0e3a68ee5775e7c7b9fb779554628bef98aa83883105922b5c78f3e,5f86fe7749db687fa2b709f82d4ca507244f8f0049d01404b90121c294fdff9d,test
test/leaf_blast/leaf_blast (88).jpg,leaf_blast,3,test,1b1b8a734517992d629bb3944fadc74781bcb7ea5cd6507c09c7e4298ef64991,4789bde33b7d1e34b02e697dcf145026e03705e3f04b7d68a82fbc263e8dd68f,test
test/leaf_blast/leaf_blast (9).jpg,leaf_blast,3,test,20ab6d8cb3c37660db44f4e531f8898b235075670185cefe50f48867674bfdb1,130c798711829771826c2097a9ccdbf7f8eda3a8ba7c26729a3bdd1423907488,test
test/leaf_blast/leaf_blast (94).jpg,leaf_blast,3,test,74ccb68010a84854aba0ae8afdf43879b82da000a278bb9fb730a0b513e6783a,48643ee83c9e5e4e3c7d7acbfa8945b670736dc40689504efb50ba340eaed105,test
test/leaf_blast/leaf_blast (97).jpg,leaf_blast,3,test,566c25342882f3303a71aac24a15413095251b1f5228a6b16d78a462c63c4575,b044f882a5109827a45e6f5e7fe3287c80a7830a0d2596b5b877fa21e1696f8a,test
test/leaf_blast/leaf_blast (99).jpg,leaf_blast,3,test,bfac880d3d59fe31a3493897cc7dbcf6443613818ff7d6bda8fe4ba94c9a7027,3267071df7a2f3181e30a7064e820a40f1fe1040874366514f3f544003610493,test
test/leaf_scald/leaf_scald (1).jpg,leaf_scald,4,test,b1613fef40a41d6388fc04eb60a1745652c264502b28543e38732301e0bf23d9,56145db4e9beba9a3763b8282b5670ea8d5edefdf1bf26ddce115158e013eb40,test
test/leaf_scald/leaf_scald (103).jpg,leaf_scald,4,test,ce58614b8af6fa071e7964a73cfa3bc91580ab10820a8f4ca0241d3b4601bf38,0148e2fb22bfb5aa7097dbf8cd40f0d0bf7c47819b2777d3f2951db26914b469,test
test/leaf_scald/leaf_scald (115).jpg,leaf_scald,4,test,1cf16e45b5ab51e04d52ddb61342e41a3e9f6d56b2db10708321be9f01e6737c,b8ec6bdd01d7f6cb65d8e43ce3a9b6b4d6b9ba2513a8e04cc770dafaa886e96b,test
test/leaf_scald/leaf_scald (118).jpg,leaf_scald,4,test,ab427c3892e9490ddd33ccda6909c065fcd783dbc5641df8958c7a1f45343ffa,cd1b82ff9f26c7d0a9cb8a98df9e06092a3a2929a4d6899bc6752b57b1d0616b,test
test/leaf_scald/leaf_scald (120).jpg,leaf_scald,4,test,244f24d42a4e6ad1d261818e51220ccc6dbad780b6dc8416d620ad0c48f59fc5,687f9144cbad68335a5eb8a0d6cd681271c1c600cf895ec3b4f9e43d11e7029a,test
test/leaf_scald/leaf_scald (135).jpg,leaf_scald,4,test,c5663b6894de5cc0362ef112d104d164db098d4eb6753a0da885a4b6f8294baf,ea91651727c4256017247621fd2e43f517efa2a351b6247252224a3772f41ee8,test
test/leaf_scald/leaf_scald (144).jpg,leaf_scald,4,test,8a30fb861547d6b62c0ca0224b01e9456e0ad05b0944b8dfa2afc43949af2306,b08039ec9903e7835a21ae8373814d4dbda900a72f92fc6e8f59de24bb98b79e,test
test/leaf_scald/leaf_scald (148).jpg,leaf_scald,4,test,9c8c0f8d906f32ad512a5e8f86d9115e68ec3c4a1bdbf5278b811f8c0ed95aaa,a8ebabae341ec025d256fd7fa839ead81d587a5d2cc073912a9e8220de41b42d,test
test/leaf_scald/leaf_scald (151).jpg,leaf_scald,4,test,64b3918683eb920346625cb4225f046dd9c5404c1cc9c6ee833f70d44f70dde3,66e333cad11edb9a3b5c03fc136003e14983a6be68adc063c59773d46a4aa796,test
test/leaf_scald/leaf_scald (154).jpg,leaf_scald,4,test,3bb6f9a2763a0bbe2c91cd75aa42de88845af2c62416a1b2045364ffefc344ef,fc9c7e4709d2691f31a2f3696063f095acd45e46d3b8e51d2302b1c829070b94,test
test/leaf_scald/leaf_scald (155).jpg,leaf_scald,4,test,b2a5c6579be8101b848c157c891af91e950bcdd4428647c51a3083a8e61a7431,3edacda25a917a6600cf713a18543be5742ac480fa5e5aeaa2e0a6ed547fcf68,test
test/leaf_scald/leaf_scald (161).jpg,leaf_scald,4,test,ccb00a71ee67dbe525a01efc22964510075a7dfb8125777edb16d5641a4939f1,02c6f04adb013ad567347f3e3c20d982a81ad538780f7bb8071e9709c1be2ba5,test
test/leaf_scald/leaf_scald (162).jpg,leaf_scald,4,test,b2c4fc5baf7a3324c7ba0f65a51382170da7e0f6dbb68f35727920c9000c3514,69d23f4003d30d85a73e4ec866c4554f9ab4e4f0284d4d39dba824e1ee2c946b,test
test/leaf_scald/leaf_scald (164).jpg,leaf_scald,4,test,0600b9b1d30602e85940c4f2a8bbfb2486fac9422dc54697528e1b5d102a962c,d27797ca822ace6cfb6233f792c97227019963db83fa427fc7bca9280741d0ba,test
test/leaf_scald/leaf_scald (166).jpg,leaf_scald,4,test,65bb83af9d62c49d6c05e31d85078ae83fc183d6e1f0c187b4d125e3a3f439dc,856d0a82a3e256916ae6321032fecfcf2e9ca843ea9605a9936a332923d65633,test
test/leaf_scald/leaf_scald (172).jpg,leaf_scald,4,test,b9ba24dfc3facbdf967e7ddb3d08d4ba7994720e696cea7033b6e8a18f2d6656,af2b3cc5b476ad276accb971256d375f10a707a86183cb25013424f9d22cb9bf,test
test/leaf_scald/leaf_scald (182).jpg,leaf_scald,4,test,df9ea840f86107ae5f45fc6e5262e3dbde3ac4c6e48cbac896f313608d45b53f,633c2f038a0cb4837dc8a44c12d5050f253860b3272260e88a80da4d188aab08,test
test/leaf_scald/leaf_scald (187).jpg,leaf_scald,4,test,bc61bdba6121cf2982225da8fd81ea30119f386da7cca5c647134edae9dcc44b,d44989b0c6848ee80a2ae9bc5425af7a2c1e509de83225ff22bc93fa84f4cf29,test
test/leaf_scald/leaf_scald (19).jpg,leaf_scald,4,test,2a2f7482a5f56c6f32948bec83138ebf95950555b46e11d2c79ef80c0edcf45d,bb5755060d528c14f34c53b9eec0b99988006b0f8a681074ca9b090597f0700d,test
test/leaf_scald/leaf_scald (197).jpg,leaf_scald,4,test,d399a62b28fc0ca37139efcd8e2cd918000bf4741ccb9b859f18afa289b22aa2,f9de809c5cac8466e8ff9b3baac3d90dd23299cb12d7e1776b131ecf9d1bbd04,test
test/leaf_scald/leaf_scald (199).jpg,leaf_scald,4,test,e3c4bef9dfd3b3f2d6f3ba21b07d413657b5385d477f52710c381eaa8811d620,ed38a62c9e4c694d7dae9e4e87c7d38122468ea5688afadc706b1f04805d848b,test
test/leaf_scald/leaf_scald (200).jpg,leaf_scald,4,test,e0d56fd58d37df8643adffda4a30ed9f80055085870ce66754fed0f67e9d0485,6c469b6f8f859749392d361ec86f50a3c9a488b3102506b884a7d44e85b5e0a2,test
test/leaf_scald/leaf_scald (213).jpg,leaf_scald,4,test,f7475e0da370ec0e78063b5ea56c89fc7a84dbc95cb3f70d701e070d8fb25ccb,6f2b466708ce33f4398e65c66658867df68916ac99c41472dd26a2ece6880137,test
test/leaf_scald/leaf_scald (215).jpg,leaf_scald,4,test,48f064917d9ca7addb87d9be532195f32074923bfa7fb8e5cc320478ddc05054,35f0d225f9d057b7b09fb18bfa1cc2d70bcc7ffe10416f82977426aa5f071119,test
test/leaf_scald/leaf_scald (219).jpg,leaf_scald,4,test,70a5c9975c202a89486f8a658bc1ba911a859b49c61e7ca99754cc122535ea91,62682e0011059bb710f3ba8262d81b8fd16b4ea0190918d823ae1104970922f8,test
test/leaf_scald/leaf_scald (223).jpg,leaf_scald,4,test,2d95af908ce775e75dbd68d51be40685739da62b9ba9832f0f7df29f894a14a0,35bd36ab07ebb611f38ce9c1c2097e71eb656982ce1b0af76af583a958f21e83,test
test/leaf_scald/leaf_scald (224).jpg,leaf_scald,4,test,31245426fca3aa9c04adba9951fa85fd181d87f44620f88a7988b8439bb290cf,be982e8386084841cdcd03378715a60216f7e4427fe729be41505c0a8b292eb2,test
test/leaf_scald/leaf_scald (23).jpg,leaf_scald,4,test,d2a57b40480ee2b66aca4247085fa99181c078479c3aa10d30e089168ec56ce8,271a681f94f548d672a4c0c7d5da4c906c222d5e343b00cad4c13f6d74e58660,test
test/leaf_scald/leaf_scald (232).jpg,leaf_scald,4,test,0bae26def9dbf7882b393f63d21fa708dd7e2d8e77c526da8727aa7b06789784,5853afeec4de1ef63f3dd62240b825186b8e3a9a33d1d1f38ad4cd2c7bc7511a,test
test/leaf_scald/leaf_scald (234).jpg,leaf_scald,4,test,e0a20441e09ce439df48953f53af6c6752264eb480af19c25a9b5c45dd46a31d,242a5972934a82860af20c5e9617e2271f10e1c1538deb39835d1adf697b7403,test
test/leaf_scald/leaf_scald (237).jpg,leaf_scald,4,test,7df0366494093a57b9c9d95f198806c08e05960bd17090abfed6b1de4407c509,500289e2d52c71920d888ad8d53d6e4903954777ebfefc2cca97279601ba3a95,test
test/leaf_scald/leaf_scald (242).jpg,leaf_scald,4,test,2615bfa13ed2ccd3eac2391efddfb82ee23b1b95e8f4de66c9738e1d36614fe5,5ef91abd40976485c9671254b192d2ee89e90ff05a90965f56f65efa37a5368b,test
test/leaf_scald/leaf_scald (249).jpg,leaf_scald,4,test,16d65949f328ee40a988489be07398f296764dd18809e806f2f108ffb1c61507,ce315ea3d69979a043eab22aa7ce644a02a0ae33e99cb59bd2f6d643c30a3ac4,test
test/leaf_scald/leaf_scald (251).jpg,leaf_scald,4,test,36dbb06848dfd3dbdebf3557f2520d1571885afcaf47cd1645c752a4b0d0e7a2,06be28935de5939630ecdfe651cc2f1c1cdbbdf0b69b1d06d6738a1975fd3565,test
test/leaf_scald/leaf_scald (255).jpg,leaf_scald,4,test,e6898e7890b66e920d2f26576acc6bcc3c6632b8ff0fe99c62e1b8a00db9dc3d,ad908d6cb4ce715bde94a51b5b249df32726a26cc22643ab64b9f44a48082659,test
test/leaf_scald/leaf_scald (262).jpg,leaf_scald,4,test,fe791080cf509701a5aad8f5b7a95a9588e843211b56bc1dc3c729bdd0268ef4,3ded678244e194d43107cb172e32e2071f10738db62dcf5dcf0461d6a6b966e5,test
test/leaf_scald/leaf_scald (264).jpg,leaf_scald,4,test,3a014c76ffac8622c47eab90d1107bd0d39ba6867ee6ac780826accb5ecfd5bd,ef50369f95febf5f032c6842affac5dbae4df66e716f96072f40538d51790352,test
test/leaf_scald/leaf_scald (267).jpg,leaf_scald,4,test,b92c7aa8ce79250755edd965a083880d8004efaa7f11fcab1ef30f6668dd0e63,28a8f79037610ebcec456bbe592cad24b003ad02608d6d60ca362e24e4512425,test
test/leaf_scald/leaf_scald (276).jpg,leaf_scald,4,test,dd4f2d5bdde9ee70596428dff141b43fde45f2afb08065efe4f18c0d6b625a7c,28632be17f748556905ddf81025e0e1261e8deaea5ac5db7808b12a74613656b,test
test/leaf_scald/leaf_scald (277).jpg,leaf_scald,4,test,fb8a3baa04800585cb3ab3e4c1b9cdad25bef59a281d089d82e4541b18d2f682,9b11ab33e4e6fa35425685e1a7058f1f94fed7fa5f705876f8f9ba3ce4e117b2,test
test/leaf_scald/leaf_scald (291).jpg,leaf_scald,4,test,c26c0e062401b3b370db6d27bc9807462971889b247e911b0a8a02af66b76b4c,043fb33f181846b4e010db8f1a74e0c6ca5453d98ea5b445ae3862c666a5fd86,test
test/leaf_scald/leaf_scald (302).jpg,leaf_scald,4,test,f14d56620cefb4e669b6091147377aa529eb282e70ef6e356e797c8fcf47ba2a,c838cb78cf43bbea08950540650825b5470913843fc2c901ac2951b9921c4ab6,test
test/leaf_scald/leaf_scald (304).jpg,leaf_scald,4,test,7ce6ef91ee05d9b9fd3f6db19388c3890b474e4d904cdcf802060acbb1f8eb80,23f65199554d028a577f8586540b8ac15363138a5d55257fedfcef2adbf3567d,test
test/leaf_scald/leaf_scald (31).jpg,leaf_scald,4,test,8ee49875590d52ed24db7b44dfb34eec4f068623c8ffc6e142afe31c161404e2,e97e8adc7e538a7fdeaf9efd5407d6e498fc36de8cd170ca0414eb9e50ee9b86,test
test/leaf_scald/leaf_scald (310).jpg,leaf_scald,4,test,0245fae746c6b623df75cd0df4ec5ecdc86d720864a081fe671ec581608233b4,5a89ea8e0e98ce98159ed9b800f8f2b2edc85e9a3b58b189fefad20ff6725f62,test
test/leaf_scald/leaf_scald (313).jpg,leaf_scald,4,test,e854f6af4e786062b166db6c53faf0018b6de1b060ceea83830deda779105fdf,cbba231cb6714ff71764aa299d94646bcfe4733f8c68483a5e58761ab0f39020,test
test/leaf_scald/leaf_scald (316).jpg,leaf_scald,4,test,474ad1b1bc7256de8407719c4b5520485a15282231c964dd9154049dd6ec11ea,e678920356d264b224436680c52c8aa9d3235a73705c8a0d5be9dd71469b1718,test
test/leaf_scald/leaf_scald (322).jpg,leaf_scald,4,test,2dc7f44a50c6cae862d4340e002b1915c1eaa00eed6a85e52a5b0e936104b3b9,7e2cf80c0939a4fd9245e4660edfddcdc209ed02a43b65eaf078d76ed1ec8fb8,test
test/leaf_scald/leaf_scald (325).jpg,leaf_scald,4,test,524cc09bdd7d0321fd9e0bfee1bc762b1b544a11db6ef9de1516d042b36c6f37,9616cde375ddb9ada23ccd6643ef095e02441a900e2b63d4868c17ea846e8e9a,test
test/leaf_scald/leaf_scald (328).jpg,leaf_scald,4,test,f5201266811bb215d9743b53a5a1331ff28c05fd529f49f615871db3078dfdb4,cf4824b9e6ea99e167972723e902c8c2479555208ae2d45772bb61594887bc9f,test
test/leaf_scald/leaf_scald (33).jpg,leaf_scald,4,test,544ebf419e1811d3a5c2677ebb86359c1d7102428e189b5b8fa25c8e1eb95a13,0e62e9cceb0c05cf2fc78f620ce35ac32b21ff55821225f0b49fd83f3aa07115,test
test/leaf_scald/leaf_scald (333).jpg,leaf_scald,4,test,ccad4272836b5d8f51c6218b999163983805e34a8d0e238ad5410d780bf2e684,5160e88c75126817c0bdfd6772f380bb9da7c6b6093a21d9331d435ba3d019fd,test
test/leaf_scald/leaf_scald (35).jpg,leaf_scald,4,test,0371e1df445c8c92b2c68e45db116b33e4fda21d16a19ed73409eb7ddbec0ee4,9d63bf20bd2162de5f8a9f97cf8fc0ccc6aff82882dcb4cbc21e242c16c71f96,test
test/leaf_scald/leaf_scald (43).jpg,leaf_scald,4,test,e4f40d65418931304843ca132382326f43d6570fc5d63b0b3cd7577f2b1dd983,2b838e58d1744ef03e7039f47c9d0101cc19d032b50014b052da0af351d7a5e4,test
test/leaf_scald/leaf_scald (47).jpg,leaf_scald,4,test,a1423ca02fdf982189691feae10acd7ebb7c0e53e259e5a9c8930d9b476e161c,ac97889332243c89a52a422c234d21a93a09d5b7dd2609a172d0cb86a31f77e0,test
test/leaf_scald/leaf_scald (49).jpg,leaf_scald,4,test,3d45d780dd91b21ed411879a7d080942969c8097c41d3230f4c893907f5a8ad7,40bc5889fc66f6e181aa1dd2a6ce51f7430a6445ac692ca0e312b6941116466a,test
test/leaf_scald/leaf_scald (55).jpg,leaf_scald,4,test,074b3e689c99f448186e50b07ac71252bf6053d7478aa6b017a8c7609edefa1f,8d9f2bdda350af8bc5280630abb9c238bfbda4dffb508b784e9a01d1e1565030,test
test/leaf_scald/leaf_scald (72).jpg,leaf_scald,4,test,90a9a7d28941f61c3df96ec6770ae9f951f90d1247791ad41305fd75804cb077,8255d8a5fe3a02e3c8b730380828ee77918bddf797c9d2f453f55a2b01c1c671,test
test/leaf_scald/leaf_scald (76).jpg,leaf_scald,4,test,705a929d3f87c9642fa9e14b941e9b2c63855a7b9fe4a43370c0b5fefe29276f,82c13319ea4f3f35942c8874d2c26826b2d2825345374f12b9be671820f1d329,test
test/leaf_scald/leaf_scald (77).jpg,leaf_scald,4,test,3fb9a30c8b458aba73c84f6386cfa141a7f3af0e28914ea8610f26ffd6ab93f3,5590c5c21895bf583360692c19480abd675bd73425758c2d170e1bf6c50e3de0,test
test/leaf_scald/leaf_scald (87).jpg,leaf_scald,4,test,ed0be2c12325118a1f6022f87f50643e7174517287f5e4742b7f2cd9b3671df9,9f855d1120c76c13fb4d48e8d2dd524f9f61c6712a413e9f288919fd5ad2e140,test
test/leaf_scald/leaf_scald (91).jpg,leaf_scald,4,test,7d90046e063a072c90bdaf1644b9bb115fe9df9a6a1c2551768de2ffa2a0250a,3efb7869d915c9939df833054d0de58a7f14d410aa8ee8602f5a7afc0b04ae8d,test
test/narrow_brown_spot/narrow_brown (104).jpg,narrow_brown_spot,5,test,f1b5ea4a39f0d7218aac96bc75a8aa5791bb52ab0d014c8689d77168de5418b6,7853dfc3ff5ac9c197052a624c5674138f6d424802115947078d94ea28907cd0,test
test/narrow_brown_spot/narrow_brown (105).jpg,narrow_brown_spot,5,test,b2a4c611a80cfcf56e9e457980b3aa20b84f2684d4ca697b4abe595aee001d7c,7a0b16d1d2a1961ebdd1a569961017f72f715bb45c891a52515b0028a128035f,test
test/narrow_brown_spot/narrow_brown (109).jpg,narrow_brown_spot,5,test,e87a23cba19dd0ea51d2fed125123a4a1ffc78baa5644322cb97e86f8d3533f4,2151053d5ffe35527b566c0f7fb46f1b80e674b81403955c4ed1b916b495fd12,test
test/narrow_brown_spot/narrow_brown (110).jpg,narrow_brown_spot,5,test,174218aad0d4d5fce1f5c7ab5f67785c049f9a2fc7abe75c4d83d25d31dc885b,826dac673ec4747fe3e9a23ecaa01a2eed4377819b27f4b60c9b1f54b2cf8c00,test
test/narrow_brown_spot/narrow_brown (112).jpg,narrow_brown_spot,5,test,117a789c86bb83e2e59ccce1e97731af8295e91af38adefb01842aa66faa3ae6,a431879e8349ace37e60b9c82c8eb6de1ebb83415c91cf2a96af3f34e0218440,test
test/narrow_brown_spot/narrow_brown (121).jpg,narrow_brown_spot,5,test,762ddb3acbe14427ee9f7671ee361be455e93c8e4b4e36149233cd3f7353a076,5e3b85675b83e430910f361ae1e3d1902e25196b5ea7308ef4d083e4f446312f,test
test/narrow_brown_spot/narrow_brown (125).jpg,narrow_brown_spot,5,test,f62da4c9377be1de05f17d37d0d877ee88745f8c6554b7fc0fe772d6ad0fbcf5,930300713194dee066d1435d16d1371dd1ddf5c337fc0600b03f02894f7c1271,test
test/narrow_brown_spot/narrow_brown (126).jpg,narrow_brown_spot,5,test,a0d15eb857eb86793493434eae49a7ba76fa37d9b820e0902c05abdbaf9d7763,f02a8c6a9c390c813df256d9db1c7adb6137d1ac852c5b8b7ee860b51c7622e3,test
test/narrow_brown_spot/narrow_brown (127).jpg,narrow_brown_spot,5,test,54160c16b264eda3670e2351b61081c09a3ea3361b0c48f6ed29dd4e4632d3d5,b3dc2579d99e5a6d02762fb8e6032a1774a3464350a9fce11047cccf079c68d1,test
test/narrow_brown_spot/narrow_brown (128).jpg,narrow_brown_spot,5,test,e3a09b2ed2319247bba6555a36942faab3965ea8ce9d15013b1d9602f9c60514,33a9e908a4df83a17068a02c3e67ac554022194ac807886f3d81387c58c86379,test
test/narrow_brown_spot/narrow_brown (129).jpg,narrow_brown_spot,5,test,5dc13563dc3d69c57385bb93fa8e4de69be581c1e3826147c6cabe390d93ab83,ed1c7400af8f5b4382c0e66c3909c8160d1d11ddf94271a6e99eaa2592c135f9,test
test/narrow_brown_spot/narrow_brown (130).jpg,narrow_brown_spot,5,test,813dba7f2b7b1dc74b215c890f058fea335a609192c904cbe4f73cfa4745e8c9,aa38068e42cd53f779a73d8be95d2bd79bb77e962d47a19d7a057c8c857e4341,test
test/narrow_brown_spot/narrow_brown (137).jpg,narrow_brown_spot,5,test,300d0a9dabd85f244b099232c1a7e7334dc461fa47a4d1890009cfec2099cc93,00f1c426f694651993d3210dbcfcca2455a1e39633e17973c048a4cff2299dff,test
test/narrow_brown_spot/narrow_brown (147).jpg,narrow_brown_spot,5,test,417f8ae626f4530e50b10c95dddf7ab2503c4c7702af6273ed0f1002d86244a8,34f6fbf21ccdce31f9a090396aafc5cac6b36e1cf6d7e60e2f5476cdfeaa9ba9,test
test/narrow_brown_spot/narrow_brown (148).jpg,narrow_brown_spot,5,test,7870881e557c4aee3ac24ce4e67c61ff73eed4e9a160843a39fa987c1c5d2834,8542506526918f879ba0bd7c356ae0f6f04a540bd31b96c8380d05677a61997b,test
test/narrow_brown_spot/narrow_brown (153).jpg,narrow_brown_spot,5,test,8ba92e956da18aae50361d71cf5eeb9989501c84f7cc7c87c2a4ae07d95e24e8,2fe536419175debfb881251fa3903f2fba63c0a3eed97a0a35b2126a1252fc04,test
test/narrow_brown_spot/narrow_brown (166).jpg,narrow_brown_spot,5,test,be31de7871ea0e9d7478cdca9ebbe52f78633fdbe6642c4effca4bc1130cdcb9,1e96dd651399c6f0096f0fb2b561ea1dce872281f05049f02694948a0d22b2ac,test
test/narrow_brown_spot/narrow_brown (167).jpg,narrow_brown_spot,5,test,cab698473f0d3f1ad847fe6dcaa18a4400fcf77ccbca6de13376de914c65ce45,9e8e372b5da4b40c13060b671ad2f62de6c1561143af0f5e4f46fbff1486ebcf,test
test/narrow_brown_spot/narrow_brown (168).jpg,narrow_brown_spot,5,test,6c63363528d8fbc6c342b7fc13c651a7b862e9e74a9f2284bd5375251c262663,b1098eb2806c5e5c5e40cdf454975de11cb1be23cde382b9e77c3d4c515fe695,test
test/narrow_brown_spot/narrow_brown (181).jpg,narrow_brown_spot,5,test,3be96686c2d8b7dee55d2c2e6cf95bd6a79c3fb2c6b349cfba6c21ac7c52a2f4,b7947d89da2060cda323c964f8d76da2b0cbd72bf53405049ee68197ea4d8388,test
test/narrow_brown_spot/narrow_brown (184).jpg,narrow_brown_spot,5,test,cf5d7fcfd1c0c06da18235cbbb752c26e05a0967ca3e8f9aeb3ff739787dc4aa,7e153f6dc08e0bd276a7a89a49614ad4d0962be922d802679bd901cd41050b82,test
test/narrow_brown_spot/narrow_brown (19).jpg,narrow_brown_spot,5,test,b6d848972802fc73d8d2f7eebcf2627c64991c704335e9ef2487fdf75e385bd5,7536a953fcf1820e13c11a38a8623e7277b87c6352a864c96a2f9f67655f3f54,test
test/narrow_brown_spot/narrow_brown (2).jpg,narrow_brown_spot,5,test,0d76a8d3e60c0ec6ada8e00cd7eb1d23dcdb849c1660315f8989545358a18312,389a0439426dfd1fca5c2b15a9b414026ddc285fc20a8ffe620ac497f94dc815,test
test/narrow_brown_spot/narrow_brown (225).jpg,narrow_brown_spot,5,test,40a5b7e3c8a97666246a4c4a45f46e9118563dd230d9d71615a689015d6457bb,5e52a372ef393f7113d6bd69ff3daf5d72be49810488f631dc3c48a25d8e5074,test
test/narrow_brown_spot/narrow_brown (237).jpg,narrow_brown_spot,5,test,bbe668d5c49d286ca6a2c9abf68f275fe269c04f885c299fc0f931863b7a6445,57d6a9b821ccaae20cee26c9e8b0e5a20aac6f652dbc744eac299367445447c3,test
test/narrow_brown_spot/narrow_brown (239).jpg,narrow_brown_spot,5,test,5ad8bdd7557e917c44b841f6226e3cae76f56603e74c72e946a584dca2a593d3,5883ced81317cd69560763943d70746a796d1dbe32e7146ed24093b289084671,test
test/narrow_brown_spot/narrow_brown (241).jpg,narrow_brown_spot,5,test,72731a0afb65371997e384ac6745c5219bc937ddba362e72d96f47e9059201af,1339f724b7e6902bbe60af8c04898b43794f78c9e5c507c1831b2abae1a8f523,test
test/narrow_brown_spot/narrow_brown (243).jpg,narrow_brown_spot,5,test,9bfb31a301693b61acbe14448033c3dabd6512a4ca497bb9dccf80666464d04f,91d5c24fcc7e2e362a1263773268f1c9e2e6484d69438aebfa935d8958486c92,test
test/narrow_brown_spot/narrow_brown (247).jpg,narrow_brown_spot,5,test,d99501f2d11dec89634b2be44c95dafb50844905b46283020aa5b0fc3461a80a,a44208dcf6a289af03ea6a7dc4e72c43aab33e27c6f4fc99cf108ff753afda73,test
test/narrow_brown_spot/narrow_brown (248).jpg,narrow_brown_spot,5,test,47e96a5d87d2ed339731ed7f4fc21db3d07539af4183258a0e41830159fe591a,539308cd859312d3c356215e1053ded2f92d3f82560d5ed3b6b7ddc972809d0e,test
test/narrow_brown_spot/narrow_brown (249).jpg,narrow_brown_spot,5,test,65ad6569ea4100370878d7cf5f2676404750b9ccba8828bb3ff082489b383f74,9d05c3a69a9567a76dec831c9d219a2aa789d2036dd78bf46c4e2228c38ba1cc,test
test/narrow_brown_spot/narrow_brown (25).jpg,narrow_brown_spot,5,test,659ad223c334831bab818e33e447cd4e0aed95346a47e47a194556bc0c4c7828,3ecdaacf6c32107c027bd63f9b9e3a59b9293b184fad8639e8b223ef728f6299,test
test/narrow_brown_spot/narrow_brown (254).jpg,narrow_brown_spot,5,test,e22a067aa0a4b8f0b9c6e2f72ce25d283564841f14ed5b42063f2ad90b4d0b7d,bdd2dbade33a96cb19c161fa7e83bbc41b17f68b0c195e20cc4a468fa1f3fc58,test
test/narrow_brown_spot/narrow_brown (257).jpg,narrow_brown_spot,5,test,854f9d366326820a7b2997f1198025c5c369e1f00f87e05e2b08b3fd363dc6c8,b1d0ad32bc814f74ef9bbb314d057647ab7acb6b11f6af226c358d6431b498e2,test
test/narrow_brown_spot/narrow_brown (262).jpg,narrow_brown_spot,5,test,774edbaee2ac1b6d77f09e50371ef30e5defd2f76d739e819be030781756da9d,1d2c156421bf177c41d281ceb5958a40cdf8f5efd9f566f868f7b913603306dc,test
test/narrow_brown_spot/narrow_brown (267).jpg,narrow_brown_spot,5,test,676139cc2ff1c6e005f3b4778c2d4e02b51379d9e029dafca4fdb30bfe7c5498,4759c16c3af477846d7b1cb08a196ae0f1511c85efbabc3fbaba8aeac90cbeb8,test
test/narrow_brown_spot/narrow_brown (276).jpg,narrow_brown_spot,5,test,1083be9b165a32f42a40e5ec13faab188ad163dfdee4992289c966b181011eab,631ef0ef2f8d1b47d4e731752dff35e774ed2d3bbe61f2f04d26383611874b8e,test
test/narrow_brown_spot/narrow_brown (277).jpg,narrow_brown_spot,5,test,8e244005d6d860c2c422175128636134888c6fb3ec2082840dadd10ceabfcf74,f182356a5d02f8ae55f94e2249fc7d7c87618ebfc0be4f73c946a502430e3260,test
test/narrow_brown_spot/narrow_brown (285).jpg,narrow_brown_spot,5,test,5966f827df3aaf8cda5e649a357c92f287a0c4732f1dd3425dc3569da6bdef19,bf7c43625ccb8189e27a270dad90d68d3099fff6838d4aa5c23cd521acef3d83,test
test/narrow_brown_spot/narrow_brown (291).jpg,narrow_brown_spot,5,test,52b4e46f94d159b9c5dd92926082d72dee2ff0589243feb665e9549bde92f4da,6e13669f25260535ca83a586f2efdc016e154979437b6b780a59e96e74d55400,test
test/narrow_brown_spot/narrow_brown (294).jpg,narrow_brown_spot,5,test,4c58437f16cfe78146dc76f0a8b77f60b95dee459ae002f10f2f60c668294a47,40cc0a4d63b265aa0ca7212a8e9e7d0df51d90d5ea4b8dbd2a4a3006c57fd360,test
test/narrow_brown_spot/narrow_brown (3).jpg,narrow_brown_spot,5,test,ce135fe8c1777728b475040572ed0ef8bc36e78d7360329dfc2a016bc287d0d2,9074ca643bd48237ec4154d562aa7d0d0d079024b92a45706b29926d74da3242,test
test/narrow_brown_spot/narrow_brown (318).jpg,narrow_brown_spot,5,test,57d2630afa651b8a537fd60a62782dbc0726796d3bf6394ee68c204fb808e1c9,136322e486bf1463e2f78b5b6e94490be9ecf6905a12cf1c4176b88a4a9205ae,test
test/narrow_brown_spot/narrow_brown (32).jpg,narrow_brown_spot,5,test,dd63ff38865b9ce1441b5a6d1c0b313bbafa1c43c86ee4d7ff95a96891318e09,64f5df5c95e1bac6f616704373f34389a63adc09aec950c68b95efe9d43e62bc,test
test/narrow_brown_spot/narrow_brown (34).jpg,narrow_brown_spot,5,test,c2b63616c31c76d1d839b40eb8916a2a878c64702fa800a66a613a05cfde7565,89a0e3e8f39b17dff258ae6a587b3e19a8906a445de1a83b8ad3553e0e23825e,test
test/narrow_brown_spot/narrow_brown (341).jpg,narrow_brown_spot,5,test,38cfd1e2418a1ba1c6a11e829fb768ea48fc4f4501a1a9e2d0eac30f908f3af1,ed1ef34464996d26b11160be6a7ec5c0ee8e5d5cc9c1d8063ab8cddd14563111,test
test/narrow_brown_spot/narrow_brown (348).jpg,narrow_brown_spot,5,test,f5a0023e791d7fc04e16cd23fd23cbf18c856760e51121fe54fa01fea749b928,b04a4a20ee0706371c08ebb6af2ed52602245992abf15eff9c41005c5da23f4a,test
test/narrow_brown_spot/narrow_brown (349).jpg,narrow_brown_spot,5,test,8c8011659c8d12fe30468dd47311771f6982bf68b4e315fa249977744e71516a,9a7433fd70db0b98c5bbc32422e213163ba0ff021e1cf0d87bf18f4074454b7f,test
test/narrow_brown_spot/narrow_brown (35).jpg,narrow_brown_spot,5,test,4d8c4f8f958df372431718e5b686fddab5c34a68eb1fc619ae6fe3269f9a9d4c,45dbcdff9e3c2c619e82b4fc2c512b2362f096d1e2286ef3c90a8adb2deacac1,test
test/narrow_brown_spot/narrow_brown (37).jpg,narrow_brown_spot,5,test,69923bf12b17c0f2b7f251771a0475b8193aa0fee22749918e3cc80e48518c14,c4ab30b3d2708098cabd1f470f2469e1d72d193169b06032f591e9a8bf74e853,test
test/narrow_brown_spot/narrow_brown (39).jpg,narrow_brown_spot,5,test,1268a73988d329f885c0e92cd67031fdea1dc129d2971e5e5c39c2b294022c54,85df5eabb4c8b9b31673a2bb61093516f4374d9101a86f19ed664f72c596b553,test
test/narrow_brown_spot/narrow_brown (44).jpg,narrow_brown_spot,5,test,f80f4cef46f89f9091dbda01cb7da5cbe6e70225f8390cfe53aa33284cc2299c,847c44e113dc2c718edf4e9694c8e1b2b207088fd998f5fd34f4a2322894686b,test
test/narrow_brown_spot/narrow_brown (48).jpg,narrow_brown_spot,5,test,6af090a66bbea37c3856b121987e4a7076c06a54aa6887a2bad773dfa8967ff0,7eef5e11302a473899dc282efd0200121ed2a6cede6189d8d3b509e602c73d85,test
test/narrow_brown_spot/narrow_brown (49).jpg,narrow_brown_spot,5,test,8621d267e6a418e07581d1eed5983bd38feedef7b8dc5082fcb5d154059a3e62,e6c4abf0e24da2f244942467e96dcf2d99f70ff0e438f81c47db7b164a705140,test
test/narrow_brown_spot/narrow_brown (53).jpg,narrow_brown_spot,5,test,5ea90a6267ffa1658149a691c9c1dba7450becb112f63477879b52009835f08e,427050d8af45602f372400f8059d01951400d6aa57c79e73f1593077d601bd13,test
test/narrow_brown_spot/narrow_brown (55).jpg,narrow_brown_spot,5,test,0e81b1837451c7f0d32bd17a0d59dd7d918c7f23a3a3b3a731e88e3511425a25,68183594c8d9e8836aedb3f8d90c02e6dcd83c32a66f6b91d86a230c0459a9c4,test
test/narrow_brown_spot/narrow_brown (6).jpg,narrow_brown_spot,5,test,8e4eefba2abc66d8930cdae2c61bce3c21e55ec2285f39eddfb7bbb4c15127c4,390c25a3ad79c8f4441b9ae56b0cdebbb312b87935d2898db8026afeece37c12,test
test/narrow_brown_spot/narrow_brown (64).jpg,narrow_brown_spot,5,test,85fea9155eaff3e06218ca3d72bad81df49c432b503fa87f9019d682d8e10ca4,12aee8b2a59b91fa4fc747573f070792488c321ac23919242345f1c6194395d6,test
test/narrow_brown_spot/narrow_brown (71).jpg,narrow_brown_spot,5,test,f294be75113fc38ebbc1d8a65a3a7f5ace459059a149edb7447584189e8db81c,43a7c2d4294286f068ee8399df1a0a92478532770d4c13c0dd0435729c02bb30,test
test/narrow_brown_spot/narrow_brown (76).jpg,narrow_brown_spot,5,test,cf2c8eea9e14ccfd06f2c032162a8db4fcfa77b370b3da12ac78ba887e4babed,bf3d1dfe1b7233057d512381597a67ddb3d6e9598feca3dfaddafdebb442c2ae,test
test/narrow_brown_spot/narrow_brown (77).jpg,narrow_brown_spot,5,test,aaff6214393a5931d1c67122efa7ba078d82b0282d787784d7f98a104b84bbf3,16da6c1795b537fd04d3fd85d5e9305c5c9551d8a3c9d575fd7e87c90a9ff15a,test
test/narrow_brown_spot/narrow_brown (8).jpg,narrow_brown_spot,5,test,e601e4677288dc572cb4447293c8497cd7cc8270bfd98f5e41aeb431f6306cf8,3f39f513db5b9805934453ca54627277e9996d17e156264aa7673aeacd683968,test
test/narrow_brown_spot/narrow_brown (83).jpg,narrow_brown_spot,5,test,1383d49106e73fbaab84c94aad8263ba3a916e344a76780f8bc93037c9cca599,9ab7c465f87633d11ad1fb60062a3756a682f3de1441d7d1ea144a4a333aa3f1,test
test/narrow_brown_spot/narrow_brown (93).jpg,narrow_brown_spot,5,test,3e6e638b9a80a220c6569c2cdaec74f9732c89be3e176db303440d07e1d6185d,49c6daf6efab74ee93d5d2499cc8d9905928da1391b50fba4c90dfd309269b40,test
test/narrow_brown_spot/narrow_brown (94).jpg,narrow_brown_spot,5,test,dd0ef99eed6e1f69ec2ca75902ef7a858c9f6f58fcfa6ed83f1a67686a955580,929828cbea36e9adc89d1e0d233d44b759c5ae4f5737e864f0276a4e8d678230,test
test/narrow_brown_spot/narrow_brown (99).jpg,narrow_brown_spot,5,test,86225358aa9c645d1eec7228fb98ca23bf27f7c87c078b02d1d43af8e49705c1,746f0fd0b71769943fbde370d8bb87896f0985c9a22f2fec684615682acc954b,test
